1.000000e+00
1.000000e+00
1.000000e+00
1.000000e+00
1.000000e+00
1.000000e+00
1.000000e+00
1.000000e+00
1.000000e+00
1.000000e+00
1.000000e+00
1.000000e+00
1.000000e+00
1.000000e+00
1.000000e+00
1.000000e+00
1.000000e+00
1.000000e+00
1.000000e+00
1.000000e+00
1.000000e+00
1.000000e+00
1.000000e+00
1.000000e+00
1.000000e+00
1.000000e+00
1.000000e+00
1.000000e+00
1.000000e+00
1.000000e+00
1.000000e+00
1.000000e+00
1.000000e+00
1.000000e+00
1.000000e+00
1.000000e+00
1.000000e+00
1.000000e+00
1.000000e+00
1.000000e+00
1.000000e+00
1.000000e+00
1.000000e+00
1.000000e+00
1.000000e+00
1.000000e+00
1.000000e+00
1.000000e+00
1.000000e+00
1.000000e+00
1.000000e+00
1.000000e+00
1.000000e+00
1.000000e+00
1.000000e+00
1.000000e+00
1.000000e+00
1.000000e+00
1.000000e+00
1.000000e+00
1.000000e+00
1.000000e+00
1.000000e+00
1.000000e+00
1.000000e+00
1.000000e+00
1.000000e+00
1.000000e+00
1.000000e+00
1.000000e+00
1.000000e+00
1.000000e+00
1.000000e+00
1.000000e+00
1.000000e+00
1.000000e+00
1.000000e+00
1.000000e+00
1.000000e+00
1.000000e+00
1.000000e+00
1.000000e+00
1.000000e+00
1.000000e+00
1.000000e+00
1.000000e+00
1.000000e+00
1.000000e+00
1.000000e+00
1.000000e+00
1.000000e+00
1.000000e+00
1.000000e+00
1.000000e+00
1.000000e+00
1.000000e+00
1.000000e+00
1.000000e+00
1.000000e+00
1.000000e+00
1.000000e+00
1.000000e+00
1.000000e+00
1.000000e+00
1.000000e+00
1.000000e+00
1.000000e+00
1.000000e+00
1.000000e+00
1.000000e+00
1.000000e+00
1.000000e+00
1.000000e+00
1.000000e+00
1.000000e+00
1.000000e+00
1.000000e+00
1.000000e+00
1.000000e+00
1.000000e+00
1.000000e+00
1.000000e+00
1.000000e+00
1.000000e+00
1.000000e+00
1.000000e+00
1.000000e+00
1.000000e+00
1.000000e+00
1.000000e+00
1.000000e+00
1.000000e+00
1.000000e+00
1.000000e+00
1.000000e+00
1.000000e+00
1.000000e+00
1.000000e+00
1.000000e+00
1.000000e+00
1.000000e+00
1.000000e+00
1.000000e+00
1.000000e+00
1.000000e+00
1.000000e+00
1.000000e+00
1.000000e+00
1.000000e+00
1.000000e+00
1.000000e+00
1.000000e+00
1.000000e+00
1.000000e+00
1.000000e+00
1.000000e+00
1.000000e+00
1.000000e+00
1.000000e+00
1.000000e+00
1.000000e+00
1.000000e+00
1.000000e+00
1.000000e+00
1.000000e+00
1.000000e+00
1.000000e+00
1.000000e+00
1.000000e+00
1.000000e+00
1.000000e+00
1.000000e+00
1.000000e+00
1.000000e+00
1.000000e+00
1.000000e+00
1.000000e+00
1.000000e+00
1.000000e+00
1.000000e+00
1.000000e+00
1.000000e+00
1.000000e+00
1.000000e+00
1.000000e+00
1.000000e+00
1.000000e+00
1.000000e+00
1.000000e+00
1.000000e+00
1.000000e+00
1.000000e+00
1.000000e+00
1.000000e+00
1.000000e+00
1.000000e+00
1.000000e+00
1.000000e+00
1.000000e+00
1.000000e+00
1.000000e+00
1.000000e+00
1.000000e+00
1.000000e+00
1.000000e+00
1.000000e+00
1.000000e+00
1.000000e+00
1.000000e+00
1.000000e+00
1.000000e+00
1.000000e+00
1.000000e+00
1.000000e+00
1.000000e+00
1.000000e+00
1.000000e+00
1.000000e+00
1.000000e+00
1.000000e+00
1.000000e+00
1.000000e+00
1.000000e+00
1.000000e+00
1.000000e+00
1.000000e+00
1.000000e+00
1.000000e+00
1.000000e+00
1.000000e+00
1.000000e+00
1.000000e+00
1.000000e+00
1.000000e+00
1.000000e+00
1.000000e+00
1.000000e+00
1.000000e+00
1.000000e+00
1.000000e+00
1.000000e+00
1.000000e+00
1.000000e+00
1.000000e+00
1.000000e+00
1.000000e+00
1.000000e+00
1.000000e+00
1.000000e+00
1.000000e+00
1.000000e+00
1.000000e+00
1.000000e+00
1.000000e+00
1.000000e+00
1.000000e+00
1.000000e+00
1.000000e+00
1.000000e+00
1.000000e+00
1.000000e+00
1.000000e+00
1.000000e+00
1.000000e+00
1.000000e+00
1.000000e+00
1.000000e+00
1.000000e+00
1.000000e+00
1.000000e+00
1.000000e+00
1.000000e+00
1.000000e+00
1.000000e+00
1.000000e+00
1.000000e+00
1.000000e+00
1.000000e+00
1.000000e+00
1.000000e+00
1.000000e+00
1.000000e+00
1.000000e+00
1.000000e+00
1.000000e+00
1.000000e+00
1.000000e+00
1.000000e+00
1.000000e+00
1.000000e+00
1.000000e+00
1.000000e+00
1.000000e+00
1.000000e+00
1.000000e+00
1.000000e+00
1.000000e+00
1.000000e+00
1.000000e+00
1.000000e+00
1.000000e+00
1.000000e+00
1.000000e+00
1.000000e+00
1.000000e+00
1.000000e+00
1.000000e+00
1.000000e+00
1.000000e+00
1.000000e+00
1.000000e+00
1.000000e+00
1.000000e+00
1.000000e+00
1.000000e+00
1.000000e+00
1.000000e+00
1.000000e+00
1.000000e+00
1.000000e+00
1.000000e+00
1.000000e+00
1.000000e+00
1.000000e+00
1.000000e+00
1.000000e+00
1.000000e+00
1.000000e+00
1.000000e+00
1.000000e+00
1.000000e+00
1.000000e+00
1.000000e+00
1.000000e+00
1.000000e+00
1.000000e+00
1.000000e+00
1.000000e+00
1.000000e+00
1.000000e+00
1.000000e+00
1.000000e+00
1.000000e+00
1.000000e+00
1.000000e+00
1.000000e+00
1.000000e+00
1.000000e+00
1.000000e+00
1.000000e+00
1.000000e+00
1.000000e+00
1.000000e+00
1.000000e+00
1.000000e+00
1.000000e+00
1.000000e+00
1.000000e+00
1.000000e+00
1.000000e+00
1.000000e+00
1.000000e+00
1.000000e+00
1.000000e+00
1.000000e+00
1.000000e+00
1.000000e+00
1.000000e+00
1.000000e+00
1.000000e+00
1.000000e+00
1.000000e+00
1.000000e+00
1.000000e+00
1.000000e+00
1.000000e+00
1.000000e+00
1.000000e+00
1.000000e+00
1.000000e+00
1.000000e+00
1.000000e+00
1.000000e+00
1.000000e+00
1.000000e+00
1.000000e+00
1.000000e+00
1.000000e+00
1.000000e+00
1.000000e+00
1.000000e+00
1.000000e+00
1.000000e+00
1.000000e+00
1.000000e+00
1.000000e+00
1.000000e+00
1.000000e+00
1.000000e+00
1.000000e+00
1.000000e+00
1.000000e+00
1.000000e+00
1.000000e+00
1.000000e+00
1.000000e+00
1.000000e+00
1.000000e+00
1.000000e+00
1.000000e+00
1.000000e+00
1.000000e+00
1.000000e+00
1.000000e+00
1.000000e+00
1.000000e+00
1.000000e+00
1.000000e+00
1.000000e+00
1.000000e+00
1.000000e+00
1.000000e+00
1.000000e+00
1.000000e+00
1.000000e+00
1.000000e+00
1.000000e+00
1.000000e+00
1.000000e+00
1.000000e+00
1.000000e+00
1.000000e+00
1.000000e+00
1.000000e+00
1.000000e+00
1.000000e+00
1.000000e+00
1.000000e+00
1.000000e+00
1.000000e+00
1.000000e+00
1.000000e+00
1.000000e+00
1.000000e+00
1.000000e+00
1.000000e+00
1.000000e+00
1.000000e+00
1.000000e+00
1.000000e+00
1.000000e+00
1.000000e+00
1.000000e+00
1.000000e+00
1.000000e+00
1.000000e+00
1.000000e+00
1.000000e+00
1.000000e+00
1.000000e+00
1.000000e+00
1.000000e+00
1.000000e+00
1.000000e+00
1.000000e+00
1.000000e+00
1.000000e+00
1.000000e+00
1.000000e+00
1.000000e+00
1.000000e+00
1.000000e+00
1.000000e+00
1.000000e+00
1.000000e+00
1.000000e+00
1.000000e+00
1.000000e+00
1.000000e+00
1.000000e+00
1.000000e+00
1.000000e+00
1.000000e+00
1.000000e+00
1.000000e+00
1.000000e+00
1.000000e+00
1.000000e+00
1.000000e+00
1.000000e+00
1.000000e+00
1.000000e+00
1.000000e+00
1.000000e+00
1.000000e+00
1.000000e+00
1.000000e+00
1.000000e+00
1.000000e+00
1.000000e+00
1.000000e+00
1.000000e+00
1.000000e+00
1.000000e+00
1.000000e+00
1.000000e+00
1.000000e+00
1.000000e+00
1.000000e+00
1.000000e+00
1.000000e+00
1.000000e+00
1.000000e+00
1.000000e+00
1.000000e+00
1.000000e+00
1.000000e+00
1.000000e+00
1.000000e+00
1.000000e+00
1.000000e+00
1.000000e+00
1.000000e+00
1.000000e+00
1.000000e+00
1.000000e+00
1.000000e+00
1.000000e+00
1.000000e+00
1.000000e+00
1.000000e+00
1.000000e+00
1.000000e+00
1.000000e+00
1.000000e+00
1.000000e+00
1.000000e+00
1.000000e+00
1.000000e+00
1.000000e+00
1.000000e+00
1.000000e+00
1.000000e+00
1.000000e+00
1.000000e+00
1.000000e+00
1.000000e+00
1.000000e+00
1.000000e+00
1.000000e+00
1.000000e+00
1.000000e+00
1.000000e+00
1.000000e+00
1.000000e+00
1.000000e+00
1.000000e+00
1.000000e+00
1.000000e+00
1.000000e+00
1.000000e+00
1.000000e+00
1.000000e+00
1.000000e+00
1.000000e+00
1.000000e+00
1.000000e+00
1.000000e+00
1.000000e+00
1.000000e+00
1.000000e+00
1.000000e+00
1.000000e+00
1.000000e+00
1.000000e+00
1.000000e+00
1.000000e+00
1.000000e+00
1.000000e+00
1.000000e+00
1.000000e+00
1.000000e+00
1.000000e+00
1.000000e+00
1.000000e+00
1.000000e+00
1.000000e+00
1.000000e+00
1.000000e+00
1.000000e+00
1.000000e+00
1.000000e+00
1.000000e+00
1.000000e+00
1.000000e+00
1.000000e+00
1.000000e+00
1.000000e+00
1.000000e+00
1.000000e+00
1.000000e+00
1.000000e+00
1.000000e+00
1.000000e+00
1.000000e+00
1.000000e+00
1.000000e+00
1.000000e+00
1.000000e+00
1.000000e+00
1.000000e+00
1.000000e+00
1.000000e+00
1.000000e+00
1.000000e+00
1.000000e+00
1.000000e+00
1.000000e+00
1.000000e+00
1.000000e+00
1.000000e+00
1.000000e+00
1.000000e+00
1.000000e+00
1.000000e+00
1.000000e+00
1.000000e+00
1.000000e+00
1.000000e+00
1.000000e+00
1.000000e+00
1.000000e+00
1.000000e+00
1.000000e+00
1.000000e+00
1.000000e+00
1.000000e+00
1.000000e+00
1.000000e+00
1.000000e+00
1.000000e+00
1.000000e+00
1.000000e+00
1.000000e+00
1.000000e+00
1.000000e+00
1.000000e+00
1.000000e+00
1.000000e+00
1.000000e+00
1.000000e+00
1.000000e+00
1.000000e+00
1.000000e+00
1.000000e+00
1.000000e+00
1.000000e+00
1.000000e+00
1.000000e+00
1.000000e+00
1.000000e+00
1.000000e+00
1.000000e+00
1.000000e+00
1.000000e+00
1.000000e+00
1.000000e+00
1.000000e+00
1.000000e+00
1.000000e+00
1.000000e+00
1.000000e+00
1.000000e+00
1.000000e+00
1.000000e+00
1.000000e+00
1.000000e+00
1.000000e+00
1.000000e+00
1.000000e+00
1.000000e+00
1.000000e+00
1.000000e+00
1.000000e+00
1.000000e+00
1.000000e+00
1.000000e+00
1.000000e+00
1.000000e+00
1.000000e+00
1.000000e+00
1.000000e+00
1.000000e+00
1.000000e+00
1.000000e+00
1.000000e+00
1.000000e+00
1.000000e+00
1.000000e+00
1.000000e+00
1.000000e+00
1.000000e+00
1.000000e+00
1.000000e+00
1.000000e+00
1.000000e+00
1.000000e+00
1.000000e+00
1.000000e+00
1.000000e+00
1.000000e+00
1.000000e+00
1.000000e+00
1.000000e+00
1.000000e+00
1.000000e+00
1.000000e+00
1.000000e+00
1.000000e+00
1.000000e+00
1.000000e+00
1.000000e+00
1.000000e+00
1.000000e+00
1.000000e+00
1.000000e+00
1.000000e+00
1.000000e+00
1.000000e+00
1.000000e+00
1.000000e+00
1.000000e+00
1.000000e+00
1.000000e+00
1.000000e+00
1.000000e+00
1.000000e+00
1.000000e+00
1.000000e+00
1.000000e+00
1.000000e+00
1.000000e+00
1.000000e+00
1.000000e+00
1.000000e+00
1.000000e+00
1.000000e+00
1.000000e+00
1.000000e+00
1.000000e+00
1.000000e+00
1.000000e+00
1.000000e+00
1.000000e+00
1.000000e+00
1.000000e+00
1.000000e+00
1.000000e+00
1.000000e+00
1.000000e+00
1.000000e+00
1.000000e+00
1.000000e+00
1.000000e+00
1.000000e+00
1.000000e+00
1.000000e+00
1.000000e+00
1.000000e+00
1.000000e+00
1.000000e+00
1.000000e+00
1.000000e+00
1.000000e+00
1.000000e+00
1.000000e+00
1.000000e+00
1.000000e+00
1.000000e+00
1.000000e+00
1.000000e+00
1.000000e+00
1.000000e+00
1.000000e+00
1.000000e+00
1.000000e+00
1.000000e+00
1.000000e+00
1.000000e+00
1.000000e+00
1.000000e+00
1.000000e+00
1.000000e+00
1.000000e+00
1.000000e+00
1.000000e+00
1.000000e+00
1.000000e+00
1.000000e+00
1.000000e+00
1.000000e+00
1.000000e+00
1.000000e+00
1.000000e+00
1.000000e+00
1.000000e+00
1.000000e+00
1.000000e+00
1.000000e+00
1.000000e+00
1.000000e+00
1.000000e+00
1.000000e+00
1.000000e+00
1.000000e+00
1.000000e+00
1.000000e+00
1.000000e+00
1.000000e+00
1.000000e+00
1.000000e+00
1.000000e+00
1.000000e+00
1.000000e+00
1.000000e+00
1.000000e+00
1.000000e+00
1.000000e+00
1.000000e+00
1.000000e+00
1.000000e+00
1.000000e+00
1.000000e+00
1.000000e+00
1.000000e+00
1.000000e+00
1.000000e+00
1.000000e+00
1.000000e+00
1.000000e+00
1.000000e+00
1.000000e+00
1.000000e+00
1.000000e+00
1.000000e+00
1.000000e+00
1.000000e+00
1.000000e+00
1.000000e+00
1.000000e+00
1.000000e+00
1.000000e+00
1.000000e+00
1.000000e+00
1.000000e+00
1.000000e+00
1.000000e+00
1.000000e+00
1.000000e+00
1.000000e+00
1.000000e+00
1.000000e+00
1.000000e+00
1.000000e+00
1.000000e+00
1.000000e+00
1.000000e+00
1.000000e+00
1.000000e+00
1.000000e+00
1.000000e+00
1.000000e+00
1.000000e+00
1.000000e+00
1.000000e+00
1.000000e+00
1.000000e+00
1.000000e+00
1.000000e+00
1.000000e+00
1.000000e+00
1.000000e+00
1.000000e+00
1.000000e+00
1.000000e+00
1.000000e+00
1.000000e+00
1.000000e+00
1.000000e+00
1.000000e+00
1.000000e+00
1.000000e+00
1.000000e+00
1.000000e+00
1.000000e+00
1.000000e+00
1.000000e+00
1.000000e+00
1.000000e+00
1.000000e+00
1.000000e+00
1.000000e+00
1.000000e+00
1.000000e+00
1.000000e+00
1.000000e+00
1.000000e+00
1.000000e+00
1.000000e+00
1.000000e+00
1.000000e+00
1.000000e+00
1.000000e+00
1.000000e+00
1.000000e+00
1.000000e+00
1.000000e+00
1.000000e+00
1.000000e+00
1.000000e+00
1.000000e+00
1.000000e+00
1.000000e+00
1.000000e+00
1.000000e+00
1.000000e+00
1.000000e+00
1.000000e+00
1.000000e+00
1.000000e+00
1.000000e+00
1.000000e+00
1.000000e+00
1.000000e+00
1.000000e+00
1.000000e+00
1.000000e+00
1.000000e+00
1.000000e+00
1.000000e+00
1.000000e+00
1.000000e+00
1.000000e+00
1.000000e+00
1.000000e+00
1.000000e+00
1.000000e+00
1.000000e+00
1.000000e+00
1.000000e+00
1.000000e+00
1.000000e+00
1.000000e+00
1.000000e+00
1.000000e+00
1.000000e+00
1.000000e+00
1.000000e+00
1.000000e+00
1.000000e+00
1.000000e+00
1.000000e+00
1.000000e+00
1.000000e+00
1.000000e+00
1.000000e+00
1.000000e+00
1.000000e+00
1.000000e+00
1.000000e+00
1.000000e+00
1.000000e+00
1.000000e+00
1.000000e+00
1.000000e+00
1.000000e+00
1.000000e+00
1.000000e+00
1.000000e+00
1.000000e+00
1.000000e+00
1.000000e+00
1.000000e+00
1.000000e+00
1.000000e+00
1.000000e+00
1.000000e+00
1.000000e+00
1.000000e+00
1.000000e+00
1.000000e+00
1.000000e+00
1.000000e+00
1.000000e+00
1.000000e+00
1.000000e+00
1.000000e+00
1.000000e+00
1.000000e+00
1.000000e+00
1.000000e+00
1.000000e+00
1.000000e+00
1.000000e+00
1.000000e+00
1.000000e+00
1.000000e+00
1.000000e+00
1.000000e+00
1.000000e+00
1.000000e+00
1.000000e+00
1.000000e+00
1.000000e+00
1.000000e+00
1.000000e+00
1.000000e+00
1.000000e+00
1.000000e+00
1.000000e+00
1.000000e+00
1.000000e+00
1.000000e+00
1.000000e+00
1.000000e+00
1.000000e+00
1.000000e+00
1.000000e+00
1.000000e+00
1.000000e+00
1.000000e+00
1.000000e+00
1.000000e+00
1.000000e+00
1.000000e+00
1.000000e+00
1.000000e+00
1.000000e+00
1.000000e+00
1.000000e+00
1.000000e+00
1.000000e+00
1.000000e+00
1.000000e+00
1.000000e+00
1.000000e+00
1.000000e+00
1.000000e+00
1.000000e+00
1.000000e+00
1.000000e+00
1.000000e+00
1.000000e+00
1.000000e+00
1.000000e+00
1.000000e+00
1.000000e+00
1.000000e+00
1.000000e+00
1.000000e+00
1.000000e+00
1.000000e+00
1.000000e+00
1.000000e+00
1.000000e+00
1.000000e+00
1.000000e+00
1.000000e+00
1.000000e+00
1.000000e+00
1.000000e+00
1.000000e+00
1.000000e+00
1.000000e+00
1.000000e+00
1.000000e+00
1.000000e+00
1.000000e+00
1.000000e+00
1.000000e+00
1.000000e+00
1.000000e+00
1.000000e+00
1.000000e+00
1.000000e+00
1.000000e+00
1.000000e+00
1.000000e+00
1.000000e+00
1.000000e+00
1.000000e+00
1.000000e+00
1.000000e+00
1.000000e+00
1.000000e+00
1.000000e+00
1.000000e+00
1.000000e+00
1.000000e+00
1.000000e+00
1.000000e+00
1.000000e+00
1.000000e+00
1.000000e+00
1.000000e+00
1.000000e+00
1.000000e+00
1.000000e+00
1.000000e+00
1.000000e+00
1.000000e+00
1.000000e+00
1.000000e+00
1.000000e+00
1.000000e+00
1.000000e+00
1.000000e+00
1.000000e+00
1.000000e+00
1.000000e+00
1.000000e+00
1.000000e+00
1.000000e+00
1.000000e+00
1.000000e+00
1.000000e+00
1.000000e+00
1.000000e+00
1.000000e+00
1.000000e+00
1.000000e+00
1.000000e+00
1.000000e+00
1.000000e+00
1.000000e+00
1.000000e+00
1.000000e+00
1.000000e+00
1.000000e+00
1.000000e+00
1.000000e+00
1.000000e+00
1.000000e+00
1.000000e+00
1.000000e+00
1.000000e+00
1.000000e+00
1.000000e+00
1.000000e+00
1.000000e+00
1.000000e+00
1.000000e+00
1.000000e+00
1.000000e+00
1.000000e+00
1.000000e+00
1.000000e+00
1.000000e+00
1.000000e+00
1.000000e+00
1.000000e+00
1.000000e+00
1.000000e+00
1.000000e+00
1.000000e+00
1.000000e+00
1.000000e+00
1.000000e+00
1.000000e+00
1.000000e+00
1.000000e+00
1.000000e+00
1.000000e+00
1.000000e+00
1.000000e+00
1.000000e+00
1.000000e+00
1.000000e+00
1.000000e+00
1.000000e+00
1.000000e+00
1.000000e+00
1.000000e+00
1.000000e+00
1.000000e+00
1.000000e+00
1.000000e+00
1.000000e+00
1.000000e+00
1.000000e+00
1.000000e+00
1.000000e+00
1.000000e+00
1.000000e+00
1.000000e+00
1.000000e+00
1.000000e+00
1.000000e+00
1.000000e+00
1.000000e+00
1.000000e+00
1.000000e+00
1.000000e+00
1.000000e+00
1.000000e+00
1.000000e+00
1.000000e+00
1.000000e+00
1.000000e+00
1.000000e+00
1.000000e+00
1.000000e+00
1.000000e+00
1.000000e+00
1.000000e+00
1.000000e+00
1.000000e+00
1.000000e+00
1.000000e+00
1.000000e+00
1.000000e+00
1.000000e+00
1.000000e+00
1.000000e+00
1.000000e+00
1.000000e+00
1.000000e+00
1.000000e+00
1.000000e+00
1.000000e+00
1.000000e+00
1.000000e+00
1.000000e+00
1.000000e+00
1.000000e+00
1.000000e+00
1.000000e+00
1.000000e+00
1.000000e+00
1.000000e+00
1.000000e+00
1.000000e+00
1.000000e+00
1.000000e+00
1.000000e+00
1.000000e+00
1.000000e+00
1.000000e+00
1.000000e+00
1.000000e+00
1.000000e+00
1.000000e+00
1.000000e+00
1.000000e+00
1.000000e+00
1.000000e+00
1.000000e+00
1.000000e+00
1.000000e+00
1.000000e+00
1.000000e+00
1.000000e+00
1.000000e+00
1.000000e+00
1.000000e+00
1.000000e+00
1.000000e+00
1.000000e+00
1.000000e+00
1.000000e+00
1.000000e+00
1.000000e+00
1.000000e+00
1.000000e+00
1.000000e+00
1.000000e+00
1.000000e+00
1.000000e+00
1.000000e+00
1.000000e+00
1.000000e+00
1.000000e+00
1.000000e+00
1.000000e+00
1.000000e+00
1.000000e+00
1.000000e+00
1.000000e+00
1.000000e+00
1.000000e+00
1.000000e+00
1.000000e+00
1.000000e+00
1.000000e+00
1.000000e+00
1.000000e+00
1.000000e+00
1.000000e+00
1.000000e+00
1.000000e+00
1.000000e+00
1.000000e+00
1.000000e+00
1.000000e+00
1.000000e+00
1.000000e+00
1.000000e+00
1.000000e+00
1.000000e+00
1.000000e+00
1.000000e+00
1.000000e+00
1.000000e+00
1.000000e+00
1.000000e+00
1.000000e+00
1.000000e+00
1.000000e+00
1.000000e+00
1.000000e+00
1.000000e+00
1.000000e+00
1.000000e+00
1.000000e+00
1.000000e+00
1.000000e+00
1.000000e+00
1.000000e+00
1.000000e+00
1.000000e+00
1.000000e+00
1.000000e+00
1.000000e+00
1.000000e+00
1.000000e+00
1.000000e+00
1.000000e+00
1.000000e+00
1.000000e+00
1.000000e+00
1.000000e+00
1.000000e+00
1.000000e+00
1.000000e+00
1.000000e+00
1.000000e+00
1.000000e+00
1.000000e+00
1.000000e+00
1.000000e+00
1.000000e+00
1.000000e+00
1.000000e+00
1.000000e+00
1.000000e+00
1.000000e+00
1.000000e+00
1.000000e+00
1.000000e+00
1.000000e+00
1.000000e+00
1.000000e+00
1.000000e+00
1.000000e+00
1.000000e+00
1.000000e+00
1.000000e+00
1.000000e+00
1.000000e+00
1.000000e+00
1.000000e+00
1.000000e+00
1.000000e+00
1.000000e+00
1.000000e+00
1.000000e+00
1.000000e+00
1.000000e+00
1.000000e+00
1.000000e+00
1.000000e+00
1.000000e+00
1.000000e+00
1.000000e+00
1.000000e+00
1.000000e+00
1.000000e+00
1.000000e+00
1.000000e+00
1.000000e+00
1.000000e+00
1.000000e+00
1.000000e+00
1.000000e+00
1.000000e+00
1.000000e+00
1.000000e+00
1.000000e+00
1.000000e+00
1.000000e+00
1.000000e+00
1.000000e+00
1.000000e+00
1.000000e+00
1.000000e+00
1.000000e+00
1.000000e+00
1.000000e+00
1.000000e+00
1.000000e+00
1.000000e+00
1.000000e+00
1.000000e+00
1.000000e+00
1.000000e+00
1.000000e+00
1.000000e+00
1.000000e+00
1.000000e+00
1.000000e+00
1.000000e+00
1.000000e+00
1.000000e+00
1.000000e+00
1.000000e+00
1.000000e+00
1.000000e+00
1.000000e+00
1.000000e+00
1.000000e+00
1.000000e+00
1.000000e+00
1.000000e+00
1.000000e+00
1.000000e+00
1.000000e+00
1.000000e+00
1.000000e+00
1.000000e+00
1.000000e+00
1.000000e+00
1.000000e+00
1.000000e+00
1.000000e+00
1.000000e+00
1.000000e+00
1.000000e+00
1.000000e+00
1.000000e+00
1.000000e+00
1.000000e+00
1.000000e+00
1.000000e+00
1.000000e+00
1.000000e+00
1.000000e+00
1.000000e+00
1.000000e+00
1.000000e+00
1.000000e+00
1.000000e+00
1.000000e+00
1.000000e+00
1.000000e+00
1.000000e+00
1.000000e+00
1.000000e+00
1.000000e+00
1.000000e+00
1.000000e+00
1.000000e+00
1.000000e+00
1.000000e+00
1.000000e+00
1.000000e+00
1.000000e+00
1.000000e+00
1.000000e+00
1.000000e+00
1.000000e+00
1.000000e+00
1.000000e+00
1.000000e+00
1.000000e+00
1.000000e+00
1.000000e+00
1.000000e+00
1.000000e+00
1.000000e+00
1.000000e+00
1.000000e+00
1.000000e+00
1.000000e+00
1.000000e+00
1.000000e+00
1.000000e+00
1.000000e+00
1.000000e+00
1.000000e+00
1.000000e+00
1.000000e+00
1.000000e+00
1.000000e+00
1.000000e+00
1.000000e+00
1.000000e+00
1.000000e+00
1.000000e+00
1.000000e+00
1.000000e+00
1.000000e+00
1.000000e+00
1.000000e+00
1.000000e+00
1.000000e+00
1.000000e+00
1.000000e+00
1.000000e+00
1.000000e+00
1.000000e+00
1.000000e+00
1.000000e+00
1.000000e+00
1.000000e+00
1.000000e+00
1.000000e+00
1.000000e+00
1.000000e+00
1.000000e+00
1.000000e+00
1.000000e+00
1.000000e+00
1.000000e+00
1.000000e+00
1.000000e+00
1.000000e+00
1.000000e+00
1.000000e+00
1.000000e+00
1.000000e+00
1.000000e+00
1.000000e+00
1.000000e+00
1.000000e+00
1.000000e+00
1.000000e+00
1.000000e+00
1.000000e+00
1.000000e+00
1.000000e+00
1.000000e+00
1.000000e+00
1.000000e+00
1.000000e+00
1.000000e+00
1.000000e+00
1.000000e+00
1.000000e+00
1.000000e+00
1.000000e+00
1.000000e+00
1.000000e+00
1.000000e+00
1.000000e+00
1.000000e+00
1.000000e+00
1.000000e+00
1.000000e+00
1.000000e+00
1.000000e+00
1.000000e+00
1.000000e+00
1.000000e+00
1.000000e+00
1.000000e+00
1.000000e+00
1.000000e+00
1.000000e+00
1.000000e+00
1.000000e+00
1.000000e+00
1.000000e+00
1.000000e+00
1.000000e+00
1.000000e+00
1.000000e+00
1.000000e+00
1.000000e+00
1.000000e+00
1.000000e+00
1.000000e+00
1.000000e+00
1.000000e+00
1.000000e+00
1.000000e+00
1.000000e+00
1.000000e+00
1.000000e+00
1.000000e+00
1.000000e+00
1.000000e+00
1.000000e+00
1.000000e+00
1.000000e+00
1.000000e+00
1.000000e+00
1.000000e+00
1.000000e+00
1.000000e+00
1.000000e+00
1.000000e+00
1.000000e+00
1.000000e+00
1.000000e+00
1.000000e+00
1.000000e+00
1.000000e+00
1.000000e+00
1.000000e+00
1.000000e+00
1.000000e+00
1.000000e+00
1.000000e+00
1.000000e+00
1.000000e+00
1.000000e+00
1.000000e+00
1.000000e+00
1.000000e+00
1.000000e+00
1.000000e+00
1.000000e+00
1.000000e+00
1.000000e+00
1.000000e+00
1.000000e+00
1.000000e+00
1.000000e+00
1.000000e+00
1.000000e+00
1.000000e+00
1.000000e+00
9.999999e-01
9.999999e-01
9.999999e-01
9.999999e-01
9.999998e-01
9.999998e-01
9.999998e-01
9.999998e-01
9.999998e-01
9.999998e-01
9.999998e-01
9.999998e-01
9.999998e-01
9.999999e-01
9.999999e-01
9.999999e-01
9.999999e-01
1.000000e+00
1.000000e+00
1.000000e+00
1.000000e+00
1.000000e+00
1.000000e+00
1.000000e+00
1.000000e+00
1.000000e+00
1.000000e+00
1.000000e+00
1.000000e+00
1.000000e+00
1.000000e+00
1.000000e+00
1.000000e+00
1.000000e+00
1.000000e+00
1.000000e+00
1.000000e+00
1.000000e+00
1.000000e+00
1.000000e+00
1.000000e+00
1.000000e+00
1.000000e+00
1.000000e+00
1.000000e+00
1.000000e+00
1.000000e+00
1.000000e+00
1.000000e+00
1.000000e+00
1.000000e+00
1.000000e+00
1.000000e+00
1.000000e+00
1.000000e+00
1.000000e+00
1.000000e+00
1.000000e+00
1.000000e+00
1.000000e+00
1.000000e+00
1.000000e+00
1.000000e+00
1.000000e+00
1.000000e+00
1.000000e+00
1.000000e+00
1.000000e+00
1.000000e+00
1.000000e+00
1.000000e+00
1.000000e+00
1.000000e+00
1.000000e+00
1.000000e+00
1.000000e+00
1.000000e+00
1.000000e+00
1.000000e+00
1.000000e+00
1.000000e+00
1.000000e+00
1.000000e+00
1.000000e+00
1.000000e+00
1.000000e+00
1.000000e+00
1.000000e+00
1.000000e+00
1.000000e+00
1.000000e+00
1.000000e+00
1.000000e+00
1.000000e+00
1.000000e+00
1.000000e+00
9.999999e-01
9.999999e-01
9.999999e-01
9.999998e-01
9.999997e-01
9.999996e-01
9.999994e-01
9.999993e-01
9.999991e-01
9.999990e-01
9.999989e-01
9.999988e-01
9.999988e-01
9.999988e-01
9.999989e-01
9.999990e-01
9.999991e-01
9.999993e-01
9.999994e-01
9.999996e-01
9.999997e-01
9.999998e-01
9.999999e-01
9.999999e-01
9.999999e-01
1.000000e+00
1.000000e+00
1.000000e+00
1.000000e+00
1.000000e+00
1.000000e+00
1.000000e+00
1.000000e+00
1.000000e+00
1.000000e+00
1.000000e+00
1.000000e+00
1.000000e+00
1.000000e+00
1.000000e+00
1.000000e+00
1.000000e+00
1.000000e+00
1.000000e+00
1.000000e+00
1.000000e+00
1.000000e+00
1.000000e+00
1.000000e+00
1.000000e+00
1.000000e+00
1.000000e+00
1.000000e+00
1.000000e+00
1.000000e+00
1.000000e+00
1.000000e+00
1.000000e+00
1.000000e+00
1.000000e+00
1.000000e+00
1.000000e+00
1.000000e+00
1.000000e+00
1.000000e+00
1.000000e+00
1.000000e+00
1.000000e+00
1.000000e+00
1.000000e+00
1.000000e+00
1.000000e+00
1.000000e+00
1.000000e+00
1.000000e+00
1.000000e+00
1.000000e+00
1.000000e+00
1.000000e+00
1.000000e+00
1.000000e+00
1.000000e+00
1.000000e+00
1.000000e+00
1.000000e+00
1.000000e+00
1.000000e+00
1.000000e+00
1.000000e+00
1.000000e+00
1.000000e+00
1.000000e+00
1.000000e+00
1.000000e+00
1.000000e+00
1.000000e+00
1.000000e+00
1.000000e+00
9.999999e-01
9.999998e-01
9.999997e-01
9.999995e-01
9.999993e-01
9.999989e-01
9.999983e-01
9.999977e-01
9.999969e-01
9.999960e-01
9.999952e-01
9.999944e-01
9.999937e-01
9.999933e-01
9.999932e-01
9.999933e-01
9.999937e-01
9.999944e-01
9.999952e-01
9.999960e-01
9.999969e-01
9.999977e-01
9.999983e-01
9.999989e-01
9.999993e-01
9.999995e-01
9.999997e-01
9.999998e-01
9.999999e-01
1.000000e+00
1.000000e+00
1.000000e+00
1.000000e+00
1.000000e+00
1.000000e+00
1.000000e+00
1.000000e+00
1.000000e+00
1.000000e+00
1.000000e+00
1.000000e+00
1.000000e+00
1.000000e+00
1.000000e+00
1.000000e+00
1.000000e+00
1.000000e+00
1.000000e+00
1.000000e+00
1.000000e+00
1.000000e+00
1.000000e+00
1.000000e+00
1.000000e+00
1.000000e+00
1.000000e+00
1.000000e+00
1.000000e+00
1.000000e+00
1.000000e+00
1.000000e+00
1.000000e+00
1.000000e+00
1.000000e+00
1.000000e+00
1.000000e+00
1.000000e+00
1.000000e+00
1.000000e+00
1.000000e+00
1.000000e+00
1.000000e+00
1.000000e+00
1.000000e+00
1.000000e+00
1.000000e+00
1.000000e+00
1.000000e+00
1.000000e+00
1.000000e+00
1.000000e+00
1.000000e+00
1.000000e+00
1.000000e+00
1.000000e+00
1.000000e+00
1.000000e+00
1.000000e+00
1.000000e+00
1.000000e+00
1.000000e+00
1.000000e+00
1.000000e+00
1.000000e+00
1.000000e+00
1.000000e+00
1.000000e+00
1.000000e+00
9.999999e-01
9.999998e-01
9.999996e-01
9.999992e-01
9.999986e-01
9.999975e-01
9.999960e-01
9.999938e-01
9.999909e-01
9.999873e-01
9.999829e-01
9.999781e-01
9.999732e-01
9.999687e-01
9.999650e-01
9.999626e-01
9.999618e-01
9.999626e-01
9.999650e-01
9.999687e-01
9.999732e-01
9.999781e-01
9.999829e-01
9.999873e-01
9.999909e-01
9.999938e-01
9.999960e-01
9.999975e-01
9.999986e-01
9.999992e-01
9.999996e-01
9.999998e-01
9.999999e-01
1.000000e+00
1.000000e+00
1.000000e+00
1.000000e+00
1.000000e+00
1.000000e+00
1.000000e+00
1.000000e+00
1.000000e+00
1.000000e+00
1.000000e+00
1.000000e+00
1.000000e+00
1.000000e+00
1.000000e+00
1.000000e+00
1.000000e+00
1.000000e+00
1.000000e+00
1.000000e+00
1.000000e+00
1.000000e+00
1.000000e+00
1.000000e+00
1.000000e+00
1.000000e+00
1.000000e+00
1.000000e+00
1.000000e+00
1.000000e+00
1.000000e+00
1.000000e+00
1.000000e+00
1.000000e+00
1.000000e+00
1.000000e+00
1.000000e+00
1.000000e+00
1.000000e+00
1.000000e+00
1.000000e+00
1.000000e+00
1.000000e+00
1.000000e+00
1.000000e+00
1.000000e+00
1.000000e+00
1.000000e+00
1.000000e+00
1.000000e+00
1.000000e+00
1.000000e+00
1.000000e+00
1.000000e+00
1.000000e+00
1.000000e+00
1.000000e+00
1.000000e+00
1.000000e+00
1.000000e+00
1.000000e+00
1.000000e+00
1.000000e+00
1.000000e+00
1.000000e+00
9.999999e-01
9.999998e-01
9.999995e-01
9.999989e-01
9.999978e-01
9.999958e-01
9.999925e-01
9.999870e-01
9.999787e-01
9.999669e-01
9.999508e-01
9.999304e-01
9.999061e-01
9.998791e-01
9.998516e-01
9.998259e-01
9.998050e-01
9.997913e-01
9.997866e-01
9.997913e-01
9.998050e-01
9.998259e-01
9.998516e-01
9.998791e-01
9.999061e-01
9.999304e-01
9.999508e-01
9.999669e-01
9.999787e-01
9.999870e-01
9.999925e-01
9.999958e-01
9.999978e-01
9.999989e-01
9.999995e-01
9.999998e-01
9.999999e-01
1.000000e+00
1.000000e+00
1.000000e+00
1.000000e+00
1.000000e+00
1.000000e+00
1.000000e+00
1.000000e+00
1.000000e+00
1.000000e+00
1.000000e+00
1.000000e+00
1.000000e+00
1.000000e+00
1.000000e+00
1.000000e+00
1.000000e+00
1.000000e+00
1.000000e+00
1.000000e+00
1.000000e+00
1.000000e+00
1.000000e+00
1.000000e+00
1.000000e+00
1.000000e+00
1.000000e+00
1.000000e+00
1.000000e+00
1.000000e+00
1.000000e+00
1.000000e+00
1.000000e+00
1.000000e+00
1.000000e+00
1.000000e+00
1.000000e+00
1.000000e+00
1.000000e+00
1.000000e+00
1.000000e+00
1.000000e+00
1.000000e+00
1.000000e+00
1.000000e+00
1.000000e+00
1.000000e+00
1.000000e+00
1.000000e+00
1.000000e+00
1.000000e+00
1.000000e+00
1.000000e+00
1.000000e+00
1.000000e+00
1.000000e+00
1.000000e+00
1.000000e+00
1.000000e+00
1.000000e+00
1.000000e+00
9.999999e-01
9.999998e-01
9.999995e-01
9.999989e-01
9.999975e-01
9.999946e-01
9.999890e-01
9.999787e-01
9.999610e-01
9.999320e-01
9.998873e-01
9.998227e-01
9.997347e-01
9.996223e-01
9.994880e-01
9.993388e-01
9.991861e-01
9.990442e-01
9.989285e-01
9.988527e-01
9.988263e-01
9.988527e-01
9.989285e-01
9.990442e-01
9.991861e-01
9.993388e-01
9.994880e-01
9.996223e-01
9.997347e-01
9.998227e-01
9.998873e-01
9.999320e-01
9.999610e-01
9.999787e-01
9.999890e-01
9.999946e-01
9.999975e-01
9.999989e-01
9.999995e-01
9.999998e-01
9.999999e-01
1.000000e+00
1.000000e+00
1.000000e+00
1.000000e+00
1.000000e+00
1.000000e+00
1.000000e+00
1.000000e+00
1.000000e+00
1.000000e+00
1.000000e+00
1.000000e+00
1.000000e+00
1.000000e+00
1.000000e+00
1.000000e+00
1.000000e+00
1.000000e+00
1.000000e+00
1.000000e+00
1.000000e+00
1.000000e+00
1.000000e+00
1.000000e+00
1.000000e+00
1.000000e+00
1.000000e+00
1.000000e+00
1.000000e+00
1.000000e+00
1.000000e+00
1.000000e+00
1.000000e+00
1.000000e+00
1.000000e+00
1.000000e+00
1.000000e+00
1.000000e+00
1.000000e+00
1.000000e+00
1.000000e+00
1.000000e+00
1.000000e+00
1.000000e+00
1.000000e+00
1.000000e+00
1.000000e+00
1.000000e+00
1.000000e+00
1.000000e+00
1.000000e+00
1.000000e+00
1.000000e+00
1.000000e+00
1.000000e+00
1.000000e+00
1.000000e+00
1.000000e+00
9.999999e-01
9.999997e-01
9.999991e-01
9.999978e-01
9.999947e-01
9.999878e-01
9.999735e-01
9.999451e-01
9.998922e-01
9.997995e-01
9.996467e-01
9.994100e-01
9.990663e-01
9.985994e-01
9.980065e-01
9.973052e-01
9.965353e-01
9.957569e-01
9.950424e-01
9.944659e-01
9.940912e-01
9.939612e-01
9.940912e-01
9.944659e-01
9.950424e-01
9.957569e-01
9.965353e-01
9.973052e-01
9.980065e-01
9.985994e-01
9.990663e-01
9.994100e-01
9.996467e-01
9.997995e-01
9.998922e-01
9.999451e-01
9.999735e-01
9.999878e-01
9.999947e-01
9.999978e-01
9.999991e-01
9.999997e-01
9.999999e-01
1.000000e+00
1.000000e+00
1.000000e+00
1.000000e+00
1.000000e+00
1.000000e+00
1.000000e+00
1.000000e+00
1.000000e+00
1.000000e+00
1.000000e+00
1.000000e+00
1.000000e+00
1.000000e+00
1.000000e+00
1.000000e+00
1.000000e+00
1.000000e+00
1.000000e+00
1.000000e+00
1.000000e+00
1.000000e+00
1.000000e+00
1.000000e+00
1.000000e+00
1.000000e+00
1.000000e+00
1.000000e+00
1.000000e+00
1.000000e+00
1.000000e+00
1.000000e+00
1.000000e+00
1.000000e+00
1.000000e+00
1.000000e+00
1.000000e+00
1.000000e+00
1.000000e+00
1.000000e+00
1.000000e+00
1.000000e+00
1.000000e+00
1.000000e+00
1.000000e+00
1.000000e+00
1.000000e+00
1.000000e+00
1.000000e+00
1.000000e+00
1.000000e+00
1.000000e+00
1.000000e+00
1.000000e+00
1.000000e+00
9.999999e-01
9.999998e-01
9.999995e-01
9.999986e-01
9.999962e-01
9.999900e-01
9.999754e-01
9.999422e-01
9.998715e-01
9.997296e-01
9.994626e-01
9.989924e-01
9.982208e-01
9.970431e-01
9.953738e-01
9.931753e-01
9.904824e-01
9.874120e-01
9.841572e-01
9.809659e-01
9.781097e-01
9.758487e-01
9.743975e-01
9.738974e-01
9.743975e-01
9.758487e-01
9.781097e-01
9.809659e-01
9.841572e-01
9.874120e-01
9.904824e-01
9.931753e-01
9.953738e-01
9.970431e-01
9.982208e-01
9.989924e-01
9.994626e-01
9.997296e-01
9.998715e-01
9.999422e-01
9.999754e-01
9.999900e-01
9.999962e-01
9.999986e-01
9.999995e-01
9.999998e-01
9.999999e-01
1.000000e+00
1.000000e+00
1.000000e+00
1.000000e+00
1.000000e+00
1.000000e+00
1.000000e+00
1.000000e+00
1.000000e+00
1.000000e+00
1.000000e+00
1.000000e+00
1.000000e+00
1.000000e+00
1.000000e+00
1.000000e+00
1.000000e+00
1.000000e+00
1.000000e+00
1.000000e+00
1.000000e+00
1.000000e+00
1.000000e+00
1.000000e+00
1.000000e+00
1.000000e+00
1.000000e+00
1.000000e+00
1.000000e+00
1.000000e+00
1.000000e+00
1.000000e+00
1.000000e+00
1.000000e+00
1.000000e+00
1.000000e+00
1.000000e+00
1.000000e+00
1.000000e+00
1.000000e+00
1.000000e+00
1.000000e+00
1.000000e+00
1.000000e+00
1.000000e+00
1.000000e+00
1.000000e+00
1.000000e+00
1.000000e+00
1.000000e+00
1.000000e+00
1.000000e+00
9.999999e-01
9.999998e-01
9.999993e-01
9.999979e-01
9.999940e-01
9.999833e-01
9.999554e-01
9.998873e-01
9.997303e-01
9.993910e-01
9.987091e-01
9.974418e-01
9.952753e-01
9.918738e-01
9.869565e-01
9.803746e-01
9.721627e-01
9.625615e-01
9.520167e-01
9.411540e-01
9.307265e-01
9.215350e-01
9.143351e-01
9.097445e-01
9.081675e-01
9.097445e-01
9.143351e-01
9.215350e-01
9.307265e-01
9.411540e-01
9.520167e-01
9.625615e-01
9.721627e-01
9.803746e-01
9.869565e-01
9.918738e-01
9.952753e-01
9.974418e-01
9.987091e-01
9.993910e-01
9.997303e-01
9.998873e-01
9.999554e-01
9.999833e-01
9.999940e-01
9.999979e-01
9.999993e-01
9.999998e-01
9.999999e-01
1.000000e+00
1.000000e+00
1.000000e+00
1.000000e+00
1.000000e+00
1.000000e+00
1.000000e+00
1.000000e+00
1.000000e+00
1.000000e+00
1.000000e+00
1.000000e+00
1.000000e+00
1.000000e+00
1.000000e+00
1.000000e+00
1.000000e+00
1.000000e+00
1.000000e+00
1.000000e+00
1.000000e+00
1.000000e+00
1.000000e+00
1.000000e+00
1.000000e+00
1.000000e+00
1.000000e+00
1.000000e+00
1.000000e+00
1.000000e+00
1.000000e+00
1.000000e+00
1.000000e+00
1.000000e+00
1.000000e+00
1.000000e+00
1.000000e+00
1.000000e+00
1.000000e+00
1.000000e+00
1.000000e+00
1.000000e+00
1.000000e+00
1.000000e+00
1.000000e+00
1.000000e+00
1.000000e+00
1.000000e+00
1.000000e+00
1.000000e+00
9.999999e-01
9.999998e-01
9.999992e-01
9.999974e-01
9.999917e-01
9.999751e-01
9.999286e-01
9.998051e-01
9.994974e-01
9.987850e-01
9.972701e-01
9.943402e-01
9.892054e-01
9.810142e-01
9.689965e-01
9.525936e-01
9.315785e-01
9.061782e-01
8.771812e-01
8.459785e-01
8.144775e-01
7.848700e-01
7.593201e-01
7.396867e-01
7.273508e-01
7.231464e-01
7.273508e-01
7.396867e-01
7.593201e-01
7.848700e-01
8.144775e-01
8.459785e-01
8.771812e-01
9.061782e-01
9.315785e-01
9.525936e-01
9.689965e-01
9.810142e-01
9.892054e-01
9.943402e-01
9.972701e-01
9.987850e-01
9.994974e-01
9.998051e-01
9.999286e-01
9.999751e-01
9.999917e-01
9.999974e-01
9.999992e-01
9.999998e-01
9.999999e-01
1.000000e+00
1.000000e+00
1.000000e+00
1.000000e+00
1.000000e+00
1.000000e+00
1.000000e+00
1.000000e+00
1.000000e+00
1.000000e+00
1.000000e+00
1.000000e+00
1.000000e+00
1.000000e+00
1.000000e+00
1.000000e+00
1.000000e+00
1.000000e+00
1.000000e+00
1.000000e+00
1.000000e+00
1.000000e+00
1.000000e+00
1.000000e+00
1.000000e+00
1.000000e+00
1.000000e+00
1.000000e+00
1.000000e+00
1.000000e+00
1.000000e+00
1.000000e+00
1.000000e+00
1.000000e+00
1.000000e+00
1.000000e+00
1.000000e+00
1.000000e+00
1.000000e+00
1.000000e+00
1.000000e+00
1.000000e+00
1.000000e+00
1.000000e+00
1.000000e+00
1.000000e+00
1.000000e+00
1.000000e+00
9.999999e-01
9.999998e-01
9.999991e-01
9.999970e-01
9.999899e-01
9.999675e-01
9.998993e-01
9.997035e-01
9.991773e-01
9.978779e-01
9.949788e-01
9.891929e-01
9.788320e-01
9.619554e-01
9.365334e-01
9.006998e-01
8.532653e-01
7.944969e-01
7.267830e-01
6.546020e-01
5.835677e-01
5.189653e-01
4.645560e-01
4.222207e-01
3.923894e-01
3.747693e-01
3.689532e-01
3.747693e-01
3.923894e-01
4.222207e-01
4.645560e-01
5.189653e-01
5.835677e-01
6.546020e-01
7.267830e-01
7.944969e-01
8.532653e-01
9.006998e-01
9.365334e-01
9.619554e-01
9.788320e-01
9.891929e-01
9.949788e-01
9.978779e-01
9.991773e-01
9.997035e-01
9.998993e-01
9.999675e-01
9.999899e-01
9.999970e-01
9.999991e-01
9.999998e-01
9.999999e-01
1.000000e+00
1.000000e+00
1.000000e+00
1.000000e+00
1.000000e+00
1.000000e+00
1.000000e+00
1.000000e+00
1.000000e+00
1.000000e+00
1.000000e+00
1.000000e+00
1.000000e+00
1.000000e+00
1.000000e+00
1.000000e+00
1.000000e+00
1.000000e+00
1.000000e+00
1.000000e+00
1.000000e+00
1.000000e+00
1.000000e+00
1.000000e+00
1.000000e+00
1.000000e+00
1.000000e+00
1.000000e+00
1.000000e+00
1.000000e+00
1.000000e+00
1.000000e+00
1.000000e+00
1.000000e+00
1.000000e+00
1.000000e+00
1.000000e+00
1.000000e+00
1.000000e+00
1.000000e+00
1.000000e+00
1.000000e+00
1.000000e+00
1.000000e+00
1.000000e+00
1.000000e+00
9.999999e-01
9.999998e-01
9.999992e-01
9.999970e-01
9.999893e-01
9.999628e-01
9.998760e-01
9.996062e-01
9.988261e-01
9.967762e-01
9.919897e-01
9.821206e-01
9.639273e-01
9.332866e-01
8.853829e-01
8.157919e-01
7.231229e-01
6.123453e-01
4.955519e-01
3.873478e-01
2.978402e-01
2.297740e-01
1.808201e-01
1.469342e-01
1.243076e-01
1.100356e-01
1.021869e-01
9.968505e-02
1.021869e-01
1.100356e-01
1.243076e-01
1.469342e-01
1.808201e-01
2.297740e-01
2.978402e-01
3.873478e-01
4.955519e-01
6.123453e-01
7.231229e-01
8.157919e-01
8.853829e-01
9.332866e-01
9.639273e-01
9.821206e-01
9.919897e-01
9.967762e-01
9.988261e-01
9.996062e-01
9.998760e-01
9.999628e-01
9.999893e-01
9.999970e-01
9.999992e-01
9.999998e-01
9.999999e-01
1.000000e+00
1.000000e+00
1.000000e+00
1.000000e+00
1.000000e+00
1.000000e+00
1.000000e+00
1.000000e+00
1.000000e+00
1.000000e+00
1.000000e+00
1.000000e+00
1.000000e+00
1.000000e+00
1.000000e+00
1.000000e+00
1.000000e+00
1.000000e+00
1.000000e+00
1.000000e+00
1.000000e+00
1.000000e+00
1.000000e+00
1.000000e+00
1.000000e+00
1.000000e+00
1.000000e+00
1.000000e+00
1.000000e+00
1.000000e+00
1.000000e+00
1.000000e+00
1.000000e+00
1.000000e+00
1.000000e+00
1.000000e+00
1.000000e+00
1.000000e+00
1.000000e+00
1.000000e+00
1.000000e+00
1.000000e+00
1.000000e+00
1.000000e+00
1.000000e+00
9.999998e-01
9.999993e-01
9.999974e-01
9.999899e-01
9.999628e-01
9.998670e-01
9.995458e-01
9.985455e-01
9.957451e-01
9.888760e-01
9.741361e-01
9.458620e-01
8.961576e-01
8.156293e-01
6.981595e-01
5.506291e-01
3.977339e-01
2.680568e-01
1.745865e-01
1.137750e-01
7.612915e-02
5.314872e-02
3.903628e-02
3.027522e-02
2.483435e-02
2.155876e-02
1.980677e-02
1.925552e-02
1.980677e-02
2.155876e-02
2.483435e-02
3.027522e-02
3.903628e-02
5.314872e-02
7.612915e-02
1.137750e-01
1.745865e-01
2.680568e-01
3.977339e-01
5.506291e-01
6.981595e-01
8.156293e-01
8.961576e-01
9.458620e-01
9.741361e-01
9.888760e-01
9.957451e-01
9.985455e-01
9.995458e-01
9.998670e-01
9.999628e-01
9.999899e-01
9.999974e-01
9.999993e-01
9.999998e-01
1.000000e+00
1.000000e+00
1.000000e+00
1.000000e+00
1.000000e+00
1.000000e+00
1.000000e+00
1.000000e+00
1.000000e+00
1.000000e+00
1.000000e+00
1.000000e+00
1.000000e+00
1.000000e+00
1.000000e+00
1.000000e+00
1.000000e+00
1.000000e+00
1.000000e+00
1.000000e+00
1.000000e+00
1.000000e+00
1.000000e+00
1.000000e+00
1.000000e+00
1.000000e+00
1.000000e+00
1.000000e+00
1.000000e+00
1.000000e+00
1.000000e+00
1.000000e+00
1.000000e+00
1.000000e+00
1.000000e+00
1.000000e+00
1.000000e+00
1.000000e+00
1.000000e+00
1.000000e+00
1.000000e+00
1.000000e+00
1.000000e+00
1.000000e+00
9.999999e-01
9.999995e-01
9.999979e-01
9.999917e-01
9.999675e-01
9.998760e-01
9.995458e-01
9.984376e-01
9.951149e-01
9.864850e-01
9.670341e-01
9.278681e-01
8.557135e-01
7.358177e-01
5.669378e-01
3.810256e-01
2.269922e-01
1.264794e-01
6.973972e-02
3.957574e-02
2.360796e-02
1.493731e-02
1.005640e-02
7.208174e-03
5.497793e-03
4.458684e-03
3.842068e-03
3.515192e-03
3.412784e-03
3.515192e-03
3.842068e-03
4.458684e-03
5.497793e-03
7.208174e-03
1.005640e-02
1.493731e-02
2.360796e-02
3.957574e-02
6.973972e-02
1.264794e-01
2.269922e-01
3.810256e-01
5.669378e-01
7.358177e-01
8.557135e-01
9.278681e-01
9.670341e-01
9.864850e-01
9.951149e-01
9.984376e-01
9.995458e-01
9.998760e-01
9.999675e-01
9.999917e-01
9.999979e-01
9.999995e-01
9.999999e-01
1.000000e+00
1.000000e+00
1.000000e+00
1.000000e+00
1.000000e+00
1.000000e+00
1.000000e+00
1.000000e+00
1.000000e+00
1.000000e+00
1.000000e+00
1.000000e+00
1.000000e+00
1.000000e+00
1.000000e+00
1.000000e+00
1.000000e+00
1.000000e+00
1.000000e+00
1.000000e+00
1.000000e+00
1.000000e+00
1.000000e+00
1.000000e+00
1.000000e+00
1.000000e+00
1.000000e+00
1.000000e+00
1.000000e+00
1.000000e+00
1.000000e+00
1.000000e+00
1.000000e+00
1.000000e+00
1.000000e+00
1.000000e+00
1.000000e+00
1.000000e+00
1.000000e+00
1.000000e+00
1.000000e+00
1.000000e+00
9.999999e-01
9.999997e-01
9.999986e-01
9.999940e-01
9.999751e-01
9.998993e-01
9.996062e-01
9.985455e-01
9.951149e-01
9.855845e-01
9.628154e-01
9.143841e-01
8.206774e-01
6.622193e-01
4.520929e-01
2.557320e-01
1.265676e-01
5.969587e-02
2.861365e-02
1.442190e-02
7.750895e-03
4.462243e-03
2.754003e-03
1.820795e-03
1.287771e-03
9.726496e-04
7.833181e-04
6.718160e-04
6.129920e-04
5.946070e-04
6.129920e-04
6.718160e-04
7.833181e-04
9.726496e-04
1.287771e-03
1.820795e-03
2.754003e-03
4.462243e-03
7.750895e-03
1.442190e-02
2.861365e-02
5.969587e-02
1.265676e-01
2.557320e-01
4.520929e-01
6.622193e-01
8.206774e-01
9.143841e-01
9.628154e-01
9.855845e-01
9.951149e-01
9.985455e-01
9.996062e-01
9.998993e-01
9.999751e-01
9.999940e-01
9.999986e-01
9.999997e-01
9.999999e-01
1.000000e+00
1.000000e+00
1.000000e+00
1.000000e+00
1.000000e+00
1.000000e+00
1.000000e+00
1.000000e+00
1.000000e+00
1.000000e+00
1.000000e+00
1.000000e+00
1.000000e+00
1.000000e+00
1.000000e+00
1.000000e+00
1.000000e+00
1.000000e+00
1.000000e+00
1.000000e+00
1.000000e+00
1.000000e+00
1.000000e+00
1.000000e+00
1.000000e+00
1.000000e+00
1.000000e+00
1.000000e+00
1.000000e+00
1.000000e+00
1.000000e+00
1.000000e+00
1.000000e+00
1.000000e+00
1.000000e+00
1.000000e+00
1.000000e+00
1.000000e+00
1.000000e+00
1.000000e+00
1.000000e+00
9.999998e-01
9.999991e-01
9.999962e-01
9.999833e-01
9.999286e-01
9.997035e-01
9.988261e-01
9.957451e-01
9.864850e-01
9.628154e-01
9.093601e-01
8.002676e-01
6.113339e-01
3.732878e-01
1.806280e-01
7.606789e-02
3.103804e-02
1.309349e-02
5.876619e-03
2.835727e-03
1.476149e-03
8.292646e-04
5.021660e-04
3.271332e-04
2.287363e-04
1.712711e-04
1.370580e-04
1.170382e-04
1.065204e-04
1.032400e-04
1.065204e-04
1.170382e-04
1.370580e-04
1.712711e-04
2.287363e-04
3.271332e-04
5.021660e-04
8.292646e-04
1.476149e-03
2.835727e-03
5.876619e-03
1.309349e-02
3.103804e-02
7.606789e-02
1.806280e-01
3.732878e-01
6.113339e-01
8.002676e-01
9.093601e-01
9.628154e-01
9.864850e-01
9.957451e-01
9.988261e-01
9.997035e-01
9.999286e-01
9.999833e-01
9.999962e-01
9.999991e-01
9.999998e-01
1.000000e+00
1.000000e+00
1.000000e+00
1.000000e+00
1.000000e+00
1.000000e+00
1.000000e+00
1.000000e+00
1.000000e+00
1.000000e+00
1.000000e+00
1.000000e+00
1.000000e+00
1.000000e+00
1.000000e+00
1.000000e+00
1.000000e+00
1.000000e+00
1.000000e+00
1.000000e+00
1.000000e+00
1.000000e+00
1.000000e+00
1.000000e+00
1.000000e+00
1.000000e+00
1.000000e+00
1.000000e+00
1.000000e+00
1.000000e+00
1.000000e+00
1.000000e+00
1.000000e+00
1.000000e+00
1.000000e+00
1.000000e+00
1.000000e+00
1.000000e+00
1.000000e+00
1.000000e+00
9.999999e-01
9.999995e-01
9.999978e-01
9.999900e-01
9.999554e-01
9.998051e-01
9.991773e-01
9.967762e-01
9.888760e-01
9.670341e-01
9.143841e-01
8.002676e-01
5.933366e-01
3.347262e-01
1.430807e-01
5.255456e-02
1.879596e-02
6.992901e-03
2.779990e-03
1.193389e-03
5.556024e-04
2.809034e-04
1.541169e-04
9.157234e-05
5.876473e-05
4.061078e-05
3.013856e-05
2.396137e-05
2.037045e-05
1.849185e-05
1.790717e-05
1.849185e-05
2.037045e-05
2.396137e-05
3.013855e-05
4.061078e-05
5.876473e-05
9.157234e-05
1.541169e-04
2.809034e-04
5.556024e-04
1.193389e-03
2.779990e-03
6.992901e-03
1.879596e-02
5.255456e-02
1.430807e-01
3.347262e-01
5.933366e-01
8.002676e-01
9.143841e-01
9.670341e-01
9.888760e-01
9.967762e-01
9.991773e-01
9.998051e-01
9.999554e-01
9.999900e-01
9.999978e-01
9.999995e-01
9.999999e-01
1.000000e+00
1.000000e+00
1.000000e+00
1.000000e+00
1.000000e+00
1.000000e+00
1.000000e+00
1.000000e+00
1.000000e+00
1.000000e+00
1.000000e+00
1.000000e+00
1.000000e+00
1.000000e+00
1.000000e+00
1.000000e+00
1.000000e+00
1.000000e+00
1.000000e+00
1.000000e+00
1.000000e+00
1.000000e+00
1.000000e+00
1.000000e+00
1.000000e+00
1.000000e+00
1.000000e+00
1.000000e+00
1.000000e+00
1.000000e+00
1.000000e+00
1.000000e+00
1.000000e+00
1.000000e+00
1.000000e+00
1.000000e+00
1.000000e+00
1.000000e+00
1.000000e+00
9.999998e-01
9.999989e-01
9.999947e-01
9.999754e-01
9.998873e-01
9.994974e-01
9.978779e-01
9.919897e-01
9.741361e-01
9.278681e-01
8.206774e-01
6.113339e-01
3.347262e-01
1.318685e-01
4.330942e-02
1.371864e-02
4.503601e-03
1.576357e-03
5.957415e-04
2.447912e-04
1.097752e-04
5.378474e-05
2.876019e-05
1.674055e-05
1.057066e-05
7.214502e-06
5.303913e-06
4.188027e-06
3.543854e-06
3.208352e-06
3.104160e-06
3.208352e-06
3.543854e-06
4.188027e-06
5.303913e-06
7.214502e-06
1.057066e-05
1.674055e-05
2.876019e-05
5.378474e-05
1.097752e-04
2.447912e-04
5.957415e-04
1.576357e-03
4.503601e-03
1.371864e-02
4.330942e-02
1.318685e-01
3.347262e-01
6.113339e-01
8.206774e-01
9.278681e-01
9.741361e-01
9.919897e-01
9.978779e-01
9.994974e-01
9.998873e-01
9.999754e-01
9.999947e-01
9.999989e-01
9.999998e-01
1.000000e+00
1.000000e+00
1.000000e+00
1.000000e+00
1.000000e+00
1.000000e+00
1.000000e+00
1.000000e+00
1.000000e+00
1.000000e+00
1.000000e+00
1.000000e+00
1.000000e+00
1.000000e+00
1.000000e+00
1.000000e+00
1.000000e+00
1.000000e+00
1.000000e+00
1.000000e+00
1.000000e+00
1.000000e+00
1.000000e+00
1.000000e+00
1.000000e+00
1.000000e+00
1.000000e+00
1.000000e+00
1.000000e+00
1.000000e+00
1.000000e+00
1.000000e+00
1.000000e+00
1.000000e+00
1.000000e+00
1.000000e+00
1.000000e+00
1.000000e+00
9.999999e-01
9.999995e-01
9.999975e-01
9.999878e-01
9.999422e-01
9.997303e-01
9.987850e-01
9.949788e-01
9.821206e-01
9.458620e-01
8.557135e-01
6.622193e-01
3.732878e-01
1.430807e-01
4.330942e-02
1.232174e-02
3.587521e-03
1.104037e-03
3.646547e-04
1.306119e-04
5.112391e-05
2.197397e-05
1.038925e-05
5.397034e-06
3.070537e-06
1.904899e-06
1.282730e-06
9.336128e-07
7.318738e-07
6.162831e-07
5.563650e-07
5.378001e-07
5.563650e-07
6.162831e-07
7.318738e-07
9.336128e-07
1.282730e-06
1.904899e-06
3.070537e-06
5.397034e-06
1.038925e-05
2.197397e-05
5.112391e-05
1.306119e-04
3.646547e-04
1.104037e-03
3.587521e-03
1.232174e-02
4.330942e-02
1.430807e-01
3.732878e-01
6.622193e-01
8.557135e-01
9.458620e-01
9.821206e-01
9.949788e-01
9.987850e-01
9.997303e-01
9.999422e-01
9.999878e-01
9.999975e-01
9.999995e-01
9.999999e-01
1.000000e+00
1.000000e+00
1.000000e+00
1.000000e+00
1.000000e+00
1.000000e+00
1.000000e+00
1.000000e+00
1.000000e+00
1.000000e+00
1.000000e+00
1.000000e+00
1.000000e+00
1.000000e+00
1.000000e+00
1.000000e+00
1.000000e+00
1.000000e+00
1.000000e+00
1.000000e+00
1.000000e+00
1.000000e+00
1.000000e+00
1.000000e+00
1.000000e+00
1.000000e+00
1.000000e+00
1.000000e+00
1.000000e+00
1.000000e+00
1.000000e+00
1.000000e+00
1.000000e+00
1.000000e+00
1.000000e+00
1.000000e+00
1.000000e+00
9.999998e-01
9.999989e-01
9.999946e-01
9.999735e-01
9.998715e-01
9.993910e-01
9.972701e-01
9.891929e-01
9.639273e-01
8.961576e-01
7.358177e-01
4.520929e-01
1.806280e-01
5.255456e-02
1.371864e-02
3.587521e-03
9.775202e-04
2.824302e-04
8.764269e-05
2.955176e-05
1.093632e-05
4.473711e-06
2.029243e-06
1.019702e-06
5.653938e-07
3.439809e-07
2.282783e-07
1.643753e-07
1.278739e-07
1.071282e-07
9.642927e-08
9.312252e-08
9.642927e-08
1.071282e-07
1.278739e-07
1.643753e-07
2.282783e-07
3.439809e-07
5.653938e-07
1.019702e-06
2.029243e-06
4.473711e-06
1.093632e-05
2.955176e-05
8.764269e-05
2.824302e-04
9.775202e-04
3.587521e-03
1.371864e-02
5.255456e-02
1.806280e-01
4.520929e-01
7.358177e-01
8.961576e-01
9.639273e-01
9.891929e-01
9.972701e-01
9.993910e-01
9.998715e-01
9.999735e-01
9.999946e-01
9.999989e-01
9.999998e-01
1.000000e+00
1.000000e+00
1.000000e+00
1.000000e+00
1.000000e+00
1.000000e+00
1.000000e+00
1.000000e+00
1.000000e+00
1.000000e+00
1.000000e+00
1.000000e+00
1.000000e+00
1.000000e+00
1.000000e+00
1.000000e+00
1.000000e+00
1.000000e+00
1.000000e+00
1.000000e+00
1.000000e+00
1.000000e+00
1.000000e+00
1.000000e+00
1.000000e+00
1.000000e+00
1.000000e+00
1.000000e+00
1.000000e+00
1.000000e+00
1.000000e+00
1.000000e+00
1.000000e+00
1.000000e+00
1.000000e+00
1.000000e+00
9.999999e-01
9.999996e-01
9.999978e-01
9.999890e-01
9.999451e-01
9.997296e-01
9.987091e-01
9.943402e-01
9.788320e-01
9.332866e-01
8.156293e-01
5.669378e-01
2.557320e-01
7.606789e-02
1.879596e-02
4.503601e-03
1.104037e-03
2.824302e-04
7.639264e-05
2.213537e-05
6.967154e-06
2.414425e-06
9.311880e-07
4.020168e-07
1.942752e-07
1.045845e-07
6.225778e-08
4.066317e-08
2.894251e-08
2.233349e-08
1.861228e-08
1.670459e-08
1.611663e-08
1.670459e-08
1.861228e-08
2.233349e-08
2.894251e-08
4.066317e-08
6.225778e-08
1.045845e-07
1.942752e-07
4.020168e-07
9.311880e-07
2.414425e-06
6.967154e-06
2.213537e-05
7.639264e-05
2.824302e-04
1.104037e-03
4.503601e-03
1.879596e-02
7.606789e-02
2.557320e-01
5.669378e-01
8.156293e-01
9.332866e-01
9.788320e-01
9.943402e-01
9.987091e-01
9.997296e-01
9.999451e-01
9.999890e-01
9.999978e-01
9.999996e-01
9.999999e-01
1.000000e+00
1.000000e+00
1.000000e+00
1.000000e+00
1.000000e+00
1.000000e+00
1.000000e+00
1.000000e+00
1.000000e+00
1.000000e+00
1.000000e+00
1.000000e+00
1.000000e+00
1.000000e+00
1.000000e+00
1.000000e+00
1.000000e+00
1.000000e+00
1.000000e+00
1.000000e+00
1.000000e+00
1.000000e+00
1.000000e+00
1.000000e+00
1.000000e+00
1.000000e+00
1.000000e+00
1.000000e+00
1.000000e+00
1.000000e+00
1.000000e+00
1.000000e+00
1.000000e+00
1.000000e+00
1.000000e+00
9.999998e-01
9.999992e-01
9.999958e-01
9.999787e-01
9.998922e-01
9.994626e-01
9.974418e-01
9.892054e-01
9.619554e-01
8.853829e-01
6.981595e-01
3.810256e-01
1.265676e-01
3.103804e-02
6.992901e-03
1.576357e-03
3.646547e-04
8.764269e-05
2.213537e-05
5.954479e-06
1.733771e-06
5.561420e-07
1.997267e-07
8.116291e-08
3.740833e-08
1.945183e-08
1.129966e-08
7.249924e-09
5.089849e-09
3.893369e-09
3.230382e-09
2.893497e-09
2.790005e-09
2.893497e-09
3.230382e-09
3.893369e-09
5.089849e-09
7.249924e-09
1.129966e-08
1.945183e-08
3.740833e-08
8.116291e-08
1.997267e-07
5.561420e-07
1.733771e-06
5.954479e-06
2.213537e-05
8.764269e-05
3.646547e-04
1.576357e-03
6.992901e-03
3.103804e-02
1.265676e-01
3.810256e-01
6.981595e-01
8.853829e-01
9.619554e-01
9.892054e-01
9.974418e-01
9.994626e-01
9.998922e-01
9.999787e-01
9.999958e-01
9.999992e-01
9.999998e-01
1.000000e+00
1.000000e+00
1.000000e+00
1.000000e+00
1.000000e+00
1.000000e+00
1.000000e+00
1.000000e+00
1.000000e+00
1.000000e+00
1.000000e+00
1.000000e+00
1.000000e+00
1.000000e+00
1.000000e+00
1.000000e+00
1.000000e+00
1.000000e+00
1.000000e+00
1.000000e+00
1.000000e+00
1.000000e+00
1.000000e+00
1.000000e+00
1.000000e+00
1.000000e+00
1.000000e+00
1.000000e+00
1.000000e+00
1.000000e+00
1.000000e+00
1.000000e+00
1.000000e+00
1.000000e+00
9.999999e-01
9.999997e-01
9.999986e-01
9.999925e-01
9.999610e-01
9.997995e-01
9.989924e-01
9.952753e-01
9.810142e-01
9.365334e-01
8.157919e-01
5.506291e-01
2.269922e-01
5.969587e-02
1.309349e-02
2.779990e-03
5.957415e-04
1.306119e-04
2.955176e-05
6.967154e-06
1.733771e-06
4.632998e-07
1.358229e-07
4.470294e-08
1.683035e-08
7.305515e-09
3.642021e-09
2.063318e-09
1.297617e-09
8.825627e-10
6.702893e-10
5.592296e-10
5.032599e-10
4.860300e-10
5.032599e-10
5.592296e-10
6.702893e-10
8.825627e-10
1.297617e-09
2.063318e-09
3.642021e-09
7.305515e-09
1.683035e-08
4.470294e-08
1.358229e-07
4.632998e-07
1.733771e-06
6.967154e-06
2.955176e-05
1.306119e-04
5.957415e-04
2.779990e-03
1.309349e-02
5.969587e-02
2.269922e-01
5.506291e-01
8.157919e-01
9.365334e-01
9.810142e-01
9.952753e-01
9.989924e-01
9.997995e-01
9.999610e-01
9.999925e-01
9.999986e-01
9.999997e-01
9.999999e-01
1.000000e+00
1.000000e+00
1.000000e+00
1.000000e+00
1.000000e+00
1.000000e+00
1.000000e+00
1.000000e+00
1.000000e+00
1.000000e+00
1.000000e+00
1.000000e+00
1.000000e+00
1.000000e+00
1.000000e+00
1.000000e+00
1.000000e+00
1.000000e+00
1.000000e+00
1.000000e+00
1.000000e+00
1.000000e+00
1.000000e+00
1.000000e+00
1.000000e+00
1.000000e+00
1.000000e+00
1.000000e+00
1.000000e+00
1.000000e+00
1.000000e+00
1.000000e+00
1.000000e+00
9.999999e-01
9.999995e-01
9.999975e-01
9.999870e-01
9.999320e-01
9.996467e-01
9.982208e-01
9.918738e-01
9.689965e-01
9.006998e-01
7.231229e-01
3.977339e-01
1.264794e-01
2.861365e-02
5.876619e-03
1.193389e-03
2.447912e-04
5.112391e-05
1.093632e-05
2.414425e-06
5.561420e-07
1.358229e-07
3.598947e-08
1.065934e-08
3.638355e-09
1.455055e-09
6.816033e-10
3.876782e-10
2.571238e-10
2.025384e-10
1.809103e-10
1.641256e-10
1.540017e-10
1.506501e-10
1.540017e-10
1.641256e-10
1.809103e-10
2.025384e-10
2.571238e-10
3.876782e-10
6.816033e-10
1.455055e-09
3.638355e-09
1.065934e-08
3.598947e-08
1.358229e-07
5.561420e-07
2.414425e-06
1.093632e-05
5.112391e-05
2.447912e-04
1.193389e-03
5.876619e-03
2.861365e-02
1.264794e-01
3.977339e-01
7.231229e-01
9.006998e-01
9.689965e-01
9.918738e-01
9.982208e-01
9.996467e-01
9.999320e-01
9.999870e-01
9.999975e-01
9.999995e-01
9.999999e-01
1.000000e+00
1.000000e+00
1.000000e+00
1.000000e+00
1.000000e+00
1.000000e+00
1.000000e+00
1.000000e+00
1.000000e+00
1.000000e+00
1.000000e+00
1.000000e+00
1.000000e+00
1.000000e+00
1.000000e+00
1.000000e+00
1.000000e+00
1.000000e+00
1.000000e+00
1.000000e+00
1.000000e+00
1.000000e+00
1.000000e+00
1.000000e+00
1.000000e+00
1.000000e+00
1.000000e+00
1.000000e+00
1.000000e+00
1.000000e+00
1.000000e+00
1.000000e+00
1.000000e+00
9.999999e-01
9.999993e-01
9.999960e-01
9.999787e-01
9.998873e-01
9.994100e-01
9.970431e-01
9.869565e-01
9.525936e-01
8.532653e-01
6.123453e-01
2.680568e-01
6.973972e-02
1.442190e-02
2.835727e-03
5.556024e-04
1.097752e-04
2.197397e-05
4.473711e-06
9.311880e-07
1.997267e-07
4.470294e-08
1.065934e-08
2.799633e-09
8.475918e-10
3.098391e-10
1.686249e-10
1.359968e-10
1.293649e-10
1.543193e-10
1.632714e-10
1.597307e-10
1.555291e-10
1.538927e-10
1.555291e-10
1.597307e-10
1.632714e-10
1.543193e-10
1.293649e-10
1.359968e-10
1.686249e-10
3.098391e-10
8.475918e-10
2.799633e-09
1.065934e-08
4.470294e-08
1.997267e-07
9.311880e-07
4.473710e-06
2.197397e-05
1.097752e-04
5.556024e-04
2.835727e-03
1.442190e-02
6.973972e-02
2.680568e-01
6.123453e-01
8.532653e-01
9.525936e-01
9.869565e-01
9.970431e-01
9.994100e-01
9.998873e-01
9.999787e-01
9.999960e-01
9.999993e-01
9.999999e-01
1.000000e+00
1.000000e+00
1.000000e+00
1.000000e+00
1.000000e+00
1.000000e+00
1.000000e+00
1.000000e+00
1.000000e+00
1.000000e+00
1.000000e+00
1.000000e+00
1.000000e+00
1.000000e+00
1.000000e+00
1.000000e+00
1.000000e+00
1.000000e+00
1.000000e+00
1.000000e+00
1.000000e+00
1.000000e+00
1.000000e+00
1.000000e+00
1.000000e+00
1.000000e+00
1.000000e+00
1.000000e+00
1.000000e+00
1.000000e+00
1.000000e+00
1.000000e+00
1.000000e+00
9.999998e-01
9.999989e-01
9.999938e-01
9.999669e-01
9.998227e-01
9.990663e-01
9.953738e-01
9.803746e-01
9.315785e-01
7.944969e-01
4.955519e-01
1.745865e-01
3.957574e-02
7.750895e-03
1.476149e-03
2.809034e-04
5.378474e-05
1.038925e-05
2.029243e-06
4.020168e-07
8.116291e-08
1.683035e-08
3.638355e-09
8.475918e-10
2.339921e-10
1.212408e-10
1.322289e-10
1.378391e-10
1.402264e-10
1.482362e-10
1.539282e-10
1.549763e-10
1.541647e-10
1.536725e-10
1.541647e-10
1.549763e-10
1.539282e-10
1.482362e-10
1.402264e-10
1.378391e-10
1.322289e-10
1.212408e-10
2.339921e-10
8.475918e-10
3.638355e-09
1.683035e-08
8.116291e-08
4.020168e-07
2.029243e-06
1.038925e-05
5.378474e-05
2.809034e-04
1.476149e-03
7.750895e-03
3.957574e-02
1.745865e-01
4.955519e-01
7.944969e-01
9.315785e-01
9.803746e-01
9.953738e-01
9.990663e-01
9.998227e-01
9.999669e-01
9.999938e-01
9.999989e-01
9.999998e-01
1.000000e+00
1.000000e+00
1.000000e+00
1.000000e+00
1.000000e+00
1.000000e+00
1.000000e+00
1.000000e+00
1.000000e+00
1.000000e+00
1.000000e+00
1.000000e+00
1.000000e+00
1.000000e+00
1.000000e+00
1.000000e+00
1.000000e+00
1.000000e+00
1.000000e+00
1.000000e+00
1.000000e+00
1.000000e+00
1.000000e+00
1.000000e+00
1.000000e+00
1.000000e+00
1.000000e+00
1.000000e+00
1.000000e+00
1.000000e+00
1.000000e+00
1.000000e+00
9.999999e-01
9.999997e-01
9.999983e-01
9.999909e-01
9.999508e-01
9.997347e-01
9.985994e-01
9.931753e-01
9.721627e-01
9.061782e-01
7.267830e-01
3.873478e-01
1.137750e-01
2.360796e-02
4.462243e-03
8.292646e-04
1.541169e-04
2.876019e-05
5.397033e-06
1.019702e-06
1.942752e-07
3.740833e-08
7.305515e-09
1.455055e-09
3.098391e-10
1.212408e-10
1.213586e-10
1.318752e-10
1.377667e-10
1.420410e-10
1.465208e-10
1.500687e-10
1.517838e-10
1.522287e-10
1.522619e-10
1.522287e-10
1.517838e-10
1.500687e-10
1.465208e-10
1.420410e-10
1.377667e-10
1.318752e-10
1.213586e-10
1.212408e-10
3.098391e-10
1.455055e-09
7.305515e-09
3.740833e-08
1.942752e-07
1.019702e-06
5.397033e-06
2.876019e-05
1.541169e-04
8.292646e-04
4.462243e-03
2.360796e-02
1.137750e-01
3.873478e-01
7.267830e-01
9.061782e-01
9.721627e-01
9.931753e-01
9.985994e-01
9.997347e-01
9.999508e-01
9.999909e-01
9.999983e-01
9.999997e-01
9.999999e-01
1.000000e+00
1.000000e+00
1.000000e+00
1.000000e+00
1.000000e+00
1.000000e+00
1.000000e+00
1.000000e+00
1.000000e+00
1.000000e+00
1.000000e+00
1.000000e+00
1.000000e+00
1.000000e+00
1.000000e+00
1.000000e+00
1.000000e+00
1.000000e+00
1.000000e+00
1.000000e+00
1.000000e+00
1.000000e+00
1.000000e+00
1.000000e+00
1.000000e+00
1.000000e+00
1.000000e+00
1.000000e+00
1.000000e+00
1.000000e+00
1.000000e+00
9.999999e-01
9.999996e-01
9.999977e-01
9.999873e-01
9.999304e-01
9.996223e-01
9.980065e-01
9.904824e-01
9.625615e-01
8.771812e-01
6.546020e-01
2.978402e-01
7.612914e-02
1.493731e-02
2.754003e-03
5.021660e-04
9.157234e-05
1.674055e-05
3.070537e-06
5.653938e-07
1.045845e-07
1.945183e-08
3.642021e-09
6.816033e-10
1.686249e-10
1.322289e-10
1.318752e-10
1.354342e-10
1.393951e-10
1.428439e-10
1.459192e-10
1.483574e-10
1.498825e-10
1.506016e-10
1.507966e-10
1.506016e-10
1.498825e-10
1.483574e-10
1.459192e-10
1.428439e-10
1.393951e-10
1.354342e-10
1.318752e-10
1.322289e-10
1.686249e-10
6.816033e-10
3.642021e-09
1.945183e-08
1.045845e-07
5.653938e-07
3.070537e-06
1.674055e-05
9.157234e-05
5.021660e-04
2.754003e-03
1.493731e-02
7.612914e-02
2.978402e-01
6.546020e-01
8.771812e-01
9.625615e-01
9.904824e-01
9.980065e-01
9.996223e-01
9.999304e-01
9.999873e-01
9.999977e-01
9.999996e-01
9.999999e-01
1.000000e+00
1.000000e+00
1.000000e+00
1.000000e+00
1.000000e+00
1.000000e+00
1.000000e+00
1.000000e+00
1.000000e+00
1.000000e+00
1.000000e+00
1.000000e+00
1.000000e+00
1.000000e+00
1.000000e+00
1.000000e+00
1.000000e+00
1.000000e+00
1.000000e+00
1.000000e+00
1.000000e+00
1.000000e+00
1.000000e+00
1.000000e+00
1.000000e+00
1.000000e+00
1.000000e+00
1.000000e+00
1.000000e+00
1.000000e+00
1.000000e+00
9.999999e-01
9.999994e-01
9.999969e-01
9.999829e-01
9.999061e-01
9.994880e-01
9.973052e-01
9.874120e-01
9.520167e-01
8.459785e-01
5.835677e-01
2.297740e-01
5.314872e-02
1.005640e-02
1.820795e-03
3.271332e-04
5.876473e-05
1.057066e-05
1.904899e-06
3.439809e-07
6.225778e-08
1.129966e-08
2.063318e-09
3.876782e-10
1.359968e-10
1.378391e-10
1.377667e-10
1.393951e-10
1.416292e-10
1.438951e-10
1.459611e-10
1.476464e-10
1.488170e-10
1.494672e-10
1.496702e-10
1.494672e-10
1.488170e-10
1.476464e-10
1.459611e-10
1.438951e-10
1.416292e-10
1.393951e-10
1.377667e-10
1.378391e-10
1.359968e-10
3.876782e-10
2.063318e-09
1.129966e-08
6.225778e-08
3.439809e-07
1.904899e-06
1.057066e-05
5.876473e-05
3.271332e-04
1.820795e-03
1.005640e-02
5.314872e-02
2.297740e-01
5.835677e-01
8.459785e-01
9.520167e-01
9.874120e-01
9.973052e-01
9.994880e-01
9.999061e-01
9.999829e-01
9.999969e-01
9.999994e-01
9.999999e-01
1.000000e+00
1.000000e+00
1.000000e+00
1.000000e+00
1.000000e+00
1.000000e+00
1.000000e+00
1.000000e+00
1.000000e+00
1.000000e+00
1.000000e+00
1.000000e+00
1.000000e+00
1.000000e+00
1.000000e+00
1.000000e+00
1.000000e+00
1.000000e+00
1.000000e+00
1.000000e+00
1.000000e+00
1.000000e+00
1.000000e+00
1.000000e+00
1.000000e+00
1.000000e+00
1.000000e+00
1.000000e+00
1.000000e+00
1.000000e+00
1.000000e+00
9.999999e-01
9.999993e-01
9.999960e-01
9.999781e-01
9.998791e-01
9.993388e-01
9.965353e-01
9.841572e-01
9.411540e-01
8.144775e-01
5.189653e-01
1.808201e-01
3.903628e-02
7.208174e-03
1.287771e-03
2.287363e-04
4.061078e-05
7.214502e-06
1.282730e-06
2.282783e-07
4.066317e-08
7.249924e-09
1.297617e-09
2.571238e-10
1.293649e-10
1.402264e-10
1.420410e-10
1.428439e-10
1.438951e-10
1.451413e-10
1.463904e-10
1.474768e-10
1.482869e-10
1.487729e-10
1.489329e-10
1.487729e-10
1.482869e-10
1.474768e-10
1.463904e-10
1.451413e-10
1.438951e-10
1.428439e-10
1.420410e-10
1.402264e-10
1.293649e-10
2.571238e-10
1.297617e-09
7.249924e-09
4.066317e-08
2.282783e-07
1.282730e-06
7.214502e-06
4.061078e-05
2.287363e-04
1.287771e-03
7.208174e-03
3.903628e-02
1.808201e-01
5.189653e-01
8.144775e-01
9.411540e-01
9.841572e-01
9.965353e-01
9.993388e-01
9.998791e-01
9.999781e-01
9.999960e-01
9.999993e-01
9.999999e-01
1.000000e+00
1.000000e+00
1.000000e+00
1.000000e+00
1.000000e+00
1.000000e+00
1.000000e+00
1.000000e+00
1.000000e+00
1.000000e+00
1.000000e+00
1.000000e+00
1.000000e+00
1.000000e+00
1.000000e+00
1.000000e+00
1.000000e+00
1.000000e+00
1.000000e+00
1.000000e+00
1.000000e+00
1.000000e+00
1.000000e+00
1.000000e+00
1.000000e+00
1.000000e+00
1.000000e+00
1.000000e+00
1.000000e+00
1.000000e+00
1.000000e+00
9.999998e-01
9.999991e-01
9.999952e-01
9.999732e-01
9.998516e-01
9.991861e-01
9.957569e-01
9.809659e-01
9.307265e-01
7.848700e-01
4.645560e-01
1.469342e-01
3.027522e-02
5.497793e-03
9.726496e-04
1.712711e-04
3.013855e-05
5.303913e-06
9.336128e-07
1.643753e-07
2.894251e-08
5.089849e-09
8.825627e-10
2.025384e-10
1.543193e-10
1.482362e-10
1.465208e-10
1.459192e-10
1.459611e-10
1.463904e-10
1.469909e-10
1.475959e-10
1.480896e-10
1.484051e-10
1.485128e-10
1.484051e-10
1.480896e-10
1.475959e-10
1.469909e-10
1.463904e-10
1.459611e-10
1.459192e-10
1.465208e-10
1.482362e-10
1.543193e-10
2.025384e-10
8.825627e-10
5.089849e-09
2.894251e-08
1.643753e-07
9.336128e-07
5.303913e-06
3.013855e-05
1.712711e-04
9.726495e-04
5.497793e-03
3.027522e-02
1.469342e-01
4.645560e-01
7.848700e-01
9.307265e-01
9.809659e-01
9.957569e-01
9.991861e-01
9.998516e-01
9.999732e-01
9.999952e-01
9.999991e-01
9.999998e-01
1.000000e+00
1.000000e+00
1.000000e+00
1.000000e+00
1.000000e+00
1.000000e+00
1.000000e+00
1.000000e+00
1.000000e+00
1.000000e+00
1.000000e+00
1.000000e+00
1.000000e+00
1.000000e+00
1.000000e+00
1.000000e+00
1.000000e+00
1.000000e+00
1.000000e+00
1.000000e+00
1.000000e+00
1.000000e+00
1.000000e+00
1.000000e+00
1.000000e+00
1.000000e+00
1.000000e+00
1.000000e+00
1.000000e+00
1.000000e+00
1.000000e+00
9.999998e-01
9.999990e-01
9.999944e-01
9.999687e-01
9.998259e-01
9.990442e-01
9.950424e-01
9.781097e-01
9.215350e-01
7.593201e-01
4.222207e-01
1.243076e-01
2.483435e-02
4.458684e-03
7.833181e-04
1.370580e-04
2.396137e-05
4.188027e-06
7.318738e-07
1.278739e-07
2.233349e-08
3.893369e-09
6.702893e-10
1.809103e-10
1.632714e-10
1.539282e-10
1.500687e-10
1.483574e-10
1.476464e-10
1.474768e-10
1.475959e-10
1.478347e-10
1.480770e-10
1.482488e-10
1.483101e-10
1.482488e-10
1.480770e-10
1.478347e-10
1.475959e-10
1.474768e-10
1.476464e-10
1.483574e-10
1.500687e-10
1.539282e-10
1.632714e-10
1.809103e-10
6.702893e-10
3.893369e-09
2.233349e-08
1.278739e-07
7.318738e-07
4.188027e-06
2.396137e-05
1.370580e-04
7.833181e-04
4.458684e-03
2.483435e-02
1.243076e-01
4.222207e-01
7.593201e-01
9.215350e-01
9.781097e-01
9.950424e-01
9.990442e-01
9.998259e-01
9.999687e-01
9.999944e-01
9.999990e-01
9.999998e-01
1.000000e+00
1.000000e+00
1.000000e+00
1.000000e+00
1.000000e+00
1.000000e+00
1.000000e+00
1.000000e+00
1.000000e+00
1.000000e+00
1.000000e+00
1.000000e+00
1.000000e+00
1.000000e+00
1.000000e+00
1.000000e+00
1.000000e+00
1.000000e+00
1.000000e+00
1.000000e+00
1.000000e+00
1.000000e+00
1.000000e+00
1.000000e+00
1.000000e+00
1.000000e+00
1.000000e+00
1.000000e+00
1.000000e+00
1.000000e+00
1.000000e+00
9.999998e-01
9.999989e-01
9.999937e-01
9.999650e-01
9.998050e-01
9.989285e-01
9.944659e-01
9.758487e-01
9.143351e-01
7.396867e-01
3.923894e-01
1.100356e-01
2.155876e-02
3.842068e-03
6.718160e-04
1.170382e-04
2.037045e-05
3.543854e-06
6.162831e-07
1.071282e-07
1.861228e-08
3.230382e-09
5.592296e-10
1.641256e-10
1.597307e-10
1.549763e-10
1.517838e-10
1.498825e-10
1.488170e-10
1.482869e-10
1.480896e-10
1.480770e-10
1.481409e-10
1.482075e-10
1.482343e-10
1.482075e-10
1.481409e-10
1.480770e-10
1.480896e-10
1.482869e-10
1.488170e-10
1.498825e-10
1.517838e-10
1.549763e-10
1.597307e-10
1.641256e-10
5.592296e-10
3.230382e-09
1.861228e-08
1.071282e-07
6.162831e-07
3.543854e-06
2.037045e-05
1.170382e-04
6.718160e-04
3.842068e-03
2.155876e-02
1.100356e-01
3.923894e-01
7.396867e-01
9.143351e-01
9.758487e-01
9.944659e-01
9.989285e-01
9.998050e-01
9.999650e-01
9.999937e-01
9.999989e-01
9.999998e-01
1.000000e+00
1.000000e+00
1.000000e+00
1.000000e+00
1.000000e+00
1.000000e+00
1.000000e+00
1.000000e+00
1.000000e+00
1.000000e+00
1.000000e+00
1.000000e+00
1.000000e+00
1.000000e+00
1.000000e+00
1.000000e+00
1.000000e+00
1.000000e+00
1.000000e+00
1.000000e+00
1.000000e+00
1.000000e+00
1.000000e+00
1.000000e+00
1.000000e+00
1.000000e+00
1.000000e+00
1.000000e+00
1.000000e+00
1.000000e+00
1.000000e+00
9.999998e-01
9.999988e-01
9.999933e-01
9.999626e-01
9.997913e-01
9.988527e-01
9.940912e-01
9.743975e-01
9.097445e-01
7.273508e-01
3.747693e-01
1.021869e-01
1.980677e-02
3.515192e-03
6.129920e-04
1.065204e-04
1.849185e-05
3.208351e-06
5.563650e-07
9.642927e-08
1.670459e-08
2.893497e-09
5.032599e-10
1.540017e-10
1.555291e-10
1.541647e-10
1.522287e-10
1.506016e-10
1.494672e-10
1.487729e-10
1.484051e-10
1.482488e-10
1.482075e-10
1.482108e-10
1.482166e-10
1.482108e-10
1.482075e-10
1.482488e-10
1.484051e-10
1.487729e-10
1.494672e-10
1.506016e-10
1.522287e-10
1.541647e-10
1.555291e-10
1.540017e-10
5.032599e-10
2.893497e-09
1.670459e-08
9.642927e-08
5.563650e-07
3.208351e-06
1.849185e-05
1.065204e-04
6.129920e-04
3.515192e-03
1.980677e-02
1.021869e-01
3.747693e-01
7.273508e-01
9.097445e-01
9.743975e-01
9.940912e-01
9.988527e-01
9.997913e-01
9.999626e-01
9.999933e-01
9.999988e-01
9.999998e-01
1.000000e+00
1.000000e+00
1.000000e+00
1.000000e+00
1.000000e+00
1.000000e+00
1.000000e+00
1.000000e+00
1.000000e+00
1.000000e+00
1.000000e+00
1.000000e+00
1.000000e+00
1.000000e+00
1.000000e+00
1.000000e+00
1.000000e+00
1.000000e+00
1.000000e+00
1.000000e+00
1.000000e+00
1.000000e+00
1.000000e+00
1.000000e+00
1.000000e+00
1.000000e+00
1.000000e+00
1.000000e+00
1.000000e+00
1.000000e+00
1.000000e+00
9.999998e-01
9.999988e-01
9.999932e-01
9.999618e-01
9.997866e-01
9.988263e-01
9.939612e-01
9.738974e-01
9.081675e-01
7.231464e-01
3.689532e-01
9.968505e-02
1.925552e-02
3.412784e-03
5.946070e-04
1.032400e-04
1.790717e-05
3.104160e-06
5.378001e-07
9.312252e-08
1.611663e-08
2.790005e-09
4.860300e-10
1.506501e-10
1.538927e-10
1.536725e-10
1.522619e-10
1.507966e-10
1.496702e-10
1.489329e-10
1.485128e-10
1.483101e-10
1.482343e-10
1.482166e-10
1.482154e-10
1.482166e-10
1.482343e-10
1.483101e-10
1.485128e-10
1.489329e-10
1.496702e-10
1.507966e-10
1.522619e-10
1.536725e-10
1.538927e-10
1.506500e-10
4.860300e-10
2.790004e-09
1.611663e-08
9.312252e-08
5.378001e-07
3.104160e-06
1.790717e-05
1.032400e-04
5.946070e-04
3.412784e-03
1.925552e-02
9.968505e-02
3.689532e-01
7.231464e-01
9.081675e-01
9.738974e-01
9.939612e-01
9.988263e-01
9.997866e-01
9.999618e-01
9.999932e-01
9.999988e-01
9.999998e-01
1.000000e+00
1.000000e+00
1.000000e+00
1.000000e+00
1.000000e+00
1.000000e+00
1.000000e+00
1.000000e+00
1.000000e+00
1.000000e+00
1.000000e+00
1.000000e+00
1.000000e+00
1.000000e+00
1.000000e+00
1.000000e+00
1.000000e+00
1.000000e+00
1.000000e+00
1.000000e+00
1.000000e+00
1.000000e+00
1.000000e+00
1.000000e+00
1.000000e+00
1.000000e+00
1.000000e+00
1.000000e+00
1.000000e+00
1.000000e+00
1.000000e+00
9.999998e-01
9.999988e-01
9.999933e-01
9.999626e-01
9.997913e-01
9.988527e-01
9.940912e-01
9.743975e-01
9.097445e-01
7.273508e-01
3.747693e-01
1.021869e-01
1.980677e-02
3.515192e-03
6.129920e-04
1.065204e-04
1.849185e-05
3.208351e-06
5.563650e-07
9.642927e-08
1.670459e-08
2.893497e-09
5.032599e-10
1.540017e-10
1.555291e-10
1.541647e-10
1.522287e-10
1.506016e-10
1.494672e-10
1.487729e-10
1.484051e-10
1.482488e-10
1.482075e-10
1.482108e-10
1.482166e-10
1.482108e-10
1.482075e-10
1.482488e-10
1.484051e-10
1.487729e-10
1.494672e-10
1.506016e-10
1.522287e-10
1.541647e-10
1.555291e-10
1.540017e-10
5.032599e-10
2.893497e-09
1.670459e-08
9.642927e-08
5.563650e-07
3.208351e-06
1.849185e-05
1.065204e-04
6.129920e-04
3.515192e-03
1.980677e-02
1.021869e-01
3.747693e-01
7.273508e-01
9.097445e-01
9.743975e-01
9.940912e-01
9.988527e-01
9.997913e-01
9.999626e-01
9.999933e-01
9.999988e-01
9.999998e-01
1.000000e+00
1.000000e+00
1.000000e+00
1.000000e+00
1.000000e+00
1.000000e+00
1.000000e+00
1.000000e+00
1.000000e+00
1.000000e+00
1.000000e+00
1.000000e+00
1.000000e+00
1.000000e+00
1.000000e+00
1.000000e+00
1.000000e+00
1.000000e+00
1.000000e+00
1.000000e+00
1.000000e+00
1.000000e+00
1.000000e+00
1.000000e+00
1.000000e+00
1.000000e+00
1.000000e+00
1.000000e+00
1.000000e+00
1.000000e+00
1.000000e+00
9.999998e-01
9.999989e-01
9.999937e-01
9.999650e-01
9.998050e-01
9.989285e-01
9.944659e-01
9.758487e-01
9.143351e-01
7.396867e-01
3.923894e-01
1.100356e-01
2.155876e-02
3.842068e-03
6.718160e-04
1.170382e-04
2.037045e-05
3.543854e-06
6.162831e-07
1.071282e-07
1.861228e-08
3.230382e-09
5.592296e-10
1.641256e-10
1.597307e-10
1.549763e-10
1.517838e-10
1.498825e-10
1.488170e-10
1.482869e-10
1.480896e-10
1.480770e-10
1.481409e-10
1.482075e-10
1.482343e-10
1.482075e-10
1.481409e-10
1.480770e-10
1.480896e-10
1.482869e-10
1.488170e-10
1.498825e-10
1.517838e-10
1.549763e-10
1.597307e-10
1.641256e-10
5.592296e-10
3.230382e-09
1.861228e-08
1.071282e-07
6.162831e-07
3.543854e-06
2.037045e-05
1.170382e-04
6.718160e-04
3.842068e-03
2.155876e-02
1.100356e-01
3.923894e-01
7.396867e-01
9.143351e-01
9.758487e-01
9.944659e-01
9.989285e-01
9.998050e-01
9.999650e-01
9.999937e-01
9.999989e-01
9.999998e-01
1.000000e+00
1.000000e+00
1.000000e+00
1.000000e+00
1.000000e+00
1.000000e+00
1.000000e+00
1.000000e+00
1.000000e+00
1.000000e+00
1.000000e+00
1.000000e+00
1.000000e+00
1.000000e+00
1.000000e+00
1.000000e+00
1.000000e+00
1.000000e+00
1.000000e+00
1.000000e+00
1.000000e+00
1.000000e+00
1.000000e+00
1.000000e+00
1.000000e+00
1.000000e+00
1.000000e+00
1.000000e+00
1.000000e+00
1.000000e+00
1.000000e+00
9.999998e-01
9.999990e-01
9.999944e-01
9.999687e-01
9.998259e-01
9.990442e-01
9.950424e-01
9.781097e-01
9.215350e-01
7.593201e-01
4.222207e-01
1.243076e-01
2.483435e-02
4.458684e-03
7.833181e-04
1.370580e-04
2.396137e-05
4.188027e-06
7.318738e-07
1.278739e-07
2.233349e-08
3.893369e-09
6.702893e-10
1.809103e-10
1.632714e-10
1.539282e-10
1.500687e-10
1.483574e-10
1.476464e-10
1.474768e-10
1.475959e-10
1.478347e-10
1.480770e-10
1.482488e-10
1.483101e-10
1.482488e-10
1.480770e-10
1.478347e-10
1.475959e-10
1.474768e-10
1.476464e-10
1.483574e-10
1.500687e-10
1.539282e-10
1.632714e-10
1.809103e-10
6.702893e-10
3.893369e-09
2.233349e-08
1.278739e-07
7.318738e-07
4.188027e-06
2.396137e-05
1.370580e-04
7.833181e-04
4.458684e-03
2.483435e-02
1.243076e-01
4.222207e-01
7.593201e-01
9.215350e-01
9.781097e-01
9.950424e-01
9.990442e-01
9.998259e-01
9.999687e-01
9.999944e-01
9.999990e-01
9.999998e-01
1.000000e+00
1.000000e+00
1.000000e+00
1.000000e+00
1.000000e+00
1.000000e+00
1.000000e+00
1.000000e+00
1.000000e+00
1.000000e+00
1.000000e+00
1.000000e+00
1.000000e+00
1.000000e+00
1.000000e+00
1.000000e+00
1.000000e+00
1.000000e+00
1.000000e+00
1.000000e+00
1.000000e+00
1.000000e+00
1.000000e+00
1.000000e+00
1.000000e+00
1.000000e+00
1.000000e+00
1.000000e+00
1.000000e+00
1.000000e+00
1.000000e+00
9.999998e-01
9.999991e-01
9.999952e-01
9.999732e-01
9.998516e-01
9.991861e-01
9.957569e-01
9.809659e-01
9.307265e-01
7.848700e-01
4.645560e-01
1.469342e-01
3.027522e-02
5.497793e-03
9.726496e-04
1.712711e-04
3.013855e-05
5.303913e-06
9.336128e-07
1.643753e-07
2.894251e-08
5.089849e-09
8.825627e-10
2.025384e-10
1.543193e-10
1.482362e-10
1.465208e-10
1.459192e-10
1.459611e-10
1.463904e-10
1.469909e-10
1.475959e-10
1.480896e-10
1.484051e-10
1.485128e-10
1.484051e-10
1.480896e-10
1.475959e-10
1.469909e-10
1.463904e-10
1.459611e-10
1.459192e-10
1.465208e-10
1.482362e-10
1.543193e-10
2.025384e-10
8.825627e-10
5.089849e-09
2.894251e-08
1.643753e-07
9.336128e-07
5.303913e-06
3.013855e-05
1.712711e-04
9.726496e-04
5.497793e-03
3.027522e-02
1.469342e-01
4.645560e-01
7.848700e-01
9.307265e-01
9.809659e-01
9.957569e-01
9.991861e-01
9.998516e-01
9.999732e-01
9.999952e-01
9.999991e-01
9.999998e-01
1.000000e+00
1.000000e+00
1.000000e+00
1.000000e+00
1.000000e+00
1.000000e+00
1.000000e+00
1.000000e+00
1.000000e+00
1.000000e+00
1.000000e+00
1.000000e+00
1.000000e+00
1.000000e+00
1.000000e+00
1.000000e+00
1.000000e+00
1.000000e+00
1.000000e+00
1.000000e+00
1.000000e+00
1.000000e+00
1.000000e+00
1.000000e+00
1.000000e+00
1.000000e+00
1.000000e+00
1.000000e+00
1.000000e+00
1.000000e+00
1.000000e+00
9.999999e-01
9.999993e-01
9.999960e-01
9.999781e-01
9.998791e-01
9.993388e-01
9.965353e-01
9.841572e-01
9.411540e-01
8.144775e-01
5.189653e-01
1.808201e-01
3.903628e-02
7.208174e-03
1.287771e-03
2.287363e-04
4.061078e-05
7.214502e-06
1.282730e-06
2.282783e-07
4.066317e-08
7.249924e-09
1.297617e-09
2.571238e-10
1.293649e-10
1.402264e-10
1.420410e-10
1.428439e-10
1.438951e-10
1.451413e-10
1.463904e-10
1.474768e-10
1.482869e-10
1.487729e-10
1.489329e-10
1.487729e-10
1.482869e-10
1.474768e-10
1.463904e-10
1.451413e-10
1.438951e-10
1.428439e-10
1.420410e-10
1.402264e-10
1.293649e-10
2.571238e-10
1.297617e-09
7.249924e-09
4.066317e-08
2.282783e-07
1.282730e-06
7.214502e-06
4.061078e-05
2.287363e-04
1.287771e-03
7.208174e-03
3.903628e-02
1.808201e-01
5.189653e-01
8.144775e-01
9.411540e-01
9.841572e-01
9.965353e-01
9.993388e-01
9.998791e-01
9.999781e-01
9.999960e-01
9.999993e-01
9.999999e-01
1.000000e+00
1.000000e+00
1.000000e+00
1.000000e+00
1.000000e+00
1.000000e+00
1.000000e+00
1.000000e+00
1.000000e+00
1.000000e+00
1.000000e+00
1.000000e+00
1.000000e+00
1.000000e+00
1.000000e+00
1.000000e+00
1.000000e+00
1.000000e+00
1.000000e+00
1.000000e+00
1.000000e+00
1.000000e+00
1.000000e+00
1.000000e+00
1.000000e+00
1.000000e+00
1.000000e+00
1.000000e+00
1.000000e+00
1.000000e+00
1.000000e+00
9.999999e-01
9.999994e-01
9.999969e-01
9.999829e-01
9.999061e-01
9.994880e-01
9.973052e-01
9.874120e-01
9.520167e-01
8.459785e-01
5.835677e-01
2.297740e-01
5.314872e-02
1.005640e-02
1.820795e-03
3.271332e-04
5.876473e-05
1.057066e-05
1.904899e-06
3.439809e-07
6.225778e-08
1.129966e-08
2.063318e-09
3.876782e-10
1.359968e-10
1.378391e-10
1.377667e-10
1.393951e-10
1.416292e-10
1.438951e-10
1.459611e-10
1.476464e-10
1.488170e-10
1.494672e-10
1.496702e-10
1.494672e-10
1.488170e-10
1.476464e-10
1.459611e-10
1.438951e-10
1.416292e-10
1.393951e-10
1.377667e-10
1.378391e-10
1.359968e-10
3.876782e-10
2.063318e-09
1.129966e-08
6.225778e-08
3.439809e-07
1.904899e-06
1.057066e-05
5.876473e-05
3.271332e-04
1.820795e-03
1.005640e-02
5.314872e-02
2.297740e-01
5.835677e-01
8.459785e-01
9.520167e-01
9.874120e-01
9.973052e-01
9.994880e-01
9.999061e-01
9.999829e-01
9.999969e-01
9.999994e-01
9.999999e-01
1.000000e+00
1.000000e+00
1.000000e+00
1.000000e+00
1.000000e+00
1.000000e+00
1.000000e+00
1.000000e+00
1.000000e+00
1.000000e+00
1.000000e+00
1.000000e+00
1.000000e+00
1.000000e+00
1.000000e+00
1.000000e+00
1.000000e+00
1.000000e+00
1.000000e+00
1.000000e+00
1.000000e+00
1.000000e+00
1.000000e+00
1.000000e+00
1.000000e+00
1.000000e+00
1.000000e+00
1.000000e+00
1.000000e+00
1.000000e+00
1.000000e+00
9.999999e-01
9.999996e-01
9.999977e-01
9.999873e-01
9.999304e-01
9.996223e-01
9.980065e-01
9.904824e-01
9.625615e-01
8.771812e-01
6.546020e-01
2.978402e-01
7.612915e-02
1.493731e-02
2.754003e-03
5.021660e-04
9.157234e-05
1.674055e-05
3.070537e-06
5.653938e-07
1.045845e-07
1.945183e-08
3.642021e-09
6.816033e-10
1.686249e-10
1.322289e-10
1.318752e-10
1.354342e-10
1.393951e-10
1.428439e-10
1.459192e-10
1.483574e-10
1.498825e-10
1.506016e-10
1.507966e-10
1.506016e-10
1.498825e-10
1.483574e-10
1.459192e-10
1.428439e-10
1.393951e-10
1.354342e-10
1.318752e-10
1.322289e-10
1.686249e-10
6.816033e-10
3.642021e-09
1.945183e-08
1.045845e-07
5.653938e-07
3.070537e-06
1.674055e-05
9.157234e-05
5.021660e-04
2.754003e-03
1.493731e-02
7.612914e-02
2.978402e-01
6.546020e-01
8.771812e-01
9.625615e-01
9.904824e-01
9.980065e-01
9.996223e-01
9.999304e-01
9.999873e-01
9.999977e-01
9.999996e-01
9.999999e-01
1.000000e+00
1.000000e+00
1.000000e+00
1.000000e+00
1.000000e+00
1.000000e+00
1.000000e+00
1.000000e+00
1.000000e+00
1.000000e+00
1.000000e+00
1.000000e+00
1.000000e+00
1.000000e+00
1.000000e+00
1.000000e+00
1.000000e+00
1.000000e+00
1.000000e+00
1.000000e+00
1.000000e+00
1.000000e+00
1.000000e+00
1.000000e+00
1.000000e+00
1.000000e+00
1.000000e+00
1.000000e+00
1.000000e+00
1.000000e+00
1.000000e+00
9.999999e-01
9.999997e-01
9.999983e-01
9.999909e-01
9.999508e-01
9.997347e-01
9.985994e-01
9.931753e-01
9.721627e-01
9.061782e-01
7.267830e-01
3.873478e-01
1.137750e-01
2.360796e-02
4.462243e-03
8.292646e-04
1.541169e-04
2.876019e-05
5.397034e-06
1.019702e-06
1.942752e-07
3.740833e-08
7.305515e-09
1.455055e-09
3.098391e-10
1.212408e-10
1.213586e-10
1.318752e-10
1.377667e-10
1.420410e-10
1.465208e-10
1.500687e-10
1.517838e-10
1.522287e-10
1.522619e-10
1.522287e-10
1.517838e-10
1.500687e-10
1.465208e-10
1.420410e-10
1.377667e-10
1.318752e-10
1.213586e-10
1.212408e-10
3.098391e-10
1.455055e-09
7.305515e-09
3.740833e-08
1.942752e-07
1.019702e-06
5.397033e-06
2.876019e-05
1.541169e-04
8.292646e-04
4.462243e-03
2.360796e-02
1.137750e-01
3.873478e-01
7.267830e-01
9.061782e-01
9.721627e-01
9.931753e-01
9.985994e-01
9.997347e-01
9.999508e-01
9.999909e-01
9.999983e-01
9.999997e-01
9.999999e-01
1.000000e+00
1.000000e+00
1.000000e+00
1.000000e+00
1.000000e+00
1.000000e+00
1.000000e+00
1.000000e+00
1.000000e+00
1.000000e+00
1.000000e+00
1.000000e+00
1.000000e+00
1.000000e+00
1.000000e+00
1.000000e+00
1.000000e+00
1.000000e+00
1.000000e+00
1.000000e+00
1.000000e+00
1.000000e+00
1.000000e+00
1.000000e+00
1.000000e+00
1.000000e+00
1.000000e+00
1.000000e+00
1.000000e+00
1.000000e+00
1.000000e+00
1.000000e+00
9.999998e-01
9.999989e-01
9.999938e-01
9.999669e-01
9.998227e-01
9.990663e-01
9.953738e-01
9.803746e-01
9.315785e-01
7.944969e-01
4.955519e-01
1.745865e-01
3.957574e-02
7.750895e-03
1.476149e-03
2.809034e-04
5.378474e-05
1.038925e-05
2.029243e-06
4.020168e-07
8.116291e-08
1.683035e-08
3.638355e-09
8.475918e-10
2.339921e-10
1.212408e-10
1.322289e-10
1.378391e-10
1.402264e-10
1.482362e-10
1.539282e-10
1.549763e-10
1.541647e-10
1.536725e-10
1.541647e-10
1.549763e-10
1.539282e-10
1.482362e-10
1.402264e-10
1.378391e-10
1.322289e-10
1.212408e-10
2.339921e-10
8.475918e-10
3.638355e-09
1.683035e-08
8.116291e-08
4.020168e-07
2.029243e-06
1.038925e-05
5.378474e-05
2.809034e-04
1.476149e-03
7.750895e-03
3.957574e-02
1.745865e-01
4.955519e-01
7.944969e-01
9.315785e-01
9.803746e-01
9.953738e-01
9.990663e-01
9.998227e-01
9.999669e-01
9.999938e-01
9.999989e-01
9.999998e-01
1.000000e+00
1.000000e+00
1.000000e+00
1.000000e+00
1.000000e+00
1.000000e+00
1.000000e+00
1.000000e+00
1.000000e+00
1.000000e+00
1.000000e+00
1.000000e+00
1.000000e+00
1.000000e+00
1.000000e+00
1.000000e+00
1.000000e+00
1.000000e+00
1.000000e+00
1.000000e+00
1.000000e+00
1.000000e+00
1.000000e+00
1.000000e+00
1.000000e+00
1.000000e+00
1.000000e+00
1.000000e+00
1.000000e+00
1.000000e+00
1.000000e+00
1.000000e+00
1.000000e+00
9.999999e-01
9.999993e-01
9.999960e-01
9.999787e-01
9.998873e-01
9.994100e-01
9.970431e-01
9.869565e-01
9.525936e-01
8.532653e-01
6.123453e-01
2.680568e-01
6.973972e-02
1.442190e-02
2.835727e-03
5.556024e-04
1.097752e-04
2.197397e-05
4.473711e-06
9.311880e-07
1.997267e-07
4.470294e-08
1.065934e-08
2.799633e-09
8.475918e-10
3.098391e-10
1.686249e-10
1.359968e-10
1.293649e-10
1.543193e-10
1.632714e-10
1.597307e-10
1.555291e-10
1.538927e-10
1.555291e-10
1.597307e-10
1.632714e-10
1.543193e-10
1.293649e-10
1.359968e-10
1.686249e-10
3.098391e-10
8.475918e-10
2.799633e-09
1.065934e-08
4.470294e-08
1.997267e-07
9.311880e-07
4.473711e-06
2.197397e-05
1.097752e-04
5.556024e-04
2.835727e-03
1.442190e-02
6.973972e-02
2.680568e-01
6.123453e-01
8.532653e-01
9.525936e-01
9.869565e-01
9.970431e-01
9.994100e-01
9.998873e-01
9.999787e-01
9.999960e-01
9.999993e-01
9.999999e-01
1.000000e+00
1.000000e+00
1.000000e+00
1.000000e+00
1.000000e+00
1.000000e+00
1.000000e+00
1.000000e+00
1.000000e+00
1.000000e+00
1.000000e+00
1.000000e+00
1.000000e+00
1.000000e+00
1.000000e+00
1.000000e+00
1.000000e+00
1.000000e+00
1.000000e+00
1.000000e+00
1.000000e+00
1.000000e+00
1.000000e+00
1.000000e+00
1.000000e+00
1.000000e+00
1.000000e+00
1.000000e+00
1.000000e+00
1.000000e+00
1.000000e+00
1.000000e+00
1.000000e+00
9.999999e-01
9.999995e-01
9.999975e-01
9.999870e-01
9.999320e-01
9.996467e-01
9.982208e-01
9.918738e-01
9.689965e-01
9.006998e-01
7.231229e-01
3.977339e-01
1.264794e-01
2.861365e-02
5.876619e-03
1.193389e-03
2.447912e-04
5.112391e-05
1.093632e-05
2.414425e-06
5.561420e-07
1.358229e-07
3.598947e-08
1.065934e-08
3.638355e-09
1.455055e-09
6.816033e-10
3.876782e-10
2.571238e-10
2.025384e-10
1.809103e-10
1.641256e-10
1.540017e-10
1.506501e-10
1.540017e-10
1.641256e-10
1.809103e-10
2.025384e-10
2.571238e-10
3.876782e-10
6.816033e-10
1.455055e-09
3.638355e-09
1.065934e-08
3.598947e-08
1.358229e-07
5.561420e-07
2.414425e-06
1.093632e-05
5.112391e-05
2.447912e-04
1.193389e-03
5.876619e-03
2.861365e-02
1.264794e-01
3.977339e-01
7.231229e-01
9.006998e-01
9.689965e-01
9.918738e-01
9.982208e-01
9.996467e-01
9.999320e-01
9.999870e-01
9.999975e-01
9.999995e-01
9.999999e-01
1.000000e+00
1.000000e+00
1.000000e+00
1.000000e+00
1.000000e+00
1.000000e+00
1.000000e+00
1.000000e+00
1.000000e+00
1.000000e+00
1.000000e+00
1.000000e+00
1.000000e+00
1.000000e+00
1.000000e+00
1.000000e+00
1.000000e+00
1.000000e+00
1.000000e+00
1.000000e+00
1.000000e+00
1.000000e+00
1.000000e+00
1.000000e+00
1.000000e+00
1.000000e+00
1.000000e+00
1.000000e+00
1.000000e+00
1.000000e+00
1.000000e+00
1.000000e+00
1.000000e+00
9.999999e-01
9.999997e-01
9.999986e-01
9.999925e-01
9.999610e-01
9.997995e-01
9.989924e-01
9.952753e-01
9.810142e-01
9.365334e-01
8.157919e-01
5.506291e-01
2.269922e-01
5.969587e-02
1.309349e-02
2.779990e-03
5.957415e-04
1.306119e-04
2.955176e-05
6.967154e-06
1.733771e-06
4.632998e-07
1.358229e-07
4.470294e-08
1.683035e-08
7.305515e-09
3.642021e-09
2.063318e-09
1.297617e-09
8.825627e-10
6.702893e-10
5.592296e-10
5.032599e-10
4.860300e-10
5.032599e-10
5.592296e-10
6.702893e-10
8.825627e-10
1.297617e-09
2.063318e-09
3.642021e-09
7.305515e-09
1.683035e-08
4.470294e-08
1.358229e-07
4.632998e-07
1.733771e-06
6.967154e-06
2.955176e-05
1.306119e-04
5.957415e-04
2.779990e-03
1.309349e-02
5.969587e-02
2.269922e-01
5.506291e-01
8.157919e-01
9.365334e-01
9.810142e-01
9.952753e-01
9.989924e-01
9.997995e-01
9.999610e-01
9.999925e-01
9.999986e-01
9.999997e-01
9.999999e-01
1.000000e+00
1.000000e+00
1.000000e+00
1.000000e+00
1.000000e+00
1.000000e+00
1.000000e+00
1.000000e+00
1.000000e+00
1.000000e+00
1.000000e+00
1.000000e+00
1.000000e+00
1.000000e+00
1.000000e+00
1.000000e+00
1.000000e+00
1.000000e+00
1.000000e+00
1.000000e+00
1.000000e+00
1.000000e+00
1.000000e+00
1.000000e+00
1.000000e+00
1.000000e+00
1.000000e+00
1.000000e+00
1.000000e+00
1.000000e+00
1.000000e+00
1.000000e+00
1.000000e+00
1.000000e+00
9.999998e-01
9.999992e-01
9.999958e-01
9.999787e-01
9.998922e-01
9.994626e-01
9.974418e-01
9.892054e-01
9.619554e-01
8.853829e-01
6.981595e-01
3.810256e-01
1.265676e-01
3.103804e-02
6.992901e-03
1.576357e-03
3.646547e-04
8.764269e-05
2.213537e-05
5.954479e-06
1.733771e-06
5.561420e-07
1.997267e-07
8.116291e-08
3.740833e-08
1.945183e-08
1.129966e-08
7.249924e-09
5.089849e-09
3.893369e-09
3.230382e-09
2.893497e-09
2.790005e-09
2.893497e-09
3.230382e-09
3.893369e-09
5.089849e-09
7.249924e-09
1.129966e-08
1.945183e-08
3.740833e-08
8.116291e-08
1.997267e-07
5.561420e-07
1.733771e-06
5.954479e-06
2.213537e-05
8.764269e-05
3.646547e-04
1.576357e-03
6.992901e-03
3.103804e-02
1.265676e-01
3.810256e-01
6.981595e-01
8.853829e-01
9.619554e-01
9.892054e-01
9.974418e-01
9.994626e-01
9.998922e-01
9.999787e-01
9.999958e-01
9.999992e-01
9.999998e-01
1.000000e+00
1.000000e+00
1.000000e+00
1.000000e+00
1.000000e+00
1.000000e+00
1.000000e+00
1.000000e+00
1.000000e+00
1.000000e+00
1.000000e+00
1.000000e+00
1.000000e+00
1.000000e+00
1.000000e+00
1.000000e+00
1.000000e+00
1.000000e+00
1.000000e+00
1.000000e+00
1.000000e+00
1.000000e+00
1.000000e+00
1.000000e+00
1.000000e+00
1.000000e+00
1.000000e+00
1.000000e+00
1.000000e+00
1.000000e+00
1.000000e+00
1.000000e+00
1.000000e+00
1.000000e+00
1.000000e+00
9.999999e-01
9.999996e-01
9.999978e-01
9.999890e-01
9.999451e-01
9.997296e-01
9.987091e-01
9.943402e-01
9.788320e-01
9.332866e-01
8.156293e-01
5.669378e-01
2.557320e-01
7.606789e-02
1.879596e-02
4.503601e-03
1.104037e-03
2.824302e-04
7.639264e-05
2.213537e-05
6.967154e-06
2.414425e-06
9.311880e-07
4.020168e-07
1.942752e-07
1.045845e-07
6.225778e-08
4.066317e-08
2.894251e-08
2.233349e-08
1.861228e-08
1.670459e-08
1.611663e-08
1.670459e-08
1.861228e-08
2.233349e-08
2.894251e-08
4.066317e-08
6.225778e-08
1.045845e-07
1.942752e-07
4.020168e-07
9.311880e-07
2.414425e-06
6.967154e-06
2.213537e-05
7.639265e-05
2.824302e-04
1.104037e-03
4.503601e-03
1.879596e-02
7.606789e-02
2.557320e-01
5.669378e-01
8.156293e-01
9.332866e-01
9.788320e-01
9.943402e-01
9.987091e-01
9.997296e-01
9.999451e-01
9.999890e-01
9.999978e-01
9.999996e-01
9.999999e-01
1.000000e+00
1.000000e+00
1.000000e+00
1.000000e+00
1.000000e+00
1.000000e+00
1.000000e+00
1.000000e+00
1.000000e+00
1.000000e+00
1.000000e+00
1.000000e+00
1.000000e+00
1.000000e+00
1.000000e+00
1.000000e+00
1.000000e+00
1.000000e+00
1.000000e+00
1.000000e+00
1.000000e+00
1.000000e+00
1.000000e+00
1.000000e+00
1.000000e+00
1.000000e+00
1.000000e+00
1.000000e+00
1.000000e+00
1.000000e+00
1.000000e+00
1.000000e+00
1.000000e+00
1.000000e+00
1.000000e+00
1.000000e+00
9.999998e-01
9.999989e-01
9.999946e-01
9.999735e-01
9.998715e-01
9.993910e-01
9.972701e-01
9.891929e-01
9.639273e-01
8.961576e-01
7.358177e-01
4.520929e-01
1.806280e-01
5.255456e-02
1.371864e-02
3.587521e-03
9.775202e-04
2.824302e-04
8.764269e-05
2.955176e-05
1.093632e-05
4.473711e-06
2.029243e-06
1.019702e-06
5.653938e-07
3.439809e-07
2.282783e-07
1.643753e-07
1.278739e-07
1.071282e-07
9.642927e-08
9.312252e-08
9.642927e-08
1.071282e-07
1.278739e-07
1.643753e-07
2.282783e-07
3.439809e-07
5.653938e-07
1.019702e-06
2.029243e-06
4.473711e-06
1.093632e-05
2.955176e-05
8.764269e-05
2.824302e-04
9.775202e-04
3.587521e-03
1.371864e-02
5.255456e-02
1.806280e-01
4.520929e-01
7.358177e-01
8.961576e-01
9.639273e-01
9.891929e-01
9.972701e-01
9.993910e-01
9.998715e-01
9.999735e-01
9.999946e-01
9.999989e-01
9.999998e-01
1.000000e+00
1.000000e+00
1.000000e+00
1.000000e+00
1.000000e+00
1.000000e+00
1.000000e+00
1.000000e+00
1.000000e+00
1.000000e+00
1.000000e+00
1.000000e+00
1.000000e+00
1.000000e+00
1.000000e+00
1.000000e+00
1.000000e+00
1.000000e+00
1.000000e+00
1.000000e+00
1.000000e+00
1.000000e+00
1.000000e+00
1.000000e+00
1.000000e+00
1.000000e+00
1.000000e+00
1.000000e+00
1.000000e+00
1.000000e+00
1.000000e+00
1.000000e+00
1.000000e+00
1.000000e+00
1.000000e+00
1.000000e+00
1.000000e+00
9.999999e-01
9.999995e-01
9.999975e-01
9.999878e-01
9.999422e-01
9.997303e-01
9.987850e-01
9.949788e-01
9.821206e-01
9.458620e-01
8.557135e-01
6.622193e-01
3.732878e-01
1.430807e-01
4.330942e-02
1.232174e-02
3.587521e-03
1.104037e-03
3.646547e-04
1.306119e-04
5.112391e-05
2.197397e-05
1.038925e-05
5.397033e-06
3.070537e-06
1.904899e-06
1.282730e-06
9.336128e-07
7.318738e-07
6.162831e-07
5.563650e-07
5.378001e-07
5.563650e-07
6.162831e-07
7.318738e-07
9.336128e-07
1.282730e-06
1.904899e-06
3.070537e-06
5.397033e-06
1.038925e-05
2.197397e-05
5.112391e-05
1.306119e-04
3.646547e-04
1.104037e-03
3.587521e-03
1.232174e-02
4.330942e-02
1.430807e-01
3.732878e-01
6.622193e-01
8.557135e-01
9.458620e-01
9.821206e-01
9.949788e-01
9.987850e-01
9.997303e-01
9.999422e-01
9.999878e-01
9.999975e-01
9.999995e-01
9.999999e-01
1.000000e+00
1.000000e+00
1.000000e+00
1.000000e+00
1.000000e+00
1.000000e+00
1.000000e+00
1.000000e+00
1.000000e+00
1.000000e+00
1.000000e+00
1.000000e+00
1.000000e+00
1.000000e+00
1.000000e+00
1.000000e+00
1.000000e+00
1.000000e+00
1.000000e+00
1.000000e+00
1.000000e+00
1.000000e+00
1.000000e+00
1.000000e+00
1.000000e+00
1.000000e+00
1.000000e+00
1.000000e+00
1.000000e+00
1.000000e+00
1.000000e+00
1.000000e+00
1.000000e+00
1.000000e+00
1.000000e+00
1.000000e+00
1.000000e+00
1.000000e+00
9.999998e-01
9.999989e-01
9.999947e-01
9.999754e-01
9.998873e-01
9.994974e-01
9.978779e-01
9.919897e-01
9.741361e-01
9.278681e-01
8.206774e-01
6.113339e-01
3.347262e-01
1.318685e-01
4.330942e-02
1.371864e-02
4.503601e-03
1.576357e-03
5.957415e-04
2.447912e-04
1.097752e-04
5.378474e-05
2.876019e-05
1.674055e-05
1.057066e-05
7.214502e-06
5.303913e-06
4.188027e-06
3.543854e-06
3.208351e-06
3.104160e-06
3.208351e-06
3.543854e-06
4.188027e-06
5.303913e-06
7.214502e-06
1.057066e-05
1.674055e-05
2.876019e-05
5.378474e-05
1.097752e-04
2.447912e-04
5.957415e-04
1.576357e-03
4.503601e-03
1.371864e-02
4.330942e-02
1.318685e-01
3.347262e-01
6.113339e-01
8.206774e-01
9.278681e-01
9.741361e-01
9.919897e-01
9.978779e-01
9.994974e-01
9.998873e-01
9.999754e-01
9.999947e-01
9.999989e-01
9.999998e-01
1.000000e+00
1.000000e+00
1.000000e+00
1.000000e+00
1.000000e+00
1.000000e+00
1.000000e+00
1.000000e+00
1.000000e+00
1.000000e+00
1.000000e+00
1.000000e+00
1.000000e+00
1.000000e+00
1.000000e+00
1.000000e+00
1.000000e+00
1.000000e+00
1.000000e+00
1.000000e+00
1.000000e+00
1.000000e+00
1.000000e+00
1.000000e+00
1.000000e+00
1.000000e+00
1.000000e+00
1.000000e+00
1.000000e+00
1.000000e+00
1.000000e+00
1.000000e+00
1.000000e+00
1.000000e+00
1.000000e+00
1.000000e+00
1.000000e+00
1.000000e+00
1.000000e+00
9.999999e-01
9.999995e-01
9.999978e-01
9.999900e-01
9.999554e-01
9.998051e-01
9.991773e-01
9.967762e-01
9.888760e-01
9.670341e-01
9.143841e-01
8.002676e-01
5.933366e-01
3.347262e-01
1.430807e-01
5.255456e-02
1.879596e-02
6.992901e-03
2.779990e-03
1.193389e-03
5.556024e-04
2.809034e-04
1.541169e-04
9.157234e-05
5.876473e-05
4.061078e-05
3.013855e-05
2.396137e-05
2.037045e-05
1.849185e-05
1.790717e-05
1.849185e-05
2.037045e-05
2.396137e-05
3.013855e-05
4.061078e-05
5.876473e-05
9.157234e-05
1.541169e-04
2.809034e-04
5.556024e-04
1.193389e-03
2.779990e-03
6.992901e-03
1.879596e-02
5.255456e-02
1.430807e-01
3.347262e-01
5.933366e-01
8.002676e-01
9.143841e-01
9.670341e-01
9.888760e-01
9.967762e-01
9.991773e-01
9.998051e-01
9.999554e-01
9.999900e-01
9.999978e-01
9.999995e-01
9.999999e-01
1.000000e+00
1.000000e+00
1.000000e+00
1.000000e+00
1.000000e+00
1.000000e+00
1.000000e+00
1.000000e+00
1.000000e+00
1.000000e+00
1.000000e+00
1.000000e+00
1.000000e+00
1.000000e+00
1.000000e+00
1.000000e+00
1.000000e+00
1.000000e+00
1.000000e+00
1.000000e+00
1.000000e+00
1.000000e+00
1.000000e+00
1.000000e+00
1.000000e+00
1.000000e+00
1.000000e+00
1.000000e+00
1.000000e+00
1.000000e+00
1.000000e+00
1.000000e+00
1.000000e+00
1.000000e+00
1.000000e+00
1.000000e+00
1.000000e+00
1.000000e+00
1.000000e+00
1.000000e+00
9.999998e-01
9.999991e-01
9.999962e-01
9.999833e-01
9.999286e-01
9.997035e-01
9.988261e-01
9.957451e-01
9.864850e-01
9.628154e-01
9.093601e-01
8.002676e-01
6.113339e-01
3.732878e-01
1.806280e-01
7.606789e-02
3.103804e-02
1.309349e-02
5.876619e-03
2.835727e-03
1.476149e-03
8.292646e-04
5.021660e-04
3.271332e-04
2.287363e-04
1.712711e-04
1.370580e-04
1.170382e-04
1.065204e-04
1.032400e-04
1.065204e-04
1.170382e-04
1.370580e-04
1.712711e-04
2.287363e-04
3.271332e-04
5.021660e-04
8.292646e-04
1.476149e-03
2.835727e-03
5.876619e-03
1.309349e-02
3.103804e-02
7.606789e-02
1.806280e-01
3.732878e-01
6.113339e-01
8.002676e-01
9.093601e-01
9.628154e-01
9.864850e-01
9.957451e-01
9.988261e-01
9.997035e-01
9.999286e-01
9.999833e-01
9.999962e-01
9.999991e-01
9.999998e-01
1.000000e+00
1.000000e+00
1.000000e+00
1.000000e+00
1.000000e+00
1.000000e+00
1.000000e+00
1.000000e+00
1.000000e+00
1.000000e+00
1.000000e+00
1.000000e+00
1.000000e+00
1.000000e+00
1.000000e+00
1.000000e+00
1.000000e+00
1.000000e+00
1.000000e+00
1.000000e+00
1.000000e+00
1.000000e+00
1.000000e+00
1.000000e+00
1.000000e+00
1.000000e+00
1.000000e+00
1.000000e+00
1.000000e+00
1.000000e+00
1.000000e+00
1.000000e+00
1.000000e+00
1.000000e+00
1.000000e+00
1.000000e+00
1.000000e+00
1.000000e+00
1.000000e+00
1.000000e+00
1.000000e+00
9.999999e-01
9.999997e-01
9.999986e-01
9.999940e-01
9.999751e-01
9.998993e-01
9.996062e-01
9.985455e-01
9.951149e-01
9.855845e-01
9.628154e-01
9.143841e-01
8.206774e-01
6.622193e-01
4.520929e-01
2.557320e-01
1.265676e-01
5.969587e-02
2.861365e-02
1.442190e-02
7.750895e-03
4.462243e-03
2.754003e-03
1.820795e-03
1.287771e-03
9.726496e-04
7.833181e-04
6.718160e-04
6.129920e-04
5.946070e-04
6.129920e-04
6.718160e-04
7.833181e-04
9.726496e-04
1.287771e-03
1.820795e-03
2.754003e-03
4.462243e-03
7.750895e-03
1.442190e-02
2.861365e-02
5.969587e-02
1.265676e-01
2.557320e-01
4.520929e-01
6.622193e-01
8.206774e-01
9.143841e-01
9.628154e-01
9.855845e-01
9.951149e-01
9.985455e-01
9.996062e-01
9.998993e-01
9.999751e-01
9.999940e-01
9.999986e-01
9.999997e-01
9.999999e-01
1.000000e+00
1.000000e+00
1.000000e+00
1.000000e+00
1.000000e+00
1.000000e+00
1.000000e+00
1.000000e+00
1.000000e+00
1.000000e+00
1.000000e+00
1.000000e+00
1.000000e+00
1.000000e+00
1.000000e+00
1.000000e+00
1.000000e+00
1.000000e+00
1.000000e+00
1.000000e+00
1.000000e+00
1.000000e+00
1.000000e+00
1.000000e+00
1.000000e+00
1.000000e+00
1.000000e+00
1.000000e+00
1.000000e+00
1.000000e+00
1.000000e+00
1.000000e+00
1.000000e+00
1.000000e+00
1.000000e+00
1.000000e+00
1.000000e+00
1.000000e+00
1.000000e+00
1.000000e+00
1.000000e+00
1.000000e+00
9.999999e-01
9.999995e-01
9.999979e-01
9.999917e-01
9.999675e-01
9.998760e-01
9.995458e-01
9.984376e-01
9.951149e-01
9.864850e-01
9.670341e-01
9.278681e-01
8.557135e-01
7.358177e-01
5.669378e-01
3.810256e-01
2.269922e-01
1.264794e-01
6.973972e-02
3.957574e-02
2.360796e-02
1.493731e-02
1.005640e-02
7.208174e-03
5.497793e-03
4.458684e-03
3.842068e-03
3.515192e-03
3.412784e-03
3.515192e-03
3.842068e-03
4.458684e-03
5.497793e-03
7.208174e-03
1.005640e-02
1.493731e-02
2.360796e-02
3.957574e-02
6.973972e-02
1.264794e-01
2.269922e-01
3.810256e-01
5.669378e-01
7.358177e-01
8.557135e-01
9.278681e-01
9.670341e-01
9.864850e-01
9.951149e-01
9.984376e-01
9.995458e-01
9.998760e-01
9.999675e-01
9.999917e-01
9.999979e-01
9.999995e-01
9.999999e-01
1.000000e+00
1.000000e+00
1.000000e+00
1.000000e+00
1.000000e+00
1.000000e+00
1.000000e+00
1.000000e+00
1.000000e+00
1.000000e+00
1.000000e+00
1.000000e+00
1.000000e+00
1.000000e+00
1.000000e+00
1.000000e+00
1.000000e+00
1.000000e+00
1.000000e+00
1.000000e+00
1.000000e+00
1.000000e+00
1.000000e+00
1.000000e+00
1.000000e+00
1.000000e+00
1.000000e+00
1.000000e+00
1.000000e+00
1.000000e+00
1.000000e+00
1.000000e+00
1.000000e+00
1.000000e+00
1.000000e+00
1.000000e+00
1.000000e+00
1.000000e+00
1.000000e+00
1.000000e+00
1.000000e+00
1.000000e+00
1.000000e+00
1.000000e+00
9.999998e-01
9.999993e-01
9.999974e-01
9.999899e-01
9.999628e-01
9.998670e-01
9.995458e-01
9.985455e-01
9.957451e-01
9.888760e-01
9.741361e-01
9.458620e-01
8.961576e-01
8.156293e-01
6.981595e-01
5.506291e-01
3.977339e-01
2.680568e-01
1.745865e-01
1.137750e-01
7.612915e-02
5.314872e-02
3.903628e-02
3.027522e-02
2.483435e-02
2.155876e-02
1.980677e-02
1.925552e-02
1.980677e-02
2.155876e-02
2.483435e-02
3.027522e-02
3.903628e-02
5.314872e-02
7.612915e-02
1.137750e-01
1.745865e-01
2.680568e-01
3.977339e-01
5.506291e-01
6.981595e-01
8.156293e-01
8.961576e-01
9.458620e-01
9.741361e-01
9.888760e-01
9.957451e-01
9.985455e-01
9.995458e-01
9.998670e-01
9.999628e-01
9.999899e-01
9.999974e-01
9.999993e-01
9.999998e-01
1.000000e+00
1.000000e+00
1.000000e+00
1.000000e+00
1.000000e+00
1.000000e+00
1.000000e+00
1.000000e+00
1.000000e+00
1.000000e+00
1.000000e+00
1.000000e+00
1.000000e+00
1.000000e+00
1.000000e+00
1.000000e+00
1.000000e+00
1.000000e+00
1.000000e+00
1.000000e+00
1.000000e+00
1.000000e+00
1.000000e+00
1.000000e+00
1.000000e+00
1.000000e+00
1.000000e+00
1.000000e+00
1.000000e+00
1.000000e+00
1.000000e+00
1.000000e+00
1.000000e+00
1.000000e+00
1.000000e+00
1.000000e+00
1.000000e+00
1.000000e+00
1.000000e+00
1.000000e+00
1.000000e+00
1.000000e+00
1.000000e+00
1.000000e+00
1.000000e+00
9.999999e-01
9.999998e-01
9.999992e-01
9.999970e-01
9.999893e-01
9.999628e-01
9.998760e-01
9.996062e-01
9.988261e-01
9.967762e-01
9.919897e-01
9.821206e-01
9.639273e-01
9.332866e-01
8.853829e-01
8.157919e-01
7.231229e-01
6.123453e-01
4.955519e-01
3.873478e-01
2.978402e-01
2.297740e-01
1.808201e-01
1.469342e-01
1.243076e-01
1.100356e-01
1.021869e-01
9.968505e-02
1.021869e-01
1.100356e-01
1.243076e-01
1.469342e-01
1.808201e-01
2.297740e-01
2.978402e-01
3.873478e-01
4.955519e-01
6.123453e-01
7.231229e-01
8.157919e-01
8.853829e-01
9.332866e-01
9.639273e-01
9.821206e-01
9.919897e-01
9.967762e-01
9.988261e-01
9.996062e-01
9.998760e-01
9.999628e-01
9.999893e-01
9.999970e-01
9.999992e-01
9.999998e-01
9.999999e-01
1.000000e+00
1.000000e+00
1.000000e+00
1.000000e+00
1.000000e+00
1.000000e+00
1.000000e+00
1.000000e+00
1.000000e+00
1.000000e+00
1.000000e+00
1.000000e+00
1.000000e+00
1.000000e+00
1.000000e+00
1.000000e+00
1.000000e+00
1.000000e+00
1.000000e+00
1.000000e+00
1.000000e+00
1.000000e+00
1.000000e+00
1.000000e+00
1.000000e+00
1.000000e+00
1.000000e+00
1.000000e+00
1.000000e+00
1.000000e+00
1.000000e+00
1.000000e+00
1.000000e+00
1.000000e+00
1.000000e+00
1.000000e+00
1.000000e+00
1.000000e+00
1.000000e+00
1.000000e+00
1.000000e+00
1.000000e+00
1.000000e+00
1.000000e+00
1.000000e+00
1.000000e+00
9.999999e-01
9.999998e-01
9.999991e-01
9.999970e-01
9.999899e-01
9.999675e-01
9.998993e-01
9.997035e-01
9.991773e-01
9.978779e-01
9.949788e-01
9.891929e-01
9.788320e-01
9.619554e-01
9.365334e-01
9.006998e-01
8.532653e-01
7.944969e-01
7.267830e-01
6.546020e-01
5.835677e-01
5.189653e-01
4.645560e-01
4.222207e-01
3.923894e-01
3.747693e-01
3.689532e-01
3.747693e-01
3.923894e-01
4.222207e-01
4.645560e-01
5.189653e-01
5.835677e-01
6.546020e-01
7.267830e-01
7.944969e-01
8.532653e-01
9.006998e-01
9.365334e-01
9.619554e-01
9.788320e-01
9.891929e-01
9.949788e-01
9.978779e-01
9.991773e-01
9.997035e-01
9.998993e-01
9.999675e-01
9.999899e-01
9.999970e-01
9.999991e-01
9.999998e-01
9.999999e-01
1.000000e+00
1.000000e+00
1.000000e+00
1.000000e+00
1.000000e+00
1.000000e+00
1.000000e+00
1.000000e+00
1.000000e+00
1.000000e+00
1.000000e+00
1.000000e+00
1.000000e+00
1.000000e+00
1.000000e+00
1.000000e+00
1.000000e+00
1.000000e+00
1.000000e+00
1.000000e+00
1.000000e+00
1.000000e+00
1.000000e+00
1.000000e+00
1.000000e+00
1.000000e+00
1.000000e+00
1.000000e+00
1.000000e+00
1.000000e+00
1.000000e+00
1.000000e+00
1.000000e+00
1.000000e+00
1.000000e+00
1.000000e+00
1.000000e+00
1.000000e+00
1.000000e+00
1.000000e+00
1.000000e+00
1.000000e+00
1.000000e+00
1.000000e+00
1.000000e+00
1.000000e+00
1.000000e+00
1.000000e+00
9.999999e-01
9.999998e-01
9.999992e-01
9.999974e-01
9.999917e-01
9.999751e-01
9.999286e-01
9.998051e-01
9.994974e-01
9.987850e-01
9.972701e-01
9.943402e-01
9.892054e-01
9.810142e-01
9.689965e-01
9.525936e-01
9.315785e-01
9.061782e-01
8.771812e-01
8.459785e-01
8.144775e-01
7.848700e-01
7.593201e-01
7.396867e-01
7.273508e-01
7.231464e-01
7.273508e-01
7.396867e-01
7.593201e-01
7.848700e-01
8.144775e-01
8.459785e-01
8.771812e-01
9.061782e-01
9.315785e-01
9.525936e-01
9.689965e-01
9.810142e-01
9.892054e-01
9.943402e-01
9.972701e-01
9.987850e-01
9.994974e-01
9.998051e-01
9.999286e-01
9.999751e-01
9.999917e-01
9.999974e-01
9.999992e-01
9.999998e-01
9.999999e-01
1.000000e+00
1.000000e+00
1.000000e+00
1.000000e+00
1.000000e+00
1.000000e+00
1.000000e+00
1.000000e+00
1.000000e+00
1.000000e+00
1.000000e+00
1.000000e+00
1.000000e+00
1.000000e+00
1.000000e+00
1.000000e+00
1.000000e+00
1.000000e+00
1.000000e+00
1.000000e+00
1.000000e+00
1.000000e+00
1.000000e+00
1.000000e+00
1.000000e+00
1.000000e+00
1.000000e+00
1.000000e+00
1.000000e+00
1.000000e+00
1.000000e+00
1.000000e+00
1.000000e+00
1.000000e+00
1.000000e+00
1.000000e+00
1.000000e+00
1.000000e+00
1.000000e+00
1.000000e+00
1.000000e+00
1.000000e+00
1.000000e+00
1.000000e+00
1.000000e+00
1.000000e+00
1.000000e+00
1.000000e+00
1.000000e+00
1.000000e+00
9.999999e-01
9.999998e-01
9.999993e-01
9.999979e-01
9.999940e-01
9.999833e-01
9.999554e-01
9.998873e-01
9.997303e-01
9.993910e-01
9.987091e-01
9.974418e-01
9.952753e-01
9.918738e-01
9.869565e-01
9.803746e-01
9.721627e-01
9.625615e-01
9.520167e-01
9.411540e-01
9.307265e-01
9.215350e-01
9.143351e-01
9.097445e-01
9.081675e-01
9.097445e-01
9.143351e-01
9.215350e-01
9.307265e-01
9.411540e-01
9.520167e-01
9.625615e-01
9.721627e-01
9.803746e-01
9.869565e-01
9.918738e-01
9.952753e-01
9.974418e-01
9.987091e-01
9.993910e-01
9.997303e-01
9.998873e-01
9.999554e-01
9.999833e-01
9.999940e-01
9.999979e-01
9.999993e-01
9.999998e-01
9.999999e-01
1.000000e+00
1.000000e+00
1.000000e+00
1.000000e+00
1.000000e+00
1.000000e+00
1.000000e+00
1.000000e+00
1.000000e+00
1.000000e+00
1.000000e+00
1.000000e+00
1.000000e+00
1.000000e+00
1.000000e+00
1.000000e+00
1.000000e+00
1.000000e+00
1.000000e+00
1.000000e+00
1.000000e+00
1.000000e+00
1.000000e+00
1.000000e+00
1.000000e+00
1.000000e+00
1.000000e+00
1.000000e+00
1.000000e+00
1.000000e+00
1.000000e+00
1.000000e+00
1.000000e+00
1.000000e+00
1.000000e+00
1.000000e+00
1.000000e+00
1.000000e+00
1.000000e+00
1.000000e+00
1.000000e+00
1.000000e+00
1.000000e+00
1.000000e+00
1.000000e+00
1.000000e+00
1.000000e+00
1.000000e+00
1.000000e+00
1.000000e+00
1.000000e+00
1.000000e+00
9.999999e-01
9.999998e-01
9.999995e-01
9.999986e-01
9.999962e-01
9.999900e-01
9.999754e-01
9.999422e-01
9.998715e-01
9.997296e-01
9.994626e-01
9.989924e-01
9.982208e-01
9.970431e-01
9.953738e-01
9.931753e-01
9.904824e-01
9.874120e-01
9.841572e-01
9.809659e-01
9.781097e-01
9.758487e-01
9.743975e-01
9.738974e-01
9.743975e-01
9.758487e-01
9.781097e-01
9.809659e-01
9.841572e-01
9.874120e-01
9.904824e-01
9.931753e-01
9.953738e-01
9.970431e-01
9.982208e-01
9.989924e-01
9.994626e-01
9.997296e-01
9.998715e-01
9.999422e-01
9.999754e-01
9.999900e-01
9.999962e-01
9.999986e-01
9.999995e-01
9.999998e-01
9.999999e-01
1.000000e+00
1.000000e+00
1.000000e+00
1.000000e+00
1.000000e+00
1.000000e+00
1.000000e+00
1.000000e+00
1.000000e+00
1.000000e+00
1.000000e+00
1.000000e+00
1.000000e+00
1.000000e+00
1.000000e+00
1.000000e+00
1.000000e+00
1.000000e+00
1.000000e+00
1.000000e+00
1.000000e+00
1.000000e+00
1.000000e+00
1.000000e+00
1.000000e+00
1.000000e+00
1.000000e+00
1.000000e+00
1.000000e+00
1.000000e+00
1.000000e+00
1.000000e+00
1.000000e+00
1.000000e+00
1.000000e+00
1.000000e+00
1.000000e+00
1.000000e+00
1.000000e+00
1.000000e+00
1.000000e+00
1.000000e+00
1.000000e+00
1.000000e+00
1.000000e+00
1.000000e+00
1.000000e+00
1.000000e+00
1.000000e+00
1.000000e+00
1.000000e+00
1.000000e+00
1.000000e+00
1.000000e+00
1.000000e+00
9.999999e-01
9.999997e-01
9.999991e-01
9.999978e-01
9.999947e-01
9.999878e-01
9.999735e-01
9.999451e-01
9.998922e-01
9.997995e-01
9.996467e-01
9.994100e-01
9.990663e-01
9.985994e-01
9.980065e-01
9.973052e-01
9.965353e-01
9.957569e-01
9.950424e-01
9.944659e-01
9.940912e-01
9.939612e-01
9.940912e-01
9.944659e-01
9.950424e-01
9.957569e-01
9.965353e-01
9.973052e-01
9.980065e-01
9.985994e-01
9.990663e-01
9.994100e-01
9.996467e-01
9.997995e-01
9.998922e-01
9.999451e-01
9.999735e-01
9.999878e-01
9.999947e-01
9.999978e-01
9.999991e-01
9.999997e-01
9.999999e-01
1.000000e+00
1.000000e+00
1.000000e+00
1.000000e+00
1.000000e+00
1.000000e+00
1.000000e+00
1.000000e+00
1.000000e+00
1.000000e+00
1.000000e+00
1.000000e+00
1.000000e+00
1.000000e+00
1.000000e+00
1.000000e+00
1.000000e+00
1.000000e+00
1.000000e+00
1.000000e+00
1.000000e+00
1.000000e+00
1.000000e+00
1.000000e+00
1.000000e+00
1.000000e+00
1.000000e+00
1.000000e+00
1.000000e+00
1.000000e+00
1.000000e+00
1.000000e+00
1.000000e+00
1.000000e+00
1.000000e+00
1.000000e+00
1.000000e+00
1.000000e+00
1.000000e+00
1.000000e+00
1.000000e+00
1.000000e+00
1.000000e+00
1.000000e+00
1.000000e+00
1.000000e+00
1.000000e+00
1.000000e+00
1.000000e+00
1.000000e+00
1.000000e+00
1.000000e+00
1.000000e+00
1.000000e+00
1.000000e+00
1.000000e+00
1.000000e+00
1.000000e+00
9.999999e-01
9.999998e-01
9.999995e-01
9.999989e-01
9.999975e-01
9.999946e-01
9.999890e-01
9.999787e-01
9.999610e-01
9.999320e-01
9.998873e-01
9.998227e-01
9.997347e-01
9.996223e-01
9.994880e-01
9.993388e-01
9.991861e-01
9.990442e-01
9.989285e-01
9.988527e-01
9.988263e-01
9.988527e-01
9.989285e-01
9.990442e-01
9.991861e-01
9.993388e-01
9.994880e-01
9.996223e-01
9.997347e-01
9.998227e-01
9.998873e-01
9.999320e-01
9.999610e-01
9.999787e-01
9.999890e-01
9.999946e-01
9.999975e-01
9.999989e-01
9.999995e-01
9.999998e-01
9.999999e-01
1.000000e+00
1.000000e+00
1.000000e+00
1.000000e+00
1.000000e+00
1.000000e+00
1.000000e+00
1.000000e+00
1.000000e+00
1.000000e+00
1.000000e+00
1.000000e+00
1.000000e+00
1.000000e+00
1.000000e+00
1.000000e+00
1.000000e+00
1.000000e+00
1.000000e+00
1.000000e+00
1.000000e+00
1.000000e+00
1.000000e+00
1.000000e+00
1.000000e+00
1.000000e+00
1.000000e+00
1.000000e+00
1.000000e+00
1.000000e+00
1.000000e+00
1.000000e+00
1.000000e+00
1.000000e+00
1.000000e+00
1.000000e+00
1.000000e+00
1.000000e+00
1.000000e+00
1.000000e+00
1.000000e+00
1.000000e+00
1.000000e+00
1.000000e+00
1.000000e+00
1.000000e+00
1.000000e+00
1.000000e+00
1.000000e+00
1.000000e+00
1.000000e+00
1.000000e+00
1.000000e+00
1.000000e+00
1.000000e+00
1.000000e+00
1.000000e+00
1.000000e+00
1.000000e+00
1.000000e+00
1.000000e+00
9.999999e-01
9.999998e-01
9.999995e-01
9.999989e-01
9.999978e-01
9.999958e-01
9.999925e-01
9.999870e-01
9.999787e-01
9.999669e-01
9.999508e-01
9.999304e-01
9.999061e-01
9.998791e-01
9.998516e-01
9.998259e-01
9.998050e-01
9.997913e-01
9.997866e-01
9.997913e-01
9.998050e-01
9.998259e-01
9.998516e-01
9.998791e-01
9.999061e-01
9.999304e-01
9.999508e-01
9.999669e-01
9.999787e-01
9.999870e-01
9.999925e-01
9.999958e-01
9.999978e-01
9.999989e-01
9.999995e-01
9.999998e-01
9.999999e-01
1.000000e+00
1.000000e+00
1.000000e+00
1.000000e+00
1.000000e+00
1.000000e+00
1.000000e+00
1.000000e+00
1.000000e+00
1.000000e+00
1.000000e+00
1.000000e+00
1.000000e+00
1.000000e+00
1.000000e+00
1.000000e+00
1.000000e+00
1.000000e+00
1.000000e+00
1.000000e+00
1.000000e+00
1.000000e+00
1.000000e+00
1.000000e+00
1.000000e+00
1.000000e+00
1.000000e+00
1.000000e+00
1.000000e+00
1.000000e+00
1.000000e+00
1.000000e+00
1.000000e+00
1.000000e+00
1.000000e+00
1.000000e+00
1.000000e+00
1.000000e+00
1.000000e+00
1.000000e+00
1.000000e+00
1.000000e+00
1.000000e+00
1.000000e+00
1.000000e+00
1.000000e+00
1.000000e+00
1.000000e+00
1.000000e+00
1.000000e+00
1.000000e+00
1.000000e+00
1.000000e+00
1.000000e+00
1.000000e+00
1.000000e+00
1.000000e+00
1.000000e+00
1.000000e+00
1.000000e+00
1.000000e+00
1.000000e+00
1.000000e+00
1.000000e+00
1.000000e+00
9.999999e-01
9.999998e-01
9.999996e-01
9.999992e-01
9.999986e-01
9.999975e-01
9.999960e-01
9.999938e-01
9.999909e-01
9.999873e-01
9.999829e-01
9.999781e-01
9.999732e-01
9.999687e-01
9.999650e-01
9.999626e-01
9.999618e-01
9.999626e-01
9.999650e-01
9.999687e-01
9.999732e-01
9.999781e-01
9.999829e-01
9.999873e-01
9.999909e-01
9.999938e-01
9.999960e-01
9.999975e-01
9.999986e-01
9.999992e-01
9.999996e-01
9.999998e-01
9.999999e-01
1.000000e+00
1.000000e+00
1.000000e+00
1.000000e+00
1.000000e+00
1.000000e+00
1.000000e+00
1.000000e+00
1.000000e+00
1.000000e+00
1.000000e+00
1.000000e+00
1.000000e+00
1.000000e+00
1.000000e+00
1.000000e+00
1.000000e+00
1.000000e+00
1.000000e+00
1.000000e+00
1.000000e+00
1.000000e+00
1.000000e+00
1.000000e+00
1.000000e+00
1.000000e+00
1.000000e+00
1.000000e+00
1.000000e+00
1.000000e+00
1.000000e+00
1.000000e+00
1.000000e+00
1.000000e+00
1.000000e+00
1.000000e+00
1.000000e+00
1.000000e+00
1.000000e+00
1.000000e+00
1.000000e+00
1.000000e+00
1.000000e+00
1.000000e+00
1.000000e+00
1.000000e+00
1.000000e+00
1.000000e+00
1.000000e+00
1.000000e+00
1.000000e+00
1.000000e+00
1.000000e+00
1.000000e+00
1.000000e+00
1.000000e+00
1.000000e+00
1.000000e+00
1.000000e+00
1.000000e+00
1.000000e+00
1.000000e+00
1.000000e+00
1.000000e+00
1.000000e+00
1.000000e+00
1.000000e+00
1.000000e+00
1.000000e+00
9.999999e-01
9.999998e-01
9.999997e-01
9.999995e-01
9.999993e-01
9.999989e-01
9.999983e-01
9.999977e-01
9.999969e-01
9.999960e-01
9.999952e-01
9.999944e-01
9.999937e-01
9.999933e-01
9.999932e-01
9.999933e-01
9.999937e-01
9.999944e-01
9.999952e-01
9.999960e-01
9.999969e-01
9.999977e-01
9.999983e-01
9.999989e-01
9.999993e-01
9.999995e-01
9.999997e-01
9.999998e-01
9.999999e-01
1.000000e+00
1.000000e+00
1.000000e+00
1.000000e+00
1.000000e+00
1.000000e+00
1.000000e+00
1.000000e+00
1.000000e+00
1.000000e+00
1.000000e+00
1.000000e+00
1.000000e+00
1.000000e+00
1.000000e+00
1.000000e+00
1.000000e+00
1.000000e+00
1.000000e+00
1.000000e+00
1.000000e+00
1.000000e+00
1.000000e+00
1.000000e+00
1.000000e+00
1.000000e+00
1.000000e+00
1.000000e+00
1.000000e+00
1.000000e+00
1.000000e+00
1.000000e+00
1.000000e+00
1.000000e+00
1.000000e+00
1.000000e+00
1.000000e+00
1.000000e+00
1.000000e+00
1.000000e+00
1.000000e+00
1.000000e+00
1.000000e+00
1.000000e+00
1.000000e+00
1.000000e+00
1.000000e+00
1.000000e+00
1.000000e+00
1.000000e+00
1.000000e+00
1.000000e+00
1.000000e+00
1.000000e+00
1.000000e+00
1.000000e+00
1.000000e+00
1.000000e+00
1.000000e+00
1.000000e+00
1.000000e+00
1.000000e+00
1.000000e+00
1.000000e+00
1.000000e+00
1.000000e+00
1.000000e+00
1.000000e+00
1.000000e+00
1.000000e+00
1.000000e+00
1.000000e+00
1.000000e+00
9.999999e-01
9.999999e-01
9.999999e-01
9.999998e-01
9.999997e-01
9.999996e-01
9.999994e-01
9.999993e-01
9.999991e-01
9.999990e-01
9.999989e-01
9.999988e-01
9.999988e-01
9.999988e-01
9.999989e-01
9.999990e-01
9.999991e-01
9.999993e-01
9.999994e-01
9.999996e-01
9.999997e-01
9.999998e-01
9.999999e-01
9.999999e-01
9.999999e-01
1.000000e+00
1.000000e+00
1.000000e+00
1.000000e+00
1.000000e+00
1.000000e+00
1.000000e+00
1.000000e+00
1.000000e+00
1.000000e+00
1.000000e+00
1.000000e+00
1.000000e+00
1.000000e+00
1.000000e+00
1.000000e+00
1.000000e+00
1.000000e+00
1.000000e+00
1.000000e+00
1.000000e+00
1.000000e+00
1.000000e+00
1.000000e+00
1.000000e+00
1.000000e+00
1.000000e+00
1.000000e+00
1.000000e+00
1.000000e+00
1.000000e+00
1.000000e+00
1.000000e+00
1.000000e+00
1.000000e+00
1.000000e+00
1.000000e+00
1.000000e+00
1.000000e+00
1.000000e+00
1.000000e+00
1.000000e+00
1.000000e+00
1.000000e+00
1.000000e+00
1.000000e+00
1.000000e+00
1.000000e+00
1.000000e+00
1.000000e+00
1.000000e+00
1.000000e+00
1.000000e+00
1.000000e+00
1.000000e+00
1.000000e+00
1.000000e+00
1.000000e+00
1.000000e+00
1.000000e+00
1.000000e+00
1.000000e+00
1.000000e+00
1.000000e+00
1.000000e+00
1.000000e+00
1.000000e+00
1.000000e+00
1.000000e+00
1.000000e+00
1.000000e+00
1.000000e+00
1.000000e+00
1.000000e+00
1.000000e+00
1.000000e+00
1.000000e+00
1.000000e+00
1.000000e+00
9.999999e-01
9.999999e-01
9.999999e-01
9.999999e-01
9.999998e-01
9.999998e-01
9.999998e-01
9.999998e-01
9.999998e-01
9.999998e-01
9.999998e-01
9.999998e-01
9.999998e-01
9.999999e-01
9.999999e-01
9.999999e-01
9.999999e-01
1.000000e+00
1.000000e+00
1.000000e+00
1.000000e+00
1.000000e+00
1.000000e+00
1.000000e+00
1.000000e+00
1.000000e+00
1.000000e+00
1.000000e+00
1.000000e+00
1.000000e+00
1.000000e+00
1.000000e+00
1.000000e+00
1.000000e+00
1.000000e+00
1.000000e+00
1.000000e+00
1.000000e+00
1.000000e+00
1.000000e+00
1.000000e+00
1.000000e+00
1.000000e+00
1.000000e+00
1.000000e+00
1.000000e+00
1.000000e+00
1.000000e+00
1.000000e+00
1.000000e+00
1.000000e+00
1.000000e+00
1.000000e+00
1.000000e+00
1.000000e+00
1.000000e+00
1.000000e+00
1.000000e+00
1.000000e+00
1.000000e+00
1.000000e+00
1.000000e+00
1.000000e+00
1.000000e+00
1.000000e+00
1.000000e+00
1.000000e+00
1.000000e+00
1.000000e+00
1.000000e+00
1.000000e+00
1.000000e+00
1.000000e+00
1.000000e+00
1.000000e+00
1.000000e+00
1.000000e+00
1.000000e+00
1.000000e+00
1.000000e+00
1.000000e+00
1.000000e+00
1.000000e+00
1.000000e+00
1.000000e+00
1.000000e+00
1.000000e+00
1.000000e+00
1.000000e+00
1.000000e+00
1.000000e+00
1.000000e+00
1.000000e+00
1.000000e+00
1.000000e+00
1.000000e+00
1.000000e+00
1.000000e+00
1.000000e+00
1.000000e+00
1.000000e+00
1.000000e+00
1.000000e+00
1.000000e+00
1.000000e+00
1.000000e+00
1.000000e+00
1.000000e+00
1.000000e+00
1.000000e+00
1.000000e+00
1.000000e+00
1.000000e+00
1.000000e+00
1.000000e+00
1.000000e+00
1.000000e+00
1.000000e+00
1.000000e+00
1.000000e+00
1.000000e+00
1.000000e+00
1.000000e+00
1.000000e+00
1.000000e+00
1.000000e+00
1.000000e+00
1.000000e+00
1.000000e+00
1.000000e+00
1.000000e+00
1.000000e+00
1.000000e+00
1.000000e+00
1.000000e+00
1.000000e+00
1.000000e+00
1.000000e+00
1.000000e+00
1.000000e+00
1.000000e+00
1.000000e+00
1.000000e+00
1.000000e+00
1.000000e+00
1.000000e+00
1.000000e+00
1.000000e+00
1.000000e+00
1.000000e+00
1.000000e+00
1.000000e+00
1.000000e+00
1.000000e+00
1.000000e+00
1.000000e+00
1.000000e+00
1.000000e+00
1.000000e+00
1.000000e+00
1.000000e+00
1.000000e+00
1.000000e+00
1.000000e+00
1.000000e+00
1.000000e+00
1.000000e+00
1.000000e+00
1.000000e+00
1.000000e+00
1.000000e+00
1.000000e+00
1.000000e+00
1.000000e+00
1.000000e+00
1.000000e+00
1.000000e+00
1.000000e+00
1.000000e+00
1.000000e+00
1.000000e+00
1.000000e+00
1.000000e+00
1.000000e+00
1.000000e+00
1.000000e+00
1.000000e+00
1.000000e+00
1.000000e+00
1.000000e+00
1.000000e+00
1.000000e+00
1.000000e+00
1.000000e+00
1.000000e+00
1.000000e+00
1.000000e+00
1.000000e+00
1.000000e+00
1.000000e+00
1.000000e+00
1.000000e+00
1.000000e+00
1.000000e+00
1.000000e+00
1.000000e+00
1.000000e+00
1.000000e+00
1.000000e+00
1.000000e+00
1.000000e+00
1.000000e+00
1.000000e+00
1.000000e+00
1.000000e+00
1.000000e+00
1.000000e+00
1.000000e+00
1.000000e+00
1.000000e+00
1.000000e+00
1.000000e+00
1.000000e+00
1.000000e+00
1.000000e+00
1.000000e+00
1.000000e+00
1.000000e+00
1.000000e+00
1.000000e+00
1.000000e+00
1.000000e+00
1.000000e+00
1.000000e+00
1.000000e+00
1.000000e+00
1.000000e+00
1.000000e+00
1.000000e+00
1.000000e+00
1.000000e+00
1.000000e+00
1.000000e+00
1.000000e+00
1.000000e+00
1.000000e+00
1.000000e+00
1.000000e+00
1.000000e+00
1.000000e+00
1.000000e+00
1.000000e+00
1.000000e+00
1.000000e+00
1.000000e+00
1.000000e+00
1.000000e+00
1.000000e+00
1.000000e+00
1.000000e+00
1.000000e+00
1.000000e+00
1.000000e+00
1.000000e+00
1.000000e+00
1.000000e+00
1.000000e+00
1.000000e+00
1.000000e+00
1.000000e+00
1.000000e+00
1.000000e+00
1.000000e+00
1.000000e+00
1.000000e+00
1.000000e+00
1.000000e+00
1.000000e+00
1.000000e+00
1.000000e+00
1.000000e+00
1.000000e+00
1.000000e+00
1.000000e+00
1.000000e+00
1.000000e+00
1.000000e+00
1.000000e+00
1.000000e+00
1.000000e+00
1.000000e+00
1.000000e+00
1.000000e+00
1.000000e+00
1.000000e+00
1.000000e+00
1.000000e+00
1.000000e+00
1.000000e+00
1.000000e+00
1.000000e+00
1.000000e+00
1.000000e+00
1.000000e+00
1.000000e+00
1.000000e+00
1.000000e+00
1.000000e+00
1.000000e+00
1.000000e+00
1.000000e+00
1.000000e+00
1.000000e+00
1.000000e+00
1.000000e+00
1.000000e+00
1.000000e+00
1.000000e+00
1.000000e+00
1.000000e+00
1.000000e+00
1.000000e+00
1.000000e+00
1.000000e+00
1.000000e+00
1.000000e+00
1.000000e+00
1.000000e+00
1.000000e+00
1.000000e+00
1.000000e+00
1.000000e+00
1.000000e+00
1.000000e+00
1.000000e+00
1.000000e+00
1.000000e+00
1.000000e+00
1.000000e+00
1.000000e+00
1.000000e+00
1.000000e+00
1.000000e+00
1.000000e+00
1.000000e+00
1.000000e+00
1.000000e+00
1.000000e+00
1.000000e+00
1.000000e+00
1.000000e+00
1.000000e+00
1.000000e+00
1.000000e+00
1.000000e+00
1.000000e+00
1.000000e+00
1.000000e+00
1.000000e+00
1.000000e+00
1.000000e+00
1.000000e+00
1.000000e+00
1.000000e+00
1.000000e+00
1.000000e+00
1.000000e+00
1.000000e+00
1.000000e+00
1.000000e+00
1.000000e+00
1.000000e+00
1.000000e+00
1.000000e+00
1.000000e+00
1.000000e+00
1.000000e+00
1.000000e+00
1.000000e+00
1.000000e+00
1.000000e+00
1.000000e+00
1.000000e+00
1.000000e+00
1.000000e+00
1.000000e+00
1.000000e+00
1.000000e+00
1.000000e+00
1.000000e+00
1.000000e+00
1.000000e+00
1.000000e+00
1.000000e+00
1.000000e+00
1.000000e+00
1.000000e+00
1.000000e+00
1.000000e+00
1.000000e+00
1.000000e+00
1.000000e+00
1.000000e+00
1.000000e+00
1.000000e+00
1.000000e+00
1.000000e+00
1.000000e+00
1.000000e+00
1.000000e+00
1.000000e+00
1.000000e+00
1.000000e+00
1.000000e+00
1.000000e+00
1.000000e+00
1.000000e+00
1.000000e+00
1.000000e+00
1.000000e+00
1.000000e+00
1.000000e+00
1.000000e+00
1.000000e+00
1.000000e+00
1.000000e+00
1.000000e+00
1.000000e+00
1.000000e+00
1.000000e+00
1.000000e+00
1.000000e+00
1.000000e+00
1.000000e+00
1.000000e+00
1.000000e+00
1.000000e+00
1.000000e+00
1.000000e+00
1.000000e+00
1.000000e+00
1.000000e+00
1.000000e+00
1.000000e+00
1.000000e+00
1.000000e+00
1.000000e+00
1.000000e+00
1.000000e+00
1.000000e+00
1.000000e+00
1.000000e+00
1.000000e+00
1.000000e+00
1.000000e+00
1.000000e+00
1.000000e+00
1.000000e+00
1.000000e+00
1.000000e+00
1.000000e+00
1.000000e+00
1.000000e+00
1.000000e+00
1.000000e+00
1.000000e+00
1.000000e+00
1.000000e+00
1.000000e+00
1.000000e+00
1.000000e+00
1.000000e+00
1.000000e+00
1.000000e+00
1.000000e+00
1.000000e+00
1.000000e+00
1.000000e+00
1.000000e+00
1.000000e+00
1.000000e+00
1.000000e+00
1.000000e+00
1.000000e+00
1.000000e+00
1.000000e+00
1.000000e+00
1.000000e+00
1.000000e+00
1.000000e+00
1.000000e+00
1.000000e+00
1.000000e+00
1.000000e+00
1.000000e+00
1.000000e+00
1.000000e+00
1.000000e+00
1.000000e+00
1.000000e+00
1.000000e+00
1.000000e+00
1.000000e+00
1.000000e+00
1.000000e+00
1.000000e+00
1.000000e+00
1.000000e+00
1.000000e+00
1.000000e+00
1.000000e+00
1.000000e+00
1.000000e+00
1.000000e+00
1.000000e+00
1.000000e+00
1.000000e+00
1.000000e+00
1.000000e+00
1.000000e+00
1.000000e+00
1.000000e+00
1.000000e+00
1.000000e+00
1.000000e+00
1.000000e+00
1.000000e+00
1.000000e+00
1.000000e+00
1.000000e+00
1.000000e+00
1.000000e+00
1.000000e+00
1.000000e+00
1.000000e+00
1.000000e+00
1.000000e+00
1.000000e+00
1.000000e+00
1.000000e+00
1.000000e+00
1.000000e+00
1.000000e+00
1.000000e+00
1.000000e+00
1.000000e+00
1.000000e+00
1.000000e+00
1.000000e+00
1.000000e+00
1.000000e+00
1.000000e+00
1.000000e+00
1.000000e+00
1.000000e+00
1.000000e+00
1.000000e+00
1.000000e+00
1.000000e+00
1.000000e+00
1.000000e+00
1.000000e+00
1.000000e+00
1.000000e+00
1.000000e+00
1.000000e+00
1.000000e+00
1.000000e+00
1.000000e+00
1.000000e+00
1.000000e+00
1.000000e+00
1.000000e+00
1.000000e+00
1.000000e+00
1.000000e+00
1.000000e+00
1.000000e+00
1.000000e+00
1.000000e+00
1.000000e+00
1.000000e+00
1.000000e+00
1.000000e+00
1.000000e+00
1.000000e+00
1.000000e+00
1.000000e+00
1.000000e+00
1.000000e+00
1.000000e+00
1.000000e+00
1.000000e+00
1.000000e+00
1.000000e+00
1.000000e+00
1.000000e+00
1.000000e+00
1.000000e+00
1.000000e+00
1.000000e+00
1.000000e+00
1.000000e+00
1.000000e+00
1.000000e+00
1.000000e+00
1.000000e+00
1.000000e+00
1.000000e+00
1.000000e+00
1.000000e+00
1.000000e+00
1.000000e+00
1.000000e+00
1.000000e+00
1.000000e+00
1.000000e+00
1.000000e+00
1.000000e+00
1.000000e+00
1.000000e+00
1.000000e+00
1.000000e+00
1.000000e+00
1.000000e+00
1.000000e+00
1.000000e+00
1.000000e+00
1.000000e+00
1.000000e+00
1.000000e+00
1.000000e+00
1.000000e+00
1.000000e+00
1.000000e+00
1.000000e+00
1.000000e+00
1.000000e+00
1.000000e+00
1.000000e+00
1.000000e+00
1.000000e+00
1.000000e+00
1.000000e+00
1.000000e+00
1.000000e+00
1.000000e+00
1.000000e+00
1.000000e+00
1.000000e+00
1.000000e+00
1.000000e+00
1.000000e+00
1.000000e+00
1.000000e+00
1.000000e+00
1.000000e+00
1.000000e+00
1.000000e+00
1.000000e+00
1.000000e+00
1.000000e+00
1.000000e+00
1.000000e+00
1.000000e+00
1.000000e+00
1.000000e+00
1.000000e+00
1.000000e+00
1.000000e+00
1.000000e+00
1.000000e+00
1.000000e+00
1.000000e+00
1.000000e+00
1.000000e+00
1.000000e+00
1.000000e+00
1.000000e+00
1.000000e+00
1.000000e+00
1.000000e+00
1.000000e+00
1.000000e+00
1.000000e+00
1.000000e+00
1.000000e+00
1.000000e+00
1.000000e+00
1.000000e+00
1.000000e+00
1.000000e+00
1.000000e+00
1.000000e+00
1.000000e+00
1.000000e+00
1.000000e+00
1.000000e+00
1.000000e+00
1.000000e+00
1.000000e+00
1.000000e+00
1.000000e+00
1.000000e+00
1.000000e+00
1.000000e+00
1.000000e+00
1.000000e+00
1.000000e+00
1.000000e+00
1.000000e+00
1.000000e+00
1.000000e+00
1.000000e+00
1.000000e+00
1.000000e+00
1.000000e+00
1.000000e+00
1.000000e+00
1.000000e+00
1.000000e+00
1.000000e+00
1.000000e+00
1.000000e+00
1.000000e+00
1.000000e+00
1.000000e+00
1.000000e+00
1.000000e+00
1.000000e+00
1.000000e+00
1.000000e+00
1.000000e+00
1.000000e+00
1.000000e+00
1.000000e+00
1.000000e+00
1.000000e+00
1.000000e+00
1.000000e+00
1.000000e+00
1.000000e+00
1.000000e+00
1.000000e+00
1.000000e+00
1.000000e+00
1.000000e+00
1.000000e+00
1.000000e+00
1.000000e+00
1.000000e+00
1.000000e+00
1.000000e+00
1.000000e+00
1.000000e+00
1.000000e+00
1.000000e+00
1.000000e+00
1.000000e+00
1.000000e+00
1.000000e+00
1.000000e+00
1.000000e+00
1.000000e+00
1.000000e+00
1.000000e+00
1.000000e+00
1.000000e+00
1.000000e+00
1.000000e+00
1.000000e+00
1.000000e+00
1.000000e+00
1.000000e+00
1.000000e+00
1.000000e+00
1.000000e+00
1.000000e+00
1.000000e+00
1.000000e+00
1.000000e+00
1.000000e+00
1.000000e+00
1.000000e+00
1.000000e+00
1.000000e+00
1.000000e+00
1.000000e+00
1.000000e+00
1.000000e+00
1.000000e+00
1.000000e+00
1.000000e+00
1.000000e+00
1.000000e+00
1.000000e+00
1.000000e+00
1.000000e+00
1.000000e+00
1.000000e+00
1.000000e+00
1.000000e+00
1.000000e+00
1.000000e+00
1.000000e+00
1.000000e+00
1.000000e+00
1.000000e+00
1.000000e+00
1.000000e+00
1.000000e+00
1.000000e+00
1.000000e+00
1.000000e+00
1.000000e+00
1.000000e+00
1.000000e+00
1.000000e+00
1.000000e+00
1.000000e+00
1.000000e+00
1.000000e+00
1.000000e+00
1.000000e+00
1.000000e+00
1.000000e+00
1.000000e+00
1.000000e+00
1.000000e+00
1.000000e+00
1.000000e+00
1.000000e+00
1.000000e+00
1.000000e+00
1.000000e+00
1.000000e+00
1.000000e+00
1.000000e+00
1.000000e+00
1.000000e+00
1.000000e+00
1.000000e+00
1.000000e+00
1.000000e+00
1.000000e+00
1.000000e+00
1.000000e+00
1.000000e+00
1.000000e+00
1.000000e+00
1.000000e+00
1.000000e+00
1.000000e+00
1.000000e+00
1.000000e+00
1.000000e+00
1.000000e+00
1.000000e+00
1.000000e+00
1.000000e+00
1.000000e+00
1.000000e+00
1.000000e+00
1.000000e+00
1.000000e+00
1.000000e+00
1.000000e+00
1.000000e+00
1.000000e+00
1.000000e+00
1.000000e+00
1.000000e+00
1.000000e+00
1.000000e+00
1.000000e+00
1.000000e+00
1.000000e+00
1.000000e+00
1.000000e+00
1.000000e+00
1.000000e+00
1.000000e+00
1.000000e+00
1.000000e+00
1.000000e+00
1.000000e+00
1.000000e+00
1.000000e+00
1.000000e+00
1.000000e+00
1.000000e+00
1.000000e+00
1.000000e+00
1.000000e+00
1.000000e+00
1.000000e+00
1.000000e+00
1.000000e+00
1.000000e+00
1.000000e+00
1.000000e+00
1.000000e+00
1.000000e+00
1.000000e+00
1.000000e+00
1.000000e+00
1.000000e+00
1.000000e+00
1.000000e+00
1.000000e+00
1.000000e+00
1.000000e+00
1.000000e+00
1.000000e+00
1.000000e+00
1.000000e+00
1.000000e+00
1.000000e+00
1.000000e+00
1.000000e+00
1.000000e+00
1.000000e+00
1.000000e+00
1.000000e+00
1.000000e+00
1.000000e+00
1.000000e+00
1.000000e+00
1.000000e+00
1.000000e+00
1.000000e+00
1.000000e+00
1.000000e+00
1.000000e+00
1.000000e+00
1.000000e+00
1.000000e+00
1.000000e+00
1.000000e+00
1.000000e+00
1.000000e+00
1.000000e+00
1.000000e+00
1.000000e+00
1.000000e+00
1.000000e+00
1.000000e+00
1.000000e+00
1.000000e+00
1.000000e+00
1.000000e+00
1.000000e+00
1.000000e+00
1.000000e+00
1.000000e+00
1.000000e+00
1.000000e+00
1.000000e+00
1.000000e+00
1.000000e+00
1.000000e+00
1.000000e+00
1.000000e+00
1.000000e+00
1.000000e+00
1.000000e+00
1.000000e+00
1.000000e+00
1.000000e+00
1.000000e+00
1.000000e+00
1.000000e+00
1.000000e+00
1.000000e+00
1.000000e+00
1.000000e+00
1.000000e+00
1.000000e+00
1.000000e+00
1.000000e+00
1.000000e+00
1.000000e+00
1.000000e+00
1.000000e+00
1.000000e+00
1.000000e+00
1.000000e+00
1.000000e+00
1.000000e+00
1.000000e+00
1.000000e+00
1.000000e+00
1.000000e+00
1.000000e+00
1.000000e+00
1.000000e+00
1.000000e+00
1.000000e+00
1.000000e+00
1.000000e+00
1.000000e+00
1.000000e+00
1.000000e+00
1.000000e+00
1.000000e+00
1.000000e+00
1.000000e+00
1.000000e+00
1.000000e+00
1.000000e+00
1.000000e+00
1.000000e+00
1.000000e+00
1.000000e+00
1.000000e+00
1.000000e+00
1.000000e+00
1.000000e+00
1.000000e+00
1.000000e+00
1.000000e+00
1.000000e+00
1.000000e+00
1.000000e+00
1.000000e+00
1.000000e+00
1.000000e+00
1.000000e+00
1.000000e+00
1.000000e+00
1.000000e+00
1.000000e+00
1.000000e+00
1.000000e+00
1.000000e+00
1.000000e+00
1.000000e+00
1.000000e+00
1.000000e+00
1.000000e+00
1.000000e+00
1.000000e+00
1.000000e+00
1.000000e+00
1.000000e+00
1.000000e+00
1.000000e+00
1.000000e+00
1.000000e+00
1.000000e+00
1.000000e+00
1.000000e+00
1.000000e+00
1.000000e+00
1.000000e+00
1.000000e+00
1.000000e+00
1.000000e+00
1.000000e+00
1.000000e+00
1.000000e+00
1.000000e+00
1.000000e+00
1.000000e+00
1.000000e+00
1.000000e+00
1.000000e+00
1.000000e+00
1.000000e+00
1.000000e+00
1.000000e+00
1.000000e+00
1.000000e+00
1.000000e+00
1.000000e+00
1.000000e+00
1.000000e+00
1.000000e+00
1.000000e+00
1.000000e+00
1.000000e+00
1.000000e+00
1.000000e+00
1.000000e+00
1.000000e+00
1.000000e+00
1.000000e+00
1.000000e+00
1.000000e+00
1.000000e+00
1.000000e+00
1.000000e+00
1.000000e+00
1.000000e+00
1.000000e+00
1.000000e+00
1.000000e+00
1.000000e+00
1.000000e+00
1.000000e+00
1.000000e+00
1.000000e+00
1.000000e+00
1.000000e+00
1.000000e+00
1.000000e+00
1.000000e+00
1.000000e+00
1.000000e+00
1.000000e+00
1.000000e+00
1.000000e+00
1.000000e+00
1.000000e+00
1.000000e+00
1.000000e+00
1.000000e+00
1.000000e+00
1.000000e+00
1.000000e+00
1.000000e+00
1.000000e+00
1.000000e+00
1.000000e+00
1.000000e+00
1.000000e+00
1.000000e+00
1.000000e+00
1.000000e+00
1.000000e+00
1.000000e+00
1.000000e+00
1.000000e+00
1.000000e+00
1.000000e+00
1.000000e+00
1.000000e+00
1.000000e+00
1.000000e+00
1.000000e+00
1.000000e+00
1.000000e+00
1.000000e+00
1.000000e+00
1.000000e+00
1.000000e+00
1.000000e+00
1.000000e+00
1.000000e+00
1.000000e+00
1.000000e+00
1.000000e+00
1.000000e+00
1.000000e+00
1.000000e+00
1.000000e+00
1.000000e+00
1.000000e+00
1.000000e+00
1.000000e+00
1.000000e+00
1.000000e+00
1.000000e+00
1.000000e+00
1.000000e+00
1.000000e+00
1.000000e+00
1.000000e+00
1.000000e+00
1.000000e+00
1.000000e+00
1.000000e+00
1.000000e+00
1.000000e+00
1.000000e+00
1.000000e+00
1.000000e+00
1.000000e+00
1.000000e+00
1.000000e+00
1.000000e+00
1.000000e+00
1.000000e+00
1.000000e+00
1.000000e+00
1.000000e+00
1.000000e+00
1.000000e+00
1.000000e+00
1.000000e+00
1.000000e+00
1.000000e+00
1.000000e+00
1.000000e+00
1.000000e+00
1.000000e+00
1.000000e+00
1.000000e+00
1.000000e+00
1.000000e+00
1.000000e+00
1.000000e+00
1.000000e+00
1.000000e+00
1.000000e+00
1.000000e+00
1.000000e+00
1.000000e+00
1.000000e+00
1.000000e+00
1.000000e+00
1.000000e+00
1.000000e+00
1.000000e+00
1.000000e+00
1.000000e+00
1.000000e+00
1.000000e+00
1.000000e+00
1.000000e+00
1.000000e+00
1.000000e+00
1.000000e+00
1.000000e+00
1.000000e+00
1.000000e+00
1.000000e+00
1.000000e+00
1.000000e+00
1.000000e+00
1.000000e+00
1.000000e+00
1.000000e+00
1.000000e+00
1.000000e+00
1.000000e+00
1.000000e+00
1.000000e+00
1.000000e+00
1.000000e+00
1.000000e+00
1.000000e+00
1.000000e+00
1.000000e+00
1.000000e+00
1.000000e+00
1.000000e+00
1.000000e+00
1.000000e+00
1.000000e+00
1.000000e+00
1.000000e+00
1.000000e+00
1.000000e+00
1.000000e+00
1.000000e+00
1.000000e+00
1.000000e+00
1.000000e+00
1.000000e+00
1.000000e+00
1.000000e+00
1.000000e+00
1.000000e+00
1.000000e+00
1.000000e+00
1.000000e+00
1.000000e+00
1.000000e+00
1.000000e+00
1.000000e+00
1.000000e+00
1.000000e+00
1.000000e+00
1.000000e+00
1.000000e+00
1.000000e+00
1.000000e+00
1.000000e+00
1.000000e+00
1.000000e+00
1.000000e+00
1.000000e+00
1.000000e+00
1.000000e+00
1.000000e+00
1.000000e+00
1.000000e+00
1.000000e+00
1.000000e+00
1.000000e+00
1.000000e+00
1.000000e+00
1.000000e+00
1.000000e+00
1.000000e+00
1.000000e+00
1.000000e+00
1.000000e+00
1.000000e+00
1.000000e+00
1.000000e+00
1.000000e+00
1.000000e+00
1.000000e+00
1.000000e+00
1.000000e+00
1.000000e+00
1.000000e+00
1.000000e+00
1.000000e+00
1.000000e+00
1.000000e+00
1.000000e+00
1.000000e+00
1.000000e+00
1.000000e+00
1.000000e+00
1.000000e+00
1.000000e+00
1.000000e+00
1.000000e+00
1.000000e+00
1.000000e+00
1.000000e+00
1.000000e+00
1.000000e+00
1.000000e+00
1.000000e+00
1.000000e+00
1.000000e+00
1.000000e+00
1.000000e+00
1.000000e+00
1.000000e+00
1.000000e+00
1.000000e+00
1.000000e+00
1.000000e+00
1.000000e+00
1.000000e+00
1.000000e+00
1.000000e+00
1.000000e+00
1.000000e+00
1.000000e+00
1.000000e+00
1.000000e+00
1.000000e+00
1.000000e+00
1.000000e+00
1.000000e+00
1.000000e+00
1.000000e+00
1.000000e+00
1.000000e+00
1.000000e+00
1.000000e+00
1.000000e+00
1.000000e+00
1.000000e+00
1.000000e+00
1.000000e+00
1.000000e+00
1.000000e+00
1.000000e+00
1.000000e+00
1.000000e+00
1.000000e+00
1.000000e+00
1.000000e+00
1.000000e+00
1.000000e+00
1.000000e+00
1.000000e+00
1.000000e+00
1.000000e+00
1.000000e+00
1.000000e+00
1.000000e+00
1.000000e+00
1.000000e+00
1.000000e+00
1.000000e+00
1.000000e+00
1.000000e+00
1.000000e+00
1.000000e+00
1.000000e+00
1.000000e+00
1.000000e+00
1.000000e+00
1.000000e+00
1.000000e+00
1.000000e+00
1.000000e+00
1.000000e+00
1.000000e+00
1.000000e+00
1.000000e+00
1.000000e+00
1.000000e+00
1.000000e+00
1.000000e+00
1.000000e+00
1.000000e+00
1.000000e+00
1.000000e+00
1.000000e+00
1.000000e+00
1.000000e+00
1.000000e+00
1.000000e+00
1.000000e+00
1.000000e+00
1.000000e+00
1.000000e+00
1.000000e+00
1.000000e+00
1.000000e+00
1.000000e+00
1.000000e+00
1.000000e+00
1.000000e+00
1.000000e+00
1.000000e+00
1.000000e+00
1.000000e+00
1.000000e+00
1.000000e+00
1.000000e+00
1.000000e+00
1.000000e+00
1.000000e+00
1.000000e+00
1.000000e+00
1.000000e+00
1.000000e+00
1.000000e+00
1.000000e+00
1.000000e+00
1.000000e+00
1.000000e+00
1.000000e+00
1.000000e+00
1.000000e+00
1.000000e+00
1.000000e+00
1.000000e+00
1.000000e+00
1.000000e+00
1.000000e+00
1.000000e+00
1.000000e+00
1.000000e+00
1.000000e+00
1.000000e+00
1.000000e+00
1.000000e+00
1.000000e+00
1.000000e+00
1.000000e+00
1.000000e+00
1.000000e+00
1.000000e+00
1.000000e+00
1.000000e+00
1.000000e+00
1.000000e+00
1.000000e+00
1.000000e+00
1.000000e+00
1.000000e+00
1.000000e+00
1.000000e+00
1.000000e+00
1.000000e+00
1.000000e+00
1.000000e+00
1.000000e+00
1.000000e+00
1.000000e+00
1.000000e+00
1.000000e+00
1.000000e+00
1.000000e+00
1.000000e+00
1.000000e+00
1.000000e+00
1.000000e+00
1.000000e+00
1.000000e+00
1.000000e+00
1.000000e+00
1.000000e+00
1.000000e+00
1.000000e+00
1.000000e+00
1.000000e+00
1.000000e+00
1.000000e+00
1.000000e+00
1.000000e+00
1.000000e+00
1.000000e+00
1.000000e+00
1.000000e+00
1.000000e+00
1.000000e+00
1.000000e+00
1.000000e+00
1.000000e+00
1.000000e+00
1.000000e+00
1.000000e+00
1.000000e+00
1.000000e+00
1.000000e+00
1.000000e+00
1.000000e+00
1.000000e+00
1.000000e+00
1.000000e+00
1.000000e+00
1.000000e+00
1.000000e+00
1.000000e+00
1.000000e+00
1.000000e+00
1.000000e+00
1.000000e+00
1.000000e+00
1.000000e+00
1.000000e+00
1.000000e+00
1.000000e+00
1.000000e+00
1.000000e+00
1.000000e+00
1.000000e+00
1.000000e+00
1.000000e+00
1.000000e+00
1.000000e+00
1.000000e+00
1.000000e+00
1.000000e+00
1.000000e+00
1.000000e+00
1.000000e+00
1.000000e+00
1.000000e+00
1.000000e+00
1.000000e+00
1.000000e+00
1.000000e+00
1.000000e+00
1.000000e+00
