1.671822e-09
1.671822e-09
1.671822e-09
1.671823e-09
1.671825e-09
1.671829e-09
1.671836e-09
1.671847e-09
1.671864e-09
1.671887e-09
1.671917e-09
1.671954e-09
1.671999e-09
1.672047e-09
1.672094e-09
1.672133e-09
1.672150e-09
1.672129e-09
1.672047e-09
1.671872e-09
1.671566e-09
1.671081e-09
1.670363e-09
1.669349e-09
1.667972e-09
1.666160e-09
1.663848e-09
1.660975e-09
1.657497e-09
1.653391e-09
1.648662e-09
1.643346e-09
1.637515e-09
1.631272e-09
1.624741e-09
1.618061e-09
1.611367e-09
1.604776e-09
1.598372e-09
1.592197e-09
1.586251e-09
1.580490e-09
1.574852e-09
1.569284e-09
1.563776e-09
1.558402e-09
1.553340e-09
1.548870e-09
1.545328e-09
1.543041e-09
1.542250e-09
1.543041e-09
1.545328e-09
1.548870e-09
1.553340e-09
1.558402e-09
1.563776e-09
1.569284e-09
1.574852e-09
1.580490e-09
1.586251e-09
1.592197e-09
1.598372e-09
1.604776e-09
1.611367e-09
1.618061e-09
1.624741e-09
1.631272e-09
1.637515e-09
1.643346e-09
1.648662e-09
1.653391e-09
1.657497e-09
1.660975e-09
1.663848e-09
1.666160e-09
1.667972e-09
1.669349e-09
1.670363e-09
1.671081e-09
1.671566e-09
1.671872e-09
1.672047e-09
1.672129e-09
1.672150e-09
1.672133e-09
1.672094e-09
1.672047e-09
1.671999e-09
1.671954e-09
1.671917e-09
1.671887e-09
1.671864e-09
1.671847e-09
1.671836e-09
1.671829e-09
1.671825e-09
1.671823e-09
1.671822e-09
1.671822e-09
1.671822e-09
1.671822e-09
1.671822e-09
1.671822e-09
1.671824e-09
1.671827e-09
1.671834e-09
1.671844e-09
1.671860e-09
1.671883e-09
1.671913e-09
1.671951e-09
1.671997e-09
1.672047e-09
1.672098e-09
1.672143e-09
1.672169e-09
1.672160e-09
1.672092e-09
1.671937e-09
1.671654e-09
1.671197e-09
1.670511e-09
1.669531e-09
1.668189e-09
1.666411e-09
1.664129e-09
1.661279e-09
1.657813e-09
1.653705e-09
1.648958e-09
1.643606e-09
1.637724e-09
1.631416e-09
1.624816e-09
1.618067e-09
1.611313e-09
1.604678e-09
1.598253e-09
1.592080e-09
1.586156e-09
1.580429e-09
1.574822e-09
1.569261e-09
1.563718e-09
1.558254e-09
1.553050e-09
1.548405e-09
1.544692e-09
1.542281e-09
1.541443e-09
1.542281e-09
1.544692e-09
1.548405e-09
1.553050e-09
1.558254e-09
1.563718e-09
1.569261e-09
1.574822e-09
1.580429e-09
1.586156e-09
1.592080e-09
1.598253e-09
1.604678e-09
1.611313e-09
1.618067e-09
1.624816e-09
1.631417e-09
1.637724e-09
1.643606e-09
1.648958e-09
1.653705e-09
1.657813e-09
1.661279e-09
1.664129e-09
1.666411e-09
1.668189e-09
1.669531e-09
1.670511e-09
1.671197e-09
1.671654e-09
1.671937e-09
1.672092e-09
1.672160e-09
1.672169e-09
1.672143e-09
1.672098e-09
1.672047e-09
1.671997e-09
1.671951e-09
1.671913e-09
1.671883e-09
1.671860e-09
1.671844e-09
1.671834e-09
1.671827e-09
1.671824e-09
1.671822e-09
1.671822e-09
1.671822e-09
1.671822e-09
1.671822e-09
1.671821e-09
1.671821e-09
1.671821e-09
1.671823e-09
1.671828e-09
1.671837e-09
1.671851e-09
1.671872e-09
1.671901e-09
1.671940e-09
1.671989e-09
1.672046e-09
1.672109e-09
1.672171e-09
1.672222e-09
1.672247e-09
1.672225e-09
1.672127e-09
1.671915e-09
1.671542e-09
1.670951e-09
1.670075e-09
1.668841e-09
1.667169e-09
1.664981e-09
1.662203e-09
1.658777e-09
1.654665e-09
1.649863e-09
1.644403e-09
1.638362e-09
1.631857e-09
1.625038e-09
1.618074e-09
1.611133e-09
1.604364e-09
1.597872e-09
1.591708e-09
1.585858e-09
1.580247e-09
1.574752e-09
1.569235e-09
1.563602e-09
1.557868e-09
1.552215e-09
1.547007e-09
1.542737e-09
1.539915e-09
1.538927e-09
1.539915e-09
1.542737e-09
1.547007e-09
1.552215e-09
1.557868e-09
1.563602e-09
1.569235e-09
1.574752e-09
1.580247e-09
1.585858e-09
1.591708e-09
1.597872e-09
1.604364e-09
1.611133e-09
1.618074e-09
1.625038e-09
1.631857e-09
1.638362e-09
1.644403e-09
1.649863e-09
1.654665e-09
1.658777e-09
1.662203e-09
1.664981e-09
1.667169e-09
1.668841e-09
1.670075e-09
1.670951e-09
1.671542e-09
1.671915e-09
1.672127e-09
1.672225e-09
1.672247e-09
1.672222e-09
1.672171e-09
1.672109e-09
1.672046e-09
1.671989e-09
1.671940e-09
1.671901e-09
1.671872e-09
1.671851e-09
1.671837e-09
1.671828e-09
1.671823e-09
1.671821e-09
1.671821e-09
1.671821e-09
1.671822e-09
1.671823e-09
1.671822e-09
1.671821e-09
1.671819e-09
1.671818e-09
1.671817e-09
1.671818e-09
1.671823e-09
1.671834e-09
1.671852e-09
1.671880e-09
1.671920e-09
1.671973e-09
1.672040e-09
1.672120e-09
1.672209e-09
1.672300e-09
1.672381e-09
1.672433e-09
1.672430e-09
1.672336e-09
1.672104e-09
1.671674e-09
1.670977e-09
1.669930e-09
1.668444e-09
1.666425e-09
1.663780e-09
1.660431e-09
1.656323e-09
1.651433e-09
1.645789e-09
1.639471e-09
1.632615e-09
1.625404e-09
1.618053e-09
1.610776e-09
1.603764e-09
1.597153e-09
1.591010e-09
1.585313e-09
1.579948e-09
1.574711e-09
1.569344e-09
1.563615e-09
1.557431e-09
1.550959e-09
1.544675e-09
1.539313e-09
1.535674e-09
1.534383e-09
1.535674e-09
1.539313e-09
1.544675e-09
1.550959e-09
1.557431e-09
1.563615e-09
1.569344e-09
1.574711e-09
1.579948e-09
1.585313e-09
1.591010e-09
1.597153e-09
1.603764e-09
1.610776e-09
1.618053e-09
1.625404e-09
1.632615e-09
1.639471e-09
1.645789e-09
1.651433e-09
1.656323e-09
1.660431e-09
1.663780e-09
1.666425e-09
1.668444e-09
1.669930e-09
1.670977e-09
1.671674e-09
1.672104e-09
1.672336e-09
1.672430e-09
1.672433e-09
1.672381e-09
1.672300e-09
1.672209e-09
1.672120e-09
1.672040e-09
1.671973e-09
1.671920e-09
1.671880e-09
1.671852e-09
1.671834e-09
1.671823e-09
1.671818e-09
1.671817e-09
1.671818e-09
1.671819e-09
1.671821e-09
1.671822e-09
1.671825e-09
1.671824e-09
1.671821e-09
1.671818e-09
1.671813e-09
1.671808e-09
1.671805e-09
1.671805e-09
1.671810e-09
1.671823e-09
1.671848e-09
1.671886e-09
1.671943e-09
1.672020e-09
1.672121e-09
1.672244e-09
1.672387e-09
1.672542e-09
1.672695e-09
1.672823e-09
1.672893e-09
1.672860e-09
1.672664e-09
1.672227e-09
1.671459e-09
1.670254e-09
1.668495e-09
1.666065e-09
1.662852e-09
1.658769e-09
1.653768e-09
1.647858e-09
1.641125e-09
1.633732e-09
1.625913e-09
1.617953e-09
1.610146e-09
1.602749e-09
1.595952e-09
1.589849e-09
1.584420e-09
1.579510e-09
1.574802e-09
1.569839e-09
1.564128e-09
1.557340e-09
1.549558e-09
1.541436e-09
1.534136e-09
1.529017e-09
1.527172e-09
1.529017e-09
1.534136e-09
1.541436e-09
1.549558e-09
1.557340e-09
1.564128e-09
1.569839e-09
1.574802e-09
1.579510e-09
1.584420e-09
1.589849e-09
1.595952e-09
1.602749e-09
1.610146e-09
1.617953e-09
1.625913e-09
1.633732e-09
1.641125e-09
1.647858e-09
1.653768e-09
1.658769e-09
1.662852e-09
1.666065e-09
1.668495e-09
1.670254e-09
1.671459e-09
1.672227e-09
1.672664e-09
1.672860e-09
1.672893e-09
1.672823e-09
1.672695e-09
1.672542e-09
1.672387e-09
1.672244e-09
1.672121e-09
1.672020e-09
1.671943e-09
1.671886e-09
1.671848e-09
1.671823e-09
1.671810e-09
1.671805e-09
1.671805e-09
1.671808e-09
1.671813e-09
1.671818e-09
1.671821e-09
1.671824e-09
1.671829e-09
1.671827e-09
1.671823e-09
1.671817e-09
1.671808e-09
1.671799e-09
1.671789e-09
1.671782e-09
1.671779e-09
1.671784e-09
1.671801e-09
1.671835e-09
1.671892e-09
1.671978e-09
1.672099e-09
1.672259e-09
1.672461e-09
1.672704e-09
1.672979e-09
1.673271e-09
1.673552e-09
1.673778e-09
1.673890e-09
1.673806e-09
1.673423e-09
1.672616e-09
1.671239e-09
1.669136e-09
1.666150e-09
1.662143e-09
1.657022e-09
1.650766e-09
1.643453e-09
1.635282e-09
1.626565e-09
1.617696e-09
1.609092e-09
1.601118e-09
1.594038e-09
1.587991e-09
1.582982e-09
1.578842e-09
1.575138e-09
1.571110e-09
1.565788e-09
1.558342e-09
1.548591e-09
1.537411e-09
1.526730e-09
1.518967e-09
1.516122e-09
1.518967e-09
1.526730e-09
1.537411e-09
1.548591e-09
1.558342e-09
1.565788e-09
1.571110e-09
1.575138e-09
1.578842e-09
1.582982e-09
1.587991e-09
1.594038e-09
1.601118e-09
1.609092e-09
1.617696e-09
1.626565e-09
1.635282e-09
1.643453e-09
1.650766e-09
1.657022e-09
1.662143e-09
1.666150e-09
1.669136e-09
1.671239e-09
1.672616e-09
1.673423e-09
1.673806e-09
1.673890e-09
1.673778e-09
1.673552e-09
1.673271e-09
1.672979e-09
1.672704e-09
1.672461e-09
1.672259e-09
1.672099e-09
1.671978e-09
1.671892e-09
1.671835e-09
1.671801e-09
1.671784e-09
1.671779e-09
1.671782e-09
1.671789e-09
1.671799e-09
1.671808e-09
1.671817e-09
1.671823e-09
1.671827e-09
1.671836e-09
1.671834e-09
1.671828e-09
1.671818e-09
1.671805e-09
1.671789e-09
1.671772e-09
1.671754e-09
1.671740e-09
1.671732e-09
1.671737e-09
1.671761e-09
1.671812e-09
1.671900e-09
1.672037e-09
1.672231e-09
1.672494e-09
1.672832e-09
1.673246e-09
1.673729e-09
1.674261e-09
1.674807e-09
1.675309e-09
1.675681e-09
1.675809e-09
1.675545e-09
1.674708e-09
1.673092e-09
1.670475e-09
1.666644e-09
1.661429e-09
1.654749e-09
1.646659e-09
1.637393e-09
1.627372e-09
1.617166e-09
1.607389e-09
1.598573e-09
1.591071e-09
1.585067e-09
1.580629e-09
1.577682e-09
1.575754e-09
1.573692e-09
1.569682e-09
1.561838e-09
1.549247e-09
1.532981e-09
1.516332e-09
1.503778e-09
1.499105e-09
1.503778e-09
1.516332e-09
1.532981e-09
1.549247e-09
1.561838e-09
1.569682e-09
1.573692e-09
1.575754e-09
1.577682e-09
1.580629e-09
1.585067e-09
1.591071e-09
1.598573e-09
1.607389e-09
1.617166e-09
1.627372e-09
1.637393e-09
1.646659e-09
1.654749e-09
1.661429e-09
1.666644e-09
1.670475e-09
1.673092e-09
1.674708e-09
1.675545e-09
1.675809e-09
1.675681e-09
1.675309e-09
1.674807e-09
1.674261e-09
1.673729e-09
1.673246e-09
1.672832e-09
1.672494e-09
1.672231e-09
1.672037e-09
1.671900e-09
1.671812e-09
1.671761e-09
1.671737e-09
1.671732e-09
1.671740e-09
1.671754e-09
1.671772e-09
1.671789e-09
1.671805e-09
1.671818e-09
1.671828e-09
1.671834e-09
1.671847e-09
1.671844e-09
1.671837e-09
1.671823e-09
1.671805e-09
1.671782e-09
1.671754e-09
1.671724e-09
1.671694e-09
1.671669e-09
1.671654e-09
1.671659e-09
1.671695e-09
1.671775e-09
1.671916e-09
1.672136e-09
1.672452e-09
1.672883e-09
1.673441e-09
1.674134e-09
1.674954e-09
1.675877e-09
1.676852e-09
1.677795e-09
1.678582e-09
1.679043e-09
1.678955e-09
1.678051e-09
1.676021e-09
1.672543e-09
1.667325e-09
1.660173e-09
1.651074e-09
1.640284e-09
1.628375e-09
1.616191e-09
1.604692e-09
1.594681e-09
1.586593e-09
1.580558e-09
1.576723e-09
1.575377e-09
1.576378e-09
1.578196e-09
1.577572e-09
1.570434e-09
1.553986e-09
1.529158e-09
1.501715e-09
1.480290e-09
1.472220e-09
1.480290e-09
1.501715e-09
1.529158e-09
1.553986e-09
1.570434e-09
1.577572e-09
1.578196e-09
1.576378e-09
1.575377e-09
1.576723e-09
1.580558e-09
1.586593e-09
1.594681e-09
1.604692e-09
1.616191e-09
1.628375e-09
1.640284e-09
1.651074e-09
1.660173e-09
1.667325e-09
1.672543e-09
1.676021e-09
1.678051e-09
1.678955e-09
1.679043e-09
1.678582e-09
1.677795e-09
1.676852e-09
1.675877e-09
1.674954e-09
1.674134e-09
1.673441e-09
1.672883e-09
1.672452e-09
1.672136e-09
1.671916e-09
1.671775e-09
1.671695e-09
1.671659e-09
1.671654e-09
1.671669e-09
1.671694e-09
1.671724e-09
1.671754e-09
1.671782e-09
1.671805e-09
1.671823e-09
1.671837e-09
1.671844e-09
1.671864e-09
1.671860e-09
1.671851e-09
1.671834e-09
1.671810e-09
1.671779e-09
1.671740e-09
1.671694e-09
1.671644e-09
1.671595e-09
1.671553e-09
1.671528e-09
1.671535e-09
1.671590e-09
1.671718e-09
1.671943e-09
1.672295e-09
1.672804e-09
1.673501e-09
1.674409e-09
1.675540e-09
1.676889e-09
1.678420e-09
1.680057e-09
1.681673e-09
1.683079e-09
1.684013e-09
1.684132e-09
1.683019e-09
1.680198e-09
1.675187e-09
1.667589e-09
1.657235e-09
1.644346e-09
1.629672e-09
1.614505e-09
1.600438e-09
1.588805e-09
1.580069e-09
1.573894e-09
1.570272e-09
1.570477e-09
1.575855e-09
1.584970e-09
1.592175e-09
1.588997e-09
1.568008e-09
1.528508e-09
1.480823e-09
1.442620e-09
1.428213e-09
1.442620e-09
1.480823e-09
1.528508e-09
1.568008e-09
1.588997e-09
1.592175e-09
1.584970e-09
1.575855e-09
1.570477e-09
1.570272e-09
1.573894e-09
1.580069e-09
1.588805e-09
1.600438e-09
1.614505e-09
1.629672e-09
1.644346e-09
1.657235e-09
1.667589e-09
1.675187e-09
1.680198e-09
1.683019e-09
1.684132e-09
1.684013e-09
1.683079e-09
1.681673e-09
1.680057e-09
1.678420e-09
1.676889e-09
1.675540e-09
1.674409e-09
1.673501e-09
1.672804e-09
1.672295e-09
1.671943e-09
1.671718e-09
1.671590e-09
1.671535e-09
1.671528e-09
1.671553e-09
1.671595e-09
1.671644e-09
1.671694e-09
1.671740e-09
1.671779e-09
1.671810e-09
1.671834e-09
1.671851e-09
1.671860e-09
1.671887e-09
1.671883e-09
1.671872e-09
1.671852e-09
1.671823e-09
1.671784e-09
1.671732e-09
1.671669e-09
1.671595e-09
1.671514e-09
1.671435e-09
1.671366e-09
1.671326e-09
1.671335e-09
1.671422e-09
1.671623e-09
1.671980e-09
1.672538e-09
1.673348e-09
1.674457e-09
1.675905e-09
1.677713e-09
1.679872e-09
1.682328e-09
1.684962e-09
1.687576e-09
1.689872e-09
1.691436e-09
1.691723e-09
1.690057e-09
1.685671e-09
1.677827e-09
1.666022e-09
1.650290e-09
1.631524e-09
1.611681e-09
1.593585e-09
1.579857e-09
1.571040e-09
1.564967e-09
1.560067e-09
1.559889e-09
1.570803e-09
1.593119e-09
1.617270e-09
1.626502e-09
1.602639e-09
1.537549e-09
1.449663e-09
1.379437e-09
1.353743e-09
1.379437e-09
1.449663e-09
1.537549e-09
1.602639e-09
1.626502e-09
1.617270e-09
1.593119e-09
1.570803e-09
1.559889e-09
1.560067e-09
1.564967e-09
1.571040e-09
1.579857e-09
1.593585e-09
1.611681e-09
1.631524e-09
1.650290e-09
1.666022e-09
1.677827e-09
1.685671e-09
1.690057e-09
1.691723e-09
1.691436e-09
1.689872e-09
1.687576e-09
1.684962e-09
1.682328e-09
1.679872e-09
1.677713e-09
1.675905e-09
1.674457e-09
1.673348e-09
1.672538e-09
1.671980e-09
1.671623e-09
1.671422e-09
1.671335e-09
1.671326e-09
1.671366e-09
1.671435e-09
1.671514e-09
1.671595e-09
1.671669e-09
1.671732e-09
1.671784e-09
1.671823e-09
1.671852e-09
1.671872e-09
1.671883e-09
1.671917e-09
1.671913e-09
1.671901e-09
1.671880e-09
1.671848e-09
1.671801e-09
1.671737e-09
1.671654e-09
1.671553e-09
1.671435e-09
1.671306e-09
1.671178e-09
1.671068e-09
1.671002e-09
1.671015e-09
1.671150e-09
1.671464e-09
1.672021e-09
1.672895e-09
1.674164e-09
1.675904e-09
1.678178e-09
1.681019e-09
1.684409e-09
1.688256e-09
1.692371e-09
1.696439e-09
1.699993e-09
1.702364e-09
1.702637e-09
1.699652e-09
1.692113e-09
1.678882e-09
1.659458e-09
1.634620e-09
1.607111e-09
1.581994e-09
1.565406e-09
1.559292e-09
1.555954e-09
1.545885e-09
1.536969e-09
1.552501e-09
1.598195e-09
1.656898e-09
1.698461e-09
1.683495e-09
1.574588e-09
1.397059e-09
1.268066e-09
1.226283e-09
1.268066e-09
1.397059e-09
1.574588e-09
1.683495e-09
1.698461e-09
1.656898e-09
1.598195e-09
1.552501e-09
1.536969e-09
1.545885e-09
1.555954e-09
1.559292e-09
1.565406e-09
1.581994e-09
1.607111e-09
1.634620e-09
1.659458e-09
1.678882e-09
1.692113e-09
1.699652e-09
1.702637e-09
1.702364e-09
1.699993e-09
1.696439e-09
1.692371e-09
1.688256e-09
1.684409e-09
1.681019e-09
1.678178e-09
1.675904e-09
1.674164e-09
1.672895e-09
1.672021e-09
1.671464e-09
1.671150e-09
1.671015e-09
1.671002e-09
1.671068e-09
1.671178e-09
1.671306e-09
1.671435e-09
1.671553e-09
1.671654e-09
1.671737e-09
1.671801e-09
1.671848e-09
1.671880e-09
1.671901e-09
1.671913e-09
1.671954e-09
1.671951e-09
1.671940e-09
1.671920e-09
1.671886e-09
1.671835e-09
1.671761e-09
1.671659e-09
1.671528e-09
1.671366e-09
1.671178e-09
1.670973e-09
1.670769e-09
1.670593e-09
1.670486e-09
1.670500e-09
1.670706e-09
1.671187e-09
1.672046e-09
1.673398e-09
1.675365e-09
1.678068e-09
1.681603e-09
1.686015e-09
1.691262e-09
1.697187e-09
1.703489e-09
1.709692e-09
1.715058e-09
1.718449e-09
1.718206e-09
1.712193e-09
1.698149e-09
1.674370e-09
1.640805e-09
1.600465e-09
1.561261e-09
1.538426e-09
1.543949e-09
1.557207e-09
1.534610e-09
1.485232e-09
1.499869e-09
1.588428e-09
1.712181e-09
1.825481e-09
1.867626e-09
1.707117e-09
1.270950e-09
1.064007e-09
1.019817e-09
1.064007e-09
1.270950e-09
1.707117e-09
1.867626e-09
1.825481e-09
1.712181e-09
1.588428e-09
1.499869e-09
1.485232e-09
1.534610e-09
1.557207e-09
1.543949e-09
1.538426e-09
1.561261e-09
1.600465e-09
1.640805e-09
1.674370e-09
1.698149e-09
1.712193e-09
1.718206e-09
1.718449e-09
1.715058e-09
1.709692e-09
1.703489e-09
1.697187e-09
1.691262e-09
1.686015e-09
1.681603e-09
1.678068e-09
1.675365e-09
1.673398e-09
1.672046e-09
1.671187e-09
1.670706e-09
1.670500e-09
1.670486e-09
1.670593e-09
1.670769e-09
1.670973e-09
1.671178e-09
1.671366e-09
1.671528e-09
1.671659e-09
1.671761e-09
1.671835e-09
1.671886e-09
1.671920e-09
1.671940e-09
1.671951e-09
1.671999e-09
1.671997e-09
1.671989e-09
1.671973e-09
1.671943e-09
1.671892e-09
1.671812e-09
1.671695e-09
1.671535e-09
1.671326e-09
1.671068e-09
1.670769e-09
1.670443e-09
1.670118e-09
1.669838e-09
1.669662e-09
1.669674e-09
1.669979e-09
1.670706e-09
1.672015e-09
1.674087e-09
1.677118e-09
1.681297e-09
1.686767e-09
1.693568e-09
1.701596e-09
1.710596e-09
1.720161e-09
1.729636e-09
1.737808e-09
1.742498e-09
1.740384e-09
1.727414e-09
1.699593e-09
1.654476e-09
1.594215e-09
1.524642e-09
1.476371e-09
1.514656e-09
1.602913e-09
1.574607e-09
1.344637e-09
1.367305e-09
1.543708e-09
1.776042e-09
2.015857e-09
2.216684e-09
2.332494e-09
2.387623e-09
2.429991e-09
2.442471e-09
2.429991e-09
2.387623e-09
2.332494e-09
2.216684e-09
2.015857e-09
1.776042e-09
1.543708e-09
1.367305e-09
1.344637e-09
1.574607e-09
1.602913e-09
1.514656e-09
1.476371e-09
1.524642e-09
1.594215e-09
1.654476e-09
1.699593e-09
1.727414e-09
1.740384e-09
1.742498e-09
1.737808e-09
1.729636e-09
1.720161e-09
1.710596e-09
1.701596e-09
1.693568e-09
1.686767e-09
1.681297e-09
1.677118e-09
1.674087e-09
1.672015e-09
1.670706e-09
1.669979e-09
1.669674e-09
1.669662e-09
1.669838e-09
1.670118e-09
1.670443e-09
1.670769e-09
1.671068e-09
1.671326e-09
1.671535e-09
1.671695e-09
1.671812e-09
1.671892e-09
1.671943e-09
1.671973e-09
1.671989e-09
1.671997e-09
1.672047e-09
1.672047e-09
1.672046e-09
1.672040e-09
1.672020e-09
1.671978e-09
1.671900e-09
1.671775e-09
1.671590e-09
1.671335e-09
1.671002e-09
1.670593e-09
1.670118e-09
1.669602e-09
1.669088e-09
1.668642e-09
1.668355e-09
1.668351e-09
1.668790e-09
1.669874e-09
1.671850e-09
1.675013e-09
1.679685e-09
1.686162e-09
1.694619e-09
1.705013e-09
1.717104e-09
1.730631e-09
1.745350e-09
1.760439e-09
1.773460e-09
1.779456e-09
1.771629e-09
1.743238e-09
1.683276e-09
1.599897e-09
1.481038e-09
1.302522e-09
1.420183e-09
1.721300e-09
2.088448e-09
2.694600e-09
3.627149e-09
4.734859e-09
6.001277e-09
7.358253e-09
8.725804e-09
1.011277e-08
1.151972e-08
1.235366e-08
1.260778e-08
1.235366e-08
1.151972e-08
1.011277e-08
8.725804e-09
7.358253e-09
6.001277e-09
4.734859e-09
3.627149e-09
2.694600e-09
2.088448e-09
1.721300e-09
1.420183e-09
1.302522e-09
1.481038e-09
1.599897e-09
1.683276e-09
1.743238e-09
1.771629e-09
1.779456e-09
1.773460e-09
1.760439e-09
1.745350e-09
1.730631e-09
1.717104e-09
1.705013e-09
1.694619e-09
1.686162e-09
1.679685e-09
1.675013e-09
1.671850e-09
1.669874e-09
1.668790e-09
1.668351e-09
1.668355e-09
1.668642e-09
1.669088e-09
1.669602e-09
1.670118e-09
1.670593e-09
1.671002e-09
1.671335e-09
1.671590e-09
1.671775e-09
1.671900e-09
1.671978e-09
1.672020e-09
1.672040e-09
1.672046e-09
1.672047e-09
1.672094e-09
1.672098e-09
1.672109e-09
1.672120e-09
1.672121e-09
1.672099e-09
1.672037e-09
1.671916e-09
1.671718e-09
1.671422e-09
1.671015e-09
1.670486e-09
1.669838e-09
1.669088e-09
1.668276e-09
1.667467e-09
1.666759e-09
1.666288e-09
1.666238e-09
1.666847e-09
1.668431e-09
1.671395e-09
1.676247e-09
1.683539e-09
1.693694e-09
1.706732e-09
1.722201e-09
1.739829e-09
1.760420e-09
1.784700e-09
1.810948e-09
1.832943e-09
1.834598e-09
1.820831e-09
1.746962e-09
1.572589e-09
1.747378e-09
2.436425e-09
3.789080e-09
5.807388e-09
8.838706e-09
1.332847e-08
1.897102e-08
2.568746e-08
3.335866e-08
4.161530e-08
4.990969e-08
5.760473e-08
6.394619e-08
6.808316e-08
6.950783e-08
6.808316e-08
6.394619e-08
5.760473e-08
4.990969e-08
4.161530e-08
3.335866e-08
2.568746e-08
1.897102e-08
1.332847e-08
8.838706e-09
5.807388e-09
3.789080e-09
2.436425e-09
1.747378e-09
1.572589e-09
1.746962e-09
1.820831e-09
1.834598e-09
1.832943e-09
1.810948e-09
1.784700e-09
1.760420e-09
1.739829e-09
1.722201e-09
1.706732e-09
1.693694e-09
1.683539e-09
1.676247e-09
1.671395e-09
1.668431e-09
1.666847e-09
1.666238e-09
1.666288e-09
1.666759e-09
1.667467e-09
1.668276e-09
1.669088e-09
1.669838e-09
1.670486e-09
1.671015e-09
1.671422e-09
1.671718e-09
1.671916e-09
1.672037e-09
1.672099e-09
1.672121e-09
1.672120e-09
1.672109e-09
1.672098e-09
1.672133e-09
1.672143e-09
1.672171e-09
1.672209e-09
1.672244e-09
1.672259e-09
1.672231e-09
1.672136e-09
1.671943e-09
1.671623e-09
1.671150e-09
1.670500e-09
1.669662e-09
1.668642e-09
1.667467e-09
1.666198e-09
1.664933e-09
1.663814e-09
1.663037e-09
1.662864e-09
1.663649e-09
1.665901e-09
1.670352e-09
1.677981e-09
1.689783e-09
1.706030e-09
1.725388e-09
1.746128e-09
1.771210e-09
1.806854e-09
1.849345e-09
1.910413e-09
1.922764e-09
1.866182e-09
2.275031e-09
3.575759e-09
6.386777e-09
1.139276e-08
1.927569e-08
3.113879e-08
4.836411e-08
7.215744e-08
1.030594e-07
1.408848e-07
1.845242e-07
2.317139e-07
2.790940e-07
3.225431e-07
3.576849e-07
3.805792e-07
3.885262e-07
3.805792e-07
3.576849e-07
3.225431e-07
2.790940e-07
2.317139e-07
1.845242e-07
1.408848e-07
1.030594e-07
7.215744e-08
4.836411e-08
3.113879e-08
1.927569e-08
1.139276e-08
6.386777e-09
3.575759e-09
2.275031e-09
1.866182e-09
1.922764e-09
1.910413e-09
1.849345e-09
1.806854e-09
1.771210e-09
1.746128e-09
1.725388e-09
1.706030e-09
1.689783e-09
1.677981e-09
1.670352e-09
1.665901e-09
1.663649e-09
1.662864e-09
1.663037e-09
1.663814e-09
1.664933e-09
1.666198e-09
1.667467e-09
1.668642e-09
1.669662e-09
1.670500e-09
1.671150e-09
1.671623e-09
1.671943e-09
1.672136e-09
1.672231e-09
1.672259e-09
1.672244e-09
1.672209e-09
1.672171e-09
1.672143e-09
1.672150e-09
1.672169e-09
1.672222e-09
1.672300e-09
1.672387e-09
1.672461e-09
1.672494e-09
1.672452e-09
1.672295e-09
1.671980e-09
1.671464e-09
1.670706e-09
1.669674e-09
1.668355e-09
1.666759e-09
1.664933e-09
1.662969e-09
1.661009e-09
1.659250e-09
1.657945e-09
1.657439e-09
1.658256e-09
1.661300e-09
1.668144e-09
1.681109e-09
1.701987e-09
1.728037e-09
1.749631e-09
1.767676e-09
1.825734e-09
1.874071e-09
1.934381e-09
2.530917e-09
4.404787e-09
8.765870e-09
1.738237e-08
3.274915e-08
5.884366e-08
1.010156e-07
1.657757e-07
2.602878e-07
3.910867e-07
5.622888e-07
7.737412e-07
1.019385e-06
1.286314e-06
1.555136e-06
1.801908e-06
2.001446e-06
2.131464e-06
2.176624e-06
2.131464e-06
2.001446e-06
1.801908e-06
1.555136e-06
1.286314e-06
1.019385e-06
7.737412e-07
5.622888e-07
3.910867e-07
2.602878e-07
1.657757e-07
1.010156e-07
5.884366e-08
3.274915e-08
1.738237e-08
8.765870e-09
4.404787e-09
2.530917e-09
1.934381e-09
1.874071e-09
1.825734e-09
1.767676e-09
1.749631e-09
1.728037e-09
1.701987e-09
1.681109e-09
1.668144e-09
1.661300e-09
1.658256e-09
1.657439e-09
1.657945e-09
1.659250e-09
1.661009e-09
1.662969e-09
1.664933e-09
1.666759e-09
1.668355e-09
1.669674e-09
1.670706e-09
1.671464e-09
1.671980e-09
1.672295e-09
1.672452e-09
1.672494e-09
1.672461e-09
1.672387e-09
1.672300e-09
1.672222e-09
1.672169e-09
1.672129e-09
1.672160e-09
1.672247e-09
1.672381e-09
1.672542e-09
1.672704e-09
1.672832e-09
1.672883e-09
1.672804e-09
1.672538e-09
1.672021e-09
1.671187e-09
1.669979e-09
1.668351e-09
1.666288e-09
1.663814e-09
1.661009e-09
1.658014e-09
1.655021e-09
1.652256e-09
1.649966e-09
1.648498e-09
1.648603e-09
1.652198e-09
1.663786e-09
1.691180e-09
1.735363e-09
1.767922e-09
1.721606e-09
1.759900e-09
2.338518e-09
4.374257e-09
9.588064e-09
2.107344e-08
4.408301e-08
8.798132e-08
1.676996e-07
3.052170e-07
5.304743e-07
8.805785e-07
1.396460e-06
2.116258e-06
3.065630e-06
4.246454e-06
5.626517e-06
7.133616e-06
8.657336e-06
1.006012e-05
1.119669e-05
1.193824e-05
1.219598e-05
1.193824e-05
1.119669e-05
1.006012e-05
8.657336e-06
7.133616e-06
5.626516e-06
4.246454e-06
3.065630e-06
2.116258e-06
1.396460e-06
8.805785e-07
5.304743e-07
3.052170e-07
1.676996e-07
8.798132e-08
4.408301e-08
2.107344e-08
9.588063e-09
4.374257e-09
2.338518e-09
1.759900e-09
1.721606e-09
1.767922e-09
1.735363e-09
1.691180e-09
1.663786e-09
1.652198e-09
1.648603e-09
1.648498e-09
1.649966e-09
1.652256e-09
1.655021e-09
1.658014e-09
1.661009e-09
1.663814e-09
1.666288e-09
1.668351e-09
1.669979e-09
1.671187e-09
1.672021e-09
1.672538e-09
1.672804e-09
1.672883e-09
1.672832e-09
1.672704e-09
1.672542e-09
1.672381e-09
1.672247e-09
1.672160e-09
1.672047e-09
1.672092e-09
1.672225e-09
1.672433e-09
1.672695e-09
1.672979e-09
1.673246e-09
1.673441e-09
1.673501e-09
1.673348e-09
1.672895e-09
1.672046e-09
1.670706e-09
1.668790e-09
1.666238e-09
1.663037e-09
1.659250e-09
1.655021e-09
1.650566e-09
1.646101e-09
1.641726e-09
1.637343e-09
1.632830e-09
1.629017e-09
1.630513e-09
1.656580e-09
1.753073e-09
1.838223e-09
1.930357e-09
3.506252e-09
8.254851e-09
1.998272e-08
4.637106e-08
1.029407e-07
2.184252e-07
4.425435e-07
8.557492e-07
1.578823e-06
2.778776e-06
4.665747e-06
7.475158e-06
1.143105e-05
1.669097e-05
2.327970e-05
3.102716e-05
3.953110e-05
4.816464e-05
5.613876e-05
6.261498e-05
6.684698e-05
6.831905e-05
6.684698e-05
6.261498e-05
5.613876e-05
4.816464e-05
3.953110e-05
3.102716e-05
2.327970e-05
1.669097e-05
1.143105e-05
7.475158e-06
4.665747e-06
2.778776e-06
1.578823e-06
8.557492e-07
4.425435e-07
2.184252e-07
1.029407e-07
4.637106e-08
1.998273e-08
8.254851e-09
3.506252e-09
1.930357e-09
1.838223e-09
1.753073e-09
1.656580e-09
1.630513e-09
1.629017e-09
1.632830e-09
1.637343e-09
1.641726e-09
1.646101e-09
1.650566e-09
1.655021e-09
1.659250e-09
1.663037e-09
1.666238e-09
1.668790e-09
1.670706e-09
1.672046e-09
1.672895e-09
1.673348e-09
1.673501e-09
1.673441e-09
1.673246e-09
1.672979e-09
1.672695e-09
1.672433e-09
1.672225e-09
1.672092e-09
1.671872e-09
1.671937e-09
1.672127e-09
1.672430e-09
1.672823e-09
1.673271e-09
1.673729e-09
1.674134e-09
1.674409e-09
1.674457e-09
1.674164e-09
1.673398e-09
1.672015e-09
1.669874e-09
1.666847e-09
1.662864e-09
1.657945e-09
1.652256e-09
1.646101e-09
1.639817e-09
1.633474e-09
1.626421e-09
1.616917e-09
1.601961e-09
1.581031e-09
1.543273e-09
1.679261e-09
2.421383e-09
5.429483e-09
1.466344e-08
3.769188e-08
9.300883e-08
2.199485e-07
4.973614e-07
1.073999e-06
2.212569e-06
4.345709e-06
8.134155e-06
1.450657e-05
2.465015e-05
3.991727e-05
6.162202e-05
9.072541e-05
1.274483e-04
1.708994e-04
2.188426e-04
2.677229e-04
3.130193e-04
3.498964e-04
3.740328e-04
3.824351e-04
3.740328e-04
3.498964e-04
3.130193e-04
2.677229e-04
2.188426e-04
1.708994e-04
1.274483e-04
9.072541e-05
6.162202e-05
3.991727e-05
2.465015e-05
1.450657e-05
8.134156e-06
4.345709e-06
2.212569e-06
1.073999e-06
4.973614e-07
2.199485e-07
9.300884e-08
3.769188e-08
1.466344e-08
5.429483e-09
2.421383e-09
1.679261e-09
1.543273e-09
1.581031e-09
1.601961e-09
1.616917e-09
1.626421e-09
1.633474e-09
1.639817e-09
1.646101e-09
1.652256e-09
1.657945e-09
1.662864e-09
1.666847e-09
1.669874e-09
1.672015e-09
1.673398e-09
1.674164e-09
1.674457e-09
1.674409e-09
1.674134e-09
1.673729e-09
1.673271e-09
1.672823e-09
1.672430e-09
1.672127e-09
1.671937e-09
1.671566e-09
1.671654e-09
1.671915e-09
1.672336e-09
1.672893e-09
1.673552e-09
1.674261e-09
1.674954e-09
1.675540e-09
1.675905e-09
1.675904e-09
1.675365e-09
1.674087e-09
1.671850e-09
1.668431e-09
1.663649e-09
1.657439e-09
1.649966e-09
1.641726e-09
1.633474e-09
1.625729e-09
1.617787e-09
1.606059e-09
1.585103e-09
1.521544e-09
1.560764e-09
3.038060e-09
8.186757e-09
2.334733e-08
6.427298e-08
1.693283e-07
4.274175e-07
1.032295e-06
2.381605e-06
5.241436e-06
1.099215e-05
2.195014e-05
4.171630e-05
7.543729e-05
1.297995e-04
2.125448e-04
3.313422e-04
4.919895e-04
6.961576e-04
9.391817e-04
1.208632e-03
1.484394e-03
1.740667e-03
1.949728e-03
2.086735e-03
2.134459e-03
2.086735e-03
1.949728e-03
1.740667e-03
1.484394e-03
1.208632e-03
9.391816e-04
6.961576e-04
4.919895e-04
3.313422e-04
2.125448e-04
1.297995e-04
7.543729e-05
4.171630e-05
2.195014e-05
1.099215e-05
5.241436e-06
2.381605e-06
1.032295e-06
4.274175e-07
1.693283e-07
6.427298e-08
2.334733e-08
8.186757e-09
3.038060e-09
1.560764e-09
1.521544e-09
1.585103e-09
1.606059e-09
1.617787e-09
1.625729e-09
1.633474e-09
1.641726e-09
1.649966e-09
1.657439e-09
1.663649e-09
1.668431e-09
1.671850e-09
1.674087e-09
1.675365e-09
1.675904e-09
1.675905e-09
1.675540e-09
1.674954e-09
1.674261e-09
1.673552e-09
1.672893e-09
1.672336e-09
1.671915e-09
1.671654e-09
1.671081e-09
1.671197e-09
1.671542e-09
1.672104e-09
1.672860e-09
1.673778e-09
1.674807e-09
1.675877e-09
1.676889e-09
1.677713e-09
1.678178e-09
1.678068e-09
1.677118e-09
1.675013e-09
1.671395e-09
1.665901e-09
1.658256e-09
1.648498e-09
1.637343e-09
1.626421e-09
1.617787e-09
1.611837e-09
1.607377e-09
1.572232e-09
1.689544e-09
3.717806e-09
1.135854e-08
3.404361e-08
9.917513e-08
2.785941e-07
7.513641e-07
1.941135e-06
4.794263e-06
1.129958e-05
2.537535e-05
5.423105e-05
1.102023e-04
2.128113e-04
3.904175e-04
6.804019e-04
1.126599e-03
1.772934e-03
2.653078e-03
3.777392e-03
5.120192e-03
6.611735e-03
8.139135e-03
9.558241e-03
1.071514e-02
1.147278e-02
1.173659e-02
1.147278e-02
1.071514e-02
9.558241e-03
8.139135e-03
6.611735e-03
5.120192e-03
3.777392e-03
2.653078e-03
1.772934e-03
1.126599e-03
6.804019e-04
3.904175e-04
2.128113e-04
1.102023e-04
5.423105e-05
2.537535e-05
1.129958e-05
4.794263e-06
1.941135e-06
7.513641e-07
2.785941e-07
9.917513e-08
3.404361e-08
1.135854e-08
3.717806e-09
1.689544e-09
1.572232e-09
1.607377e-09
1.611837e-09
1.617787e-09
1.626421e-09
1.637343e-09
1.648498e-09
1.658256e-09
1.665901e-09
1.671395e-09
1.675013e-09
1.677118e-09
1.678068e-09
1.678178e-09
1.677713e-09
1.676889e-09
1.675877e-09
1.674807e-09
1.673778e-09
1.672860e-09
1.672104e-09
1.671542e-09
1.671197e-09
1.670363e-09
1.670511e-09
1.670951e-09
1.671674e-09
1.672664e-09
1.673890e-09
1.675309e-09
1.676852e-09
1.678420e-09
1.679872e-09
1.681019e-09
1.681603e-09
1.681297e-09
1.679685e-09
1.676247e-09
1.670352e-09
1.661300e-09
1.648603e-09
1.632830e-09
1.616917e-09
1.606059e-09
1.607377e-09
1.597576e-09
1.786466e-09
4.231820e-09
1.389089e-08
4.450434e-08
1.378988e-07
4.126629e-07
1.188827e-06
3.287476e-06
8.703973e-06
2.201298e-05
5.307034e-05
1.217508e-04
2.654089e-04
5.491652e-04
1.077672e-03
2.004595e-03
3.533251e-03
5.900317e-03
9.336665e-03
1.400629e-02
1.993471e-02
2.694805e-02
3.464691e-02
4.243133e-02
4.957626e-02
5.534100e-02
5.908808e-02
6.038765e-02
5.908808e-02
5.534100e-02
4.957626e-02
4.243133e-02
3.464691e-02
2.694805e-02
1.993471e-02
1.400629e-02
9.336665e-03
5.900317e-03
3.533251e-03
2.004595e-03
1.077672e-03
5.491652e-04
2.654089e-04
1.217508e-04
5.307034e-05
2.201298e-05
8.703974e-06
3.287476e-06
1.188827e-06
4.126629e-07
1.378988e-07
4.450434e-08
1.389089e-08
4.231820e-09
1.786467e-09
1.597576e-09
1.607377e-09
1.606059e-09
1.616917e-09
1.632830e-09
1.648603e-09
1.661300e-09
1.670352e-09
1.676247e-09
1.679685e-09
1.681297e-09
1.681603e-09
1.681019e-09
1.679872e-09
1.678420e-09
1.676852e-09
1.675309e-09
1.673890e-09
1.672664e-09
1.671674e-09
1.670951e-09
1.670511e-09
1.669349e-09
1.669531e-09
1.670075e-09
1.670977e-09
1.672227e-09
1.673806e-09
1.675681e-09
1.677795e-09
1.680057e-09
1.682328e-09
1.684409e-09
1.686015e-09
1.686767e-09
1.686162e-09
1.683539e-09
1.677981e-09
1.668144e-09
1.652198e-09
1.629017e-09
1.601961e-09
1.585103e-09
1.572232e-09
1.786466e-09
4.425206e-09
1.536525e-08
5.222535e-08
1.719754e-07
5.479586e-07
1.685043e-06
4.986647e-06
1.416067e-05
3.847879e-05
9.978690e-05
2.463672e-04
5.778199e-04
1.284811e-03
2.703521e-03
5.374198e-03
1.007579e-02
1.779206e-02
2.956863e-02
4.626230e-02
6.824709e-02
9.517628e-02
1.258800e-01
1.584280e-01
1.903412e-01
2.189032e-01
2.415132e-01
2.560248e-01
2.610261e-01
2.560248e-01
2.415132e-01
2.189032e-01
1.903412e-01
1.584280e-01
1.258800e-01
9.517628e-02
6.824709e-02
4.626230e-02
2.956863e-02
1.779206e-02
1.007579e-02
5.374198e-03
2.703521e-03
1.284811e-03
5.778199e-04
2.463672e-04
9.978690e-05
3.847879e-05
1.416067e-05
4.986647e-06
1.685043e-06
5.479586e-07
1.719754e-07
5.222535e-08
1.536525e-08
4.425206e-09
1.786467e-09
1.572232e-09
1.585103e-09
1.601961e-09
1.629017e-09
1.652198e-09
1.668144e-09
1.677981e-09
1.683539e-09
1.686162e-09
1.686767e-09
1.686015e-09
1.684409e-09
1.682328e-09
1.680057e-09
1.677795e-09
1.675681e-09
1.673806e-09
1.672227e-09
1.670977e-09
1.670075e-09
1.669531e-09
1.667972e-09
1.668189e-09
1.668841e-09
1.669930e-09
1.671459e-09
1.673423e-09
1.675809e-09
1.678582e-09
1.681673e-09
1.684962e-09
1.688256e-09
1.691262e-09
1.693568e-09
1.694619e-09
1.693694e-09
1.689783e-09
1.681109e-09
1.663786e-09
1.630513e-09
1.581031e-09
1.521544e-09
1.689544e-09
4.231820e-09
1.536525e-08
5.509200e-08
1.921242e-07
6.503319e-07
2.131140e-06
6.741600e-06
2.052363e-05
5.993877e-05
1.673895e-04
4.455650e-04
1.126745e-03
2.697471e-03
6.089884e-03
1.290888e-02
2.558156e-02
4.724651e-02
8.126225e-02
1.304350e-01
1.962539e-01
2.783729e-01
3.743847e-01
4.798328e-01
5.884596e-01
6.927353e-01
7.846500e-01
8.566495e-01
9.025551e-01
9.183254e-01
9.025551e-01
8.566495e-01
7.846500e-01
6.927353e-01
5.884596e-01
4.798328e-01
3.743847e-01
2.783729e-01
1.962539e-01
1.304350e-01
8.126225e-02
4.724651e-02
2.558156e-02
1.290888e-02
6.089884e-03
2.697471e-03
1.126745e-03
4.455650e-04
1.673895e-04
5.993877e-05
2.052363e-05
6.741600e-06
2.131141e-06
6.503319e-07
1.921242e-07
5.509200e-08
1.536525e-08
4.231820e-09
1.689544e-09
1.521544e-09
1.581031e-09
1.630513e-09
1.663786e-09
1.681109e-09
1.689783e-09
1.693694e-09
1.694619e-09
1.693568e-09
1.691262e-09
1.688256e-09
1.684962e-09
1.681673e-09
1.678582e-09
1.675809e-09
1.673423e-09
1.671459e-09
1.669930e-09
1.668841e-09
1.668189e-09
1.666160e-09
1.666411e-09
1.667169e-09
1.668444e-09
1.670254e-09
1.672616e-09
1.675545e-09
1.679043e-09
1.683079e-09
1.687576e-09
1.692371e-09
1.697187e-09
1.701596e-09
1.705013e-09
1.706732e-09
1.706030e-09
1.701987e-09
1.691180e-09
1.656580e-09
1.543273e-09
1.560764e-09
3.717806e-09
1.389089e-08
5.222535e-08
1.921242e-07
6.886788e-07
2.398408e-06
8.091931e-06
2.636632e-05
8.268789e-05
2.486697e-04
7.141712e-04
1.949322e-03
5.026293e-03
1.215016e-02
2.729938e-02
5.659819e-02
1.079455e-01
1.898581e-01
3.100355e-01
4.740640e-01
6.842151e-01
9.382181e-01
1.228188e+00
1.540216e+00
1.855225e+00
2.151300e+00
2.406799e+00
2.603133e+00
2.726493e+00
2.768537e+00
2.726493e+00
2.603133e+00
2.406799e+00
2.151300e+00
1.855225e+00
1.540216e+00
1.228188e+00
9.382181e-01
6.842151e-01
4.740640e-01
3.100355e-01
1.898581e-01
1.079455e-01
5.659819e-02
2.729938e-02
1.215016e-02
5.026293e-03
1.949322e-03
7.141712e-04
2.486697e-04
8.268789e-05
2.636632e-05
8.091931e-06
2.398408e-06
6.886788e-07
1.921242e-07
5.222535e-08
1.389089e-08
3.717806e-09
1.560764e-09
1.543273e-09
1.656580e-09
1.691180e-09
1.701987e-09
1.706030e-09
1.706732e-09
1.705013e-09
1.701596e-09
1.697187e-09
1.692371e-09
1.687576e-09
1.683079e-09
1.679043e-09
1.675545e-09
1.672616e-09
1.670254e-09
1.668444e-09
1.667169e-09
1.666411e-09
1.663848e-09
1.664129e-09
1.664981e-09
1.666425e-09
1.668495e-09
1.671239e-09
1.674708e-09
1.678955e-09
1.684013e-09
1.689872e-09
1.696439e-09
1.703489e-09
1.710596e-09
1.717104e-09
1.722201e-09
1.725388e-09
1.728037e-09
1.735363e-09
1.753073e-09
1.679261e-09
3.038060e-09
1.135854e-08
4.450434e-08
1.719754e-07
6.503319e-07
2.398408e-06
8.602113e-06
2.991383e-05
1.005176e-04
3.250694e-04
1.006705e-03
2.965274e-03
8.226794e-03
2.122071e-02
5.021177e-02
1.080713e-01
2.116801e-01
3.804457e-01
6.346663e-01
9.930024e-01
1.467347e+00
2.055031e+00
2.732170e+00
3.453981e+00
4.164323e+00
4.810348e+00
5.354441e+00
5.777794e+00
6.076106e+00
6.252308e+00
6.310468e+00
6.252308e+00
6.076106e+00
5.777794e+00
5.354441e+00
4.810348e+00
4.164323e+00
3.453981e+00
2.732170e+00
2.055031e+00
1.467347e+00
9.930024e-01
6.346663e-01
3.804457e-01
2.116801e-01
1.080713e-01
5.021177e-02
2.122071e-02
8.226794e-03
2.965274e-03
1.006705e-03
3.250694e-04
1.005176e-04
2.991383e-05
8.602113e-06
2.398408e-06
6.503319e-07
1.719754e-07
4.450434e-08
1.135854e-08
3.038060e-09
1.679261e-09
1.753073e-09
1.735363e-09
1.728037e-09
1.725388e-09
1.722201e-09
1.717104e-09
1.710596e-09
1.703489e-09
1.696439e-09
1.689872e-09
1.684013e-09
1.678955e-09
1.674708e-09
1.671239e-09
1.668495e-09
1.666425e-09
1.664981e-09
1.664129e-09
1.660975e-09
1.661279e-09
1.662203e-09
1.663780e-09
1.666065e-09
1.669136e-09
1.673092e-09
1.678051e-09
1.684132e-09
1.691436e-09
1.699993e-09
1.709692e-09
1.720161e-09
1.730632e-09
1.739829e-09
1.746128e-09
1.749631e-09
1.767922e-09
1.838223e-09
2.421383e-09
8.186757e-09
3.404361e-08
1.378988e-07
5.479586e-07
2.131141e-06
8.091931e-06
2.991383e-05
1.073187e-04
3.721428e-04
1.240268e-03
3.937524e-03
1.173916e-02
3.223792e-02
8.010318e-02
1.787937e-01
3.607270e-01
6.671343e-01
1.146171e+00
1.842081e+00
2.768771e+00
3.876547e+00
5.044481e+00
6.126522e+00
7.021599e+00
7.702260e+00
8.191800e+00
8.530659e+00
8.756924e+00
8.899644e+00
8.978131e+00
9.003150e+00
8.978131e+00
8.899644e+00
8.756924e+00
8.530659e+00
8.191800e+00
7.702260e+00
7.021599e+00
6.126522e+00
5.044481e+00
3.876547e+00
2.768771e+00
1.842081e+00
1.146171e+00
6.671343e-01
3.607270e-01
1.787937e-01
8.010318e-02
3.223792e-02
1.173916e-02
3.937524e-03
1.240268e-03
3.721428e-04
1.073187e-04
2.991383e-05
8.091931e-06
2.131140e-06
5.479586e-07
1.378988e-07
3.404361e-08
8.186757e-09
2.421383e-09
1.838223e-09
1.767922e-09
1.749631e-09
1.746128e-09
1.739829e-09
1.730632e-09
1.720161e-09
1.709692e-09
1.699993e-09
1.691436e-09
1.684132e-09
1.678051e-09
1.673092e-09
1.669136e-09
1.666065e-09
1.663780e-09
1.662203e-09
1.661279e-09
1.657497e-09
1.657814e-09
1.658777e-09
1.660431e-09
1.662852e-09
1.666150e-09
1.670475e-09
1.676021e-09
1.683019e-09
1.691723e-09
1.702364e-09
1.715058e-09
1.729636e-09
1.745350e-09
1.760420e-09
1.771210e-09
1.767676e-09
1.721606e-09
1.930357e-09
5.429483e-09
2.334733e-08
9.917513e-08
4.126629e-07
1.685043e-06
6.741600e-06
2.636632e-05
1.005176e-04
3.721428e-04
1.330200e-03
4.542462e-03
1.454482e-02
4.254854e-02
1.112404e-01
2.586385e-01
5.413798e-01
1.038424e+00
1.843707e+00
3.018405e+00
4.493709e+00
6.022661e+00
7.319432e+00
8.254135e+00
8.862250e+00
9.238709e+00
9.468513e+00
9.609637e+00
9.697248e+00
9.751656e+00
9.784412e+00
9.801932e+00
9.807445e+00
9.801932e+00
9.784412e+00
9.751656e+00
9.697248e+00
9.609637e+00
9.468513e+00
9.238709e+00
8.862250e+00
8.254135e+00
7.319432e+00
6.022661e+00
4.493709e+00
3.018405e+00
1.843707e+00
1.038424e+00
5.413798e-01
2.586385e-01
1.112404e-01
4.254854e-02
1.454482e-02
4.542462e-03
1.330200e-03
3.721428e-04
1.005176e-04
2.636632e-05
6.741600e-06
1.685043e-06
4.126629e-07
9.917513e-08
2.334733e-08
5.429483e-09
1.930357e-09
1.721606e-09
1.767676e-09
1.771210e-09
1.760420e-09
1.745350e-09
1.729636e-09
1.715058e-09
1.702364e-09
1.691723e-09
1.683019e-09
1.676021e-09
1.670475e-09
1.666150e-09
1.662852e-09
1.660431e-09
1.658777e-09
1.657814e-09
1.653391e-09
1.653705e-09
1.654665e-09
1.656323e-09
1.658769e-09
1.662143e-09
1.666644e-09
1.672543e-09
1.680198e-09
1.690057e-09
1.702637e-09
1.718449e-09
1.737808e-09
1.760439e-09
1.784700e-09
1.806854e-09
1.825734e-09
1.759900e-09
3.506252e-09
1.466344e-08
6.427298e-08
2.785941e-07
1.188827e-06
4.986647e-06
2.052363e-05
8.268789e-05
3.250694e-04
1.240268e-03
4.542462e-03
1.562353e-02
4.885074e-02
1.351504e-01
3.296584e-01
7.213186e-01
1.442865e+00
2.641823e+00
4.330622e+00
6.189743e+00
7.730078e+00
8.735206e+00
9.302603e+00
9.604243e+00
9.763920e+00
9.850627e+00
9.899436e+00
9.927918e+00
9.945022e+00
9.955413e+00
9.961579e+00
9.964848e+00
9.965872e+00
9.964848e+00
9.961579e+00
9.955413e+00
9.945022e+00
9.927918e+00
9.899436e+00
9.850627e+00
9.763920e+00
9.604243e+00
9.302603e+00
8.735206e+00
7.730078e+00
6.189743e+00
4.330622e+00
2.641823e+00
1.442865e+00
7.213186e-01
3.296584e-01
1.351504e-01
4.885074e-02
1.562353e-02
4.542462e-03
1.240268e-03
3.250694e-04
8.268789e-05
2.052363e-05
4.986647e-06
1.188827e-06
2.785941e-07
6.427298e-08
1.466344e-08
3.506251e-09
1.759900e-09
1.825734e-09
1.806854e-09
1.784700e-09
1.760439e-09
1.737808e-09
1.718449e-09
1.702637e-09
1.690057e-09
1.680198e-09
1.672543e-09
1.666644e-09
1.662143e-09
1.658769e-09
1.656323e-09
1.654665e-09
1.653705e-09
1.648662e-09
1.648958e-09
1.649863e-09
1.651433e-09
1.653768e-09
1.657022e-09
1.661429e-09
1.667326e-09
1.675187e-09
1.685671e-09
1.699652e-09
1.718206e-09
1.742498e-09
1.773460e-09
1.810948e-09
1.849345e-09
1.874071e-09
2.338518e-09
8.254851e-09
3.769188e-08
1.693283e-07
7.513641e-07
3.287476e-06
1.416067e-05
5.993877e-05
2.486697e-04
1.006705e-03
3.937524e-03
1.454482e-02
4.885074e-02
1.441554e-01
3.718457e-01
8.561589e-01
1.793225e+00
3.377806e+00
5.479070e+00
7.442680e+00
8.734323e+00
9.403041e+00
9.713863e+00
9.855781e+00
9.922491e+00
9.955378e+00
9.972460e+00
9.981792e+00
9.987122e+00
9.990273e+00
9.992167e+00
9.993282e+00
9.993870e+00
9.994054e+00
9.993870e+00
9.993282e+00
9.992167e+00
9.990273e+00
9.987122e+00
9.981792e+00
9.972460e+00
9.955378e+00
9.922491e+00
9.855781e+00
9.713863e+00
9.403041e+00
8.734323e+00
7.442680e+00
5.479070e+00
3.377806e+00
1.793225e+00
8.561589e-01
3.718457e-01
1.441554e-01
4.885074e-02
1.454482e-02
3.937524e-03
1.006705e-03
2.486697e-04
5.993877e-05
1.416067e-05
3.287476e-06
7.513641e-07
1.693283e-07
3.769188e-08
8.254851e-09
2.338518e-09
1.874071e-09
1.849345e-09
1.810948e-09
1.773460e-09
1.742498e-09
1.718206e-09
1.699652e-09
1.685671e-09
1.675187e-09
1.667326e-09
1.661429e-09
1.657022e-09
1.653768e-09
1.651433e-09
1.649863e-09
1.648958e-09
1.643346e-09
1.643606e-09
1.644403e-09
1.645789e-09
1.647858e-09
1.650766e-09
1.654749e-09
1.660173e-09
1.667589e-09
1.677827e-09
1.692113e-09
1.712193e-09
1.740384e-09
1.779456e-09
1.832943e-09
1.910413e-09
1.934382e-09
4.374257e-09
1.998272e-08
9.300883e-08
4.274175e-07
1.941135e-06
8.703973e-06
3.847879e-05
1.673895e-04
7.141712e-04
2.965275e-03
1.173916e-02
4.254854e-02
1.351504e-01
3.718457e-01
9.063986e-01
1.997324e+00
3.886660e+00
6.267121e+00
8.193720e+00
9.239321e+00
9.689619e+00
9.869065e+00
9.941234e+00
9.971643e+00
9.985239e+00
9.991707e+00
9.994978e+00
9.996729e+00
9.997713e+00
9.998287e+00
9.998629e+00
9.998830e+00
9.998935e+00
9.998968e+00
9.998935e+00
9.998830e+00
9.998629e+00
9.998287e+00
9.997713e+00
9.996729e+00
9.994978e+00
9.991707e+00
9.985239e+00
9.971643e+00
9.941234e+00
9.869065e+00
9.689619e+00
9.239321e+00
8.193720e+00
6.267121e+00
3.886660e+00
1.997324e+00
9.063986e-01
3.718457e-01
1.351504e-01
4.254854e-02
1.173916e-02
2.965274e-03
7.141712e-04
1.673895e-04
3.847879e-05
8.703974e-06
1.941135e-06
4.274175e-07
9.300883e-08
1.998272e-08
4.374257e-09
1.934381e-09
1.910413e-09
1.832943e-09
1.779456e-09
1.740384e-09
1.712193e-09
1.692113e-09
1.677827e-09
1.667589e-09
1.660173e-09
1.654749e-09
1.650766e-09
1.647858e-09
1.645789e-09
1.644403e-09
1.643606e-09
1.637515e-09
1.637724e-09
1.638362e-09
1.639471e-09
1.641125e-09
1.643453e-09
1.646659e-09
1.651074e-09
1.657235e-09
1.666022e-09
1.678882e-09
1.698149e-09
1.727414e-09
1.771629e-09
1.834598e-09
1.922764e-09
2.530917e-09
9.588063e-09
4.637106e-08
2.199485e-07
1.032295e-06
4.794263e-06
2.201298e-05
9.978690e-05
4.455650e-04
1.949322e-03
8.226795e-03
3.223792e-02
1.112404e-01
3.296584e-01
8.561589e-01
1.997324e+00
4.066634e+00
6.652737e+00
8.569193e+00
9.474454e+00
9.812040e+00
9.930071e+00
9.972200e+00
9.988066e+00
9.994444e+00
9.997191e+00
9.998459e+00
9.999084e+00
9.999412e+00
9.999594e+00
9.999699e+00
9.999760e+00
9.999796e+00
9.999815e+00
9.999821e+00
9.999815e+00
9.999796e+00
9.999760e+00
9.999699e+00
9.999594e+00
9.999412e+00
9.999084e+00
9.998459e+00
9.997191e+00
9.994444e+00
9.988066e+00
9.972200e+00
9.930071e+00
9.812040e+00
9.474454e+00
8.569193e+00
6.652737e+00
4.066634e+00
1.997324e+00
8.561589e-01
3.296584e-01
1.112404e-01
3.223792e-02
8.226795e-03
1.949322e-03
4.455650e-04
9.978690e-05
2.201298e-05
4.794263e-06
1.032295e-06
2.199485e-07
4.637106e-08
9.588063e-09
2.530917e-09
1.922764e-09
1.834598e-09
1.771629e-09
1.727414e-09
1.698149e-09
1.678882e-09
1.666022e-09
1.657235e-09
1.651074e-09
1.646659e-09
1.643453e-09
1.641125e-09
1.639471e-09
1.638362e-09
1.637724e-09
1.631272e-09
1.631417e-09
1.631857e-09
1.632615e-09
1.633732e-09
1.635282e-09
1.637393e-09
1.640284e-09
1.644346e-09
1.650290e-09
1.659458e-09
1.674370e-09
1.699593e-09
1.743238e-09
1.820831e-09
1.866182e-09
4.404787e-09
2.107344e-08
1.029407e-07
4.973614e-07
2.381604e-06
1.129958e-05
5.307034e-05
2.463672e-04
1.126745e-03
5.026293e-03
2.122071e-02
8.010318e-02
2.586385e-01
7.213186e-01
1.793225e+00
3.886660e+00
6.652737e+00
8.681315e+00
9.566906e+00
9.862814e+00
9.954964e+00
9.984236e+00
9.994043e+00
9.997552e+00
9.998902e+00
9.999462e+00
9.999712e+00
9.999833e+00
9.999894e+00
9.999928e+00
9.999947e+00
9.999958e+00
9.999965e+00
9.999968e+00
9.999969e+00
9.999968e+00
9.999965e+00
9.999958e+00
9.999947e+00
9.999928e+00
9.999894e+00
9.999833e+00
9.999712e+00
9.999462e+00
9.998902e+00
9.997552e+00
9.994043e+00
9.984236e+00
9.954964e+00
9.862814e+00
9.566906e+00
8.681315e+00
6.652737e+00
3.886660e+00
1.793225e+00
7.213186e-01
2.586385e-01
8.010318e-02
2.122071e-02
5.026293e-03
1.126745e-03
2.463672e-04
5.307034e-05
1.129958e-05
2.381604e-06
4.973614e-07
1.029407e-07
2.107344e-08
4.404787e-09
1.866182e-09
1.820831e-09
1.743238e-09
1.699593e-09
1.674370e-09
1.659458e-09
1.650290e-09
1.644346e-09
1.640284e-09
1.637393e-09
1.635282e-09
1.633732e-09
1.632615e-09
1.631857e-09
1.631417e-09
1.624741e-09
1.624816e-09
1.625038e-09
1.625405e-09
1.625913e-09
1.626565e-09
1.627372e-09
1.628375e-09
1.629672e-09
1.631524e-09
1.634620e-09
1.640805e-09
1.654476e-09
1.683276e-09
1.746962e-09
2.275031e-09
8.765870e-09
4.408301e-08
2.184252e-07
1.073999e-06
5.241436e-06
2.537535e-05
1.217508e-04
5.778199e-04
2.697471e-03
1.215016e-02
5.021177e-02
1.787937e-01
5.413798e-01
1.442865e+00
3.377806e+00
6.267121e+00
8.569193e+00
9.566906e+00
9.876783e+00
9.964125e+00
9.988960e+00
9.996353e+00
9.998694e+00
9.999489e+00
9.999780e+00
9.999896e+00
9.999946e+00
9.999969e+00
9.999981e+00
9.999987e+00
9.999991e+00
9.999993e+00
9.999994e+00
9.999994e+00
9.999995e+00
9.999994e+00
9.999994e+00
9.999993e+00
9.999991e+00
9.999987e+00
9.999981e+00
9.999969e+00
9.999946e+00
9.999896e+00
9.999780e+00
9.999489e+00
9.998694e+00
9.996353e+00
9.988960e+00
9.964125e+00
9.876783e+00
9.566906e+00
8.569193e+00
6.267121e+00
3.377806e+00
1.442865e+00
5.413798e-01
1.787937e-01
5.021177e-02
1.215016e-02
2.697471e-03
5.778199e-04
1.217508e-04
2.537535e-05
5.241436e-06
1.073999e-06
2.184252e-07
4.408301e-08
8.765870e-09
2.275031e-09
1.746962e-09
1.683276e-09
1.654476e-09
1.640805e-09
1.634620e-09
1.631524e-09
1.629672e-09
1.628375e-09
1.627372e-09
1.626565e-09
1.625913e-09
1.625405e-09
1.625038e-09
1.624816e-09
1.618061e-09
1.618067e-09
1.618074e-09
1.618053e-09
1.617953e-09
1.617696e-09
1.617166e-09
1.616191e-09
1.614505e-09
1.611681e-09
1.607111e-09
1.600465e-09
1.594215e-09
1.599897e-09
1.572589e-09
3.575759e-09
1.738237e-08
8.798132e-08
4.425435e-07
2.212569e-06
1.099215e-05
5.423105e-05
2.654089e-04
1.284811e-03
6.089884e-03
2.729938e-02
1.080713e-01
3.607270e-01
1.038424e+00
2.641823e+00
5.479070e+00
8.193720e+00
9.474454e+00
9.862814e+00
9.964125e+00
9.990225e+00
9.997176e+00
9.999124e+00
9.999705e+00
9.999891e+00
9.999955e+00
9.999980e+00
9.999990e+00
9.999994e+00
9.999997e+00
9.999998e+00
9.999998e+00
9.999999e+00
9.999999e+00
9.999999e+00
9.999999e+00
9.999999e+00
9.999999e+00
9.999999e+00
9.999998e+00
9.999998e+00
9.999997e+00
9.999994e+00
9.999990e+00
9.999980e+00
9.999955e+00
9.999891e+00
9.999705e+00
9.999124e+00
9.997176e+00
9.990225e+00
9.964125e+00
9.862814e+00
9.474454e+00
8.193720e+00
5.479070e+00
2.641823e+00
1.038424e+00
3.607270e-01
1.080713e-01
2.729938e-02
6.089884e-03
1.284811e-03
2.654089e-04
5.423105e-05
1.099215e-05
2.212569e-06
4.425435e-07
8.798132e-08
1.738237e-08
3.575759e-09
1.572589e-09
1.599897e-09
1.594215e-09
1.600465e-09
1.607111e-09
1.611681e-09
1.614505e-09
1.616191e-09
1.617166e-09
1.617696e-09
1.617953e-09
1.618053e-09
1.618074e-09
1.618067e-09
1.611367e-09
1.611313e-09
1.611133e-09
1.610776e-09
1.610146e-09
1.609092e-09
1.607389e-09
1.604692e-09
1.600438e-09
1.593585e-09
1.581994e-09
1.561261e-09
1.524642e-09
1.481038e-09
1.747378e-09
6.386777e-09
3.274915e-08
1.676996e-07
8.557492e-07
4.345709e-06
2.195014e-05
1.102023e-04
5.491652e-04
2.703522e-03
1.290888e-02
5.659819e-02
2.116801e-01
6.671343e-01
1.843707e+00
4.330622e+00
7.442680e+00
9.239321e+00
9.812040e+00
9.954964e+00
9.988960e+00
9.997176e+00
9.999236e+00
9.999779e+00
9.999930e+00
9.999976e+00
9.999991e+00
9.999996e+00
9.999998e+00
9.999999e+00
9.999999e+00
1.000000e+01
1.000000e+01
1.000000e+01
1.000000e+01
1.000000e+01
1.000000e+01
1.000000e+01
1.000000e+01
1.000000e+01
1.000000e+01
1.000000e+01
9.999999e+00
9.999999e+00
9.999998e+00
9.999996e+00
9.999991e+00
9.999976e+00
9.999930e+00
9.999779e+00
9.999236e+00
9.997176e+00
9.988960e+00
9.954964e+00
9.812040e+00
9.239321e+00
7.442680e+00
4.330622e+00
1.843707e+00
6.671343e-01
2.116801e-01
5.659819e-02
1.290888e-02
2.703522e-03
5.491652e-04
1.102023e-04
2.195014e-05
4.345709e-06
8.557492e-07
1.676996e-07
3.274915e-08
6.386777e-09
1.747378e-09
1.481038e-09
1.524642e-09
1.561261e-09
1.581994e-09
1.593585e-09
1.600438e-09
1.604692e-09
1.607389e-09
1.609092e-09
1.610146e-09
1.610776e-09
1.611133e-09
1.611313e-09
1.604776e-09
1.604678e-09
1.604364e-09
1.603764e-09
1.602749e-09
1.601118e-09
1.598573e-09
1.594681e-09
1.588805e-09
1.579857e-09
1.565406e-09
1.538426e-09
1.476371e-09
1.302522e-09
2.436425e-09
1.139276e-08
5.884366e-08
3.052170e-07
1.578823e-06
8.134156e-06
4.171630e-05
2.128113e-04
1.077672e-03
5.374198e-03
2.558156e-02
1.079456e-01
3.804457e-01
1.146171e+00
3.018405e+00
6.189743e+00
8.734323e+00
9.689619e+00
9.930071e+00
9.984236e+00
9.996353e+00
9.999124e+00
9.999779e+00
9.999940e+00
9.999983e+00
9.999994e+00
9.999998e+00
9.999999e+00
1.000000e+01
1.000000e+01
1.000000e+01
1.000000e+01
1.000000e+01
1.000000e+01
1.000000e+01
1.000000e+01
1.000000e+01
1.000000e+01
1.000000e+01
1.000000e+01
1.000000e+01
1.000000e+01
1.000000e+01
1.000000e+01
1.000000e+01
9.999999e+00
9.999998e+00
9.999994e+00
9.999983e+00
9.999940e+00
9.999779e+00
9.999124e+00
9.996353e+00
9.984236e+00
9.930071e+00
9.689619e+00
8.734323e+00
6.189743e+00
3.018405e+00
1.146171e+00
3.804457e-01
1.079456e-01
2.558156e-02
5.374198e-03
1.077672e-03
2.128113e-04
4.171630e-05
8.134156e-06
1.578823e-06
3.052170e-07
5.884366e-08
1.139276e-08
2.436425e-09
1.302522e-09
1.476371e-09
1.538426e-09
1.565406e-09
1.579857e-09
1.588805e-09
1.594681e-09
1.598573e-09
1.601118e-09
1.602749e-09
1.603764e-09
1.604364e-09
1.604678e-09
1.598372e-09
1.598253e-09
1.597872e-09
1.597153e-09
1.595952e-09
1.594038e-09
1.591071e-09
1.586593e-09
1.580069e-09
1.571040e-09
1.559292e-09
1.543949e-09
1.514656e-09
1.420183e-09
3.789081e-09
1.927569e-08
1.010156e-07
5.304743e-07
2.778776e-06
1.450657e-05
7.543729e-05
3.904175e-04
2.004595e-03
1.007579e-02
4.724651e-02
1.898581e-01
6.346663e-01
1.842081e+00
4.493709e+00
7.730078e+00
9.403041e+00
9.869065e+00
9.972200e+00
9.994043e+00
9.998694e+00
9.999705e+00
9.999930e+00
9.999983e+00
9.999995e+00
9.999999e+00
1.000000e+01
1.000000e+01
1.000000e+01
1.000000e+01
1.000000e+01
1.000000e+01
1.000000e+01
1.000000e+01
1.000000e+01
1.000000e+01
1.000000e+01
1.000000e+01
1.000000e+01
1.000000e+01
1.000000e+01
1.000000e+01
1.000000e+01
1.000000e+01
1.000000e+01
1.000000e+01
1.000000e+01
9.999999e+00
9.999995e+00
9.999983e+00
9.999930e+00
9.999705e+00
9.998694e+00
9.994043e+00
9.972200e+00
9.869065e+00
9.403041e+00
7.730078e+00
4.493709e+00
1.842081e+00
6.346663e-01
1.898581e-01
4.724651e-02
1.007579e-02
2.004595e-03
3.904175e-04
7.543729e-05
1.450657e-05
2.778776e-06
5.304743e-07
1.010156e-07
1.927569e-08
3.789081e-09
1.420183e-09
1.514656e-09
1.543949e-09
1.559292e-09
1.571040e-09
1.580069e-09
1.586593e-09
1.591071e-09
1.594038e-09
1.595952e-09
1.597153e-09
1.597872e-09
1.598253e-09
1.592197e-09
1.592080e-09
1.591708e-09
1.591010e-09
1.589849e-09
1.587991e-09
1.585067e-09
1.580558e-09
1.573894e-09
1.564967e-09
1.555954e-09
1.557207e-09
1.602913e-09
1.721300e-09
5.807388e-09
3.113879e-08
1.657757e-07
8.805785e-07
4.665747e-06
2.465015e-05
1.297995e-04
6.804019e-04
3.533251e-03
1.779206e-02
8.126225e-02
3.100355e-01
9.930024e-01
2.768771e+00
6.022661e+00
8.735206e+00
9.713863e+00
9.941234e+00
9.988066e+00
9.997552e+00
9.999489e+00
9.999891e+00
9.999976e+00
9.999994e+00
9.999999e+00
1.000000e+01
1.000000e+01
1.000000e+01
1.000000e+01
1.000000e+01
1.000000e+01
1.000000e+01
1.000000e+01
1.000000e+01
1.000000e+01
1.000000e+01
1.000000e+01
1.000000e+01
1.000000e+01
1.000000e+01
1.000000e+01
1.000000e+01
1.000000e+01
1.000000e+01
1.000000e+01
1.000000e+01
1.000000e+01
1.000000e+01
9.999999e+00
9.999994e+00
9.999976e+00
9.999891e+00
9.999489e+00
9.997552e+00
9.988066e+00
9.941234e+00
9.713863e+00
8.735206e+00
6.022661e+00
2.768771e+00
9.930024e-01
3.100355e-01
8.126225e-02
1.779206e-02
3.533251e-03
6.804019e-04
1.297995e-04
2.465015e-05
4.665747e-06
8.805785e-07
1.657757e-07
3.113879e-08
5.807388e-09
1.721300e-09
1.602913e-09
1.557207e-09
1.555954e-09
1.564967e-09
1.573894e-09
1.580558e-09
1.585067e-09
1.587991e-09
1.589849e-09
1.591010e-09
1.591708e-09
1.592080e-09
1.586251e-09
1.586156e-09
1.585858e-09
1.585313e-09
1.584420e-09
1.582982e-09
1.580629e-09
1.576723e-09
1.570272e-09
1.560067e-09
1.545885e-09
1.534610e-09
1.574607e-09
2.088448e-09
8.838706e-09
4.836411e-08
2.602878e-07
1.396460e-06
7.475158e-06
3.991727e-05
2.125448e-04
1.126599e-03
5.900317e-03
2.956863e-02
1.304350e-01
4.740640e-01
1.467347e+00
3.876547e+00
7.319432e+00
9.302603e+00
9.855781e+00
9.971643e+00
9.994444e+00
9.998902e+00
9.999780e+00
9.999955e+00
9.999991e+00
9.999998e+00
1.000000e+01
1.000000e+01
1.000000e+01
1.000000e+01
1.000000e+01
1.000000e+01
1.000000e+01
1.000000e+01
1.000000e+01
1.000000e+01
1.000000e+01
1.000000e+01
1.000000e+01
1.000000e+01
1.000000e+01
1.000000e+01
1.000000e+01
1.000000e+01
1.000000e+01
1.000000e+01
1.000000e+01
1.000000e+01
1.000000e+01
1.000000e+01
1.000000e+01
9.999998e+00
9.999991e+00
9.999955e+00
9.999780e+00
9.998902e+00
9.994444e+00
9.971643e+00
9.855781e+00
9.302603e+00
7.319432e+00
3.876547e+00
1.467347e+00
4.740640e-01
1.304350e-01
2.956863e-02
5.900317e-03
1.126599e-03
2.125448e-04
3.991727e-05
7.475158e-06
1.396460e-06
2.602878e-07
4.836411e-08
8.838706e-09
2.088448e-09
1.574607e-09
1.534610e-09
1.545885e-09
1.560067e-09
1.570272e-09
1.576723e-09
1.580629e-09
1.582982e-09
1.584420e-09
1.585313e-09
1.585858e-09
1.586156e-09
1.580490e-09
1.580429e-09
1.580247e-09
1.579948e-09
1.579510e-09
1.578842e-09
1.577682e-09
1.575377e-09
1.570477e-09
1.559889e-09
1.536969e-09
1.485232e-09
1.344637e-09
2.694600e-09
1.332848e-08
7.215744e-08
3.910867e-07
2.116258e-06
1.143105e-05
6.162202e-05
3.313422e-04
1.772934e-03
9.336665e-03
4.626230e-02
1.962539e-01
6.842152e-01
2.055031e+00
5.044481e+00
8.254135e+00
9.604243e+00
9.922491e+00
9.985239e+00
9.997191e+00
9.999462e+00
9.999896e+00
9.999980e+00
9.999996e+00
9.999999e+00
1.000000e+01
1.000000e+01
1.000000e+01
1.000000e+01
1.000000e+01
1.000000e+01
1.000000e+01
1.000000e+01
1.000000e+01
1.000000e+01
1.000000e+01
1.000000e+01
1.000000e+01
1.000000e+01
1.000000e+01
1.000000e+01
1.000000e+01
1.000000e+01
1.000000e+01
1.000000e+01
1.000000e+01
1.000000e+01
1.000000e+01
1.000000e+01
1.000000e+01
9.999999e+00
9.999996e+00
9.999980e+00
9.999896e+00
9.999462e+00
9.997191e+00
9.985239e+00
9.922491e+00
9.604243e+00
8.254135e+00
5.044481e+00
2.055031e+00
6.842152e-01
1.962539e-01
4.626230e-02
9.336665e-03
1.772934e-03
3.313422e-04
6.162202e-05
1.143105e-05
2.116258e-06
3.910867e-07
7.215744e-08
1.332848e-08
2.694600e-09
1.344637e-09
1.485232e-09
1.536969e-09
1.559889e-09
1.570477e-09
1.575377e-09
1.577682e-09
1.578842e-09
1.579510e-09
1.579948e-09
1.580247e-09
1.580429e-09
1.574852e-09
1.574822e-09
1.574752e-09
1.574711e-09
1.574802e-09
1.575138e-09
1.575754e-09
1.576378e-09
1.575855e-09
1.570803e-09
1.552501e-09
1.499869e-09
1.367305e-09
3.627149e-09
1.897102e-08
1.030594e-07
5.622888e-07
3.065630e-06
1.669097e-05
9.072541e-05
4.919895e-04
2.653078e-03
1.400629e-02
6.824709e-02
2.783729e-01
9.382181e-01
2.732170e+00
6.126522e+00
8.862250e+00
9.763920e+00
9.955378e+00
9.991707e+00
9.998459e+00
9.999712e+00
9.999946e+00
9.999990e+00
9.999998e+00
1.000000e+01
1.000000e+01
1.000000e+01
1.000000e+01
1.000000e+01
1.000000e+01
1.000000e+01
1.000000e+01
1.000000e+01
1.000000e+01
1.000000e+01
1.000000e+01
1.000000e+01
1.000000e+01
1.000000e+01
1.000000e+01
1.000000e+01
1.000000e+01
1.000000e+01
1.000000e+01
1.000000e+01
1.000000e+01
1.000000e+01
1.000000e+01
1.000000e+01
1.000000e+01
1.000000e+01
9.999998e+00
9.999990e+00
9.999946e+00
9.999712e+00
9.998459e+00
9.991707e+00
9.955378e+00
9.763920e+00
8.862250e+00
6.126522e+00
2.732170e+00
9.382181e-01
2.783729e-01
6.824709e-02
1.400629e-02
2.653078e-03
4.919895e-04
9.072542e-05
1.669097e-05
3.065630e-06
5.622888e-07
1.030594e-07
1.897102e-08
3.627149e-09
1.367305e-09
1.499869e-09
1.552501e-09
1.570803e-09
1.575855e-09
1.576378e-09
1.575754e-09
1.575138e-09
1.574802e-09
1.574711e-09
1.574752e-09
1.574822e-09
1.569284e-09
1.569261e-09
1.569235e-09
1.569344e-09
1.569839e-09
1.571110e-09
1.573692e-09
1.578196e-09
1.584970e-09
1.593119e-09
1.598195e-09
1.588428e-09
1.543708e-09
4.734859e-09
2.568746e-08
1.408848e-07
7.737412e-07
4.246454e-06
2.327970e-05
1.274483e-04
6.961576e-04
3.777392e-03
1.993471e-02
9.517628e-02
3.743847e-01
1.228188e+00
3.453981e+00
7.021599e+00
9.238709e+00
9.850627e+00
9.972460e+00
9.994978e+00
9.999084e+00
9.999833e+00
9.999969e+00
9.999994e+00
9.999999e+00
1.000000e+01
1.000000e+01
1.000000e+01
1.000000e+01
1.000000e+01
1.000000e+01
1.000000e+01
1.000000e+01
1.000000e+01
1.000000e+01
1.000000e+01
1.000000e+01
1.000000e+01
1.000000e+01
1.000000e+01
1.000000e+01
1.000000e+01
1.000000e+01
1.000000e+01
1.000000e+01
1.000000e+01
1.000000e+01
1.000000e+01
1.000000e+01
1.000000e+01
1.000000e+01
1.000000e+01
9.999999e+00
9.999994e+00
9.999969e+00
9.999833e+00
9.999084e+00
9.994978e+00
9.972460e+00
9.850627e+00
9.238709e+00
7.021599e+00
3.453981e+00
1.228188e+00
3.743847e-01
9.517628e-02
1.993471e-02
3.777392e-03
6.961575e-04
1.274483e-04
2.327970e-05
4.246454e-06
7.737412e-07
1.408848e-07
2.568746e-08
4.734859e-09
1.543708e-09
1.588428e-09
1.598195e-09
1.593119e-09
1.584970e-09
1.578196e-09
1.573692e-09
1.571110e-09
1.569839e-09
1.569344e-09
1.569235e-09
1.569261e-09
1.563776e-09
1.563718e-09
1.563602e-09
1.563615e-09
1.564128e-09
1.565788e-09
1.569682e-09
1.577572e-09
1.592175e-09
1.617270e-09
1.656898e-09
1.712181e-09
1.776042e-09
6.001277e-09
3.335866e-08
1.845242e-07
1.019385e-06
5.626517e-06
3.102716e-05
1.708994e-04
9.391817e-04
5.120192e-03
2.694805e-02
1.258800e-01
4.798328e-01
1.540216e+00
4.164323e+00
7.702260e+00
9.468513e+00
9.899436e+00
9.981792e+00
9.996729e+00
9.999412e+00
9.999894e+00
9.999981e+00
9.999997e+00
9.999999e+00
1.000000e+01
1.000000e+01
1.000000e+01
1.000000e+01
1.000000e+01
1.000000e+01
1.000000e+01
1.000000e+01
1.000000e+01
1.000000e+01
1.000000e+01
1.000000e+01
1.000000e+01
1.000000e+01
1.000000e+01
1.000000e+01
1.000000e+01
1.000000e+01
1.000000e+01
1.000000e+01
1.000000e+01
1.000000e+01
1.000000e+01
1.000000e+01
1.000000e+01
1.000000e+01
1.000000e+01
9.999999e+00
9.999997e+00
9.999981e+00
9.999894e+00
9.999412e+00
9.996729e+00
9.981792e+00
9.899436e+00
9.468513e+00
7.702260e+00
4.164323e+00
1.540216e+00
4.798328e-01
1.258800e-01
2.694805e-02
5.120192e-03
9.391816e-04
1.708994e-04
3.102716e-05
5.626517e-06
1.019385e-06
1.845242e-07
3.335866e-08
6.001277e-09
1.776042e-09
1.712181e-09
1.656898e-09
1.617270e-09
1.592175e-09
1.577572e-09
1.569682e-09
1.565788e-09
1.564128e-09
1.563615e-09
1.563602e-09
1.563718e-09
1.558402e-09
1.558254e-09
1.557868e-09
1.557431e-09
1.557340e-09
1.558342e-09
1.561838e-09
1.570434e-09
1.588997e-09
1.626502e-09
1.698461e-09
1.825481e-09
2.015857e-09
7.358253e-09
4.161530e-08
2.317139e-07
1.286314e-06
7.133616e-06
3.953110e-05
2.188426e-04
1.208632e-03
6.611736e-03
3.464691e-02
1.584280e-01
5.884596e-01
1.855225e+00
4.810348e+00
8.191800e+00
9.609637e+00
9.927918e+00
9.987122e+00
9.997713e+00
9.999594e+00
9.999928e+00
9.999987e+00
9.999998e+00
1.000000e+01
1.000000e+01
1.000000e+01
1.000000e+01
1.000000e+01
1.000000e+01
1.000000e+01
1.000000e+01
1.000000e+01
1.000000e+01
1.000000e+01
1.000000e+01
1.000000e+01
1.000000e+01
1.000000e+01
1.000000e+01
1.000000e+01
1.000000e+01
1.000000e+01
1.000000e+01
1.000000e+01
1.000000e+01
1.000000e+01
1.000000e+01
1.000000e+01
1.000000e+01
1.000000e+01
1.000000e+01
1.000000e+01
9.999998e+00
9.999987e+00
9.999928e+00
9.999594e+00
9.997713e+00
9.987122e+00
9.927918e+00
9.609637e+00
8.191800e+00
4.810348e+00
1.855225e+00
5.884596e-01
1.584280e-01
3.464691e-02
6.611736e-03
1.208632e-03
2.188426e-04
3.953110e-05
7.133616e-06
1.286314e-06
2.317139e-07
4.161530e-08
7.358253e-09
2.015857e-09
1.825481e-09
1.698461e-09
1.626502e-09
1.588997e-09
1.570434e-09
1.561838e-09
1.558342e-09
1.557340e-09
1.557431e-09
1.557868e-09
1.558254e-09
1.553340e-09
1.553050e-09
1.552215e-09
1.550959e-09
1.549558e-09
1.548591e-09
1.549247e-09
1.553986e-09
1.568008e-09
1.602639e-09
1.683495e-09
1.867626e-09
2.216684e-09
8.725804e-09
4.990969e-08
2.790940e-07
1.555137e-06
8.657336e-06
4.816464e-05
2.677229e-04
1.484394e-03
8.139135e-03
4.243133e-02
1.903412e-01
6.927353e-01
2.151300e+00
5.354441e+00
8.530659e+00
9.697248e+00
9.945022e+00
9.990273e+00
9.998287e+00
9.999699e+00
9.999947e+00
9.999991e+00
9.999998e+00
1.000000e+01
1.000000e+01
1.000000e+01
1.000000e+01
1.000000e+01
1.000000e+01
1.000000e+01
1.000000e+01
1.000000e+01
1.000000e+01
1.000000e+01
1.000000e+01
1.000000e+01
1.000000e+01
1.000000e+01
1.000000e+01
1.000000e+01
1.000000e+01
1.000000e+01
1.000000e+01
1.000000e+01
1.000000e+01
1.000000e+01
1.000000e+01
1.000000e+01
1.000000e+01
1.000000e+01
1.000000e+01
1.000000e+01
9.999998e+00
9.999991e+00
9.999947e+00
9.999699e+00
9.998287e+00
9.990273e+00
9.945022e+00
9.697248e+00
8.530659e+00
5.354441e+00
2.151300e+00
6.927353e-01
1.903412e-01
4.243133e-02
8.139135e-03
1.484394e-03
2.677229e-04
4.816464e-05
8.657336e-06
1.555137e-06
2.790940e-07
4.990969e-08
8.725805e-09
2.216684e-09
1.867626e-09
1.683495e-09
1.602639e-09
1.568008e-09
1.553986e-09
1.549247e-09
1.548591e-09
1.549558e-09
1.550959e-09
1.552215e-09
1.553050e-09
1.548870e-09
1.548405e-09
1.547007e-09
1.544675e-09
1.541436e-09
1.537411e-09
1.532981e-09
1.529158e-09
1.528508e-09
1.537549e-09
1.574588e-09
1.707117e-09
2.332494e-09
1.011277e-08
5.760473e-08
3.225431e-07
1.801908e-06
1.006012e-05
5.613876e-05
3.130193e-04
1.740667e-03
9.558241e-03
4.957626e-02
2.189032e-01
7.846500e-01
2.406799e+00
5.777794e+00
8.756924e+00
9.751656e+00
9.955413e+00
9.992167e+00
9.998629e+00
9.999760e+00
9.999958e+00
9.999993e+00
9.999999e+00
1.000000e+01
1.000000e+01
1.000000e+01
1.000000e+01
1.000000e+01
1.000000e+01
1.000000e+01
1.000000e+01
1.000000e+01
1.000000e+01
1.000000e+01
1.000000e+01
1.000000e+01
1.000000e+01
1.000000e+01
1.000000e+01
1.000000e+01
1.000000e+01
1.000000e+01
1.000000e+01
1.000000e+01
1.000000e+01
1.000000e+01
1.000000e+01
1.000000e+01
1.000000e+01
1.000000e+01
1.000000e+01
1.000000e+01
9.999999e+00
9.999993e+00
9.999958e+00
9.999760e+00
9.998629e+00
9.992167e+00
9.955413e+00
9.751656e+00
8.756924e+00
5.777794e+00
2.406799e+00
7.846500e-01
2.189032e-01
4.957626e-02
9.558241e-03
1.740667e-03
3.130193e-04
5.613876e-05
1.006012e-05
1.801908e-06
3.225431e-07
5.760473e-08
1.011277e-08
2.332494e-09
1.707117e-09
1.574588e-09
1.537549e-09
1.528508e-09
1.529158e-09
1.532981e-09
1.537411e-09
1.541436e-09
1.544675e-09
1.547007e-09
1.548405e-09
1.545328e-09
1.544692e-09
1.542737e-09
1.539313e-09
1.534136e-09
1.526730e-09
1.516332e-09
1.501715e-09
1.480823e-09
1.449663e-09
1.397059e-09
1.270950e-09
2.387623e-09
1.151972e-08
6.394619e-08
3.576849e-07
2.001446e-06
1.119669e-05
6.261499e-05
3.498964e-04
1.949728e-03
1.071514e-02
5.534100e-02
2.415132e-01
8.566495e-01
2.603133e+00
6.076106e+00
8.899644e+00
9.784412e+00
9.961579e+00
9.993282e+00
9.998830e+00
9.999796e+00
9.999965e+00
9.999994e+00
9.999999e+00
1.000000e+01
1.000000e+01
1.000000e+01
1.000000e+01
1.000000e+01
1.000000e+01
1.000000e+01
1.000000e+01
1.000000e+01
1.000000e+01
1.000000e+01
1.000000e+01
1.000000e+01
1.000000e+01
1.000000e+01
1.000000e+01
1.000000e+01
1.000000e+01
1.000000e+01
1.000000e+01
1.000000e+01
1.000000e+01
1.000000e+01
1.000000e+01
1.000000e+01
1.000000e+01
1.000000e+01
1.000000e+01
1.000000e+01
9.999999e+00
9.999994e+00
9.999965e+00
9.999796e+00
9.998830e+00
9.993282e+00
9.961579e+00
9.784412e+00
8.899644e+00
6.076106e+00
2.603133e+00
8.566495e-01
2.415132e-01
5.534100e-02
1.071514e-02
1.949728e-03
3.498964e-04
6.261499e-05
1.119669e-05
2.001446e-06
3.576849e-07
6.394619e-08
1.151972e-08
2.387623e-09
1.270950e-09
1.397059e-09
1.449663e-09
1.480823e-09
1.501715e-09
1.516332e-09
1.526730e-09
1.534136e-09
1.539313e-09
1.542737e-09
1.544692e-09
1.543041e-09
1.542281e-09
1.539915e-09
1.535674e-09
1.529017e-09
1.518967e-09
1.503778e-09
1.480290e-09
1.442620e-09
1.379437e-09
1.268066e-09
1.064007e-09
2.429991e-09
1.235366e-08
6.808316e-08
3.805792e-07
2.131464e-06
1.193824e-05
6.684698e-05
3.740328e-04
2.086735e-03
1.147278e-02
5.908808e-02
2.560248e-01
9.025551e-01
2.726493e+00
6.252308e+00
8.978131e+00
9.801932e+00
9.964848e+00
9.993870e+00
9.998935e+00
9.999815e+00
9.999968e+00
9.999994e+00
9.999999e+00
1.000000e+01
1.000000e+01
1.000000e+01
1.000000e+01
1.000000e+01
1.000000e+01
1.000000e+01
1.000000e+01
1.000000e+01
1.000000e+01
1.000000e+01
1.000000e+01
1.000000e+01
1.000000e+01
1.000000e+01
1.000000e+01
1.000000e+01
1.000000e+01
1.000000e+01
1.000000e+01
1.000000e+01
1.000000e+01
1.000000e+01
1.000000e+01
1.000000e+01
1.000000e+01
1.000000e+01
1.000000e+01
1.000000e+01
9.999999e+00
9.999994e+00
9.999968e+00
9.999815e+00
9.998935e+00
9.993870e+00
9.964848e+00
9.801932e+00
8.978131e+00
6.252308e+00
2.726493e+00
9.025551e-01
2.560248e-01
5.908808e-02
1.147278e-02
2.086735e-03
3.740328e-04
6.684698e-05
1.193824e-05
2.131464e-06
3.805792e-07
6.808316e-08
1.235366e-08
2.429991e-09
1.064007e-09
1.268066e-09
1.379437e-09
1.442620e-09
1.480290e-09
1.503778e-09
1.518967e-09
1.529017e-09
1.535674e-09
1.539915e-09
1.542281e-09
1.542250e-09
1.541443e-09
1.538927e-09
1.534383e-09
1.527172e-09
1.516122e-09
1.499105e-09
1.472220e-09
1.428213e-09
1.353743e-09
1.226283e-09
1.019817e-09
2.442472e-09
1.260778e-08
6.950784e-08
3.885262e-07
2.176624e-06
1.219598e-05
6.831905e-05
3.824351e-04
2.134459e-03
1.173659e-02
6.038765e-02
2.610261e-01
9.183254e-01
2.768537e+00
6.310468e+00
9.003150e+00
9.807445e+00
9.965872e+00
9.994054e+00
9.998968e+00
9.999821e+00
9.999969e+00
9.999995e+00
9.999999e+00
1.000000e+01
1.000000e+01
1.000000e+01
1.000000e+01
1.000000e+01
1.000000e+01
1.000000e+01
1.000000e+01
1.000000e+01
1.000000e+01
1.000000e+01
1.000000e+01
1.000000e+01
1.000000e+01
1.000000e+01
1.000000e+01
1.000000e+01
1.000000e+01
1.000000e+01
1.000000e+01
1.000000e+01
1.000000e+01
1.000000e+01
1.000000e+01
1.000000e+01
1.000000e+01
1.000000e+01
1.000000e+01
1.000000e+01
9.999999e+00
9.999995e+00
9.999969e+00
9.999821e+00
9.998968e+00
9.994054e+00
9.965872e+00
9.807445e+00
9.003150e+00
6.310468e+00
2.768537e+00
9.183254e-01
2.610261e-01
6.038765e-02
1.173659e-02
2.134459e-03
3.824351e-04
6.831905e-05
1.219598e-05
2.176624e-06
3.885262e-07
6.950784e-08
1.260778e-08
2.442472e-09
1.019817e-09
1.226283e-09
1.353743e-09
1.428213e-09
1.472220e-09
1.499105e-09
1.516122e-09
1.527172e-09
1.534383e-09
1.538927e-09
1.541443e-09
1.543041e-09
1.542281e-09
1.539915e-09
1.535674e-09
1.529017e-09
1.518967e-09
1.503778e-09
1.480290e-09
1.442620e-09
1.379437e-09
1.268066e-09
1.064007e-09
2.429991e-09
1.235366e-08
6.808316e-08
3.805792e-07
2.131464e-06
1.193824e-05
6.684698e-05
3.740328e-04
2.086735e-03
1.147278e-02
5.908808e-02
2.560248e-01
9.025551e-01
2.726493e+00
6.252308e+00
8.978131e+00
9.801932e+00
9.964848e+00
9.993870e+00
9.998935e+00
9.999815e+00
9.999968e+00
9.999994e+00
9.999999e+00
1.000000e+01
1.000000e+01
1.000000e+01
1.000000e+01
1.000000e+01
1.000000e+01
1.000000e+01
1.000000e+01
1.000000e+01
1.000000e+01
1.000000e+01
1.000000e+01
1.000000e+01
1.000000e+01
1.000000e+01
1.000000e+01
1.000000e+01
1.000000e+01
1.000000e+01
1.000000e+01
1.000000e+01
1.000000e+01
1.000000e+01
1.000000e+01
1.000000e+01
1.000000e+01
1.000000e+01
1.000000e+01
1.000000e+01
9.999999e+00
9.999994e+00
9.999968e+00
9.999815e+00
9.998935e+00
9.993870e+00
9.964848e+00
9.801932e+00
8.978131e+00
6.252308e+00
2.726493e+00
9.025551e-01
2.560248e-01
5.908808e-02
1.147278e-02
2.086735e-03
3.740328e-04
6.684698e-05
1.193824e-05
2.131464e-06
3.805792e-07
6.808316e-08
1.235366e-08
2.429991e-09
1.064007e-09
1.268066e-09
1.379437e-09
1.442620e-09
1.480290e-09
1.503778e-09
1.518967e-09
1.529017e-09
1.535674e-09
1.539915e-09
1.542281e-09
1.545328e-09
1.544692e-09
1.542737e-09
1.539313e-09
1.534136e-09
1.526730e-09
1.516332e-09
1.501715e-09
1.480823e-09
1.449663e-09
1.397059e-09
1.270950e-09
2.387623e-09
1.151972e-08
6.394619e-08
3.576849e-07
2.001446e-06
1.119669e-05
6.261499e-05
3.498964e-04
1.949728e-03
1.071514e-02
5.534100e-02
2.415132e-01
8.566495e-01
2.603133e+00
6.076106e+00
8.899644e+00
9.784412e+00
9.961579e+00
9.993282e+00
9.998830e+00
9.999796e+00
9.999965e+00
9.999994e+00
9.999999e+00
1.000000e+01
1.000000e+01
1.000000e+01
1.000000e+01
1.000000e+01
1.000000e+01
1.000000e+01
1.000000e+01
1.000000e+01
1.000000e+01
1.000000e+01
1.000000e+01
1.000000e+01
1.000000e+01
1.000000e+01
1.000000e+01
1.000000e+01
1.000000e+01
1.000000e+01
1.000000e+01
1.000000e+01
1.000000e+01
1.000000e+01
1.000000e+01
1.000000e+01
1.000000e+01
1.000000e+01
1.000000e+01
1.000000e+01
9.999999e+00
9.999994e+00
9.999965e+00
9.999796e+00
9.998830e+00
9.993282e+00
9.961579e+00
9.784412e+00
8.899644e+00
6.076106e+00
2.603133e+00
8.566495e-01
2.415132e-01
5.534100e-02
1.071514e-02
1.949728e-03
3.498964e-04
6.261499e-05
1.119669e-05
2.001446e-06
3.576849e-07
6.394619e-08
1.151972e-08
2.387623e-09
1.270950e-09
1.397059e-09
1.449663e-09
1.480823e-09
1.501715e-09
1.516332e-09
1.526730e-09
1.534136e-09
1.539313e-09
1.542737e-09
1.544692e-09
1.548870e-09
1.548405e-09
1.547007e-09
1.544675e-09
1.541436e-09
1.537411e-09
1.532981e-09
1.529158e-09
1.528508e-09
1.537549e-09
1.574588e-09
1.707117e-09
2.332494e-09
1.011277e-08
5.760473e-08
3.225431e-07
1.801908e-06
1.006012e-05
5.613876e-05
3.130193e-04
1.740667e-03
9.558241e-03
4.957626e-02
2.189032e-01
7.846500e-01
2.406799e+00
5.777794e+00
8.756924e+00
9.751656e+00
9.955413e+00
9.992167e+00
9.998629e+00
9.999760e+00
9.999958e+00
9.999993e+00
9.999999e+00
1.000000e+01
1.000000e+01
1.000000e+01
1.000000e+01
1.000000e+01
1.000000e+01
1.000000e+01
1.000000e+01
1.000000e+01
1.000000e+01
1.000000e+01
1.000000e+01
1.000000e+01
1.000000e+01
1.000000e+01
1.000000e+01
1.000000e+01
1.000000e+01
1.000000e+01
1.000000e+01
1.000000e+01
1.000000e+01
1.000000e+01
1.000000e+01
1.000000e+01
1.000000e+01
1.000000e+01
1.000000e+01
1.000000e+01
9.999999e+00
9.999993e+00
9.999958e+00
9.999760e+00
9.998629e+00
9.992167e+00
9.955413e+00
9.751656e+00
8.756924e+00
5.777794e+00
2.406799e+00
7.846500e-01
2.189032e-01
4.957626e-02
9.558241e-03
1.740667e-03
3.130193e-04
5.613876e-05
1.006012e-05
1.801908e-06
3.225431e-07
5.760473e-08
1.011277e-08
2.332494e-09
1.707117e-09
1.574588e-09
1.537549e-09
1.528508e-09
1.529158e-09
1.532981e-09
1.537411e-09
1.541436e-09
1.544675e-09
1.547007e-09
1.548405e-09
1.553340e-09
1.553050e-09
1.552215e-09
1.550959e-09
1.549558e-09
1.548591e-09
1.549247e-09
1.553986e-09
1.568008e-09
1.602639e-09
1.683495e-09
1.867626e-09
2.216684e-09
8.725804e-09
4.990969e-08
2.790940e-07
1.555137e-06
8.657336e-06
4.816464e-05
2.677229e-04
1.484394e-03
8.139135e-03
4.243133e-02
1.903412e-01
6.927353e-01
2.151300e+00
5.354441e+00
8.530659e+00
9.697248e+00
9.945022e+00
9.990273e+00
9.998287e+00
9.999699e+00
9.999947e+00
9.999991e+00
9.999998e+00
1.000000e+01
1.000000e+01
1.000000e+01
1.000000e+01
1.000000e+01
1.000000e+01
1.000000e+01
1.000000e+01
1.000000e+01
1.000000e+01
1.000000e+01
1.000000e+01
1.000000e+01
1.000000e+01
1.000000e+01
1.000000e+01
1.000000e+01
1.000000e+01
1.000000e+01
1.000000e+01
1.000000e+01
1.000000e+01
1.000000e+01
1.000000e+01
1.000000e+01
1.000000e+01
1.000000e+01
1.000000e+01
1.000000e+01
9.999998e+00
9.999991e+00
9.999947e+00
9.999699e+00
9.998287e+00
9.990273e+00
9.945022e+00
9.697248e+00
8.530659e+00
5.354441e+00
2.151300e+00
6.927353e-01
1.903412e-01
4.243133e-02
8.139135e-03
1.484394e-03
2.677229e-04
4.816464e-05
8.657336e-06
1.555137e-06
2.790940e-07
4.990969e-08
8.725804e-09
2.216684e-09
1.867626e-09
1.683495e-09
1.602639e-09
1.568008e-09
1.553986e-09
1.549247e-09
1.548591e-09
1.549558e-09
1.550959e-09
1.552215e-09
1.553050e-09
1.558402e-09
1.558254e-09
1.557868e-09
1.557431e-09
1.557340e-09
1.558342e-09
1.561838e-09
1.570434e-09
1.588997e-09
1.626502e-09
1.698461e-09
1.825481e-09
2.015857e-09
7.358253e-09
4.161530e-08
2.317139e-07
1.286314e-06
7.133616e-06
3.953110e-05
2.188426e-04
1.208632e-03
6.611735e-03
3.464691e-02
1.584280e-01
5.884596e-01
1.855225e+00
4.810348e+00
8.191800e+00
9.609637e+00
9.927918e+00
9.987122e+00
9.997713e+00
9.999594e+00
9.999928e+00
9.999987e+00
9.999998e+00
1.000000e+01
1.000000e+01
1.000000e+01
1.000000e+01
1.000000e+01
1.000000e+01
1.000000e+01
1.000000e+01
1.000000e+01
1.000000e+01
1.000000e+01
1.000000e+01
1.000000e+01
1.000000e+01
1.000000e+01
1.000000e+01
1.000000e+01
1.000000e+01
1.000000e+01
1.000000e+01
1.000000e+01
1.000000e+01
1.000000e+01
1.000000e+01
1.000000e+01
1.000000e+01
1.000000e+01
1.000000e+01
1.000000e+01
9.999998e+00
9.999987e+00
9.999928e+00
9.999594e+00
9.997713e+00
9.987122e+00
9.927918e+00
9.609637e+00
8.191800e+00
4.810348e+00
1.855225e+00
5.884596e-01
1.584280e-01
3.464691e-02
6.611736e-03
1.208632e-03
2.188426e-04
3.953110e-05
7.133616e-06
1.286314e-06
2.317139e-07
4.161530e-08
7.358253e-09
2.015857e-09
1.825481e-09
1.698461e-09
1.626502e-09
1.588997e-09
1.570434e-09
1.561838e-09
1.558342e-09
1.557340e-09
1.557431e-09
1.557868e-09
1.558254e-09
1.563776e-09
1.563718e-09
1.563602e-09
1.563615e-09
1.564128e-09
1.565788e-09
1.569682e-09
1.577572e-09
1.592175e-09
1.617270e-09
1.656898e-09
1.712181e-09
1.776042e-09
6.001277e-09
3.335866e-08
1.845242e-07
1.019385e-06
5.626517e-06
3.102716e-05
1.708994e-04
9.391817e-04
5.120192e-03
2.694805e-02
1.258800e-01
4.798328e-01
1.540216e+00
4.164323e+00
7.702260e+00
9.468513e+00
9.899436e+00
9.981792e+00
9.996729e+00
9.999412e+00
9.999894e+00
9.999981e+00
9.999997e+00
9.999999e+00
1.000000e+01
1.000000e+01
1.000000e+01
1.000000e+01
1.000000e+01
1.000000e+01
1.000000e+01
1.000000e+01
1.000000e+01
1.000000e+01
1.000000e+01
1.000000e+01
1.000000e+01
1.000000e+01
1.000000e+01
1.000000e+01
1.000000e+01
1.000000e+01
1.000000e+01
1.000000e+01
1.000000e+01
1.000000e+01
1.000000e+01
1.000000e+01
1.000000e+01
1.000000e+01
1.000000e+01
9.999999e+00
9.999997e+00
9.999981e+00
9.999894e+00
9.999412e+00
9.996729e+00
9.981792e+00
9.899436e+00
9.468513e+00
7.702260e+00
4.164323e+00
1.540216e+00
4.798328e-01
1.258800e-01
2.694805e-02
5.120192e-03
9.391816e-04
1.708994e-04
3.102716e-05
5.626517e-06
1.019385e-06
1.845242e-07
3.335866e-08
6.001277e-09
1.776042e-09
1.712181e-09
1.656898e-09
1.617270e-09
1.592175e-09
1.577572e-09
1.569682e-09
1.565788e-09
1.564128e-09
1.563615e-09
1.563602e-09
1.563718e-09
1.569284e-09
1.569261e-09
1.569235e-09
1.569344e-09
1.569839e-09
1.571110e-09
1.573692e-09
1.578196e-09
1.584970e-09
1.593119e-09
1.598195e-09
1.588428e-09
1.543708e-09
4.734859e-09
2.568746e-08
1.408848e-07
7.737412e-07
4.246454e-06
2.327970e-05
1.274483e-04
6.961576e-04
3.777392e-03
1.993471e-02
9.517628e-02
3.743847e-01
1.228188e+00
3.453981e+00
7.021599e+00
9.238709e+00
9.850627e+00
9.972460e+00
9.994978e+00
9.999084e+00
9.999833e+00
9.999969e+00
9.999994e+00
9.999999e+00
1.000000e+01
1.000000e+01
1.000000e+01
1.000000e+01
1.000000e+01
1.000000e+01
1.000000e+01
1.000000e+01
1.000000e+01
1.000000e+01
1.000000e+01
1.000000e+01
1.000000e+01
1.000000e+01
1.000000e+01
1.000000e+01
1.000000e+01
1.000000e+01
1.000000e+01
1.000000e+01
1.000000e+01
1.000000e+01
1.000000e+01
1.000000e+01
1.000000e+01
1.000000e+01
1.000000e+01
9.999999e+00
9.999994e+00
9.999969e+00
9.999833e+00
9.999084e+00
9.994978e+00
9.972460e+00
9.850627e+00
9.238709e+00
7.021599e+00
3.453981e+00
1.228188e+00
3.743847e-01
9.517628e-02
1.993471e-02
3.777392e-03
6.961575e-04
1.274483e-04
2.327970e-05
4.246454e-06
7.737412e-07
1.408848e-07
2.568746e-08
4.734859e-09
1.543708e-09
1.588428e-09
1.598195e-09
1.593119e-09
1.584970e-09
1.578196e-09
1.573692e-09
1.571110e-09
1.569839e-09
1.569344e-09
1.569235e-09
1.569261e-09
1.574852e-09
1.574822e-09
1.574752e-09
1.574711e-09
1.574802e-09
1.575138e-09
1.575754e-09
1.576378e-09
1.575855e-09
1.570803e-09
1.552501e-09
1.499869e-09
1.367305e-09
3.627149e-09
1.897102e-08
1.030594e-07
5.622888e-07
3.065630e-06
1.669097e-05
9.072542e-05
4.919895e-04
2.653078e-03
1.400629e-02
6.824709e-02
2.783729e-01
9.382181e-01
2.732170e+00
6.126522e+00
8.862250e+00
9.763920e+00
9.955378e+00
9.991707e+00
9.998459e+00
9.999712e+00
9.999946e+00
9.999990e+00
9.999998e+00
1.000000e+01
1.000000e+01
1.000000e+01
1.000000e+01
1.000000e+01
1.000000e+01
1.000000e+01
1.000000e+01
1.000000e+01
1.000000e+01
1.000000e+01
1.000000e+01
1.000000e+01
1.000000e+01
1.000000e+01
1.000000e+01
1.000000e+01
1.000000e+01
1.000000e+01
1.000000e+01
1.000000e+01
1.000000e+01
1.000000e+01
1.000000e+01
1.000000e+01
1.000000e+01
1.000000e+01
9.999998e+00
9.999990e+00
9.999946e+00
9.999712e+00
9.998459e+00
9.991707e+00
9.955378e+00
9.763920e+00
8.862250e+00
6.126522e+00
2.732170e+00
9.382181e-01
2.783729e-01
6.824709e-02
1.400629e-02
2.653078e-03
4.919895e-04
9.072542e-05
1.669097e-05
3.065630e-06
5.622888e-07
1.030594e-07
1.897102e-08
3.627149e-09
1.367305e-09
1.499869e-09
1.552501e-09
1.570803e-09
1.575855e-09
1.576378e-09
1.575754e-09
1.575138e-09
1.574802e-09
1.574711e-09
1.574752e-09
1.574822e-09
1.580490e-09
1.580429e-09
1.580247e-09
1.579948e-09
1.579510e-09
1.578842e-09
1.577682e-09
1.575377e-09
1.570477e-09
1.559889e-09
1.536969e-09
1.485232e-09
1.344637e-09
2.694600e-09
1.332848e-08
7.215744e-08
3.910867e-07
2.116258e-06
1.143105e-05
6.162202e-05
3.313422e-04
1.772934e-03
9.336665e-03
4.626230e-02
1.962539e-01
6.842151e-01
2.055031e+00
5.044481e+00
8.254135e+00
9.604243e+00
9.922491e+00
9.985239e+00
9.997191e+00
9.999462e+00
9.999896e+00
9.999980e+00
9.999996e+00
9.999999e+00
1.000000e+01
1.000000e+01
1.000000e+01
1.000000e+01
1.000000e+01
1.000000e+01
1.000000e+01
1.000000e+01
1.000000e+01
1.000000e+01
1.000000e+01
1.000000e+01
1.000000e+01
1.000000e+01
1.000000e+01
1.000000e+01
1.000000e+01
1.000000e+01
1.000000e+01
1.000000e+01
1.000000e+01
1.000000e+01
1.000000e+01
1.000000e+01
1.000000e+01
9.999999e+00
9.999996e+00
9.999980e+00
9.999896e+00
9.999462e+00
9.997191e+00
9.985239e+00
9.922491e+00
9.604243e+00
8.254135e+00
5.044481e+00
2.055031e+00
6.842152e-01
1.962539e-01
4.626230e-02
9.336665e-03
1.772934e-03
3.313422e-04
6.162202e-05
1.143105e-05
2.116258e-06
3.910867e-07
7.215744e-08
1.332848e-08
2.694600e-09
1.344637e-09
1.485232e-09
1.536969e-09
1.559889e-09
1.570477e-09
1.575377e-09
1.577682e-09
1.578842e-09
1.579510e-09
1.579948e-09
1.580247e-09
1.580429e-09
1.586251e-09
1.586156e-09
1.585858e-09
1.585313e-09
1.584420e-09
1.582982e-09
1.580629e-09
1.576723e-09
1.570272e-09
1.560067e-09
1.545885e-09
1.534610e-09
1.574607e-09
2.088448e-09
8.838706e-09
4.836411e-08
2.602878e-07
1.396460e-06
7.475158e-06
3.991727e-05
2.125448e-04
1.126599e-03
5.900317e-03
2.956863e-02
1.304350e-01
4.740640e-01
1.467347e+00
3.876547e+00
7.319432e+00
9.302603e+00
9.855781e+00
9.971643e+00
9.994444e+00
9.998902e+00
9.999780e+00
9.999955e+00
9.999991e+00
9.999998e+00
1.000000e+01
1.000000e+01
1.000000e+01
1.000000e+01
1.000000e+01
1.000000e+01
1.000000e+01
1.000000e+01
1.000000e+01
1.000000e+01
1.000000e+01
1.000000e+01
1.000000e+01
1.000000e+01
1.000000e+01
1.000000e+01
1.000000e+01
1.000000e+01
1.000000e+01
1.000000e+01
1.000000e+01
1.000000e+01
1.000000e+01
1.000000e+01
1.000000e+01
9.999998e+00
9.999991e+00
9.999955e+00
9.999780e+00
9.998902e+00
9.994444e+00
9.971643e+00
9.855781e+00
9.302603e+00
7.319432e+00
3.876547e+00
1.467347e+00
4.740640e-01
1.304350e-01
2.956863e-02
5.900317e-03
1.126599e-03
2.125448e-04
3.991727e-05
7.475158e-06
1.396460e-06
2.602878e-07
4.836411e-08
8.838706e-09
2.088448e-09
1.574607e-09
1.534610e-09
1.545885e-09
1.560067e-09
1.570272e-09
1.576723e-09
1.580629e-09
1.582982e-09
1.584420e-09
1.585313e-09
1.585858e-09
1.586156e-09
1.592197e-09
1.592080e-09
1.591708e-09
1.591010e-09
1.589849e-09
1.587991e-09
1.585067e-09
1.580558e-09
1.573894e-09
1.564967e-09
1.555954e-09
1.557207e-09
1.602913e-09
1.721300e-09
5.807388e-09
3.113879e-08
1.657757e-07
8.805785e-07
4.665747e-06
2.465015e-05
1.297995e-04
6.804019e-04
3.533251e-03
1.779206e-02
8.126225e-02
3.100355e-01
9.930024e-01
2.768771e+00
6.022661e+00
8.735206e+00
9.713863e+00
9.941234e+00
9.988066e+00
9.997552e+00
9.999489e+00
9.999891e+00
9.999976e+00
9.999994e+00
9.999999e+00
1.000000e+01
1.000000e+01
1.000000e+01
1.000000e+01
1.000000e+01
1.000000e+01
1.000000e+01
1.000000e+01
1.000000e+01
1.000000e+01
1.000000e+01
1.000000e+01
1.000000e+01
1.000000e+01
1.000000e+01
1.000000e+01
1.000000e+01
1.000000e+01
1.000000e+01
1.000000e+01
1.000000e+01
1.000000e+01
1.000000e+01
9.999999e+00
9.999994e+00
9.999976e+00
9.999891e+00
9.999489e+00
9.997552e+00
9.988066e+00
9.941234e+00
9.713863e+00
8.735206e+00
6.022661e+00
2.768771e+00
9.930024e-01
3.100355e-01
8.126225e-02
1.779206e-02
3.533251e-03
6.804019e-04
1.297995e-04
2.465015e-05
4.665747e-06
8.805785e-07
1.657757e-07
3.113879e-08
5.807388e-09
1.721300e-09
1.602913e-09
1.557207e-09
1.555954e-09
1.564967e-09
1.573894e-09
1.580558e-09
1.585067e-09
1.587991e-09
1.589849e-09
1.591010e-09
1.591708e-09
1.592080e-09
1.598372e-09
1.598253e-09
1.597872e-09
1.597153e-09
1.595952e-09
1.594038e-09
1.591071e-09
1.586593e-09
1.580069e-09
1.571040e-09
1.559292e-09
1.543949e-09
1.514656e-09
1.420183e-09
3.789081e-09
1.927569e-08
1.010156e-07
5.304743e-07
2.778776e-06
1.450657e-05
7.543729e-05
3.904175e-04
2.004595e-03
1.007579e-02
4.724651e-02
1.898581e-01
6.346663e-01
1.842081e+00
4.493709e+00
7.730078e+00
9.403041e+00
9.869065e+00
9.972200e+00
9.994043e+00
9.998694e+00
9.999705e+00
9.999930e+00
9.999983e+00
9.999995e+00
9.999999e+00
1.000000e+01
1.000000e+01
1.000000e+01
1.000000e+01
1.000000e+01
1.000000e+01
1.000000e+01
1.000000e+01
1.000000e+01
1.000000e+01
1.000000e+01
1.000000e+01
1.000000e+01
1.000000e+01
1.000000e+01
1.000000e+01
1.000000e+01
1.000000e+01
1.000000e+01
1.000000e+01
1.000000e+01
9.999999e+00
9.999995e+00
9.999983e+00
9.999930e+00
9.999705e+00
9.998694e+00
9.994043e+00
9.972200e+00
9.869065e+00
9.403041e+00
7.730078e+00
4.493709e+00
1.842081e+00
6.346663e-01
1.898581e-01
4.724651e-02
1.007579e-02
2.004595e-03
3.904175e-04
7.543729e-05
1.450657e-05
2.778776e-06
5.304743e-07
1.010156e-07
1.927569e-08
3.789081e-09
1.420183e-09
1.514656e-09
1.543949e-09
1.559292e-09
1.571040e-09
1.580069e-09
1.586593e-09
1.591071e-09
1.594038e-09
1.595952e-09
1.597153e-09
1.597872e-09
1.598253e-09
1.604776e-09
1.604678e-09
1.604364e-09
1.603764e-09
1.602749e-09
1.601118e-09
1.598573e-09
1.594681e-09
1.588805e-09
1.579857e-09
1.565406e-09
1.538426e-09
1.476371e-09
1.302522e-09
2.436425e-09
1.139276e-08
5.884366e-08
3.052170e-07
1.578823e-06
8.134156e-06
4.171630e-05
2.128113e-04
1.077672e-03
5.374198e-03
2.558156e-02
1.079455e-01
3.804457e-01
1.146171e+00
3.018405e+00
6.189743e+00
8.734323e+00
9.689619e+00
9.930071e+00
9.984236e+00
9.996353e+00
9.999124e+00
9.999779e+00
9.999940e+00
9.999983e+00
9.999994e+00
9.999998e+00
9.999999e+00
1.000000e+01
1.000000e+01
1.000000e+01
1.000000e+01
1.000000e+01
1.000000e+01
1.000000e+01
1.000000e+01
1.000000e+01
1.000000e+01
1.000000e+01
1.000000e+01
1.000000e+01
1.000000e+01
1.000000e+01
1.000000e+01
1.000000e+01
9.999999e+00
9.999998e+00
9.999994e+00
9.999983e+00
9.999940e+00
9.999779e+00
9.999124e+00
9.996353e+00
9.984236e+00
9.930071e+00
9.689619e+00
8.734323e+00
6.189743e+00
3.018405e+00
1.146171e+00
3.804457e-01
1.079456e-01
2.558156e-02
5.374198e-03
1.077672e-03
2.128113e-04
4.171630e-05
8.134156e-06
1.578823e-06
3.052170e-07
5.884366e-08
1.139276e-08
2.436425e-09
1.302522e-09
1.476371e-09
1.538426e-09
1.565406e-09
1.579857e-09
1.588805e-09
1.594681e-09
1.598573e-09
1.601118e-09
1.602749e-09
1.603764e-09
1.604364e-09
1.604678e-09
1.611367e-09
1.611313e-09
1.611133e-09
1.610776e-09
1.610146e-09
1.609092e-09
1.607389e-09
1.604692e-09
1.600438e-09
1.593585e-09
1.581994e-09
1.561261e-09
1.524642e-09
1.481038e-09
1.747378e-09
6.386777e-09
3.274915e-08
1.676996e-07
8.557492e-07
4.345709e-06
2.195014e-05
1.102023e-04
5.491652e-04
2.703522e-03
1.290888e-02
5.659819e-02
2.116801e-01
6.671343e-01
1.843707e+00
4.330622e+00
7.442680e+00
9.239321e+00
9.812040e+00
9.954964e+00
9.988960e+00
9.997176e+00
9.999236e+00
9.999779e+00
9.999930e+00
9.999976e+00
9.999991e+00
9.999996e+00
9.999998e+00
9.999999e+00
9.999999e+00
1.000000e+01
1.000000e+01
1.000000e+01
1.000000e+01
1.000000e+01
1.000000e+01
1.000000e+01
1.000000e+01
1.000000e+01
1.000000e+01
1.000000e+01
9.999999e+00
9.999999e+00
9.999998e+00
9.999996e+00
9.999991e+00
9.999976e+00
9.999930e+00
9.999779e+00
9.999236e+00
9.997176e+00
9.988960e+00
9.954964e+00
9.812040e+00
9.239321e+00
7.442680e+00
4.330622e+00
1.843707e+00
6.671343e-01
2.116801e-01
5.659819e-02
1.290888e-02
2.703522e-03
5.491652e-04
1.102023e-04
2.195014e-05
4.345709e-06
8.557493e-07
1.676996e-07
3.274915e-08
6.386777e-09
1.747378e-09
1.481038e-09
1.524642e-09
1.561261e-09
1.581994e-09
1.593585e-09
1.600438e-09
1.604692e-09
1.607389e-09
1.609092e-09
1.610146e-09
1.610776e-09
1.611133e-09
1.611313e-09
1.618061e-09
1.618067e-09
1.618074e-09
1.618053e-09
1.617953e-09
1.617696e-09
1.617166e-09
1.616191e-09
1.614505e-09
1.611681e-09
1.607111e-09
1.600465e-09
1.594215e-09
1.599897e-09
1.572589e-09
3.575759e-09
1.738237e-08
8.798132e-08
4.425435e-07
2.212569e-06
1.099215e-05
5.423105e-05
2.654089e-04
1.284811e-03
6.089884e-03
2.729938e-02
1.080713e-01
3.607270e-01
1.038424e+00
2.641823e+00
5.479070e+00
8.193720e+00
9.474454e+00
9.862814e+00
9.964125e+00
9.990225e+00
9.997176e+00
9.999124e+00
9.999705e+00
9.999891e+00
9.999955e+00
9.999980e+00
9.999990e+00
9.999994e+00
9.999997e+00
9.999998e+00
9.999998e+00
9.999999e+00
9.999999e+00
9.999999e+00
9.999999e+00
9.999999e+00
9.999999e+00
9.999999e+00
9.999998e+00
9.999998e+00
9.999997e+00
9.999994e+00
9.999990e+00
9.999980e+00
9.999955e+00
9.999891e+00
9.999705e+00
9.999124e+00
9.997176e+00
9.990225e+00
9.964125e+00
9.862814e+00
9.474454e+00
8.193720e+00
5.479070e+00
2.641823e+00
1.038424e+00
3.607270e-01
1.080713e-01
2.729938e-02
6.089884e-03
1.284811e-03
2.654089e-04
5.423105e-05
1.099215e-05
2.212569e-06
4.425435e-07
8.798132e-08
1.738237e-08
3.575759e-09
1.572589e-09
1.599897e-09
1.594215e-09
1.600465e-09
1.607111e-09
1.611681e-09
1.614505e-09
1.616191e-09
1.617166e-09
1.617696e-09
1.617953e-09
1.618053e-09
1.618074e-09
1.618067e-09
1.624741e-09
1.624816e-09
1.625038e-09
1.625405e-09
1.625913e-09
1.626565e-09
1.627372e-09
1.628375e-09
1.629672e-09
1.631524e-09
1.634620e-09
1.640805e-09
1.654476e-09
1.683276e-09
1.746962e-09
2.275031e-09
8.765870e-09
4.408301e-08
2.184252e-07
1.073999e-06
5.241436e-06
2.537535e-05
1.217508e-04
5.778199e-04
2.697471e-03
1.215016e-02
5.021177e-02
1.787937e-01
5.413798e-01
1.442865e+00
3.377806e+00
6.267121e+00
8.569193e+00
9.566906e+00
9.876783e+00
9.964125e+00
9.988960e+00
9.996353e+00
9.998694e+00
9.999489e+00
9.999780e+00
9.999896e+00
9.999946e+00
9.999969e+00
9.999981e+00
9.999987e+00
9.999991e+00
9.999993e+00
9.999994e+00
9.999994e+00
9.999995e+00
9.999994e+00
9.999994e+00
9.999993e+00
9.999991e+00
9.999987e+00
9.999981e+00
9.999969e+00
9.999946e+00
9.999896e+00
9.999780e+00
9.999489e+00
9.998694e+00
9.996353e+00
9.988960e+00
9.964125e+00
9.876783e+00
9.566906e+00
8.569193e+00
6.267121e+00
3.377806e+00
1.442865e+00
5.413798e-01
1.787937e-01
5.021177e-02
1.215016e-02
2.697471e-03
5.778199e-04
1.217508e-04
2.537535e-05
5.241436e-06
1.073999e-06
2.184252e-07
4.408301e-08
8.765870e-09
2.275031e-09
1.746962e-09
1.683276e-09
1.654476e-09
1.640805e-09
1.634620e-09
1.631524e-09
1.629672e-09
1.628375e-09
1.627372e-09
1.626565e-09
1.625913e-09
1.625405e-09
1.625038e-09
1.624816e-09
1.631272e-09
1.631417e-09
1.631857e-09
1.632615e-09
1.633732e-09
1.635282e-09
1.637393e-09
1.640284e-09
1.644346e-09
1.650290e-09
1.659458e-09
1.674370e-09
1.699593e-09
1.743238e-09
1.820831e-09
1.866182e-09
4.404787e-09
2.107344e-08
1.029407e-07
4.973614e-07
2.381604e-06
1.129958e-05
5.307034e-05
2.463672e-04
1.126745e-03
5.026293e-03
2.122071e-02
8.010318e-02
2.586385e-01
7.213186e-01
1.793225e+00
3.886660e+00
6.652737e+00
8.681315e+00
9.566906e+00
9.862814e+00
9.954964e+00
9.984236e+00
9.994043e+00
9.997552e+00
9.998902e+00
9.999462e+00
9.999712e+00
9.999833e+00
9.999894e+00
9.999928e+00
9.999947e+00
9.999958e+00
9.999965e+00
9.999968e+00
9.999969e+00
9.999968e+00
9.999965e+00
9.999958e+00
9.999947e+00
9.999928e+00
9.999894e+00
9.999833e+00
9.999712e+00
9.999462e+00
9.998902e+00
9.997552e+00
9.994043e+00
9.984236e+00
9.954964e+00
9.862814e+00
9.566906e+00
8.681315e+00
6.652737e+00
3.886660e+00
1.793225e+00
7.213186e-01
2.586385e-01
8.010318e-02
2.122071e-02
5.026293e-03
1.126745e-03
2.463672e-04
5.307034e-05
1.129958e-05
2.381604e-06
4.973614e-07
1.029407e-07
2.107344e-08
4.404787e-09
1.866182e-09
1.820831e-09
1.743238e-09
1.699593e-09
1.674370e-09
1.659458e-09
1.650290e-09
1.644346e-09
1.640284e-09
1.637393e-09
1.635282e-09
1.633732e-09
1.632615e-09
1.631857e-09
1.631417e-09
1.637515e-09
1.637724e-09
1.638362e-09
1.639471e-09
1.641125e-09
1.643453e-09
1.646659e-09
1.651074e-09
1.657235e-09
1.666022e-09
1.678882e-09
1.698149e-09
1.727414e-09
1.771629e-09
1.834598e-09
1.922764e-09
2.530917e-09
9.588063e-09
4.637106e-08
2.199485e-07
1.032295e-06
4.794263e-06
2.201298e-05
9.978691e-05
4.455650e-04
1.949322e-03
8.226794e-03
3.223792e-02
1.112404e-01
3.296584e-01
8.561589e-01
1.997324e+00
4.066634e+00
6.652737e+00
8.569193e+00
9.474454e+00
9.812040e+00
9.930071e+00
9.972200e+00
9.988066e+00
9.994444e+00
9.997191e+00
9.998459e+00
9.999084e+00
9.999412e+00
9.999594e+00
9.999699e+00
9.999760e+00
9.999796e+00
9.999815e+00
9.999821e+00
9.999815e+00
9.999796e+00
9.999760e+00
9.999699e+00
9.999594e+00
9.999412e+00
9.999084e+00
9.998459e+00
9.997191e+00
9.994444e+00
9.988066e+00
9.972200e+00
9.930071e+00
9.812040e+00
9.474454e+00
8.569193e+00
6.652737e+00
4.066634e+00
1.997324e+00
8.561589e-01
3.296584e-01
1.112404e-01
3.223792e-02
8.226794e-03
1.949322e-03
4.455650e-04
9.978690e-05
2.201298e-05
4.794263e-06
1.032295e-06
2.199485e-07
4.637106e-08
9.588063e-09
2.530917e-09
1.922764e-09
1.834598e-09
1.771629e-09
1.727414e-09
1.698149e-09
1.678882e-09
1.666022e-09
1.657235e-09
1.651074e-09
1.646659e-09
1.643453e-09
1.641125e-09
1.639471e-09
1.638362e-09
1.637724e-09
1.643346e-09
1.643606e-09
1.644403e-09
1.645789e-09
1.647858e-09
1.650766e-09
1.654749e-09
1.660173e-09
1.667589e-09
1.677827e-09
1.692113e-09
1.712193e-09
1.740384e-09
1.779456e-09
1.832943e-09
1.910413e-09
1.934381e-09
4.374257e-09
1.998273e-08
9.300883e-08
4.274175e-07
1.941135e-06
8.703974e-06
3.847879e-05
1.673895e-04
7.141712e-04
2.965274e-03
1.173916e-02
4.254854e-02
1.351504e-01
3.718457e-01
9.063986e-01
1.997324e+00
3.886660e+00
6.267121e+00
8.193720e+00
9.239321e+00
9.689619e+00
9.869065e+00
9.941234e+00
9.971643e+00
9.985239e+00
9.991707e+00
9.994978e+00
9.996729e+00
9.997713e+00
9.998287e+00
9.998629e+00
9.998830e+00
9.998935e+00
9.998968e+00
9.998935e+00
9.998830e+00
9.998629e+00
9.998287e+00
9.997713e+00
9.996729e+00
9.994978e+00
9.991707e+00
9.985239e+00
9.971643e+00
9.941234e+00
9.869065e+00
9.689619e+00
9.239321e+00
8.193720e+00
6.267121e+00
3.886660e+00
1.997324e+00
9.063986e-01
3.718457e-01
1.351504e-01
4.254854e-02
1.173916e-02
2.965274e-03
7.141712e-04
1.673895e-04
3.847879e-05
8.703974e-06
1.941135e-06
4.274175e-07
9.300883e-08
1.998272e-08
4.374257e-09
1.934381e-09
1.910413e-09
1.832943e-09
1.779456e-09
1.740384e-09
1.712193e-09
1.692113e-09
1.677827e-09
1.667589e-09
1.660173e-09
1.654749e-09
1.650766e-09
1.647858e-09
1.645789e-09
1.644403e-09
1.643606e-09
1.648662e-09
1.648958e-09
1.649863e-09
1.651433e-09
1.653768e-09
1.657022e-09
1.661429e-09
1.667325e-09
1.675187e-09
1.685671e-09
1.699652e-09
1.718206e-09
1.742498e-09
1.773460e-09
1.810948e-09
1.849345e-09
1.874071e-09
2.338518e-09
8.254851e-09
3.769187e-08
1.693283e-07
7.513641e-07
3.287476e-06
1.416067e-05
5.993877e-05
2.486697e-04
1.006705e-03
3.937524e-03
1.454482e-02
4.885074e-02
1.441554e-01
3.718457e-01
8.561589e-01
1.793225e+00
3.377806e+00
5.479070e+00
7.442680e+00
8.734323e+00
9.403041e+00
9.713863e+00
9.855781e+00
9.922491e+00
9.955378e+00
9.972460e+00
9.981792e+00
9.987122e+00
9.990273e+00
9.992167e+00
9.993282e+00
9.993870e+00
9.994054e+00
9.993870e+00
9.993282e+00
9.992167e+00
9.990273e+00
9.987122e+00
9.981792e+00
9.972460e+00
9.955378e+00
9.922491e+00
9.855781e+00
9.713863e+00
9.403041e+00
8.734323e+00
7.442680e+00
5.479070e+00
3.377806e+00
1.793225e+00
8.561589e-01
3.718457e-01
1.441554e-01
4.885074e-02
1.454482e-02
3.937524e-03
1.006705e-03
2.486697e-04
5.993877e-05
1.416067e-05
3.287476e-06
7.513641e-07
1.693283e-07
3.769188e-08
8.254851e-09
2.338518e-09
1.874071e-09
1.849345e-09
1.810948e-09
1.773460e-09
1.742498e-09
1.718206e-09
1.699652e-09
1.685671e-09
1.675187e-09
1.667325e-09
1.661429e-09
1.657022e-09
1.653768e-09
1.651433e-09
1.649863e-09
1.648958e-09
1.653391e-09
1.653705e-09
1.654665e-09
1.656323e-09
1.658769e-09
1.662143e-09
1.666644e-09
1.672543e-09
1.680198e-09
1.690057e-09
1.702637e-09
1.718449e-09
1.737808e-09
1.760439e-09
1.784700e-09
1.806854e-09
1.825734e-09
1.759900e-09
3.506252e-09
1.466344e-08
6.427298e-08
2.785941e-07
1.188827e-06
4.986647e-06
2.052363e-05
8.268789e-05
3.250694e-04
1.240268e-03
4.542462e-03
1.562353e-02
4.885074e-02
1.351504e-01
3.296584e-01
7.213186e-01
1.442865e+00
2.641823e+00
4.330622e+00
6.189743e+00
7.730078e+00
8.735206e+00
9.302603e+00
9.604243e+00
9.763920e+00
9.850627e+00
9.899436e+00
9.927918e+00
9.945022e+00
9.955413e+00
9.961579e+00
9.964848e+00
9.965872e+00
9.964848e+00
9.961579e+00
9.955413e+00
9.945022e+00
9.927918e+00
9.899436e+00
9.850627e+00
9.763920e+00
9.604243e+00
9.302603e+00
8.735206e+00
7.730078e+00
6.189743e+00
4.330622e+00
2.641823e+00
1.442865e+00
7.213186e-01
3.296584e-01
1.351504e-01
4.885074e-02
1.562353e-02
4.542462e-03
1.240268e-03
3.250694e-04
8.268789e-05
2.052363e-05
4.986647e-06
1.188827e-06
2.785941e-07
6.427298e-08
1.466344e-08
3.506252e-09
1.759900e-09
1.825734e-09
1.806854e-09
1.784700e-09
1.760439e-09
1.737808e-09
1.718449e-09
1.702637e-09
1.690057e-09
1.680198e-09
1.672543e-09
1.666644e-09
1.662143e-09
1.658769e-09
1.656323e-09
1.654665e-09
1.653705e-09
1.657497e-09
1.657813e-09
1.658777e-09
1.660431e-09
1.662852e-09
1.666150e-09
1.670475e-09
1.676021e-09
1.683019e-09
1.691723e-09
1.702364e-09
1.715058e-09
1.729636e-09
1.745350e-09
1.760420e-09
1.771210e-09
1.767676e-09
1.721606e-09
1.930357e-09
5.429483e-09
2.334733e-08
9.917513e-08
4.126629e-07
1.685043e-06
6.741600e-06
2.636632e-05
1.005176e-04
3.721428e-04
1.330200e-03
4.542462e-03
1.454482e-02
4.254854e-02
1.112404e-01
2.586385e-01
5.413798e-01
1.038424e+00
1.843707e+00
3.018405e+00
4.493709e+00
6.022661e+00
7.319432e+00
8.254135e+00
8.862250e+00
9.238709e+00
9.468513e+00
9.609637e+00
9.697248e+00
9.751656e+00
9.784412e+00
9.801932e+00
9.807445e+00
9.801932e+00
9.784412e+00
9.751656e+00
9.697248e+00
9.609637e+00
9.468513e+00
9.238709e+00
8.862250e+00
8.254135e+00
7.319432e+00
6.022661e+00
4.493709e+00
3.018405e+00
1.843707e+00
1.038424e+00
5.413798e-01
2.586385e-01
1.112404e-01
4.254854e-02
1.454482e-02
4.542462e-03
1.330200e-03
3.721428e-04
1.005176e-04
2.636632e-05
6.741600e-06
1.685043e-06
4.126629e-07
9.917513e-08
2.334732e-08
5.429483e-09
1.930357e-09
1.721606e-09
1.767676e-09
1.771210e-09
1.760420e-09
1.745350e-09
1.729636e-09
1.715058e-09
1.702364e-09
1.691723e-09
1.683019e-09
1.676021e-09
1.670475e-09
1.666150e-09
1.662852e-09
1.660431e-09
1.658777e-09
1.657813e-09
1.660975e-09
1.661279e-09
1.662203e-09
1.663780e-09
1.666065e-09
1.669136e-09
1.673092e-09
1.678051e-09
1.684132e-09
1.691436e-09
1.699993e-09
1.709692e-09
1.720161e-09
1.730631e-09
1.739829e-09
1.746128e-09
1.749631e-09
1.767922e-09
1.838223e-09
2.421383e-09
8.186757e-09
3.404361e-08
1.378988e-07
5.479586e-07
2.131141e-06
8.091931e-06
2.991383e-05
1.073187e-04
3.721428e-04
1.240268e-03
3.937524e-03
1.173916e-02
3.223792e-02
8.010318e-02
1.787937e-01
3.607270e-01
6.671343e-01
1.146171e+00
1.842081e+00
2.768771e+00
3.876547e+00
5.044481e+00
6.126522e+00
7.021599e+00
7.702260e+00
8.191800e+00
8.530659e+00
8.756924e+00
8.899644e+00
8.978131e+00
9.003150e+00
8.978131e+00
8.899644e+00
8.756924e+00
8.530659e+00
8.191800e+00
7.702260e+00
7.021599e+00
6.126522e+00
5.044481e+00
3.876547e+00
2.768771e+00
1.842081e+00
1.146171e+00
6.671343e-01
3.607270e-01
1.787937e-01
8.010318e-02
3.223792e-02
1.173916e-02
3.937524e-03
1.240268e-03
3.721428e-04
1.073187e-04
2.991383e-05
8.091931e-06
2.131140e-06
5.479586e-07
1.378988e-07
3.404361e-08
8.186757e-09
2.421383e-09
1.838223e-09
1.767922e-09
1.749631e-09
1.746128e-09
1.739829e-09
1.730631e-09
1.720161e-09
1.709692e-09
1.699993e-09
1.691436e-09
1.684132e-09
1.678051e-09
1.673092e-09
1.669136e-09
1.666065e-09
1.663780e-09
1.662203e-09
1.661279e-09
1.663848e-09
1.664129e-09
1.664981e-09
1.666425e-09
1.668495e-09
1.671239e-09
1.674708e-09
1.678955e-09
1.684013e-09
1.689872e-09
1.696439e-09
1.703489e-09
1.710596e-09
1.717104e-09
1.722201e-09
1.725388e-09
1.728037e-09
1.735363e-09
1.753073e-09
1.679261e-09
3.038060e-09
1.135854e-08
4.450434e-08
1.719754e-07
6.503319e-07
2.398408e-06
8.602113e-06
2.991383e-05
1.005176e-04
3.250694e-04
1.006705e-03
2.965274e-03
8.226794e-03
2.122071e-02
5.021177e-02
1.080713e-01
2.116801e-01
3.804457e-01
6.346663e-01
9.930024e-01
1.467347e+00
2.055031e+00
2.732170e+00
3.453981e+00
4.164323e+00
4.810348e+00
5.354441e+00
5.777794e+00
6.076106e+00
6.252308e+00
6.310468e+00
6.252308e+00
6.076106e+00
5.777794e+00
5.354441e+00
4.810348e+00
4.164323e+00
3.453981e+00
2.732170e+00
2.055031e+00
1.467347e+00
9.930024e-01
6.346663e-01
3.804457e-01
2.116801e-01
1.080713e-01
5.021177e-02
2.122071e-02
8.226794e-03
2.965274e-03
1.006705e-03
3.250694e-04
1.005176e-04
2.991383e-05
8.602113e-06
2.398408e-06
6.503319e-07
1.719754e-07
4.450434e-08
1.135854e-08
3.038060e-09
1.679261e-09
1.753073e-09
1.735363e-09
1.728037e-09
1.725388e-09
1.722201e-09
1.717104e-09
1.710596e-09
1.703489e-09
1.696439e-09
1.689872e-09
1.684013e-09
1.678955e-09
1.674708e-09
1.671239e-09
1.668495e-09
1.666425e-09
1.664981e-09
1.664129e-09
1.666160e-09
1.666411e-09
1.667169e-09
1.668444e-09
1.670254e-09
1.672616e-09
1.675545e-09
1.679043e-09
1.683079e-09
1.687576e-09
1.692371e-09
1.697187e-09
1.701596e-09
1.705013e-09
1.706732e-09
1.706030e-09
1.701987e-09
1.691180e-09
1.656580e-09
1.543273e-09
1.560764e-09
3.717806e-09
1.389089e-08
5.222535e-08
1.921242e-07
6.886788e-07
2.398408e-06
8.091931e-06
2.636632e-05
8.268789e-05
2.486697e-04
7.141712e-04
1.949322e-03
5.026293e-03
1.215016e-02
2.729938e-02
5.659819e-02
1.079456e-01
1.898581e-01
3.100355e-01
4.740640e-01
6.842151e-01
9.382181e-01
1.228188e+00
1.540216e+00
1.855225e+00
2.151300e+00
2.406799e+00
2.603133e+00
2.726493e+00
2.768537e+00
2.726493e+00
2.603133e+00
2.406799e+00
2.151300e+00
1.855225e+00
1.540216e+00
1.228188e+00
9.382181e-01
6.842151e-01
4.740640e-01
3.100355e-01
1.898581e-01
1.079455e-01
5.659819e-02
2.729938e-02
1.215016e-02
5.026293e-03
1.949322e-03
7.141712e-04
2.486697e-04
8.268789e-05
2.636632e-05
8.091931e-06
2.398408e-06
6.886788e-07
1.921242e-07
5.222535e-08
1.389089e-08
3.717806e-09
1.560764e-09
1.543273e-09
1.656580e-09
1.691180e-09
1.701987e-09
1.706030e-09
1.706732e-09
1.705013e-09
1.701596e-09
1.697187e-09
1.692371e-09
1.687576e-09
1.683079e-09
1.679043e-09
1.675545e-09
1.672616e-09
1.670254e-09
1.668444e-09
1.667169e-09
1.666411e-09
1.667972e-09
1.668189e-09
1.668841e-09
1.669930e-09
1.671459e-09
1.673423e-09
1.675809e-09
1.678582e-09
1.681673e-09
1.684962e-09
1.688256e-09
1.691262e-09
1.693568e-09
1.694619e-09
1.693694e-09
1.689783e-09
1.681109e-09
1.663786e-09
1.630513e-09
1.581031e-09
1.521544e-09
1.689544e-09
4.231820e-09
1.536525e-08
5.509200e-08
1.921242e-07
6.503319e-07
2.131141e-06
6.741600e-06
2.052363e-05
5.993877e-05
1.673895e-04
4.455650e-04
1.126745e-03
2.697471e-03
6.089884e-03
1.290888e-02
2.558156e-02
4.724651e-02
8.126225e-02
1.304350e-01
1.962539e-01
2.783729e-01
3.743847e-01
4.798328e-01
5.884596e-01
6.927353e-01
7.846500e-01
8.566495e-01
9.025551e-01
9.183254e-01
9.025551e-01
8.566495e-01
7.846500e-01
6.927353e-01
5.884596e-01
4.798328e-01
3.743847e-01
2.783729e-01
1.962539e-01
1.304350e-01
8.126225e-02
4.724651e-02
2.558156e-02
1.290888e-02
6.089884e-03
2.697471e-03
1.126745e-03
4.455650e-04
1.673895e-04
5.993877e-05
2.052363e-05
6.741600e-06
2.131141e-06
6.503319e-07
1.921242e-07
5.509200e-08
1.536525e-08
4.231820e-09
1.689544e-09
1.521544e-09
1.581031e-09
1.630513e-09
1.663786e-09
1.681109e-09
1.689783e-09
1.693694e-09
1.694619e-09
1.693568e-09
1.691262e-09
1.688256e-09
1.684962e-09
1.681673e-09
1.678582e-09
1.675809e-09
1.673423e-09
1.671459e-09
1.669930e-09
1.668841e-09
1.668189e-09
1.669349e-09
1.669531e-09
1.670075e-09
1.670977e-09
1.672227e-09
1.673806e-09
1.675681e-09
1.677795e-09
1.680057e-09
1.682328e-09
1.684409e-09
1.686015e-09
1.686767e-09
1.686162e-09
1.683539e-09
1.677981e-09
1.668144e-09
1.652198e-09
1.629017e-09
1.601961e-09
1.585103e-09
1.572232e-09
1.786467e-09
4.425206e-09
1.536525e-08
5.222535e-08
1.719754e-07
5.479586e-07
1.685043e-06
4.986647e-06
1.416067e-05
3.847879e-05
9.978690e-05
2.463672e-04
5.778199e-04
1.284811e-03
2.703522e-03
5.374198e-03
1.007579e-02
1.779206e-02
2.956863e-02
4.626230e-02
6.824709e-02
9.517628e-02
1.258800e-01
1.584280e-01
1.903412e-01
2.189032e-01
2.415132e-01
2.560248e-01
2.610261e-01
2.560248e-01
2.415132e-01
2.189032e-01
1.903412e-01
1.584280e-01
1.258800e-01
9.517628e-02
6.824709e-02
4.626230e-02
2.956863e-02
1.779206e-02
1.007579e-02
5.374198e-03
2.703521e-03
1.284811e-03
5.778199e-04
2.463672e-04
9.978691e-05
3.847879e-05
1.416067e-05
4.986647e-06
1.685043e-06
5.479586e-07
1.719754e-07
5.222535e-08
1.536525e-08
4.425206e-09
1.786466e-09
1.572232e-09
1.585103e-09
1.601961e-09
1.629017e-09
1.652198e-09
1.668144e-09
1.677981e-09
1.683539e-09
1.686162e-09
1.686767e-09
1.686015e-09
1.684409e-09
1.682328e-09
1.680057e-09
1.677795e-09
1.675681e-09
1.673806e-09
1.672227e-09
1.670977e-09
1.670075e-09
1.669531e-09
1.670363e-09
1.670511e-09
1.670951e-09
1.671674e-09
1.672664e-09
1.673890e-09
1.675309e-09
1.676852e-09
1.678420e-09
1.679872e-09
1.681019e-09
1.681603e-09
1.681297e-09
1.679685e-09
1.676247e-09
1.670352e-09
1.661300e-09
1.648603e-09
1.632830e-09
1.616917e-09
1.606059e-09
1.607377e-09
1.597576e-09
1.786466e-09
4.231820e-09
1.389089e-08
4.450434e-08
1.378988e-07
4.126629e-07
1.188827e-06
3.287476e-06
8.703974e-06
2.201298e-05
5.307034e-05
1.217508e-04
2.654089e-04
5.491652e-04
1.077672e-03
2.004595e-03
3.533251e-03
5.900317e-03
9.336665e-03
1.400629e-02
1.993471e-02
2.694805e-02
3.464691e-02
4.243133e-02
4.957626e-02
5.534100e-02
5.908808e-02
6.038765e-02
5.908808e-02
5.534100e-02
4.957626e-02
4.243133e-02
3.464691e-02
2.694805e-02
1.993471e-02
1.400629e-02
9.336665e-03
5.900317e-03
3.533251e-03
2.004595e-03
1.077672e-03
5.491652e-04
2.654089e-04
1.217508e-04
5.307034e-05
2.201298e-05
8.703974e-06
3.287476e-06
1.188827e-06
4.126629e-07
1.378988e-07
4.450434e-08
1.389089e-08
4.231820e-09
1.786466e-09
1.597576e-09
1.607377e-09
1.606059e-09
1.616917e-09
1.632830e-09
1.648603e-09
1.661300e-09
1.670352e-09
1.676247e-09
1.679685e-09
1.681297e-09
1.681603e-09
1.681019e-09
1.679872e-09
1.678420e-09
1.676852e-09
1.675309e-09
1.673890e-09
1.672664e-09
1.671674e-09
1.670951e-09
1.670511e-09
1.671081e-09
1.671197e-09
1.671542e-09
1.672104e-09
1.672860e-09
1.673778e-09
1.674807e-09
1.675877e-09
1.676889e-09
1.677713e-09
1.678178e-09
1.678068e-09
1.677118e-09
1.675013e-09
1.671395e-09
1.665901e-09
1.658256e-09
1.648498e-09
1.637343e-09
1.626421e-09
1.617787e-09
1.611837e-09
1.607377e-09
1.572232e-09
1.689544e-09
3.717806e-09
1.135854e-08
3.404361e-08
9.917513e-08
2.785941e-07
7.513641e-07
1.941135e-06
4.794263e-06
1.129958e-05
2.537535e-05
5.423105e-05
1.102023e-04
2.128113e-04
3.904175e-04
6.804019e-04
1.126599e-03
1.772934e-03
2.653078e-03
3.777392e-03
5.120192e-03
6.611736e-03
8.139135e-03
9.558241e-03
1.071514e-02
1.147278e-02
1.173659e-02
1.147278e-02
1.071514e-02
9.558241e-03
8.139135e-03
6.611736e-03
5.120192e-03
3.777392e-03
2.653078e-03
1.772934e-03
1.126599e-03
6.804019e-04
3.904175e-04
2.128113e-04
1.102023e-04
5.423105e-05
2.537535e-05
1.129958e-05
4.794263e-06
1.941135e-06
7.513641e-07
2.785941e-07
9.917513e-08
3.404361e-08
1.135854e-08
3.717806e-09
1.689544e-09
1.572232e-09
1.607377e-09
1.611837e-09
1.617787e-09
1.626421e-09
1.637343e-09
1.648498e-09
1.658256e-09
1.665901e-09
1.671395e-09
1.675013e-09
1.677118e-09
1.678068e-09
1.678178e-09
1.677713e-09
1.676889e-09
1.675877e-09
1.674807e-09
1.673778e-09
1.672860e-09
1.672104e-09
1.671542e-09
1.671197e-09
1.671566e-09
1.671654e-09
1.671915e-09
1.672336e-09
1.672893e-09
1.673552e-09
1.674261e-09
1.674954e-09
1.675540e-09
1.675905e-09
1.675904e-09
1.675365e-09
1.674087e-09
1.671850e-09
1.668431e-09
1.663649e-09
1.657439e-09
1.649966e-09
1.641726e-09
1.633474e-09
1.625729e-09
1.617787e-09
1.606059e-09
1.585103e-09
1.521544e-09
1.560764e-09
3.038060e-09
8.186757e-09
2.334733e-08
6.427298e-08
1.693283e-07
4.274175e-07
1.032295e-06
2.381604e-06
5.241436e-06
1.099215e-05
2.195014e-05
4.171630e-05
7.543729e-05
1.297995e-04
2.125448e-04
3.313422e-04
4.919895e-04
6.961576e-04
9.391817e-04
1.208632e-03
1.484394e-03
1.740667e-03
1.949728e-03
2.086735e-03
2.134459e-03
2.086735e-03
1.949728e-03
1.740667e-03
1.484394e-03
1.208632e-03
9.391817e-04
6.961576e-04
4.919895e-04
3.313422e-04
2.125448e-04
1.297995e-04
7.543729e-05
4.171630e-05
2.195014e-05
1.099215e-05
5.241436e-06
2.381605e-06
1.032295e-06
4.274175e-07
1.693283e-07
6.427298e-08
2.334733e-08
8.186757e-09
3.038060e-09
1.560764e-09
1.521544e-09
1.585103e-09
1.606059e-09
1.617787e-09
1.625729e-09
1.633474e-09
1.641726e-09
1.649966e-09
1.657439e-09
1.663649e-09
1.668431e-09
1.671850e-09
1.674087e-09
1.675365e-09
1.675904e-09
1.675905e-09
1.675540e-09
1.674954e-09
1.674261e-09
1.673552e-09
1.672893e-09
1.672336e-09
1.671915e-09
1.671654e-09
1.671872e-09
1.671937e-09
1.672127e-09
1.672430e-09
1.672823e-09
1.673271e-09
1.673729e-09
1.674134e-09
1.674409e-09
1.674457e-09
1.674164e-09
1.673398e-09
1.672015e-09
1.669874e-09
1.666847e-09
1.662864e-09
1.657945e-09
1.652256e-09
1.646101e-09
1.639817e-09
1.633474e-09
1.626421e-09
1.616917e-09
1.601961e-09
1.581031e-09
1.543273e-09
1.679261e-09
2.421383e-09
5.429483e-09
1.466344e-08
3.769188e-08
9.300883e-08
2.199485e-07
4.973614e-07
1.073999e-06
2.212569e-06
4.345709e-06
8.134156e-06
1.450657e-05
2.465015e-05
3.991727e-05
6.162202e-05
9.072541e-05
1.274483e-04
1.708994e-04
2.188426e-04
2.677229e-04
3.130193e-04
3.498964e-04
3.740328e-04
3.824351e-04
3.740328e-04
3.498964e-04
3.130193e-04
2.677229e-04
2.188426e-04
1.708994e-04
1.274483e-04
9.072542e-05
6.162202e-05
3.991727e-05
2.465015e-05
1.450657e-05
8.134156e-06
4.345709e-06
2.212569e-06
1.073999e-06
4.973614e-07
2.199485e-07
9.300883e-08
3.769188e-08
1.466344e-08
5.429483e-09
2.421383e-09
1.679261e-09
1.543273e-09
1.581031e-09
1.601961e-09
1.616917e-09
1.626421e-09
1.633474e-09
1.639817e-09
1.646101e-09
1.652256e-09
1.657945e-09
1.662864e-09
1.666847e-09
1.669874e-09
1.672015e-09
1.673398e-09
1.674164e-09
1.674457e-09
1.674409e-09
1.674134e-09
1.673729e-09
1.673271e-09
1.672823e-09
1.672430e-09
1.672127e-09
1.671937e-09
1.672047e-09
1.672092e-09
1.672225e-09
1.672433e-09
1.672695e-09
1.672979e-09
1.673246e-09
1.673441e-09
1.673501e-09
1.673348e-09
1.672895e-09
1.672046e-09
1.670706e-09
1.668790e-09
1.666238e-09
1.663037e-09
1.659250e-09
1.655021e-09
1.650566e-09
1.646101e-09
1.641726e-09
1.637343e-09
1.632830e-09
1.629017e-09
1.630513e-09
1.656580e-09
1.753073e-09
1.838223e-09
1.930357e-09
3.506251e-09
8.254851e-09
1.998272e-08
4.637106e-08
1.029407e-07
2.184252e-07
4.425435e-07
8.557493e-07
1.578823e-06
2.778776e-06
4.665747e-06
7.475158e-06
1.143105e-05
1.669097e-05
2.327970e-05
3.102716e-05
3.953110e-05
4.816464e-05
5.613876e-05
6.261499e-05
6.684698e-05
6.831905e-05
6.684698e-05
6.261499e-05
5.613876e-05
4.816464e-05
3.953110e-05
3.102716e-05
2.327970e-05
1.669097e-05
1.143105e-05
7.475158e-06
4.665747e-06
2.778776e-06
1.578823e-06
8.557492e-07
4.425435e-07
2.184252e-07
1.029407e-07
4.637106e-08
1.998272e-08
8.254851e-09
3.506252e-09
1.930357e-09
1.838223e-09
1.753073e-09
1.656580e-09
1.630513e-09
1.629017e-09
1.632830e-09
1.637343e-09
1.641726e-09
1.646101e-09
1.650566e-09
1.655021e-09
1.659250e-09
1.663037e-09
1.666238e-09
1.668790e-09
1.670706e-09
1.672046e-09
1.672895e-09
1.673348e-09
1.673501e-09
1.673441e-09
1.673246e-09
1.672979e-09
1.672695e-09
1.672433e-09
1.672225e-09
1.672092e-09
1.672129e-09
1.672160e-09
1.672247e-09
1.672381e-09
1.672542e-09
1.672704e-09
1.672832e-09
1.672883e-09
1.672804e-09
1.672538e-09
1.672021e-09
1.671187e-09
1.669979e-09
1.668351e-09
1.666288e-09
1.663814e-09
1.661009e-09
1.658014e-09
1.655021e-09
1.652256e-09
1.649966e-09
1.648498e-09
1.648603e-09
1.652198e-09
1.663786e-09
1.691180e-09
1.735363e-09
1.767922e-09
1.721606e-09
1.759900e-09
2.338518e-09
4.374257e-09
9.588063e-09
2.107344e-08
4.408301e-08
8.798132e-08
1.676996e-07
3.052170e-07
5.304743e-07
8.805785e-07
1.396460e-06
2.116258e-06
3.065630e-06
4.246454e-06
5.626517e-06
7.133616e-06
8.657336e-06
1.006012e-05
1.119669e-05
1.193824e-05
1.219598e-05
1.193824e-05
1.119669e-05
1.006012e-05
8.657336e-06
7.133616e-06
5.626517e-06
4.246454e-06
3.065630e-06
2.116258e-06
1.396460e-06
8.805785e-07
5.304743e-07
3.052170e-07
1.676996e-07
8.798132e-08
4.408301e-08
2.107344e-08
9.588063e-09
4.374257e-09
2.338518e-09
1.759900e-09
1.721606e-09
1.767922e-09
1.735363e-09
1.691180e-09
1.663786e-09
1.652198e-09
1.648603e-09
1.648498e-09
1.649966e-09
1.652256e-09
1.655021e-09
1.658014e-09
1.661009e-09
1.663814e-09
1.666288e-09
1.668351e-09
1.669979e-09
1.671187e-09
1.672021e-09
1.672538e-09
1.672804e-09
1.672883e-09
1.672832e-09
1.672704e-09
1.672542e-09
1.672381e-09
1.672247e-09
1.672160e-09
1.672150e-09
1.672169e-09
1.672222e-09
1.672300e-09
1.672387e-09
1.672461e-09
1.672494e-09
1.672452e-09
1.672295e-09
1.671980e-09
1.671464e-09
1.670706e-09
1.669674e-09
1.668355e-09
1.666759e-09
1.664933e-09
1.662969e-09
1.661009e-09
1.659250e-09
1.657945e-09
1.657439e-09
1.658256e-09
1.661300e-09
1.668144e-09
1.681109e-09
1.701987e-09
1.728037e-09
1.749631e-09
1.767676e-09
1.825734e-09
1.874071e-09
1.934381e-09
2.530917e-09
4.404787e-09
8.765870e-09
1.738237e-08
3.274915e-08
5.884366e-08
1.010156e-07
1.657757e-07
2.602878e-07
3.910867e-07
5.622888e-07
7.737412e-07
1.019385e-06
1.286314e-06
1.555137e-06
1.801908e-06
2.001446e-06
2.131464e-06
2.176624e-06
2.131464e-06
2.001446e-06
1.801908e-06
1.555137e-06
1.286314e-06
1.019385e-06
7.737412e-07
5.622888e-07
3.910867e-07
2.602878e-07
1.657757e-07
1.010156e-07
5.884366e-08
3.274915e-08
1.738237e-08
8.765870e-09
4.404787e-09
2.530917e-09
1.934381e-09
1.874071e-09
1.825734e-09
1.767676e-09
1.749631e-09
1.728037e-09
1.701987e-09
1.681109e-09
1.668144e-09
1.661300e-09
1.658256e-09
1.657439e-09
1.657945e-09
1.659250e-09
1.661009e-09
1.662969e-09
1.664933e-09
1.666759e-09
1.668355e-09
1.669674e-09
1.670706e-09
1.671464e-09
1.671980e-09
1.672295e-09
1.672452e-09
1.672494e-09
1.672461e-09
1.672387e-09
1.672300e-09
1.672222e-09
1.672169e-09
1.672133e-09
1.672143e-09
1.672171e-09
1.672209e-09
1.672244e-09
1.672259e-09
1.672231e-09
1.672136e-09
1.671943e-09
1.671623e-09
1.671150e-09
1.670500e-09
1.669662e-09
1.668642e-09
1.667467e-09
1.666198e-09
1.664933e-09
1.663814e-09
1.663037e-09
1.662864e-09
1.663649e-09
1.665901e-09
1.670352e-09
1.677981e-09
1.689783e-09
1.706030e-09
1.725388e-09
1.746128e-09
1.771210e-09
1.806854e-09
1.849345e-09
1.910413e-09
1.922764e-09
1.866182e-09
2.275031e-09
3.575759e-09
6.386777e-09
1.139276e-08
1.927569e-08
3.113879e-08
4.836411e-08
7.215744e-08
1.030594e-07
1.408848e-07
1.845242e-07
2.317139e-07
2.790940e-07
3.225431e-07
3.576849e-07
3.805792e-07
3.885262e-07
3.805792e-07
3.576849e-07
3.225431e-07
2.790940e-07
2.317139e-07
1.845242e-07
1.408848e-07
1.030594e-07
7.215744e-08
4.836411e-08
3.113879e-08
1.927569e-08
1.139276e-08
6.386777e-09
3.575759e-09
2.275031e-09
1.866182e-09
1.922764e-09
1.910413e-09
1.849345e-09
1.806854e-09
1.771210e-09
1.746128e-09
1.725388e-09
1.706030e-09
1.689783e-09
1.677981e-09
1.670352e-09
1.665901e-09
1.663649e-09
1.662864e-09
1.663037e-09
1.663814e-09
1.664933e-09
1.666198e-09
1.667467e-09
1.668642e-09
1.669662e-09
1.670500e-09
1.671150e-09
1.671623e-09
1.671943e-09
1.672136e-09
1.672231e-09
1.672259e-09
1.672244e-09
1.672209e-09
1.672171e-09
1.672143e-09
1.672094e-09
1.672098e-09
1.672109e-09
1.672120e-09
1.672121e-09
1.672099e-09
1.672037e-09
1.671916e-09
1.671718e-09
1.671422e-09
1.671015e-09
1.670486e-09
1.669838e-09
1.669088e-09
1.668276e-09
1.667467e-09
1.666759e-09
1.666288e-09
1.666238e-09
1.666847e-09
1.668431e-09
1.671395e-09
1.676247e-09
1.683539e-09
1.693694e-09
1.706732e-09
1.722201e-09
1.739829e-09
1.760420e-09
1.784700e-09
1.810948e-09
1.832943e-09
1.834598e-09
1.820831e-09
1.746962e-09
1.572589e-09
1.747378e-09
2.436425e-09
3.789081e-09
5.807388e-09
8.838706e-09
1.332848e-08
1.897102e-08
2.568746e-08
3.335866e-08
4.161530e-08
4.990969e-08
5.760473e-08
6.394619e-08
6.808316e-08
6.950784e-08
6.808316e-08
6.394619e-08
5.760473e-08
4.990969e-08
4.161530e-08
3.335866e-08
2.568746e-08
1.897102e-08
1.332848e-08
8.838706e-09
5.807388e-09
3.789081e-09
2.436425e-09
1.747378e-09
1.572589e-09
1.746962e-09
1.820831e-09
1.834598e-09
1.832943e-09
1.810948e-09
1.784700e-09
1.760420e-09
1.739829e-09
1.722201e-09
1.706732e-09
1.693694e-09
1.683539e-09
1.676247e-09
1.671395e-09
1.668431e-09
1.666847e-09
1.666238e-09
1.666288e-09
1.666759e-09
1.667467e-09
1.668276e-09
1.669088e-09
1.669838e-09
1.670486e-09
1.671015e-09
1.671422e-09
1.671718e-09
1.671916e-09
1.672037e-09
1.672099e-09
1.672121e-09
1.672120e-09
1.672109e-09
1.672098e-09
1.672047e-09
1.672047e-09
1.672046e-09
1.672040e-09
1.672020e-09
1.671978e-09
1.671900e-09
1.671775e-09
1.671590e-09
1.671335e-09
1.671002e-09
1.670593e-09
1.670118e-09
1.669602e-09
1.669088e-09
1.668642e-09
1.668355e-09
1.668351e-09
1.668790e-09
1.669874e-09
1.671850e-09
1.675013e-09
1.679685e-09
1.686162e-09
1.694619e-09
1.705013e-09
1.717104e-09
1.730631e-09
1.745350e-09
1.760439e-09
1.773460e-09
1.779456e-09
1.771629e-09
1.743238e-09
1.683276e-09
1.599897e-09
1.481038e-09
1.302522e-09
1.420183e-09
1.721300e-09
2.088448e-09
2.694600e-09
3.627149e-09
4.734859e-09
6.001277e-09
7.358253e-09
8.725804e-09
1.011277e-08
1.151972e-08
1.235366e-08
1.260778e-08
1.235366e-08
1.151972e-08
1.011277e-08
8.725804e-09
7.358253e-09
6.001277e-09
4.734859e-09
3.627149e-09
2.694600e-09
2.088448e-09
1.721300e-09
1.420183e-09
1.302522e-09
1.481038e-09
1.599897e-09
1.683276e-09
1.743238e-09
1.771629e-09
1.779456e-09
1.773460e-09
1.760439e-09
1.745350e-09
1.730631e-09
1.717104e-09
1.705013e-09
1.694619e-09
1.686162e-09
1.679685e-09
1.675013e-09
1.671850e-09
1.669874e-09
1.668790e-09
1.668351e-09
1.668355e-09
1.668642e-09
1.669088e-09
1.669602e-09
1.670118e-09
1.670593e-09
1.671002e-09
1.671335e-09
1.671590e-09
1.671775e-09
1.671900e-09
1.671978e-09
1.672020e-09
1.672040e-09
1.672046e-09
1.672047e-09
1.671999e-09
1.671997e-09
1.671989e-09
1.671973e-09
1.671943e-09
1.671892e-09
1.671812e-09
1.671695e-09
1.671535e-09
1.671326e-09
1.671068e-09
1.670769e-09
1.670443e-09
1.670118e-09
1.669838e-09
1.669662e-09
1.669674e-09
1.669979e-09
1.670706e-09
1.672015e-09
1.674087e-09
1.677118e-09
1.681297e-09
1.686767e-09
1.693568e-09
1.701596e-09
1.710596e-09
1.720161e-09
1.729636e-09
1.737808e-09
1.742498e-09
1.740384e-09
1.727414e-09
1.699593e-09
1.654476e-09
1.594215e-09
1.524642e-09
1.476371e-09
1.514656e-09
1.602913e-09
1.574607e-09
1.344637e-09
1.367305e-09
1.543708e-09
1.776042e-09
2.015857e-09
2.216684e-09
2.332494e-09
2.387623e-09
2.429991e-09
2.442471e-09
2.429991e-09
2.387623e-09
2.332494e-09
2.216684e-09
2.015857e-09
1.776042e-09
1.543708e-09
1.367305e-09
1.344637e-09
1.574607e-09
1.602913e-09
1.514656e-09
1.476371e-09
1.524642e-09
1.594215e-09
1.654476e-09
1.699593e-09
1.727414e-09
1.740384e-09
1.742498e-09
1.737808e-09
1.729636e-09
1.720161e-09
1.710596e-09
1.701596e-09
1.693568e-09
1.686767e-09
1.681297e-09
1.677118e-09
1.674087e-09
1.672015e-09
1.670706e-09
1.669979e-09
1.669674e-09
1.669662e-09
1.669838e-09
1.670118e-09
1.670443e-09
1.670769e-09
1.671068e-09
1.671326e-09
1.671535e-09
1.671695e-09
1.671812e-09
1.671892e-09
1.671943e-09
1.671973e-09
1.671989e-09
1.671997e-09
1.671954e-09
1.671951e-09
1.671940e-09
1.671920e-09
1.671886e-09
1.671835e-09
1.671761e-09
1.671659e-09
1.671528e-09
1.671366e-09
1.671178e-09
1.670973e-09
1.670769e-09
1.670593e-09
1.670486e-09
1.670500e-09
1.670706e-09
1.671187e-09
1.672046e-09
1.673398e-09
1.675365e-09
1.678068e-09
1.681603e-09
1.686015e-09
1.691262e-09
1.697187e-09
1.703489e-09
1.709692e-09
1.715058e-09
1.718449e-09
1.718206e-09
1.712193e-09
1.698149e-09
1.674370e-09
1.640805e-09
1.600465e-09
1.561261e-09
1.538426e-09
1.543949e-09
1.557207e-09
1.534610e-09
1.485232e-09
1.499869e-09
1.588428e-09
1.712181e-09
1.825481e-09
1.867626e-09
1.707117e-09
1.270950e-09
1.064007e-09
1.019817e-09
1.064007e-09
1.270950e-09
1.707117e-09
1.867626e-09
1.825481e-09
1.712181e-09
1.588428e-09
1.499869e-09
1.485232e-09
1.534610e-09
1.557207e-09
1.543949e-09
1.538426e-09
1.561261e-09
1.600465e-09
1.640805e-09
1.674370e-09
1.698149e-09
1.712193e-09
1.718206e-09
1.718449e-09
1.715058e-09
1.709692e-09
1.703489e-09
1.697187e-09
1.691262e-09
1.686015e-09
1.681603e-09
1.678068e-09
1.675365e-09
1.673398e-09
1.672046e-09
1.671187e-09
1.670706e-09
1.670500e-09
1.670486e-09
1.670593e-09
1.670769e-09
1.670973e-09
1.671178e-09
1.671366e-09
1.671528e-09
1.671659e-09
1.671761e-09
1.671835e-09
1.671886e-09
1.671920e-09
1.671940e-09
1.671951e-09
1.671917e-09
1.671913e-09
1.671901e-09
1.671880e-09
1.671848e-09
1.671801e-09
1.671737e-09
1.671654e-09
1.671553e-09
1.671435e-09
1.671306e-09
1.671178e-09
1.671068e-09
1.671002e-09
1.671015e-09
1.671150e-09
1.671464e-09
1.672021e-09
1.672895e-09
1.674164e-09
1.675904e-09
1.678178e-09
1.681019e-09
1.684409e-09
1.688256e-09
1.692371e-09
1.696439e-09
1.699993e-09
1.702364e-09
1.702637e-09
1.699652e-09
1.692113e-09
1.678882e-09
1.659458e-09
1.634620e-09
1.607111e-09
1.581994e-09
1.565406e-09
1.559292e-09
1.555954e-09
1.545885e-09
1.536969e-09
1.552501e-09
1.598195e-09
1.656898e-09
1.698461e-09
1.683495e-09
1.574588e-09
1.397059e-09
1.268066e-09
1.226283e-09
1.268066e-09
1.397059e-09
1.574588e-09
1.683495e-09
1.698461e-09
1.656898e-09
1.598195e-09
1.552501e-09
1.536969e-09
1.545885e-09
1.555954e-09
1.559292e-09
1.565406e-09
1.581994e-09
1.607111e-09
1.634620e-09
1.659458e-09
1.678882e-09
1.692113e-09
1.699652e-09
1.702637e-09
1.702364e-09
1.699993e-09
1.696439e-09
1.692371e-09
1.688256e-09
1.684409e-09
1.681019e-09
1.678178e-09
1.675904e-09
1.674164e-09
1.672895e-09
1.672021e-09
1.671464e-09
1.671150e-09
1.671015e-09
1.671002e-09
1.671068e-09
1.671178e-09
1.671306e-09
1.671435e-09
1.671553e-09
1.671654e-09
1.671737e-09
1.671801e-09
1.671848e-09
1.671880e-09
1.671901e-09
1.671913e-09
1.671887e-09
1.671883e-09
1.671872e-09
1.671852e-09
1.671823e-09
1.671784e-09
1.671732e-09
1.671669e-09
1.671595e-09
1.671514e-09
1.671435e-09
1.671366e-09
1.671326e-09
1.671335e-09
1.671422e-09
1.671623e-09
1.671980e-09
1.672538e-09
1.673348e-09
1.674457e-09
1.675905e-09
1.677713e-09
1.679872e-09
1.682328e-09
1.684962e-09
1.687576e-09
1.689872e-09
1.691436e-09
1.691723e-09
1.690057e-09
1.685671e-09
1.677827e-09
1.666022e-09
1.650290e-09
1.631524e-09
1.611681e-09
1.593585e-09
1.579857e-09
1.571040e-09
1.564967e-09
1.560067e-09
1.559889e-09
1.570803e-09
1.593119e-09
1.617270e-09
1.626502e-09
1.602639e-09
1.537549e-09
1.449663e-09
1.379437e-09
1.353743e-09
1.379437e-09
1.449663e-09
1.537549e-09
1.602639e-09
1.626502e-09
1.617270e-09
1.593119e-09
1.570803e-09
1.559889e-09
1.560067e-09
1.564967e-09
1.571040e-09
1.579857e-09
1.593585e-09
1.611681e-09
1.631524e-09
1.650290e-09
1.666022e-09
1.677827e-09
1.685671e-09
1.690057e-09
1.691723e-09
1.691436e-09
1.689872e-09
1.687576e-09
1.684962e-09
1.682328e-09
1.679872e-09
1.677713e-09
1.675905e-09
1.674457e-09
1.673348e-09
1.672538e-09
1.671980e-09
1.671623e-09
1.671422e-09
1.671335e-09
1.671326e-09
1.671366e-09
1.671435e-09
1.671514e-09
1.671595e-09
1.671669e-09
1.671732e-09
1.671784e-09
1.671823e-09
1.671852e-09
1.671872e-09
1.671883e-09
1.671864e-09
1.671860e-09
1.671851e-09
1.671834e-09
1.671810e-09
1.671779e-09
1.671740e-09
1.671694e-09
1.671644e-09
1.671595e-09
1.671553e-09
1.671528e-09
1.671535e-09
1.671590e-09
1.671718e-09
1.671943e-09
1.672295e-09
1.672804e-09
1.673501e-09
1.674409e-09
1.675540e-09
1.676889e-09
1.678420e-09
1.680057e-09
1.681673e-09
1.683079e-09
1.684013e-09
1.684132e-09
1.683019e-09
1.680198e-09
1.675187e-09
1.667589e-09
1.657235e-09
1.644346e-09
1.629672e-09
1.614505e-09
1.600438e-09
1.588805e-09
1.580069e-09
1.573894e-09
1.570272e-09
1.570477e-09
1.575855e-09
1.584970e-09
1.592175e-09
1.588997e-09
1.568008e-09
1.528508e-09
1.480823e-09
1.442620e-09
1.428213e-09
1.442620e-09
1.480823e-09
1.528508e-09
1.568008e-09
1.588997e-09
1.592175e-09
1.584970e-09
1.575855e-09
1.570477e-09
1.570272e-09
1.573894e-09
1.580069e-09
1.588805e-09
1.600438e-09
1.614505e-09
1.629672e-09
1.644346e-09
1.657235e-09
1.667589e-09
1.675187e-09
1.680198e-09
1.683019e-09
1.684132e-09
1.684013e-09
1.683079e-09
1.681673e-09
1.680057e-09
1.678420e-09
1.676889e-09
1.675540e-09
1.674409e-09
1.673501e-09
1.672804e-09
1.672295e-09
1.671943e-09
1.671718e-09
1.671590e-09
1.671535e-09
1.671528e-09
1.671553e-09
1.671595e-09
1.671644e-09
1.671694e-09
1.671740e-09
1.671779e-09
1.671810e-09
1.671834e-09
1.671851e-09
1.671860e-09
1.671847e-09
1.671844e-09
1.671837e-09
1.671823e-09
1.671805e-09
1.671782e-09
1.671754e-09
1.671724e-09
1.671694e-09
1.671669e-09
1.671654e-09
1.671659e-09
1.671695e-09
1.671775e-09
1.671916e-09
1.672136e-09
1.672452e-09
1.672883e-09
1.673441e-09
1.674134e-09
1.674954e-09
1.675877e-09
1.676852e-09
1.677795e-09
1.678582e-09
1.679043e-09
1.678955e-09
1.678051e-09
1.676021e-09
1.672543e-09
1.667325e-09
1.660173e-09
1.651074e-09
1.640284e-09
1.628375e-09
1.616191e-09
1.604692e-09
1.594681e-09
1.586593e-09
1.580558e-09
1.576723e-09
1.575377e-09
1.576378e-09
1.578196e-09
1.577572e-09
1.570434e-09
1.553986e-09
1.529158e-09
1.501715e-09
1.480290e-09
1.472220e-09
1.480290e-09
1.501715e-09
1.529158e-09
1.553986e-09
1.570434e-09
1.577572e-09
1.578196e-09
1.576378e-09
1.575377e-09
1.576723e-09
1.580558e-09
1.586593e-09
1.594681e-09
1.604692e-09
1.616191e-09
1.628375e-09
1.640284e-09
1.651074e-09
1.660173e-09
1.667325e-09
1.672543e-09
1.676021e-09
1.678051e-09
1.678955e-09
1.679043e-09
1.678582e-09
1.677795e-09
1.676852e-09
1.675877e-09
1.674954e-09
1.674134e-09
1.673441e-09
1.672883e-09
1.672452e-09
1.672136e-09
1.671916e-09
1.671775e-09
1.671695e-09
1.671659e-09
1.671654e-09
1.671669e-09
1.671694e-09
1.671724e-09
1.671754e-09
1.671782e-09
1.671805e-09
1.671823e-09
1.671837e-09
1.671844e-09
1.671836e-09
1.671834e-09
1.671828e-09
1.671818e-09
1.671805e-09
1.671789e-09
1.671772e-09
1.671754e-09
1.671740e-09
1.671732e-09
1.671737e-09
1.671761e-09
1.671812e-09
1.671900e-09
1.672037e-09
1.672231e-09
1.672494e-09
1.672832e-09
1.673246e-09
1.673729e-09
1.674261e-09
1.674807e-09
1.675309e-09
1.675681e-09
1.675809e-09
1.675545e-09
1.674708e-09
1.673092e-09
1.670475e-09
1.666644e-09
1.661429e-09
1.654749e-09
1.646659e-09
1.637393e-09
1.627372e-09
1.617166e-09
1.607389e-09
1.598573e-09
1.591071e-09
1.585067e-09
1.580629e-09
1.577682e-09
1.575754e-09
1.573692e-09
1.569682e-09
1.561838e-09
1.549247e-09
1.532981e-09
1.516332e-09
1.503778e-09
1.499105e-09
1.503778e-09
1.516332e-09
1.532981e-09
1.549247e-09
1.561838e-09
1.569682e-09
1.573692e-09
1.575754e-09
1.577682e-09
1.580629e-09
1.585067e-09
1.591071e-09
1.598573e-09
1.607389e-09
1.617166e-09
1.627372e-09
1.637393e-09
1.646659e-09
1.654749e-09
1.661429e-09
1.666644e-09
1.670475e-09
1.673092e-09
1.674708e-09
1.675545e-09
1.675809e-09
1.675681e-09
1.675309e-09
1.674807e-09
1.674261e-09
1.673729e-09
1.673246e-09
1.672832e-09
1.672494e-09
1.672231e-09
1.672037e-09
1.671900e-09
1.671812e-09
1.671761e-09
1.671737e-09
1.671732e-09
1.671740e-09
1.671754e-09
1.671772e-09
1.671789e-09
1.671805e-09
1.671818e-09
1.671828e-09
1.671834e-09
1.671829e-09
1.671827e-09
1.671823e-09
1.671817e-09
1.671808e-09
1.671799e-09
1.671789e-09
1.671782e-09
1.671779e-09
1.671784e-09
1.671801e-09
1.671835e-09
1.671892e-09
1.671978e-09
1.672099e-09
1.672259e-09
1.672461e-09
1.672704e-09
1.672979e-09
1.673271e-09
1.673552e-09
1.673778e-09
1.673890e-09
1.673806e-09
1.673423e-09
1.672616e-09
1.671239e-09
1.669136e-09
1.666150e-09
1.662143e-09
1.657022e-09
1.650766e-09
1.643453e-09
1.635282e-09
1.626565e-09
1.617696e-09
1.609092e-09
1.601118e-09
1.594038e-09
1.587991e-09
1.582982e-09
1.578842e-09
1.575138e-09
1.571110e-09
1.565788e-09
1.558342e-09
1.548591e-09
1.537411e-09
1.526730e-09
1.518967e-09
1.516122e-09
1.518967e-09
1.526730e-09
1.537411e-09
1.548591e-09
1.558342e-09
1.565788e-09
1.571110e-09
1.575138e-09
1.578842e-09
1.582982e-09
1.587991e-09
1.594038e-09
1.601118e-09
1.609092e-09
1.617696e-09
1.626565e-09
1.635282e-09
1.643453e-09
1.650766e-09
1.657022e-09
1.662143e-09
1.666150e-09
1.669136e-09
1.671239e-09
1.672616e-09
1.673423e-09
1.673806e-09
1.673890e-09
1.673778e-09
1.673552e-09
1.673271e-09
1.672979e-09
1.672704e-09
1.672461e-09
1.672259e-09
1.672099e-09
1.671978e-09
1.671892e-09
1.671835e-09
1.671801e-09
1.671784e-09
1.671779e-09
1.671782e-09
1.671789e-09
1.671799e-09
1.671808e-09
1.671817e-09
1.671823e-09
1.671827e-09
1.671825e-09
1.671824e-09
1.671821e-09
1.671818e-09
1.671813e-09
1.671808e-09
1.671805e-09
1.671805e-09
1.671810e-09
1.671823e-09
1.671848e-09
1.671886e-09
1.671943e-09
1.672020e-09
1.672121e-09
1.672244e-09
1.672387e-09
1.672542e-09
1.672695e-09
1.672823e-09
1.672893e-09
1.672860e-09
1.672664e-09
1.672227e-09
1.671459e-09
1.670254e-09
1.668495e-09
1.666065e-09
1.662852e-09
1.658769e-09
1.653768e-09
1.647858e-09
1.641125e-09
1.633732e-09
1.625913e-09
1.617953e-09
1.610146e-09
1.602749e-09
1.595952e-09
1.589849e-09
1.584420e-09
1.579510e-09
1.574802e-09
1.569839e-09
1.564128e-09
1.557340e-09
1.549558e-09
1.541436e-09
1.534136e-09
1.529017e-09
1.527172e-09
1.529017e-09
1.534136e-09
1.541436e-09
1.549558e-09
1.557340e-09
1.564128e-09
1.569839e-09
1.574802e-09
1.579510e-09
1.584420e-09
1.589849e-09
1.595952e-09
1.602749e-09
1.610146e-09
1.617953e-09
1.625913e-09
1.633732e-09
1.641125e-09
1.647858e-09
1.653768e-09
1.658769e-09
1.662852e-09
1.666065e-09
1.668495e-09
1.670254e-09
1.671459e-09
1.672227e-09
1.672664e-09
1.672860e-09
1.672893e-09
1.672823e-09
1.672695e-09
1.672542e-09
1.672387e-09
1.672244e-09
1.672121e-09
1.672020e-09
1.671943e-09
1.671886e-09
1.671848e-09
1.671823e-09
1.671810e-09
1.671805e-09
1.671805e-09
1.671808e-09
1.671813e-09
1.671818e-09
1.671821e-09
1.671824e-09
1.671823e-09
1.671822e-09
1.671821e-09
1.671819e-09
1.671818e-09
1.671817e-09
1.671818e-09
1.671823e-09
1.671834e-09
1.671852e-09
1.671880e-09
1.671920e-09
1.671973e-09
1.672040e-09
1.672120e-09
1.672209e-09
1.672300e-09
1.672381e-09
1.672433e-09
1.672430e-09
1.672336e-09
1.672104e-09
1.671674e-09
1.670977e-09
1.669930e-09
1.668444e-09
1.666425e-09
1.663780e-09
1.660431e-09
1.656323e-09
1.651433e-09
1.645789e-09
1.639471e-09
1.632615e-09
1.625405e-09
1.618053e-09
1.610776e-09
1.603764e-09
1.597153e-09
1.591010e-09
1.585313e-09
1.579948e-09
1.574711e-09
1.569344e-09
1.563615e-09
1.557431e-09
1.550959e-09
1.544675e-09
1.539313e-09
1.535674e-09
1.534383e-09
1.535674e-09
1.539313e-09
1.544675e-09
1.550959e-09
1.557431e-09
1.563615e-09
1.569344e-09
1.574711e-09
1.579948e-09
1.585313e-09
1.591010e-09
1.597153e-09
1.603764e-09
1.610776e-09
1.618053e-09
1.625404e-09
1.632615e-09
1.639471e-09
1.645789e-09
1.651433e-09
1.656323e-09
1.660431e-09
1.663780e-09
1.666425e-09
1.668444e-09
1.669930e-09
1.670977e-09
1.671674e-09
1.672104e-09
1.672336e-09
1.672430e-09
1.672433e-09
1.672381e-09
1.672300e-09
1.672209e-09
1.672120e-09
1.672040e-09
1.671973e-09
1.671920e-09
1.671880e-09
1.671852e-09
1.671834e-09
1.671823e-09
1.671818e-09
1.671817e-09
1.671818e-09
1.671819e-09
1.671821e-09
1.671822e-09
1.671822e-09
1.671822e-09
1.671821e-09
1.671821e-09
1.671821e-09
1.671823e-09
1.671828e-09
1.671837e-09
1.671851e-09
1.671872e-09
1.671901e-09
1.671940e-09
1.671989e-09
1.672046e-09
1.672109e-09
1.672171e-09
1.672222e-09
1.672247e-09
1.672225e-09
1.672127e-09
1.671915e-09
1.671542e-09
1.670951e-09
1.670075e-09
1.668841e-09
1.667169e-09
1.664981e-09
1.662203e-09
1.658777e-09
1.654665e-09
1.649863e-09
1.644403e-09
1.638362e-09
1.631857e-09
1.625038e-09
1.618074e-09
1.611133e-09
1.604364e-09
1.597872e-09
1.591708e-09
1.585858e-09
1.580247e-09
1.574752e-09
1.569235e-09
1.563602e-09
1.557868e-09
1.552215e-09
1.547007e-09
1.542737e-09
1.539915e-09
1.538927e-09
1.539915e-09
1.542737e-09
1.547007e-09
1.552215e-09
1.557868e-09
1.563602e-09
1.569235e-09
1.574752e-09
1.580247e-09
1.585858e-09
1.591708e-09
1.597872e-09
1.604364e-09
1.611133e-09
1.618074e-09
1.625038e-09
1.631857e-09
1.638362e-09
1.644403e-09
1.649863e-09
1.654665e-09
1.658777e-09
1.662203e-09
1.664981e-09
1.667169e-09
1.668841e-09
1.670075e-09
1.670951e-09
1.671542e-09
1.671915e-09
1.672127e-09
1.672225e-09
1.672247e-09
1.672222e-09
1.672171e-09
1.672109e-09
1.672046e-09
1.671989e-09
1.671940e-09
1.671901e-09
1.671872e-09
1.671851e-09
1.671837e-09
1.671828e-09
1.671823e-09
1.671821e-09
1.671821e-09
1.671821e-09
1.671822e-09
1.671822e-09
1.671822e-09
1.671822e-09
1.671822e-09
1.671824e-09
1.671827e-09
1.671834e-09
1.671844e-09
1.671860e-09
1.671883e-09
1.671913e-09
1.671951e-09
1.671997e-09
1.672047e-09
1.672098e-09
1.672143e-09
1.672169e-09
1.672160e-09
1.672092e-09
1.671937e-09
1.671654e-09
1.671197e-09
1.670511e-09
1.669531e-09
1.668189e-09
1.666411e-09
1.664129e-09
1.661279e-09
1.657813e-09
1.653705e-09
1.648958e-09
1.643606e-09
1.637724e-09
1.631417e-09
1.624816e-09
1.618067e-09
1.611313e-09
1.604678e-09
1.598253e-09
1.592080e-09
1.586156e-09
1.580429e-09
1.574822e-09
1.569261e-09
1.563718e-09
1.558254e-09
1.553050e-09
1.548405e-09
1.544692e-09
1.542281e-09
1.541443e-09
1.542281e-09
1.544692e-09
1.548405e-09
1.553050e-09
1.558254e-09
1.563718e-09
1.569261e-09
1.574822e-09
1.580429e-09
1.586156e-09
1.592080e-09
1.598253e-09
1.604678e-09
1.611313e-09
1.618067e-09
1.624816e-09
1.631417e-09
1.637724e-09
1.643606e-09
1.648958e-09
1.653705e-09
1.657813e-09
1.661279e-09
1.664129e-09
1.666411e-09
1.668189e-09
1.669531e-09
1.670511e-09
1.671197e-09
1.671654e-09
1.671937e-09
1.672092e-09
1.672160e-09
1.672169e-09
1.672143e-09
1.672098e-09
1.672047e-09
1.671997e-09
1.671951e-09
1.671913e-09
1.671883e-09
1.671860e-09
1.671844e-09
1.671834e-09
1.671827e-09
1.671824e-09
1.671822e-09
1.671822e-09
1.671822e-09
