-4.074029e-12
-3.752526e-12
-3.874456e-12
-4.536021e-12
-5.619425e-12
-6.808682e-12
-7.706589e-12
-8.008066e-12
-7.645131e-12
-6.823323e-12
-5.918575e-12
-5.282417e-12
-5.057808e-12
-5.103105e-12
-5.055085e-12
-4.489069e-12
-3.090687e-12
-7.757545e-13
2.265296e-12
5.591572e-12
8.597425e-12
1.065674e-11
1.129892e-11
1.035596e-11
8.006686e-12
4.687938e-12
9.213463e-13
-2.846761e-12
-6.315899e-12
-9.304311e-12
-1.168056e-11
-1.332465e-11
-1.414381e-11
-1.411993e-11
-1.334824e-11
-1.204199e-11
-1.050731e-11
-9.096102e-12
-8.143250e-12
-7.887253e-12
-8.387336e-12
-9.471503e-12
-1.075248e-11
-1.172278e-11
-1.190147e-11
-1.097829e-11
-8.899936e-12
-5.873912e-12
-2.299428e-12
1.341122e-12
4.593454e-12
7.124117e-12
8.779220e-12
9.608939e-12
9.849215e-12
9.857892e-12
1.000496e-11
1.053899e-11
1.147347e-11
1.254280e-11
1.326491e-11
1.310584e-11
1.169349e-11
8.997039e-12
5.391174e-12
1.562944e-12
-1.712765e-12
-3.841955e-12
-4.608657e-12
-4.208855e-12
-3.109069e-12
-1.800556e-12
-5.819685e-13
5.195670e-13
1.655596e-12
2.969572e-12
4.448483e-12
5.917114e-12
7.172814e-12
8.148811e-12
8.971834e-12
9.862645e-12
1.095343e-11
1.215997e-11
1.319873e-11
1.372243e-11
1.347136e-11
1.235210e-11
1.043296e-11
7.903525e-12
5.037699e-12
2.156657e-12
-4.297222e-13
-2.499719e-12
-3.969627e-12
-4.878445e-12
-5.318281e-12
-5.370291e-12
-5.099827e-12
-4.606919e-12
-5.788284e-11
-5.139794e-11
-3.478013e-11
-9.404356e-12
2.288543e-11
5.985427e-11
9.909901e-11
1.384964e-10
1.767576e-10
2.137832e-10
2.505408e-10
2.884434e-10
3.285333e-10
3.709052e-10
4.146404e-10
4.582148e-10
5.001066e-10
5.392868e-10
5.753759e-10
6.084182e-10
6.383937e-10
6.647317e-10
6.861178e-10
7.007328e-10
7.067779e-10
7.029413e-10
6.884984e-10
6.630315e-10
6.260415e-10
5.767888e-10
5.144782e-10
4.386048e-10
3.491529e-10
2.465051e-10
1.311936e-10
3.784622e-12
-1.349372e-10
-2.835827e-10
-4.398564e-10
-6.005693e-10
-7.619683e-10
-9.201751e-10
-1.071501e-09
-1.212555e-09
-1.340234e-09
-1.451750e-09
-1.544763e-09
-1.617568e-09
-1.669187e-09
-1.699285e-09
-1.707918e-09
-1.695279e-09
-1.661562e-09
-1.607034e-09
-1.532259e-09
-1.438303e-09
-1.326812e-09
-1.199926e-09
-1.060134e-09
-9.102022e-10
-7.532303e-10
-5.927323e-10
-4.325585e-10
-2.765470e-10
-1.280033e-10
1.070407e-11
1.381741e-10
2.536143e-10
3.563708e-10
4.457055e-10
5.209642e-10
5.819450e-10
6.291120e-10
6.634467e-10
6.860599e-10
6.978981e-10
6.997886e-10
6.927544e-10
6.782783e-10
6.582118e-10
6.343097e-10
6.076752e-10
5.784913e-10
5.462370e-10
5.102866e-10
4.705711e-10
4.279560e-10
3.841262e-10
3.409961e-10
2.999061e-10
2.610209e-10
2.232919e-10
1.850740e-10
1.451101e-10
1.033786e-10
6.138772e-11
2.182585e-11
-1.219159e-11
-3.790167e-11
-5.341472e-11
-1.067273e-10
-9.460459e-11
-6.263773e-11
-1.366961e-11
4.837485e-11
1.189551e-10
1.936339e-10
2.690066e-10
3.435168e-10
4.176787e-10
4.934256e-10
5.728049e-10
6.566873e-10
7.441732e-10
8.329396e-10
9.202250e-10
1.003867e-09
1.082893e-09
1.157423e-09
1.227957e-09
1.294337e-09
1.354902e-09
1.406309e-09
1.444222e-09
1.464482e-09
1.464080e-09
1.441343e-09
1.395336e-09
1.325019e-09
1.228853e-09
1.105078e-09
9.523918e-10
7.704507e-10
5.598985e-10
3.220698e-10
5.879386e-11
-2.274286e-10
-5.329833e-10
-8.528051e-10
-1.180438e-09
-1.508497e-09
-1.829268e-09
-2.135212e-09
-2.419258e-09
-2.675031e-09
-2.897111e-09
-3.081360e-09
-3.225152e-09
-3.327339e-09
-3.387873e-09
-3.407198e-09
-3.385677e-09
-3.323338e-09
-3.220046e-09
-3.076027e-09
-2.892467e-09
-2.671914e-09
-2.418317e-09
-2.136798e-09
-1.833323e-09
-1.514484e-09
-1.187386e-09
-8.594905e-10
-5.382377e-10
-2.304296e-10
5.835946e-11
3.240309e-10
5.637580e-10
7.755644e-10
9.580809e-10
1.110669e-09
1.233696e-09
1.328536e-09
1.397094e-09
1.441126e-09
1.461900e-09
1.460551e-09
1.438902e-09
1.400092e-09
1.348412e-09
1.288330e-09
1.223249e-09
1.154750e-09
1.082715e-09
1.006239e-09
9.248016e-10
8.391395e-10
7.514152e-10
6.645708e-10
5.811294e-10
5.020400e-10
4.262490e-10
3.513644e-10
2.751480e-10
1.970672e-10
1.191029e-10
4.548047e-11
-1.842553e-11
-6.742642e-11
-9.757774e-11
-1.490275e-10
-1.322799e-10
-8.753252e-11
-1.926646e-11
6.652376e-11
1.635800e-10
2.667283e-10
3.729583e-10
4.817897e-10
5.946509e-10
7.134564e-10
8.390643e-10
9.704387e-10
1.104937e-09
1.239459e-09
1.371720e-09
1.500957e-09
1.627741e-09
1.753021e-09
1.876757e-09
1.996675e-09
2.107747e-09
2.202789e-09
2.274072e-09
2.315177e-09
2.322124e-09
2.293154e-09
2.227464e-09
2.123808e-09
1.979895e-09
1.792850e-09
1.560270e-09
1.281147e-09
9.562069e-10
5.877586e-10
1.794466e-10
-2.638090e-10
-7.356772e-10
-1.228271e-09
-1.732155e-09
-2.236549e-09
-2.729708e-09
-3.199486e-09
-3.634095e-09
-4.023013e-09
-4.357876e-09
-4.633092e-09
-4.845961e-09
-4.996197e-09
-5.084968e-09
-5.113740e-09
-5.083324e-09
-4.993457e-09
-4.843074e-09
-4.631178e-09
-4.357989e-09
-4.025976e-09
-3.640408e-09
-3.209284e-09
-2.742708e-09
-2.251998e-09
-1.748820e-09
-1.244580e-09
-7.500222e-10
-2.749353e-10
1.721496e-10
5.842065e-10
9.558212e-10
1.283174e-09
1.564038e-09
1.797860e-09
1.985772e-09
2.130193e-09
2.233940e-09
2.299215e-09
2.327185e-09
2.318619e-09
2.275339e-09
2.201533e-09
2.103990e-09
1.990902e-09
1.869862e-09
1.746101e-09
1.621794e-09
1.496634e-09
1.369239e-09
1.238710e-09
1.105697e-09
9.725395e-10
8.424005e-10
7.178330e-10
5.995798e-10
4.863956e-10
3.761074e-10
2.673792e-10
1.612295e-10
6.154340e-11
-2.559132e-11
-9.333882e-11
-1.357445e-10
-1.861467e-10
-1.662619e-10
-1.123589e-10
-3.033857e-11
7.225631e-11
1.884551e-10
3.137232e-10
4.467162e-10
5.885776e-10
7.411217e-10
9.048743e-10
1.078066e-09
1.257128e-09
1.438325e-09
1.619475e-09
1.800755e-09
1.984163e-09
2.171930e-09
2.364547e-09
2.559138e-09
2.748776e-09
2.923149e-09
3.070518e-09
3.180299e-09
3.245107e-09
3.261299e-09
3.227822e-09
3.144159e-09
3.008623e-09
2.817870e-09
2.567690e-09
2.254444e-09
1.876355e-09
1.434196e-09
9.313648e-10
3.735582e-10
-2.316868e-10
-8.753667e-10
-1.547112e-09
-2.234969e-09
-2.925061e-09
-3.601543e-09
-4.247233e-09
-4.844988e-09
-5.379487e-09
-5.838831e-09
-6.215464e-09
-6.506128e-09
-6.710929e-09
-6.831825e-09
-6.870995e-09
-6.829561e-09
-6.707058e-09
-6.501806e-09
-6.212065e-09
-5.837629e-09
-5.381408e-09
-4.850476e-09
-4.256247e-09
-3.613638e-09
-2.939457e-09
-2.250595e-09
-1.562669e-09
-8.894779e-10
-2.431486e-10
3.655155e-10
9.269666e-10
1.433241e-09
1.878487e-09
2.259393e-09
2.575338e-09
2.828122e-09
3.021207e-09
3.158475e-09
3.242914e-09
3.275930e-09
3.257916e-09
3.190021e-09
3.076241e-09
2.924549e-09
2.746234e-09
2.553658e-09
2.357468e-09
2.164537e-09
1.977366e-09
1.794968e-09
1.614736e-09
1.434535e-09
1.254243e-09
1.076113e-09
9.038001e-10
7.406000e-10
5.879470e-10
4.451327e-10
3.104822e-10
1.833354e-10
6.572038e-11
-3.719117e-11
-1.180871e-10
-1.695269e-10
-2.229507e-10
-2.016204e-10
-1.426724e-10
-5.256606e-11
6.081855e-11
1.910618e-10
3.351343e-10
4.934025e-10
6.677555e-10
8.590185e-10
1.065298e-09
1.282310e-09
1.505444e-09
1.732189e-09
1.963371e-09
2.202479e-09
2.453437e-09
2.717852e-09
2.992803e-09
3.269936e-09
3.536211e-09
3.776203e-09
3.975256e-09
4.122266e-09
4.210906e-09
4.238833e-09
4.205466e-09
4.109610e-09
3.948112e-09
3.715965e-09
3.407502e-09
3.017997e-09
2.545064e-09
1.989561e-09
1.355845e-09
6.513743e-10
-1.141574e-10
-9.296315e-10
-1.782723e-09
-2.659345e-09
-3.542764e-09
-4.413221e-09
-5.248666e-09
-6.026619e-09
-6.726550e-09
-7.331986e-09
-7.831739e-09
-8.219975e-09
-8.495210e-09
-8.658561e-09
-8.711814e-09
-8.655912e-09
-8.490386e-09
-8.213876e-09
-7.825557e-09
-7.326978e-09
-6.723752e-09
-6.026613e-09
-5.251490e-09
-4.418471e-09
-3.549798e-09
-2.667467e-09
-1.791248e-09
-9.378687e-10
-1.213987e-10
6.457963e-10
1.352475e-09
1.988803e-09
2.547268e-09
3.023538e-09
3.416745e-09
3.729079e-09
3.964837e-09
4.129121e-09
4.226435e-09
4.259620e-09
4.229820e-09
4.137819e-09
3.986391e-09
3.782477e-09
3.537880e-09
3.267866e-09
2.988206e-09
2.711922e-09
2.447034e-09
2.195992e-09
1.956812e-09
1.725425e-09
1.498412e-09
1.275099e-09
1.058063e-09
8.518318e-10
6.605355e-10
4.859912e-10
3.274681e-10
1.833217e-10
5.346152e-11
-5.890327e-11
-1.473362e-10
-2.040930e-10
-2.677826e-10
-2.466359e-10
-1.864604e-10
-9.286801e-11
2.757012e-11
1.700729e-10
3.330116e-10
5.170900e-10
7.229704e-10
9.491026e-10
1.191437e-09
1.445343e-09
1.708408e-09
1.982112e-09
2.271175e-09
2.580877e-09
2.913707e-09
3.266759e-09
3.630711e-09
3.990643e-09
4.328500e-09
4.626540e-09
4.870579e-09
5.051717e-09
5.165830e-09
5.211301e-09
5.186337e-09
5.087247e-09
4.908218e-09
4.642238e-09
4.282464e-09
3.823549e-09
3.262833e-09
2.601281e-09
1.843880e-09
9.992119e-10
7.837738e-11
-9.060057e-10
-1.939956e-09
-3.007311e-09
-4.088613e-09
-5.160665e-09
-6.197327e-09
-7.171409e-09
-8.057088e-09
-8.832191e-09
-9.479810e-09
-9.988907e-09
-1.035375e-08
-1.057237e-08
-1.064464e-08
-1.057066e-08
-1.035029e-08
-9.983801e-09
-9.473471e-09
-8.825411e-09
-8.050853e-09
-7.166553e-09
-6.194233e-09
-5.159179e-09
-4.088237e-09
-3.007521e-09
-1.940416e-09
-9.065600e-10
7.788513e-11
9.991142e-10
1.844727e-09
2.603768e-09
3.267710e-09
3.831543e-09
4.294171e-09
4.657934e-09
4.927645e-09
5.109529e-09
5.210093e-09
5.234927e-09
5.187804e-09
5.070804e-09
4.885925e-09
4.637702e-09
4.335454e-09
3.993757e-09
3.630652e-09
3.264314e-09
2.909566e-09
2.575461e-09
2.264590e-09
1.974243e-09
1.699113e-09
1.434633e-09
1.179568e-09
9.365526e-10
7.103595e-10
5.051016e-10
3.223164e-10
1.612284e-10
2.089718e-11
-9.737242e-11
-1.890910e-10
-2.478055e-10
-3.315062e-10
-3.116008e-10
-2.526174e-10
-1.578718e-10
-3.119821e-11
1.246698e-10
3.084248e-10
5.190110e-10
7.540311e-10
1.009363e-09
1.280796e-09
1.566778e-09
1.870205e-09
2.197624e-09
2.555954e-09
2.948466e-09
3.371931e-09
3.815907e-09
4.264030e-09
4.696710e-09
5.094547e-09
5.441558e-09
5.727080e-09
5.945468e-09
6.093764e-09
6.168717e-09
6.164803e-09
6.074069e-09
5.887318e-09
5.595581e-09
5.191170e-09
4.668431e-09
4.024592e-09
3.260713e-09
2.382210e-09
1.398472e-09
3.217739e-10
-8.336468e-10
-2.051653e-09
-3.313454e-09
-4.596762e-09
-5.875559e-09
-7.120754e-09
-8.301568e-09
-9.387414e-09
-1.035001e-08
-1.116538e-08
-1.181510e-08
-1.228656e-08
-1.257212e-08
-1.266779e-08
-1.257219e-08
-1.228622e-08
-1.181370e-08
-1.116255e-08
-1.034597e-08
-9.382896e-09
-8.297519e-09
-7.117832e-09
-5.873844e-09
-4.595807e-09
-3.312634e-09
-2.050554e-09
-8.322093e-10
3.234333e-10
1.400378e-09
2.384725e-09
3.264485e-09
4.030369e-09
4.676884e-09
5.202784e-09
5.610553e-09
5.905428e-09
6.094606e-09
6.186656e-09
6.190633e-09
6.114638e-09
5.964497e-09
5.743728e-09
5.455408e-09
5.105204e-09
4.703839e-09
4.267498e-09
3.815904e-09
3.368949e-09
2.943112e-09
2.548699e-09
2.188635e-09
1.859396e-09
1.554057e-09
1.266372e-09
9.939210e-10
7.386923e-10
5.051016e-10
2.971429e-10
1.167560e-10
-3.568753e-11
-1.595940e-10
-2.527172e-10
-3.112724e-10
-4.261314e-10
-4.076875e-10
-3.502959e-10
-2.541727e-10
-1.199023e-10
5.135095e-11
2.571518e-10
4.931739e-10
7.536670e-10
1.033572e-09
1.331524e-09
1.651774e-09
2.003207e-09
2.395342e-09
2.833268e-09
3.314118e-09
3.826565e-09
4.352954e-09
4.872705e-09
5.365800e-09
5.815650e-09
6.210736e-09
6.544345e-09
6.812312e-09
7.009791e-09
7.128888e-09
7.158401e-09
7.085463e-09
6.897666e-09
6.584426e-09
6.137388e-09
5.550631e-09
4.821339e-09
3.950799e-09
2.944960e-09
1.814109e-09
5.720041e-10
-7.647559e-10
-2.176769e-09
-3.641533e-09
-5.133319e-09
-6.623362e-09
-8.080288e-09
-9.470802e-09
-1.076085e-08
-1.191728e-08
-1.290959e-08
-1.371131e-08
-1.430075e-08
-1.466164e-08
-1.478365e-08
-1.466308e-08
-1.430318e-08
-1.371402e-08
-1.291203e-08
-1.191929e-08
-1.076278e-08
-9.473278e-09
-8.083850e-09
-6.628100e-09
-5.138771e-09
-3.646906e-09
-2.181347e-09
-7.681861e-10
5.697569e-10
1.813049e-09
2.945319e-09
3.953030e-09
4.825903e-09
5.557796e-09
6.147194e-09
6.596748e-09
6.912238e-09
7.101816e-09
7.175841e-09
7.146610e-09
7.027099e-09
6.828769e-09
6.559715e-09
6.224728e-09
5.827696e-09
5.375049e-09
4.878311e-09
4.354462e-09
3.824157e-09
3.308528e-09
2.825402e-09
2.385858e-09
1.992329e-09
1.639481e-09
1.317960e-09
1.019395e-09
7.400880e-10
4.816644e-10
2.489664e-10
4.708580e-11
-1.205523e-10
-2.523648e-10
-3.476903e-10
-4.058922e-10
-5.628632e-10
-5.451313e-10
-4.876906e-10
-3.879601e-10
-2.439614e-10
-5.633702e-11
1.705070e-10
4.292133e-10
7.124943e-10
1.017188e-09
1.347037e-09
1.712074e-09
2.124269e-09
2.591448e-09
3.112691e-09
3.677378e-09
4.267761e-09
4.863131e-09
5.443634e-09
5.992828e-09
6.498842e-09
6.954032e-09
7.352972e-09
7.689310e-09
7.953028e-09
8.129742e-09
8.202366e-09
8.153870e-09
7.969390e-09
7.636933e-09
7.147211e-09
6.493687e-09
5.673333e-09
4.687612e-09
3.542968e-09
2.250648e-09
8.263165e-10
-7.101298e-10
-2.334724e-09
-4.019917e-09
-5.735384e-09
-7.448696e-09
-9.125658e-09
-1.073063e-08
-1.222722e-08
-1.357916e-08
-1.475104e-08
-1.570877e-08
-1.642077e-08
-1.686042e-08
-1.700961e-08
-1.686195e-08
-1.642402e-08
-1.571395e-08
-1.475821e-08
-1.358814e-08
-1.223769e-08
-1.074228e-08
-9.138272e-09
-7.462083e-09
-5.749244e-09
-4.033787e-09
-2.348091e-09
-7.226225e-10
8.148815e-10
2.240434e-09
3.534324e-09
4.681056e-09
5.669297e-09
6.492271e-09
7.148185e-09
7.639954e-09
7.974194e-09
8.160257e-09
8.210045e-09
8.138253e-09
7.961864e-09
7.698127e-09
7.361662e-09
6.962523e-09
6.506776e-09
5.999391e-09
5.447739e-09
4.863876e-09
4.264877e-09
3.671351e-09
3.104500e-09
2.582077e-09
2.114351e-09
1.701890e-09
1.336831e-09
1.007513e-09
7.042955e-10
4.235656e-10
1.681813e-10
-5.524367e-11
-2.401617e-10
-3.828405e-10
-4.829519e-10
-5.423077e-10
-7.509712e-10
-7.326419e-10
-6.724817e-10
-5.664341e-10
-4.114659e-10
-2.085840e-10
3.637931e-11
3.152701e-10
6.224154e-10
9.588953e-10
1.333313e-09
1.758028e-09
2.242714e-09
2.788860e-09
3.388104e-09
4.024666e-09
4.679734e-09
5.335252e-09
5.975957e-09
6.589934e-09
7.168225e-09
7.703436e-09
8.187292e-09
8.607959e-09
8.948774e-09
9.189402e-09
9.308656e-09
9.287167e-09
9.108601e-09
8.759584e-09
8.229392e-09
7.510270e-09
6.598350e-09
5.494529e-09
4.204909e-09
2.741033e-09
1.120242e-09
-6.340536e-10
-2.492826e-09
-4.422706e-09
-6.387497e-09
-8.349190e-09
-1.026856e-08
-1.210585e-08
-1.382161e-08
-1.537673e-08
-1.673166e-08
-1.784574e-08
-1.867868e-08
-1.919495e-08
-1.937001e-08
-1.919547e-08
-1.868085e-08
-1.785110e-08
-1.674110e-08
-1.538997e-08
-1.383740e-08
-1.212268e-08
-1.028536e-08
-8.365619e-09
-6.403744e-09
-4.439074e-09
-2.509422e-09
-6.507496e-10
1.103696e-09
2.724951e-09
4.189711e-09
5.480712e-09
6.586287e-09
7.499986e-09
8.220585e-09
8.751919e-09
9.102006e-09
9.281845e-09
9.304806e-09
9.186925e-09
8.947242e-09
8.606890e-09
8.186472e-09
7.702976e-09
7.168289e-09
6.590379e-09
5.976199e-09
5.334480e-09
4.677316e-09
4.020466e-09
3.382518e-09
2.782595e-09
2.236491e-09
1.752442e-09
1.328889e-09
9.562031e-10
6.220457e-10
3.176183e-10
4.138334e-11
-2.015574e-10
-4.035192e-10
-5.588914e-10
-6.666149e-10
-7.294392e-10
-9.968300e-10
-9.765480e-10
-9.112322e-10
-7.970419e-10
-6.313593e-10
-4.155826e-10
-1.550032e-10
1.447021e-10
4.822165e-10
8.630424e-10
1.297399e-09
1.794469e-09
2.356646e-09
2.977404e-09
3.643640e-09
4.340162e-09
5.053069e-09
5.770585e-09
6.482244e-09
7.178023e-09
7.847827e-09
8.480550e-09
9.062338e-09
9.575096e-09
9.996797e-09
1.030378e-08
1.047349e-08
1.048591e-08
1.032353e-08
9.970868e-09
9.414543e-09
8.644095e-09
7.653167e-09
6.440385e-09
5.010060e-09
3.373092e-09
1.548010e-09
-4.386532e-10
-2.553270e-09
-4.756862e-09
-7.006654e-09
-9.257088e-09
-1.146098e-08
-1.357121e-08
-1.554186e-08
-1.732773e-08
-1.888266e-08
-2.015919e-08
-2.111124e-08
-2.169963e-08
-2.189833e-08
-2.169892e-08
-2.111168e-08
-2.016317e-08
-1.889148e-08
-1.734077e-08
-1.555694e-08
-1.358579e-08
-1.147346e-08
-9.267288e-09
-7.015518e-09
-4.765617e-09
-2.562718e-09
-4.489845e-10
1.536961e-09
3.361525e-09
4.998092e-09
6.428091e-09
7.640552e-09
8.630993e-09
9.400665e-09
9.956086e-09
1.030818e-08
1.047083e-08
1.045960e-08
1.029154e-08
9.985993e-09
9.565051e-09
9.052468e-09
8.470827e-09
7.838815e-09
7.170509e-09
6.476764e-09
5.767154e-09
5.051212e-09
4.339180e-09
3.642933e-09
2.976710e-09
2.356140e-09
1.794704e-09
1.299150e-09
8.670681e-10
4.889501e-10
1.539743e-10
-1.440542e-10
-4.042977e-10
-6.211307e-10
-7.889120e-10
-9.057324e-10
-9.738105e-10
-1.304278e-09
-1.281308e-09
-1.209814e-09
-1.087356e-09
-9.123200e-10
-6.854702e-10
-4.090036e-10
-8.348052e-11
2.948234e-10
7.333638e-10
1.239109e-09
1.813368e-09
2.449557e-09
3.135655e-09
3.859269e-09
4.611238e-09
5.385343e-09
6.175308e-09
6.972202e-09
7.764021e-09
8.536529e-09
9.273458e-09
9.955647e-09
1.056063e-08
1.106405e-08
1.144201e-08
1.167254e-08
1.173524e-08
1.161036e-08
1.127857e-08
1.072186e-08
9.925179e-09
8.877847e-09
7.574614e-09
6.016788e-09
4.213740e-09
2.184200e-09
-4.364045e-11
-2.433231e-09
-4.940903e-09
-7.516596e-09
-1.010484e-08
-1.264707e-08
-1.508466e-08
-1.736049e-08
-1.941832e-08
-2.120190e-08
-2.265649e-08
-2.373325e-08
-2.439447e-08
-2.461720e-08
-2.439431e-08
-2.373420e-08
-2.266009e-08
-2.120858e-08
-1.942686e-08
-1.736853e-08
-1.509002e-08
-1.264879e-08
-1.010344e-08
-7.513483e-09
-4.937458e-09
-2.430090e-09
-4.061055e-11
2.187625e-09
4.217721e-09
6.020853e-09
7.577855e-09
8.879245e-09
9.923801e-09
1.071700e-08
1.127001e-08
1.159867e-08
1.172174e-08
1.165888e-08
1.142948e-08
1.105299e-08
1.055043e-08
9.945265e-09
9.262311e-09
8.524995e-09
7.753402e-09
6.964164e-09
6.171152e-09
5.385466e-09
4.614999e-09
3.865322e-09
3.142579e-09
2.456478e-09
1.820271e-09
1.246712e-09
7.426173e-10
3.062761e-10
-7.015542e-11
-3.950592e-10
-6.726397e-10
-9.020933e-10
-1.080400e-09
-1.205877e-09
-1.279641e-09
-1.674526e-09
-1.648959e-09
-1.571873e-09
-1.442290e-09
-1.258956e-09
-1.020382e-09
-7.238237e-10
-3.641683e-10
6.543418e-11
5.703743e-10
1.150386e-09
1.797604e-09
2.499098e-09
3.242621e-09
4.021317e-09
4.833670e-09
5.678969e-09
6.552262e-09
7.442527e-09
8.334234e-09
9.209530e-09
1.004878e-08
1.083001e-08
1.152939e-08
1.212306e-08
1.258856e-08
1.290413e-08
1.304684e-08
1.299185e-08
1.271337e-08
1.218683e-08
1.139113e-08
1.031024e-08
8.934376e-09
7.261530e-09
5.299156e-09
3.065119e-09
5.874344e-10
-2.096219e-09
-4.938145e-09
-7.880208e-09
-1.085523e-08
-1.379078e-08
-1.661322e-08
-1.924956e-08
-2.162752e-08
-2.367714e-08
-2.533557e-08
-2.655302e-08
-2.729609e-08
-2.754677e-08
-2.729924e-08
-2.655847e-08
-2.534194e-08
-2.368292e-08
-2.163124e-08
-1.924993e-08
-1.660941e-08
-1.378280e-08
-1.084405e-08
-7.867264e-09
-4.924611e-09
-2.082393e-09
6.021103e-10
3.081420e-09
5.317239e-09
7.280545e-09
8.952793e-09
1.032643e-08
1.140376e-08
1.219497e-08
1.271664e-08
1.299067e-08
1.304255e-08
1.289866e-08
1.258377e-08
1.211994e-08
1.152766e-08
1.082837e-08
1.004579e-08
9.204618e-09
8.328203e-09
7.437332e-09
6.550182e-09
5.681593e-09
4.841196e-09
4.032522e-09
3.255502e-09
2.511841e-09
1.809346e-09
1.161378e-09
5.815226e-10
7.750115e-11
-3.512434e-10
-7.111011e-10
-1.009469e-09
-1.251169e-09
-1.437951e-09
-1.570195e-09
-1.648614e-09
-2.106795e-09
-2.079500e-09
-1.998554e-09
-1.863324e-09
-1.671354e-09
-1.417533e-09
-1.094046e-09
-6.920438e-10
-2.052044e-10
3.662617e-10
1.013876e-09
1.723468e-09
2.481278e-09
3.279777e-09
4.118886e-09
5.001571e-09
5.927332e-09
6.888525e-09
7.871311e-09
8.858710e-09
9.832305e-09
1.077190e-08
1.165524e-08
1.245945e-08
1.316257e-08
1.374271e-08
1.417506e-08
1.443003e-08
1.447441e-08
1.427440e-08
1.379869e-08
1.302063e-08
1.191935e-08
1.048084e-08
8.699900e-09
6.581721e-09
4.141997e-09
1.406803e-09
-1.586172e-09
-4.785142e-09
-8.123377e-09
-1.152181e-08
-1.489392e-08
-1.814920e-08
-2.119499e-08
-2.393916e-08
-2.629618e-08
-2.819468e-08
-2.958288e-08
-3.042870e-08
-3.071535e-08
-3.043642e-08
-2.959464e-08
-2.820535e-08
-2.630182e-08
-2.393835e-08
-2.118836e-08
-1.813819e-08
-1.487975e-08
-1.150532e-08
-8.105164e-09
-4.765733e-09
-1.565762e-09
1.428564e-09
4.165749e-09
6.607666e-09
8.727209e-09
1.050787e-08
1.194445e-08
1.304260e-08
1.381686e-08
1.428851e-08
1.448475e-08
1.443762e-08
1.418156e-08
1.375004e-08
1.317216e-08
1.247157e-08
1.166876e-08
1.078478e-08
9.842702e-09
8.865971e-09
7.876385e-09
6.893532e-09
5.934542e-09
5.012312e-09
4.132955e-09
3.295656e-09
2.496985e-09
1.737526e-09
1.025856e-09
3.766593e-10
-1.955895e-10
-6.828206e-10
-1.085596e-09
-1.410800e-09
-1.667184e-09
-1.861795e-09
-1.998783e-09
-2.080119e-09
-2.597857e-09
-2.569928e-09
-2.486894e-09
-2.346671e-09
-2.143895e-09
-1.869454e-09
-1.512252e-09
-1.063321e-09
-5.205440e-10
1.089450e-10
8.109862e-10
1.570656e-09
2.378871e-09
3.234814e-09
4.142397e-09
5.103516e-09
6.113412e-09
7.161035e-09
8.232360e-09
9.312501e-09
1.038509e-08
1.143113e-08
1.242994e-08
1.336116e-08
1.420412e-08
1.493374e-08
1.551687e-08
1.591326e-08
1.608039e-08
1.597766e-08
1.556836e-08
1.482050e-08
1.370745e-08
1.221007e-08
1.031989e-08
8.039755e-09
5.383105e-09
2.375149e-09
-9.437710e-10
-4.515577e-09
-8.266426e-09
-1.211053e-08
-1.595217e-08
-1.968525e-08
-2.319486e-08
-2.636457e-08
-2.908839e-08
-3.128190e-08
-3.288619e-08
-3.386470e-08
-3.419696e-08
-3.387460e-08
-3.290087e-08
-3.129436e-08
-2.909377e-08
-2.636201e-08
-2.318627e-08
-1.967271e-08
-1.593653e-08
-1.209181e-08
-8.244751e-09
-4.491659e-09
-9.186225e-10
2.400824e-09
5.409240e-09
8.066470e-09
1.034668e-08
1.223571e-08
1.373072e-08
1.484081e-08
1.558573e-08
1.599239e-08
1.609302e-08
1.592469e-08
1.552848e-08
1.494721e-08
1.422093e-08
1.338206e-08
1.245435e-08
1.145709e-08
1.040998e-08
9.334053e-09
8.249612e-09
7.174635e-09
6.125163e-09
5.115376e-09
4.155498e-09
3.249010e-09
2.393002e-09
1.583275e-09
8.210853e-10
1.163155e-10
-5.154374e-10
-1.059780e-09
-1.509798e-09
-1.868009e-09
-2.143586e-09
-2.347421e-09
-2.488163e-09
-2.570880e-09
-3.142542e-09
-3.114827e-09
-3.030690e-09
-2.884922e-09
-2.668209e-09
-2.368345e-09
-1.973987e-09
-1.479788e-09
-8.899063e-10
-2.169272e-10
5.241138e-10
1.323141e-09
2.178725e-09
3.095291e-09
4.076107e-09
5.117792e-09
6.210498e-09
7.342247e-09
8.502047e-09
9.678887e-09
1.085912e-08
1.202625e-08
1.316323e-08
1.425263e-08
1.527160e-08
1.618567e-08
1.694881e-08
1.751029e-08
1.782179e-08
1.783903e-08
1.752014e-08
1.682544e-08
1.571927e-08
1.417467e-08
1.217756e-08
9.725946e-09
6.830525e-09
3.519907e-09
-1.556927e-10
-4.127638e-09
-8.316247e-09
-1.263296e-08
-1.697733e-08
-2.123156e-08
-2.526012e-08
-2.892087e-08
-3.208312e-08
-3.464246e-08
-3.652359e-08
-3.767537e-08
-3.806597e-08
-3.768338e-08
-3.653522e-08
-3.465162e-08
-3.208546e-08
-2.891544e-08
-2.524879e-08
-2.121689e-08
-1.696064e-08
-1.261427e-08
-8.295367e-09
-4.105071e-09
-1.325246e-10
3.542559e-09
6.852357e-09
9.747646e-09
1.219964e-08
1.419651e-08
1.573964e-08
1.684338e-08
1.753527e-08
1.785141e-08
1.783195e-08
1.751936e-08
1.695845e-08
1.619771e-08
1.528767e-08
1.427382e-08
1.318962e-08
1.205664e-08
1.089110e-08
9.709445e-09
8.528477e-09
7.363098e-09
6.226022e-09
5.129608e-09
4.086253e-09
3.105218e-09
2.188740e-09
1.332482e-09
5.315241e-10
-2.124670e-10
-8.886466e-10
-1.481105e-09
-1.976714e-09
-2.371327e-09
-2.670726e-09
-2.886751e-09
-3.031871e-09
-3.115415e-09
-3.733475e-09
-3.706119e-09
-3.620564e-09
-3.467659e-09
-3.234292e-09
-2.907092e-09
-2.477579e-09
-1.946401e-09
-1.323609e-09
-6.236549e-10
1.425627e-10
9.731950e-10
1.874088e-09
2.851390e-09
3.904125e-09
5.022914e-09
6.195224e-09
7.411165e-09
8.664004e-09
9.946483e-09
1.124859e-08
1.255900e-08
1.386589e-08
1.515163e-08
1.638383e-08
1.751285e-08
1.848066e-08
1.923272e-08
1.972131e-08
1.989961e-08
1.971669e-08
1.911975e-08
1.805983e-08
1.649903e-08
1.441326e-08
1.179006e-08
8.636177e-09
4.988852e-09
9.136238e-10
-3.509421e-09
-8.195096e-09
-1.304989e-08
-1.796468e-08
-2.280860e-08
-2.742878e-08
-3.165878e-08
-3.533866e-08
-3.833610e-08
-4.055059e-08
-4.191048e-08
-4.237051e-08
-4.191440e-08
-4.055603e-08
-3.833975e-08
-3.533817e-08
-3.165350e-08
-2.741960e-08
-2.279682e-08
-1.795134e-08
-1.303640e-08
-8.182703e-09
-3.498634e-09
9.227972e-10
4.996177e-09
8.641649e-09
1.179483e-08
1.441919e-08
1.650698e-08
1.806933e-08
1.912967e-08
1.972558e-08
1.990594e-08
1.972413e-08
1.923254e-08
1.847951e-08
1.751335e-08
1.638829e-08
1.516165e-08
1.388213e-08
1.258107e-08
1.127499e-08
9.974619e-09
8.690482e-09
7.432824e-09
6.210380e-09
5.032005e-09
3.909274e-09
2.855201e-09
1.878365e-09
9.781977e-10
1.471226e-10
-6.212744e-10
-1.324599e-09
-1.950640e-09
-2.483642e-09
-2.913004e-09
-3.238537e-09
-3.469799e-09
-3.621147e-09
-3.706080e-09
-4.362379e-09
-4.334887e-09
-4.246650e-09
-4.085005e-09
-3.834423e-09
-3.482686e-09
-3.026240e-09
-2.471840e-09
-1.832790e-09
-1.121077e-09
-3.400271e-10
5.170071e-10
1.460229e-09
2.493964e-09
3.611913e-09
4.800867e-09
6.048804e-09
7.349428e-09
8.700123e-09
1.009821e-08
1.154037e-08
1.302280e-08
1.453579e-08
1.605266e-08
1.752336e-08
1.888338e-08
2.007180e-08
2.104011e-08
2.174362e-08
2.212775e-08
2.212645e-08
2.167227e-08
2.070457e-08
1.917353e-08
1.703932e-08
1.427307e-08
1.087587e-08
6.889484e-09
2.383955e-09
-2.559275e-09
-7.842002e-09
-1.334657e-08
-1.893856e-08
-2.446394e-08
-2.975233e-08
-3.462129e-08
-3.888793e-08
-4.238575e-08
-4.498382e-08
-4.658393e-08
-4.712415e-08
-4.658376e-08
-4.498297e-08
-4.238343e-08
-3.888318e-08
-3.461321e-08
-2.974133e-08
-2.445221e-08
-1.893014e-08
-1.334330e-08
-7.842033e-09
-2.561795e-09
2.378388e-09
6.880983e-09
1.086426e-08
1.425947e-08
1.702650e-08
1.916421e-08
2.070015e-08
2.167259e-08
2.212975e-08
2.213068e-08
2.174228e-08
2.103253e-08
2.005920e-08
1.886910e-08
1.751098e-08
1.604499e-08
1.453440e-08
1.302813e-08
1.155203e-08
1.011476e-08
8.718698e-09
7.366172e-09
6.060440e-09
4.806251e-09
3.612436e-09
2.492583e-09
1.459776e-09
5.187243e-10
-3.369676e-10
-1.118857e-09
-1.833492e-09
-2.476119e-09
-3.032902e-09
-3.489414e-09
-3.839147e-09
-4.086990e-09
-4.246642e-09
-4.334339e-09
-5.020685e-09
-4.992174e-09
-4.899767e-09
-4.728863e-09
-4.463716e-09
-4.095170e-09
-3.624903e-09
-3.063642e-09
-2.424012e-09
-1.711933e-09
-9.222137e-10
-4.214331e-11
9.388928e-10
2.021127e-09
3.194067e-09
4.443846e-09
5.761370e-09
7.144752e-09
8.596753e-09
1.012251e-08
1.172793e-08
1.341341e-08
1.516117e-08
1.692537e-08
1.863796e-08
2.023096e-08
2.165456e-08
2.287099e-08
2.383177e-08
2.446467e-08
2.468441e-08
2.441155e-08
2.357745e-08
2.212105e-08
1.998685e-08
1.712953e-08
1.354150e-08
9.250410e-09
4.303656e-09
-1.221424e-09
-7.196135e-09
-1.346512e-08
-1.985828e-08
-2.618799e-08
-3.225813e-08
-3.786168e-08
-4.279189e-08
-4.685298e-08
-4.987501e-08
-5.173538e-08
-5.236480e-08
-5.173311e-08
-4.987062e-08
-4.684717e-08
-4.278566e-08
-3.785612e-08
-3.225618e-08
-2.619189e-08
-1.986546e-08
-1.347339e-08
-7.206958e-09
-1.233199e-09
4.289598e-09
9.233121e-09
1.352128e-08
1.710664e-08
1.996304e-08
2.209935e-08
2.356041e-08
2.440097e-08
2.468041e-08
2.446448e-08
2.382952e-08
2.286104e-08
2.163533e-08
2.020490e-08
1.860925e-08
1.689822e-08
1.513863e-08
1.339710e-08
1.171868e-08
1.012042e-08
8.600427e-09
7.150863e-09
5.765894e-09
4.444132e-09
3.190154e-09
2.015411e-09
9.344798e-10
-4.334027e-11
-9.205236e-10
-1.709564e-09
-2.423586e-09
-3.066562e-09
-3.630566e-09
-4.101457e-09
-4.468396e-09
-4.730922e-09
-4.899780e-09
-4.991602e-09
-5.701632e-09
-5.671428e-09
-5.574252e-09
-5.395776e-09
-5.122292e-09
-4.748543e-09
-4.279884e-09
-3.727425e-09
-3.099278e-09
-2.393532e-09
-1.598070e-09
-6.981072e-10
3.138349e-10
1.433342e-09
2.648151e-09
3.946838e-09
5.325317e-09
6.788052e-09
8.346256e-09
1.001500e-08
1.180574e-08
1.371236e-08
1.569848e-08
1.769933e-08
1.964320e-08
2.147734e-08
2.317126e-08
2.469012e-08
2.596580e-08
2.689851e-08
2.738537e-08
2.734082e-08
2.669040e-08
2.535911e-08
2.327842e-08
2.039036e-08
1.666460e-08
1.208584e-08
6.675091e-09
5.242028e-10
-6.204863e-09
-1.332669e-08
-2.062955e-08
-2.788300e-08
-3.486165e-08
-4.132023e-08
-4.701012e-08
-5.170180e-08
-5.518454e-08
-5.733086e-08
-5.805890e-08
-5.732758e-08
-5.517840e-08
-5.169410e-08
-4.700217e-08
-4.131298e-08
-3.485762e-08
-2.788760e-08
-2.064570e-08
-1.334579e-08
-6.218908e-09
5.162170e-10
6.667756e-09
1.207279e-08
1.664510e-08
2.036834e-08
2.325650e-08
2.533914e-08
2.667416e-08
2.732998e-08
2.738128e-08
2.690121e-08
2.597064e-08
2.468939e-08
2.315981e-08
2.145478e-08
1.961233e-08
1.766430e-08
1.566330e-08
1.367989e-08
1.177817e-08
9.994321e-09
8.333347e-09
6.781459e-09
5.321595e-09
3.942481e-09
2.641593e-09
1.425558e-09
3.072839e-10
-7.013640e-10
-1.597812e-09
-2.391496e-09
-3.098011e-09
-3.728723e-09
-4.283814e-09
-4.753607e-09
-5.126545e-09
-5.398079e-09
-5.574791e-09
-5.671247e-09
-6.400958e-09
-6.368933e-09
-6.267899e-09
-6.085901e-09
-5.812795e-09
-5.446683e-09
-4.993745e-09
-4.461723e-09
-3.851821e-09
-3.154912e-09
-2.355429e-09
-1.440684e-09
-4.083904e-10
7.336427e-10
1.974602e-09
3.308602e-09
4.739098e-09
6.279553e-09
7.950981e-09
9.774340e-09
1.175596e-08
1.387289e-08
1.607133e-08
1.828454e-08
2.045998e-08
2.257204e-08
2.460196e-08
2.649860e-08
2.816198e-08
2.946767e-08
3.030125e-08
3.056981e-08
3.018979e-08
2.906939e-08
2.711976e-08
2.425261e-08
2.041344e-08
1.554897e-08
9.660080e-09
2.841900e-09
-4.736511e-09
-1.282211e-08
-2.115477e-08
-2.949882e-08
-3.750847e-08
-4.487845e-08
-5.131112e-08
-5.661108e-08
-6.052001e-08
-6.291810e-08
-6.372801e-08
-6.291630e-08
-6.051583e-08
-5.660489e-08
-5.130501e-08
-4.487481e-08
-3.750592e-08
-2.949777e-08
-2.116048e-08
-1.283152e-08
-4.745651e-09
2.827026e-09
9.642350e-09
1.553160e-08
2.039696e-08
2.423767e-08
2.710685e-08
2.905879e-08
3.018057e-08
3.056251e-08
3.029762e-08
2.947056e-08
2.817094e-08
2.650757e-08
2.460434e-08
2.256460e-08
2.044236e-08
1.825838e-08
1.603926e-08
1.383731e-08
1.171941e-08
9.740243e-09
7.922785e-09
6.258890e-09
4.724909e-09
3.298085e-09
1.965165e-09
7.243934e-10
-4.165690e-10
-1.446358e-09
-2.358054e-09
-3.155398e-09
-3.851981e-09
-4.463165e-09
-4.996989e-09
-5.451027e-09
-5.816930e-09
-6.088808e-09
-6.269377e-09
-6.369430e-09
-7.117973e-09
-7.084752e-09
-6.982401e-09
-6.802648e-09
-6.539244e-09
-6.191970e-09
-5.764748e-09
-5.259390e-09
-4.670039e-09
-3.983080e-09
-3.183624e-09
-2.264005e-09
-1.226918e-09
-8.054190e-11
1.169517e-09
2.525840e-09
4.001406e-09
5.619011e-09
7.405369e-09
9.377526e-09
1.152707e-08
1.381588e-08
1.619046e-08
1.860637e-08
2.104340e-08
2.349521e-08
2.593356e-08
2.827635e-08
3.039485e-08
3.215314e-08
3.343317e-08
3.413542e-08
3.415631e-08
3.335721e-08
3.162227e-08
2.884286e-08
2.492891e-08
1.978260e-08
1.339617e-08
5.848452e-09
-2.678177e-09
-1.188853e-08
-2.139036e-08
-3.078987e-08
-3.956327e-08
-4.750722e-08
-5.425341e-08
-5.967460e-08
-6.357872e-08
-6.596388e-08
-6.677865e-08
-6.596419e-08
-6.357824e-08
-5.967233e-08
-5.424989e-08
-4.750576e-08
-3.956752e-08
-3.079766e-08
-2.139209e-08
-1.188576e-08
-2.677627e-09
5.842601e-09
1.339247e-08
1.977935e-08
2.492418e-08
2.884093e-08
3.162064e-08
3.335285e-08
3.414917e-08
3.412555e-08
3.342280e-08
3.214748e-08
3.039770e-08
2.828539e-08
2.594336e-08
2.350171e-08
2.104414e-08
1.860000e-08
1.617648e-08
1.379378e-08
1.149724e-08
9.342668e-09
7.370117e-09
5.587911e-09
3.977060e-09
2.508233e-09
1.156742e-09
-9.068694e-11
-1.235612e-09
-2.271302e-09
-3.189258e-09
-3.987198e-09
-4.673315e-09
-5.262667e-09
-5.768571e-09
-6.196304e-09
-6.543535e-09
-6.806208e-09
-6.984795e-09
-7.085908e-09
-7.853868e-09
-7.820545e-09
-7.720248e-09
-7.548591e-09
-7.302403e-09
-6.981096e-09
-6.584183e-09
-6.107034e-09
-5.538736e-09
-4.864905e-09
-4.074585e-09
-3.165713e-09
-2.143334e-09
-1.011833e-09
2.317475e-10
1.599866e-09
3.114240e-09
4.802974e-09
6.690446e-09
8.781701e-09
1.105476e-08
1.347235e-08
1.600426e-08
1.864111e-08
2.138725e-08
2.423334e-08
2.712427e-08
2.995148e-08
3.258030e-08
3.488337e-08
3.673921e-08
3.803452e-08
3.863808e-08
3.832353e-08
3.691582e-08
3.426500e-08
3.031276e-08
2.489467e-08
1.795866e-08
9.616872e-09
1.514260e-10
-9.917899e-09
-1.998606e-08
-2.963102e-08
-3.807000e-08
-4.515249e-08
-5.077279e-08
-5.492041e-08
-5.769257e-08
-5.939963e-08
-6.000519e-08
-5.940254e-08
-5.769670e-08
-5.492320e-08
-5.077313e-08
-4.515389e-08
-3.807875e-08
-2.964785e-08
-2.000423e-08
-9.935387e-09
1.362911e-10
9.601330e-09
1.793665e-08
2.484449e-08
3.023964e-08
3.423020e-08
3.691532e-08
3.832378e-08
3.863116e-08
3.802193e-08
3.672298e-08
3.486734e-08
3.256930e-08
2.994704e-08
2.712490e-08
2.423723e-08
2.139251e-08
1.864561e-08
1.600563e-08
1.346706e-08
1.103945e-08
8.755895e-09
6.657080e-09
4.767060e-09
3.081159e-09
1.573496e-09
2.130304e-10
-1.024675e-09
-2.153024e-09
-3.174273e-09
-4.082858e-09
-4.872877e-09
-5.546073e-09
-6.113545e-09
-6.590009e-09
-6.986513e-09
-7.307462e-09
-7.552981e-09
-7.723488e-09
-7.822254e-09
-8.609857e-09
-8.577717e-09
-8.482772e-09
-8.323754e-09
-8.099161e-09
-7.806513e-09
-7.440468e-09
-6.991461e-09
-6.446664e-09
-5.794083e-09
-5.027837e-09
-4.149488e-09
-3.162275e-09
-2.062960e-09
-8.386628e-10
5.313716e-10
2.073412e-09
3.814682e-09
5.771659e-09
7.938574e-09
1.029296e-08
1.281841e-08
1.551952e-08
1.841379e-08
2.150787e-08
2.477212e-08
2.812707e-08
3.145558e-08
3.463427e-08
3.755740e-08
4.010473e-08
4.215362e-08
4.351535e-08
4.383733e-08
4.293344e-08
4.059534e-08
3.664409e-08
3.079233e-08
2.301844e-08
1.361357e-08
3.518344e-09
-6.316574e-09
-1.525158e-08
-2.276073e-08
-2.849220e-08
-3.256012e-08
-3.533816e-08
-3.695794e-08
-3.766904e-08
-3.824779e-08
-3.851532e-08
-3.825036e-08
-3.767432e-08
-3.696486e-08
-3.534394e-08
-3.256393e-08
-2.849785e-08
-2.277246e-08
-1.527043e-08
-6.339190e-09
3.497391e-09
1.360162e-08
2.301473e-08
3.079722e-08
3.665446e-08
4.060322e-08
4.293488e-08
4.383402e-08
4.350827e-08
4.214436e-08
4.009339e-08
3.754522e-08
3.462436e-08
3.144946e-08
2.812422e-08
2.477202e-08
2.151031e-08
1.841845e-08
1.552545e-08
1.282228e-08
1.028976e-08
7.924978e-09
5.747430e-09
3.782221e-09
2.037650e-09
4.986580e-10
-8.636031e-10
-2.079425e-09
-3.172935e-09
-4.157901e-09
-5.036454e-09
-5.803588e-09
-6.456383e-09
-7.000376e-09
-7.448098e-09
-7.813044e-09
-8.104914e-09
-8.328681e-09
-8.486454e-09
-8.579689e-09
-9.383421e-09
-9.353576e-09
-9.266419e-09
-9.122535e-09
-8.920781e-09
-8.656391e-09
-8.320384e-09
-7.900883e-09
-7.385982e-09
-6.767500e-09
-6.043480e-09
-5.215597e-09
-4.281376e-09
-3.228192e-09
-2.034835e-09
-6.765235e-10
8.724052e-10
2.634792e-09
4.620872e-09
6.823738e-09
9.235527e-09
1.187007e-08
1.475926e-08
1.792701e-08
2.136697e-08
2.502976e-08
2.882181e-08
3.263468e-08
3.638221e-08
3.998727e-08
4.332733e-08
4.624423e-08
4.850171e-08
4.965878e-08
4.948385e-08
4.753102e-08
4.323224e-08
3.634227e-08
2.709542e-08
1.673852e-08
7.166790e-09
-6.035105e-10
-6.491001e-09
-1.036971e-08
-1.258302e-08
-1.367335e-08
-1.410820e-08
-1.406292e-08
-1.370463e-08
-1.369527e-08
-1.375909e-08
-1.369515e-08
-1.370600e-08
-1.406778e-08
-1.411600e-08
-1.368089e-08
-1.258903e-08
-1.037518e-08
-6.497922e-09
-6.135839e-10
7.154978e-09
1.673142e-08
2.710271e-08
3.641414e-08
4.337096e-08
4.761255e-08
4.950144e-08
4.966627e-08
4.851252e-08
4.625694e-08
4.333717e-08
3.999227e-08
3.638256e-08
3.263282e-08
2.882029e-08
2.502978e-08
2.136865e-08
1.793005e-08
1.476369e-08
1.187442e-08
9.236072e-09
6.817190e-09
4.605669e-09
2.610243e-09
8.400155e-10
-7.112612e-10
-2.064736e-09
-3.249095e-09
-4.294023e-09
-5.223713e-09
-6.050818e-09
-6.776001e-09
-7.395501e-09
-7.910205e-09
-8.328553e-09
-8.663272e-09
-8.926640e-09
-9.127409e-09
-9.269989e-09
-9.355464e-09
-1.016674e-08
-1.014013e-08
-1.006239e-08
-9.934737e-09
-9.755652e-09
-9.518774e-09
-9.213576e-09
-8.828331e-09
-8.353545e-09
-7.784417e-09
-7.120489e-09
-6.360275e-09
-5.493572e-09
-4.499306e-09
-3.351656e-09
-2.026347e-09
-5.009831e-10
1.244561e-09
3.221279e-09
5.431370e-09
7.888281e-09
1.063048e-08
1.369939e-08
1.711104e-08
2.085050e-08
2.486401e-08
2.905905e-08
3.336752e-08
3.777108e-08
4.222757e-08
4.658019e-08
5.052319e-08
5.362997e-08
5.547311e-08
5.581587e-08
5.340660e-08
4.684210e-08
3.722040e-08
2.638113e-08
1.663358e-08
9.229338e-09
4.318160e-09
1.267842e-09
-2.770806e-10
-9.312290e-10
-1.215753e-09
-1.296260e-09
-1.261519e-09
-1.186302e-09
-1.193365e-09
-1.215947e-09
-1.192476e-09
-1.185542e-09
-1.262639e-09
-1.299891e-09
-1.220988e-09
-9.362597e-10
-2.800123e-10
1.266865e-09
4.315879e-09
9.223048e-09
1.662545e-08
2.638187e-08
3.723622e-08
4.686737e-08
5.342679e-08
5.583082e-08
5.548480e-08
5.363596e-08
5.052161e-08
4.657306e-08
4.222004e-08
3.776659e-08
3.336698e-08
2.906097e-08
2.486683e-08
2.085382e-08
1.711449e-08
1.370295e-08
1.063378e-08
7.889315e-09
5.428277e-09
3.213584e-09
1.230666e-09
-5.233625e-10
-2.055509e-09
-3.380884e-09
-4.521876e-09
-5.507285e-09
-6.367383e-09
-7.124894e-09
-7.789094e-09
-8.359404e-09
-8.834686e-09
-9.219444e-09
-9.523761e-09
-9.759826e-09
-9.938116e-09
-1.006479e-08
-1.014136e-08
-1.094584e-08
-1.092321e-08
-1.085609e-08
-1.074546e-08
-1.058936e-08
-1.038104e-08
-1.011031e-08
-9.766999e-09
-9.344013e-09
-8.838547e-09
-8.249493e-09
-7.570569e-09
-6.784177e-09
-5.863514e-09
-4.781888e-09
-3.517940e-09
-2.051748e-09
-3.616150e-10
1.570205e-09
3.758643e-09
6.234194e-09
9.046209e-09
1.223317e-08
1.580865e-08
1.977029e-08
2.407666e-08
2.866568e-08
3.356317e-08
3.878426e-08
4.425550e-08
4.977682e-08
5.478451e-08
5.869412e-08
6.072370e-08
5.911491e-08
5.245933e-08
4.153333e-08
2.944746e-08
1.910787e-08
1.205529e-08
7.676729e-09
5.142652e-09
3.774265e-09
3.097190e-09
2.739513e-09
2.509234e-09
2.351913e-09
2.230514e-09
2.083990e-09
2.040804e-09
2.027953e-09
2.041477e-09
2.084976e-09
2.231035e-09
2.351567e-09
2.507985e-09
2.738251e-09
3.096932e-09
3.775459e-09
5.145172e-09
7.678285e-09
1.205584e-08
1.911461e-08
2.944532e-08
4.150463e-08
5.243909e-08
5.911308e-08
6.071824e-08
5.868045e-08
5.476578e-08
4.976181e-08
4.424896e-08
3.878279e-08
3.356324e-08
2.866553e-08
2.407568e-08
1.976989e-08
1.580883e-08
1.223305e-08
9.046066e-09
6.233539e-09
3.756381e-09
1.566992e-09
-3.662986e-10
-2.062021e-09
-3.536489e-09
-4.805039e-09
-5.884162e-09
-6.797659e-09
-7.576734e-09
-8.251025e-09
-8.838530e-09
-9.344288e-09
-9.767864e-09
-1.011130e-08
-1.038180e-08
-1.058988e-08
-1.074577e-08
-1.085620e-08
-1.092321e-08
-1.170314e-08
-1.168518e-08
-1.162997e-08
-1.153796e-08
-1.140703e-08
-1.123111e-08
-1.100134e-08
-1.070916e-08
-1.034912e-08
-9.919211e-09
-9.416808e-09
-8.831073e-09
-8.138876e-09
-7.310583e-09
-6.320788e-09
-5.151053e-09
-3.781911e-09
-2.187421e-09
-3.415068e-10
1.781370e-09
4.220570e-09
7.026401e-09
1.023588e-08
1.387880e-08
1.798697e-08
2.255361e-08
2.756927e-08
3.313172e-08
3.925910e-08
4.571096e-08
5.214775e-08
5.777716e-08
6.128981e-08
6.018301e-08
5.239682e-08
3.978209e-08
2.669743e-08
1.650795e-08
1.025686e-08
6.978591e-09
5.259792e-09
4.349586e-09
3.833391e-09
3.426604e-09
3.052841e-09
2.727181e-09
2.427513e-09
2.174277e-09
1.927231e-09
1.829678e-09
1.800897e-09
1.830128e-09
1.928004e-09
2.175242e-09
2.428479e-09
2.727862e-09
3.053421e-09
3.427475e-09
3.835011e-09
4.352656e-09
5.263692e-09
6.980659e-09
1.025771e-08
1.651085e-08
2.669947e-08
3.977923e-08
5.238689e-08
6.015961e-08
6.125488e-08
5.774643e-08
5.212416e-08
4.568868e-08
3.926407e-08
3.315986e-08
2.759899e-08
2.257514e-08
1.800059e-08
1.388670e-08
1.023801e-08
7.025039e-09
4.219045e-09
1.780494e-09
-3.406500e-10
-2.184077e-09
-3.779961e-09
-5.156082e-09
-6.332973e-09
-7.324511e-09
-8.148966e-09
-8.835010e-09
-9.415243e-09
-9.914228e-09
-1.034282e-08
-1.070282e-08
-1.099537e-08
-1.122561e-08
-1.140210e-08
-1.153378e-08
-1.162683e-08
-1.168345e-08
-1.241977e-08
-1.240692e-08
-1.236499e-08
-1.229399e-08
-1.219211e-08
-1.205441e-08
-1.187334e-08
-1.164129e-08
-1.135361e-08
-1.100875e-08
-1.060294e-08
-1.012215e-08
-9.539992e-09
-8.826079e-09
-7.956852e-09
-6.915869e-09
-5.683236e-09
-4.228802e-09
-2.518829e-09
-5.196969e-10
1.811367e-09
4.523801e-09
7.664122e-09
1.129496e-08
1.549332e-08
2.028777e-08
2.570607e-08
3.191030e-08
3.877560e-08
4.560715e-08
5.194153e-08
5.624432e-08
5.561413e-08
4.761214e-08
3.443667e-08
2.149842e-08
1.239233e-08
7.521143e-09
5.391840e-09
4.427309e-09
3.912112e-09
3.548091e-09
3.185812e-09
2.749800e-09
2.287787e-09
1.844984e-09
1.443474e-09
1.110482e-09
8.246464e-10
6.914293e-10
6.508253e-10
6.917619e-10
8.252415e-10
1.111441e-09
1.444705e-09
1.846452e-09
2.289273e-09
2.751380e-09
3.187838e-09
3.550752e-09
3.915343e-09
4.430289e-09
5.393166e-09
7.521828e-09
1.239169e-08
2.149415e-08
3.442718e-08
4.759313e-08
5.557899e-08
5.618354e-08
5.189977e-08
4.559426e-08
3.879536e-08
3.195561e-08
2.575968e-08
2.032700e-08
1.552580e-08
1.132044e-08
7.678798e-09
4.528766e-09
1.812963e-09
-5.174666e-10
-2.514046e-09
-4.219870e-09
-5.672615e-09
-6.909695e-09
-7.958027e-09
-8.831680e-09
-9.545094e-09
-1.012337e-08
-1.059899e-08
-1.100007e-08
-1.134180e-08
-1.162825e-08
-1.186048e-08
-1.204249e-08
-1.218158e-08
-1.228525e-08
-1.235859e-08
-1.240349e-08
-1.307864e-08
-1.307104e-08
-1.304355e-08
-1.299621e-08
-1.292793e-08
-1.283490e-08
-1.271018e-08
-1.254631e-08
-1.233908e-08
-1.208762e-08
-1.178796e-08
-1.142452e-08
-1.096963e-08
-1.039343e-08
-9.673907e-09
-8.795799e-09
-7.738969e-09
-6.469692e-09
-4.946269e-09
-3.127404e-09
-9.688929e-10
1.579586e-09
4.582479e-09
8.139362e-09
1.236689e-08
1.730990e-08
2.302474e-08
2.957490e-08
3.651397e-08
4.283764e-08
4.718228e-08
4.683786e-08
3.955824e-08
2.743881e-08
1.584392e-08
8.460484e-09
5.059321e-09
3.866773e-09
3.545215e-09
3.345457e-09
3.136478e-09
2.812226e-09
2.402204e-09
1.899970e-09
1.378053e-09
8.775525e-10
4.306790e-10
6.116159e-11
-2.372218e-10
-3.888943e-10
-4.369173e-10
-3.886493e-10
-2.367678e-10
6.194529e-11
4.317301e-10
8.788660e-10
1.379407e-09
1.901459e-09
2.404024e-09
2.814312e-09
3.138517e-09
3.347801e-09
3.546587e-09
3.866899e-09
5.058820e-09
8.460200e-09
1.584459e-08
2.743202e-08
3.950728e-08
4.672512e-08
4.719597e-08
4.294972e-08
3.663281e-08
2.963209e-08
2.309664e-08
1.737016e-08
1.241041e-08
8.174665e-09
4.607738e-09
1.593244e-09
-9.608691e-10
-3.119410e-09
-4.935898e-09
-6.455441e-09
-7.722109e-09
-8.781402e-09
-9.665733e-09
-1.039059e-08
-1.096870e-08
-1.142222e-08
-1.178179e-08
-1.207634e-08
-1.232334e-08
-1.252822e-08
-1.269195e-08
-1.281802e-08
-1.291319e-08
-1.298416e-08
-1.303488e-08
-1.306645e-08
-1.366479e-08
-1.366212e-08
-1.364961e-08
-1.362793e-08
-1.359712e-08
-1.355415e-08
-1.349200e-08
-1.340278e-08
-1.328268e-08
-1.313194e-08
-1.294711e-08
-1.271250e-08
-1.240094e-08
-1.198385e-08
-1.144021e-08
-1.075527e-08
-9.908999e-09
-8.864728e-09
-7.572987e-09
-5.986055e-09
-4.060082e-09
-1.741745e-09
1.056028e-09
4.463924e-09
8.635032e-09
1.361983e-08
1.934298e-08
2.552115e-08
3.139403e-08
3.577848e-08
3.631328e-08
3.083542e-08
2.054894e-08
1.087817e-08
5.056378e-09
2.791412e-09
2.393434e-09
2.576671e-09
2.756888e-09
2.723851e-09
2.536062e-09
2.171986e-09
1.715117e-09
1.178674e-09
6.365182e-10
1.152786e-10
-3.477844e-10
-7.313376e-10
-1.028883e-09
-1.189925e-09
-1.242200e-09
-1.189706e-09
-1.028478e-09
-7.307279e-10
-3.470236e-10
1.163436e-10
6.377204e-10
1.180093e-09
1.716719e-09
2.173611e-09
2.537752e-09
2.725988e-09
2.758760e-09
2.578305e-09
2.394954e-09
2.793041e-09
5.059493e-09
1.087901e-08
2.053615e-08
3.077060e-08
3.629428e-08
3.575583e-08
3.145716e-08
2.558166e-08
1.940805e-08
1.367149e-08
8.671606e-09
4.491470e-09
1.076405e-09
-1.728983e-09
-4.050356e-09
-5.974752e-09
-7.558669e-09
-8.847233e-09
-9.889532e-09
-1.073735e-08
-1.142694e-08
-1.197538e-08
-1.239549e-08
-1.270769e-08
-1.294004e-08
-1.312014e-08
-1.326581e-08
-1.338283e-08
-1.347175e-08
-1.353563e-08
-1.358130e-08
-1.361531e-08
-1.364069e-08
-1.365747e-08
-1.416533e-08
-1.416707e-08
-1.416952e-08
-1.417466e-08
-1.418385e-08
-1.419450e-08
-1.419899e-08
-1.418891e-08
-1.416095e-08
-1.411649e-08
-1.405311e-08
-1.395634e-08
-1.380109e-08
-1.356070e-08
-1.321449e-08
-1.274758e-08
-1.214062e-08
-1.135592e-08
-1.033956e-08
-9.040384e-09
-7.415438e-09
-5.404256e-09
-2.898631e-09
2.460278e-10
4.176986e-09
8.896175e-09
1.408887e-08
1.890162e-08
2.233427e-08
2.347084e-08
2.104510e-08
1.432134e-08
6.740795e-09
2.219305e-09
7.476458e-10
9.047288e-10
1.537616e-09
2.053162e-09
2.307796e-09
2.290814e-09
2.081814e-09
1.688730e-09
1.207817e-09
6.613436e-10
1.171347e-10
-4.050861e-10
-8.687799e-10
-1.253459e-09
-1.545130e-09
-1.710412e-09
-1.764921e-09
-1.710252e-09
-1.544825e-09
-1.253001e-09
-8.682508e-10
-4.044384e-10
1.178735e-10
6.622841e-10
1.208944e-09
1.689817e-09
2.082780e-09
2.291849e-09
2.308529e-09
2.053566e-09
1.538277e-09
9.060256e-10
7.498938e-10
2.224740e-09
6.771919e-09
1.433117e-08
2.103654e-08
2.345578e-08
2.228907e-08
1.889373e-08
1.413074e-08
8.942412e-09
4.207038e-09
2.597951e-10
-2.892274e-09
-5.401187e-09
-7.411266e-09
-9.031105e-09
-1.032480e-08
-1.133763e-08
-1.212115e-08
-1.272933e-08
-1.319918e-08
-1.354886e-08
-1.379248e-08
-1.394985e-08
-1.404605e-08
-1.410573e-08
-1.414536e-08
-1.417023e-08
-1.418021e-08
-1.417789e-08
-1.417034e-08
-1.416442e-08
-1.416259e-08
-1.416356e-08
-1.456766e-08
-1.457330e-08
-1.459048e-08
-1.462281e-08
-1.467292e-08
-1.473833e-08
-1.481073e-08
-1.488136e-08
-1.494754e-08
-1.501168e-08
-1.507272e-08
-1.511870e-08
-1.512808e-08
-1.507666e-08
-1.494365e-08
-1.471358e-08
-1.436869e-08
-1.387443e-08
-1.317880e-08
-1.223048e-08
-1.098404e-08
-9.366972e-09
-7.259183e-09
-4.534136e-09
-1.095746e-09
3.002664e-09
7.116151e-09
9.909041e-09
1.081877e-08
1.000158e-08
7.470364e-09
2.842107e-09
-4.526976e-10
-1.351310e-09
-7.080487e-10
3.226444e-10
1.207962e-09
1.772709e-09
2.015682e-09
1.991002e-09
1.764926e-09
1.363476e-09
8.798771e-10
3.387762e-10
-1.977888e-10
-7.116102e-10
-1.167645e-09
-1.546790e-09
-1.830281e-09
-1.996168e-09
-2.051442e-09
-1.996043e-09
-1.830031e-09
-1.546451e-09
-1.167266e-09
-7.110958e-10
-1.971417e-10
3.395217e-10
8.807101e-10
1.364307e-09
1.765690e-09
1.991936e-09
2.016784e-09
1.774035e-09
1.209541e-09
3.241395e-10
-7.063248e-10
-1.347046e-09
-4.389863e-10
2.881342e-09
7.545763e-09
1.003055e-08
1.064091e-08
9.793882e-09
7.116685e-09
3.022396e-09
-1.086287e-09
-4.537608e-09
-7.266592e-09
-9.374256e-09
-1.098740e-08
-1.222684e-08
-1.316793e-08
-1.385973e-08
-1.435370e-08
-1.469958e-08
-1.493061e-08
-1.506499e-08
-1.511896e-08
-1.511245e-08
-1.506733e-08
-1.500389e-08
-1.493580e-08
-1.486708e-08
-1.479680e-08
-1.472695e-08
-1.466474e-08
-1.461749e-08
-1.458741e-08
-1.457193e-08
-1.485897e-08
-1.486842e-08
-1.490034e-08
-1.495983e-08
-1.505040e-08
-1.516942e-08
-1.530813e-08
-1.545801e-08
-1.561708e-08
-1.578865e-08
-1.597335e-08
-1.616291e-08
-1.634047e-08
-1.648476e-08
-1.657488e-08
-1.659453e-08
-1.652905e-08
-1.635283e-08
-1.602356e-08
-1.549196e-08
-1.470273e-08
-1.356874e-08
-1.197087e-08
-9.837185e-09
-7.153386e-09
-4.114442e-09
-1.710883e-09
-9.620744e-10
-1.186537e-09
-8.784112e-10
-1.451043e-09
-3.274641e-09
-3.628759e-09
-2.623095e-09
-1.161603e-09
1.227764e-10
1.056301e-09
1.608352e-09
1.833164e-09
1.799894e-09
1.568079e-09
1.173317e-09
6.993114e-10
1.726279e-10
-3.498745e-10
-8.488728e-10
-1.291832e-09
-1.660142e-09
-1.933654e-09
-2.097350e-09
-2.152293e-09
-2.097288e-09
-1.933509e-09
-1.659922e-09
-1.291594e-09
-8.486148e-10
-3.495806e-10
1.729902e-10
6.997925e-10
1.173818e-09
1.568410e-09
1.800142e-09
1.833462e-09
1.608513e-09
1.056957e-09
1.237525e-10
-1.160468e-09
-2.619922e-09
-3.629378e-09
-3.262478e-09
-1.458016e-09
-8.772013e-10
-1.168794e-09
-9.397449e-10
-1.717691e-09
-4.121450e-09
-7.164151e-09
-9.851186e-09
-1.198333e-08
-1.357772e-08
-1.470769e-08
-1.549071e-08
-1.601595e-08
-1.634281e-08
-1.652057e-08
-1.658729e-08
-1.656671e-08
-1.647561e-08
-1.633264e-08
-1.615805e-08
-1.597032e-08
-1.578456e-08
-1.561034e-08
-1.544972e-08
-1.530080e-08
-1.516483e-08
-1.504879e-08
-1.496035e-08
-1.490175e-08
-1.486951e-08
-1.502589e-08
-1.503938e-08
-1.508615e-08
-1.517218e-08
-1.530129e-08
-1.547063e-08
-1.567159e-08
-1.589651e-08
-1.614430e-08
-1.641892e-08
-1.672294e-08
-1.705246e-08
-1.739602e-08
-1.773609e-08
-1.805251e-08
-1.832883e-08
-1.855519e-08
-1.872007e-08
-1.879615e-08
-1.873351e-08
-1.845916e-08
-1.787262e-08
-1.687532e-08
-1.547258e-08
-1.378313e-08
-1.228436e-08
-1.203124e-08
-1.238840e-08
-1.112847e-08
-7.773287e-09
-6.406013e-09
-6.117442e-09
-4.803573e-09
-2.978982e-09
-1.266700e-09
7.058194e-11
9.901089e-10
1.520685e-09
1.732020e-09
1.694613e-09
1.464970e-09
1.085209e-09
6.290841e-10
1.240340e-10
-3.788559e-10
-8.585596e-10
-1.284560e-09
-1.638722e-09
-1.900950e-09
-2.060209e-09
-2.113885e-09
-2.060173e-09
-1.900855e-09
-1.638585e-09
-1.284401e-09
-8.583155e-10
-3.785407e-10
1.243432e-10
6.294142e-10
1.085583e-09
1.465290e-09
1.694945e-09
1.732645e-09
1.521295e-09
9.911732e-10
7.227483e-11
-1.264987e-09
-2.975438e-09
-4.800323e-09
-6.115296e-09
-6.428793e-09
-7.750008e-09
-1.101110e-08
-1.230630e-08
-1.203296e-08
-1.229496e-08
-1.379708e-08
-1.548434e-08
-1.688424e-08
-1.787657e-08
-1.845852e-08
-1.872804e-08
-1.878765e-08
-1.871349e-08
-1.855369e-08
-1.832973e-08
-1.805137e-08
-1.773211e-08
-1.739197e-08
-1.705078e-08
-1.672326e-08
-1.641912e-08
-1.614316e-08
-1.589492e-08
-1.567138e-08
-1.547296e-08
-1.530595e-08
-1.517797e-08
-1.509145e-08
-1.504257e-08
-1.505572e-08
-1.507363e-08
-1.513495e-08
-1.524590e-08
-1.541019e-08
-1.562505e-08
-1.588283e-08
-1.617726e-08
-1.650792e-08
-1.687904e-08
-1.729498e-08
-1.775638e-08
-1.825778e-08
-1.878685e-08
-1.932617e-08
-1.986032e-08
-2.038434e-08
-2.090050e-08
-2.139462e-08
-2.181318e-08
-2.207022e-08
-2.207090e-08
-2.175175e-08
-2.115599e-08
-2.057809e-08
-2.074808e-08
-2.177829e-08
-2.121201e-08
-1.654248e-08
-1.104246e-08
-8.797618e-09
-7.176282e-09
-5.071692e-09
-2.982993e-09
-1.229571e-09
8.779743e-11
9.765030e-10
1.485130e-09
1.687206e-09
1.650627e-09
1.430442e-09
1.070833e-09
6.367019e-10
1.570687e-10
-3.223664e-10
-7.791250e-10
-1.184991e-09
-1.522058e-09
-1.771594e-09
-1.924478e-09
-1.976143e-09
-1.924479e-09
-1.771571e-09
-1.522014e-09
-1.184952e-09
-7.790773e-10
-3.223081e-10
1.571149e-10
6.367843e-10
1.070942e-09
1.430399e-09
1.650458e-09
1.687108e-09
1.484808e-09
9.764240e-10
8.873260e-11
-1.227984e-09
-2.980296e-09
-5.068069e-09
-7.168742e-09
-8.789549e-09
-1.103458e-08
-1.653606e-08
-2.122770e-08
-2.183846e-08
-2.081337e-08
-2.061533e-08
-2.117130e-08
-2.175835e-08
-2.207151e-08
-2.206432e-08
-2.180126e-08
-2.138166e-08
-2.089399e-08
-2.038652e-08
-1.986620e-08
-1.932996e-08
-1.878749e-08
-1.825789e-08
-1.775816e-08
-1.729839e-08
-1.688283e-08
-1.651156e-08
-1.618146e-08
-1.588863e-08
-1.563278e-08
-1.541920e-08
-1.525492e-08
-1.514241e-08
-1.507791e-08
-1.493743e-08
-1.495977e-08
-1.503418e-08
-1.516678e-08
-1.536131e-08
-1.561576e-08
-1.592418e-08
-1.628175e-08
-1.668807e-08
-1.714682e-08
-1.766372e-08
-1.824390e-08
-1.888865e-08
-1.959280e-08
-2.034418e-08
-2.112892e-08
-2.194341e-08
-2.279679e-08
-2.368333e-08
-2.455495e-08
-2.534054e-08
-2.598244e-08
-2.645610e-08
-2.683523e-08
-2.750586e-08
-2.889064e-08
-2.949950e-08
-2.644086e-08
-1.828503e-08
-1.224843e-08
-9.714347e-09
-7.362224e-09
-4.984709e-09
-2.845990e-09
-1.129292e-09
1.409951e-10
9.904852e-10
1.477578e-09
1.673135e-09
1.641220e-09
1.434833e-09
1.098888e-09
6.909145e-10
2.404397e-10
-2.117203e-10
-6.423115e-10
-1.025278e-09
-1.343214e-09
-1.578881e-09
-1.724002e-09
-1.773114e-09
-1.724012e-09
-1.578880e-09
-1.343213e-09
-1.025270e-09
-6.422477e-10
-2.116027e-10
2.405226e-10
6.909701e-10
1.098956e-09
1.434845e-09
1.641180e-09
1.673224e-09
1.477602e-09
9.905423e-10
1.415855e-10
-1.127979e-09
-2.844091e-09
-4.982376e-09
-7.360029e-09
-9.709910e-09
-1.225106e-08
-1.829599e-08
-2.647118e-08
-2.955485e-08
-2.893977e-08
-2.753114e-08
-2.684638e-08
-2.646267e-08
-2.598523e-08
-2.533613e-08
-2.454226e-08
-2.366965e-08
-2.279130e-08
-2.194717e-08
-2.113569e-08
-2.034897e-08
-1.959573e-08
-1.889202e-08
-1.824879e-08
-1.766972e-08
-1.715346e-08
-1.669554e-08
-1.629060e-08
-1.593452e-08
-1.562699e-08
-1.537242e-08
-1.517671e-08
-1.504183e-08
-1.496399e-08
-1.466309e-08
-1.468927e-08
-1.477394e-08
-1.492325e-08
-1.514163e-08
-1.542881e-08
-1.578099e-08
-1.619431e-08
-1.666736e-08
-1.720239e-08
-1.780593e-08
-1.848760e-08
-1.925615e-08
-2.011521e-08
-2.105941e-08
-2.207587e-08
-2.315726e-08
-2.431257e-08
-2.554697e-08
-2.684017e-08
-2.816415e-08
-2.949715e-08
-3.084380e-08
-3.225760e-08
-3.388385e-08
-3.531049e-08
-3.415506e-08
-2.809458e-08
-1.784951e-08
-1.242207e-08
-9.790020e-09
-7.165528e-09
-4.734267e-09
-2.644378e-09
-9.995865e-10
2.079568e-10
1.014407e-09
1.479923e-09
1.670618e-09
1.646195e-09
1.457295e-09
1.147702e-09
7.683800e-10
3.493166e-10
-7.283707e-11
-4.748780e-10
-8.328605e-10
-1.129938e-09
-1.350517e-09
-1.486699e-09
-1.532826e-09
-1.486729e-09
-1.350560e-09
-1.130002e-09
-8.329514e-10
-4.749811e-10
-7.293451e-11
3.491921e-10
7.682531e-10
1.147564e-09
1.457030e-09
1.645794e-09
1.670183e-09
1.479343e-09
1.013752e-09
2.075507e-10
-9.996590e-10
-2.644006e-09
-4.733634e-09
-7.165722e-09
-9.788634e-09
-1.242987e-08
-1.786311e-08
-2.810951e-08
-3.416917e-08
-3.531893e-08
-3.389013e-08
-3.227004e-08
-3.085990e-08
-2.950884e-08
-2.816703e-08
-2.683527e-08
-2.554143e-08
-2.431292e-08
-2.316175e-08
-2.207855e-08
-2.105897e-08
-2.011502e-08
-1.925877e-08
-1.849262e-08
-1.781220e-08
-1.720991e-08
-1.667692e-08
-1.620608e-08
-1.579402e-08
-1.544156e-08
-1.515275e-08
-1.493205e-08
-1.478010e-08
-1.469249e-08
-1.422831e-08
-1.425706e-08
-1.434800e-08
-1.450773e-08
-1.474225e-08
-1.505384e-08
-1.544097e-08
-1.590016e-08
-1.642809e-08
-1.702490e-08
-1.769761e-08
-1.846011e-08
-1.932874e-08
-2.031605e-08
-2.142381e-08
-2.263998e-08
-2.395227e-08
-2.536811e-08
-2.691008e-08
-2.859738e-08
-3.043767e-08
-3.242749e-08
-3.456880e-08
-3.672570e-08
-3.851277e-08
-3.894628e-08
-3.556823e-08
-2.689133e-08
-1.657398e-08
-1.210790e-08
-9.440284e-09
-6.786592e-09
-4.406182e-09
-2.410780e-09
-8.574956e-10
2.778810e-10
1.036721e-09
1.478692e-09
1.664158e-09
1.648301e-09
1.478531e-09
1.196902e-09
8.486516e-10
4.631991e-10
7.339557e-11
-2.981000e-10
-6.293176e-10
-9.042115e-10
-1.108744e-09
-1.235207e-09
-1.278069e-09
-1.235239e-09
-1.108793e-09
-9.042860e-10
-6.294053e-10
-2.981684e-10
7.335840e-11
4.631324e-10
8.485467e-10
1.196780e-09
1.478358e-09
1.648054e-09
1.663911e-09
1.478364e-09
1.036303e-09
2.774830e-10
-8.578821e-10
-2.411257e-09
-4.406751e-09
-6.788638e-09
-9.440715e-09
-1.211185e-08
-1.657886e-08
-2.689582e-08
-3.557682e-08
-3.896825e-08
-3.854471e-08
-3.675577e-08
-3.458956e-08
-3.244059e-08
-3.044692e-08
-2.860557e-08
-2.692126e-08
-2.538108e-08
-2.395995e-08
-2.263739e-08
-2.141486e-08
-2.030868e-08
-1.932660e-08
-1.846189e-08
-1.770160e-08
-1.703149e-08
-1.643828e-08
-1.591353e-08
-1.545547e-08
-1.506698e-08
-1.475245e-08
-1.451465e-08
-1.435212e-08
-1.425896e-08
-1.363232e-08
-1.366206e-08
-1.375496e-08
-1.391834e-08
-1.416023e-08
-1.448590e-08
-1.489622e-08
-1.538788e-08
-1.595553e-08
-1.659702e-08
-1.731939e-08
-1.814006e-08
-1.908184e-08
-2.016490e-08
-2.139762e-08
-2.277115e-08
-2.427227e-08
-2.590923e-08
-2.771938e-08
-2.974630e-08
-3.201794e-08
-3.454167e-08
-3.727714e-08
-3.980936e-08
-4.104858e-08
-3.986561e-08
-3.442937e-08
-2.437559e-08
-1.525577e-08
-1.150822e-08
-8.878911e-09
-6.302869e-09
-4.032972e-09
-2.160336e-09
-7.124867e-10
3.425194e-10
1.049473e-09
1.465115e-09
1.644063e-09
1.636793e-09
1.486939e-09
1.233902e-09
9.177511e-10
5.669196e-10
2.109327e-10
-1.286876e-10
-4.319012e-10
-6.835889e-10
-8.711717e-10
-9.872222e-10
-1.026570e-09
-9.872653e-10
-8.712478e-10
-6.837056e-10
-4.320622e-10
-1.288832e-10
2.107204e-10
5.666744e-10
9.174866e-10
1.233608e-09
1.486554e-09
1.636288e-09
1.643498e-09
1.464413e-09
1.048622e-09
3.415480e-10
-7.136151e-10
-2.161719e-09
-4.034358e-09
-6.305851e-09
-8.881375e-09
-1.151225e-08
-1.525968e-08
-2.438013e-08
-3.443984e-08
-3.988175e-08
-4.106340e-08
-3.983294e-08
-3.729901e-08
-3.454672e-08
-3.202592e-08
-2.976798e-08
-2.774861e-08
-2.593556e-08
-2.428363e-08
-2.276382e-08
-2.137984e-08
-2.014825e-08
-1.907146e-08
-1.813490e-08
-1.731811e-08
-1.660045e-08
-1.596455e-08
-1.540126e-08
-1.491086e-08
-1.449864e-08
-1.416931e-08
-1.392365e-08
-1.375749e-08
-1.366297e-08
-1.287713e-08
-1.290628e-08
-1.299721e-08
-1.315761e-08
-1.339724e-08
-1.372436e-08
-1.414267e-08
-1.464968e-08
-1.523875e-08
-1.590564e-08
-1.665661e-08
-1.751107e-08
-1.849635e-08
-1.963805e-08
-2.095075e-08
-2.243280e-08
-2.407660e-08
-2.589271e-08
-2.792154e-08
-3.021342e-08
-3.280147e-08
-3.568804e-08
-3.872706e-08
-4.115339e-08
-4.148409e-08
-3.875115e-08
-3.194656e-08
-2.159828e-08
-1.394137e-08
-1.070357e-08
-8.186666e-09
-5.752722e-09
-3.635446e-09
-1.906376e-09
-5.756664e-10
3.923407e-10
1.043437e-09
1.429880e-09
1.600539e-09
1.600990e-09
1.470919e-09
1.246672e-09
9.636386e-10
6.484527e-10
3.275023e-10
2.088710e-11
-2.532269e-10
-4.808835e-10
-6.508611e-10
-7.560828e-10
-7.917713e-10
-7.561219e-10
-6.509304e-10
-4.809844e-10
-2.533508e-10
2.076049e-11
3.273849e-10
6.483140e-10
9.634618e-10
1.246471e-09
1.470681e-09
1.600690e-09
1.600199e-09
1.429461e-09
1.042910e-09
3.917162e-10
-5.764454e-10
-1.907556e-09
-3.636829e-09
-5.755515e-09
-8.189021e-09
-1.070552e-08
-1.394215e-08
-2.159866e-08
-3.194998e-08
-3.875724e-08
-4.149432e-08
-4.116817e-08
-3.873889e-08
-3.569690e-08
-3.281406e-08
-3.024351e-08
-2.796192e-08
-2.592604e-08
-2.408972e-08
-2.242380e-08
-2.092897e-08
-1.961526e-08
-1.847838e-08
-1.749834e-08
-1.664925e-08
-1.590515e-08
-1.524567e-08
-1.466195e-08
-1.415653e-08
-1.373643e-08
-1.340576e-08
-1.316253e-08
-1.299949e-08
-1.290706e-08
-1.196648e-08
-1.199381e-08
-1.207971e-08
-1.223119e-08
-1.245871e-08
-1.277325e-08
-1.318204e-08
-1.368491e-08
-1.427527e-08
-1.494714e-08
-1.570494e-08
-1.656807e-08
-1.756601e-08
-1.872764e-08
-2.007282e-08
-2.160962e-08
-2.334085e-08
-2.527952e-08
-2.745960e-08
-2.992470e-08
-3.270067e-08
-3.576411e-08
-3.877849e-08
-4.061921e-08
-4.001885e-08
-3.621991e-08
-2.896667e-08
-1.881695e-08
-1.253889e-08
-9.761465e-09
-7.405298e-09
-5.158687e-09
-3.224703e-09
-1.656659e-09
-4.527546e-10
4.231037e-10
1.014731e-09
1.369032e-09
1.529345e-09
1.536329e-09
1.425459e-09
1.229581e-09
9.796973e-10
7.003881e-10
4.150802e-10
1.421055e-10
-1.022761e-10
-3.053366e-10
-4.571477e-10
-5.511364e-10
-5.830242e-10
-5.511791e-10
-4.572280e-10
-3.054599e-10
-1.024448e-10
1.418962e-10
4.148449e-10
7.001277e-10
9.794158e-10
1.229280e-09
1.425103e-09
1.535906e-09
1.528866e-09
1.368463e-09
1.014007e-09
4.222509e-10
-4.537405e-10
-1.657841e-09
-3.225994e-09
-5.161006e-09
-7.407653e-09
-9.763747e-09
-1.253977e-08
-1.881955e-08
-2.898462e-08
-3.627310e-08
-4.008757e-08
-4.065889e-08
-3.879484e-08
-3.578421e-08
-3.272651e-08
-2.995910e-08
-2.749741e-08
-2.530685e-08
-2.334948e-08
-2.160042e-08
-2.005254e-08
-1.870409e-08
-1.754405e-08
-1.654994e-08
-1.569282e-08
-1.494317e-08
-1.427954e-08
-1.369484e-08
-1.319387e-08
-1.278402e-08
-1.246699e-08
-1.223681e-08
-1.208305e-08
-1.199535e-08
-1.090475e-08
-1.092946e-08
-1.100807e-08
-1.114560e-08
-1.135180e-08
-1.163990e-08
-1.202141e-08
-1.250010e-08
-1.307100e-08
-1.372696e-08
-1.446959e-08
-1.531612e-08
-1.629579e-08
-1.743840e-08
-1.876687e-08
-2.029785e-08
-2.204549e-08
-2.402692e-08
-2.626871e-08
-2.880077e-08
-3.164615e-08
-3.473908e-08
-3.751953e-08
-3.856596e-08
-3.707546e-08
-3.255693e-08
-2.551164e-08
-1.606743e-08
-1.107325e-08
-8.713018e-09
-6.564584e-09
-4.539721e-09
-2.811869e-09
-1.417608e-09
-3.480551e-10
4.311750e-10
9.599147e-10
1.279242e-09
1.426924e-09
1.438714e-09
1.345917e-09
1.177747e-09
9.610153e-10
7.177929e-10
4.685421e-10
2.297033e-10
1.560053e-11
-1.624259e-10
-2.957095e-10
-3.782551e-10
-4.062710e-10
-3.782899e-10
-2.957732e-10
-1.625171e-10
1.548965e-11
2.295850e-10
4.684285e-10
7.176733e-10
9.608746e-10
1.177596e-09
1.345755e-09
1.438528e-09
1.426710e-09
1.278987e-09
9.595855e-10
4.308028e-10
-3.484775e-10
-1.418193e-09
-2.812600e-09
-4.540983e-09
-6.565675e-09
-8.713951e-09
-1.107405e-08
-1.607191e-08
-2.552714e-08
-3.259455e-08
-3.709408e-08
-3.855950e-08
-3.752532e-08
-3.476675e-08
-3.167465e-08
-2.882658e-08
-2.628840e-08
-2.403563e-08
-2.204370e-08
-2.028885e-08
-1.875252e-08
-1.742019e-08
-1.627619e-08
-1.529843e-08
-1.445731e-08
-1.372232e-08
-1.307358e-08
-1.250733e-08
-1.203037e-08
-1.164877e-08
-1.135986e-08
-1.115251e-08
-1.101332e-08
-1.093234e-08
-9.696534e-09
-9.718271e-09
-9.788032e-09
-9.907749e-09
-1.008530e-08
-1.033546e-08
-1.067424e-08
-1.111040e-08
-1.164200e-08
-1.226163e-08
-1.296757e-08
-1.377274e-08
-1.470321e-08
-1.578700e-08
-1.704690e-08
-1.850424e-08
-2.018261e-08
-2.210617e-08
-2.429969e-08
-2.678669e-08
-2.957721e-08
-3.254327e-08
-3.488387e-08
-3.515596e-08
-3.310099e-08
-2.825799e-08
-2.179211e-08
-1.349707e-08
-9.583437e-09
-7.587438e-09
-5.685137e-09
-3.907146e-09
-2.400771e-09
-1.189191e-09
-2.600053e-10
4.182166e-10
8.802277e-10
1.161261e-09
1.293730e-09
1.308472e-09
1.232458e-09
1.090976e-09
9.068344e-10
6.993990e-10
4.862368e-10
2.816640e-10
9.804677e-11
-5.471578e-11
-1.691851e-10
-2.400788e-10
-2.641460e-10
-2.401129e-10
-1.692514e-10
-5.481743e-11
9.790756e-11
2.814893e-10
4.860383e-10
6.991861e-10
9.066120e-10
1.090748e-09
1.232216e-09
1.308203e-09
1.293441e-09
1.160915e-09
8.797794e-10
4.176545e-10
-2.606577e-10
-1.189978e-09
-2.401624e-09
-3.908402e-09
-5.686311e-09
-7.588528e-09
-9.584262e-09
-1.350079e-08
-2.179082e-08
-2.823543e-08
-3.305096e-08
-3.512480e-08
-3.489237e-08
-3.257238e-08
-2.959702e-08
-2.678920e-08
-2.429002e-08
-2.208918e-08
-2.016617e-08
-1.849248e-08
-1.703714e-08
-1.577570e-08
-1.469048e-08
-1.376145e-08
-1.296057e-08
-1.225992e-08
-1.164444e-08
-1.111498e-08
-1.067965e-08
-1.034158e-08
-1.009243e-08
-9.915493e-09
-9.794937e-09
-9.722402e-09
-8.347498e-09
-8.366162e-09
-8.425948e-09
-8.525381e-09
-8.669781e-09
-8.874500e-09
-9.159243e-09
-9.537752e-09
-1.001203e-08
-1.057556e-08
-1.122331e-08
-1.196177e-08
-1.281057e-08
-1.379330e-08
-1.493037e-08
-1.624424e-08
-1.776502e-08
-1.952521e-08
-2.155432e-08
-2.387409e-08
-2.647970e-08
-2.917471e-08
-3.100772e-08
-3.075331e-08
-2.846661e-08
-2.370870e-08
-1.806320e-08
-1.107615e-08
-8.067285e-09
-6.407285e-09
-4.777939e-09
-3.267055e-09
-1.993997e-09
-9.724322e-10
-1.889717e-10
3.839468e-10
7.756117e-10
1.015366e-09
1.130202e-09
1.145970e-09
1.085321e-09
9.695292e-10
8.174993e-10
6.455987e-10
4.684966e-10
2.982879e-10
1.453543e-10
1.802256e-11
-7.748341e-11
-1.366527e-10
-1.567421e-10
-1.366771e-10
-7.752856e-11
1.796046e-11
1.452804e-10
2.982115e-10
4.684258e-10
6.455345e-10
8.174298e-10
9.694628e-10
1.085263e-09
1.145913e-09
1.130143e-09
1.015296e-09
7.755145e-10
3.838243e-10
-1.891395e-10
-9.727412e-10
-1.994384e-09
-3.267665e-09
-4.778304e-09
-6.407104e-09
-8.066447e-09
-1.107628e-08
-1.805483e-08
-2.368930e-08
-2.846501e-08
-3.077303e-08
-3.102287e-08
-2.916898e-08
-2.646262e-08
-2.384476e-08
-2.151534e-08
-1.948653e-08
-1.773591e-08
-1.622692e-08
-1.492041e-08
-1.378638e-08
-1.280618e-08
-1.196115e-08
-1.122645e-08
-1.058065e-08
-1.001675e-08
-9.540918e-09
-9.161466e-09
-8.877586e-09
-8.675181e-09
-8.532862e-09
-8.433446e-09
-8.370882e-09
-6.865916e-09
-6.881582e-09
-6.930714e-09
-7.008988e-09
-7.119106e-09
-7.275720e-09
-7.500317e-09
-7.810298e-09
-8.211698e-09
-8.699925e-09
-9.267040e-09
-9.911694e-09
-1.064453e-08
-1.148322e-08
-1.244552e-08
-1.355364e-08
-1.484134e-08
-1.634696e-08
-1.810178e-08
-2.012814e-08
-2.241108e-08
-2.470366e-08
-2.608325e-08
-2.554228e-08
-2.322837e-08
-1.897530e-08
-1.431818e-08
-8.734766e-09
-6.518044e-09
-5.182049e-09
-3.848431e-09
-2.620978e-09
-1.590710e-09
-7.651872e-10
-1.319977e-10
3.317069e-10
6.495284e-10
8.450005e-10
9.398573e-10
9.548788e-10
9.082593e-10
8.170855e-10
6.964425e-10
5.595947e-10
4.183117e-10
2.823456e-10
1.600668e-10
5.820891e-11
-1.822239e-11
-6.557447e-11
-8.165110e-11
-6.559601e-11
-1.826526e-11
5.814294e-11
1.599747e-10
2.822278e-10
4.181751e-10
5.594508e-10
6.962969e-10
8.169428e-10
9.081201e-10
9.547329e-10
9.397078e-10
8.448198e-10
6.492774e-10
3.313589e-10
-1.324328e-10
-7.657422e-10
-1.591312e-09
-2.621669e-09
-3.848936e-09
-5.181860e-09
-6.516971e-09
-8.733605e-09
-1.430895e-08
-1.895756e-08
-2.321950e-08
-2.552762e-08
-2.605150e-08
-2.466035e-08
-2.236358e-08
-2.007719e-08
-1.804879e-08
-1.630008e-08
-1.480589e-08
-1.352921e-08
-1.242949e-08
-1.147495e-08
-1.064524e-08
-9.920988e-09
-9.281095e-09
-8.713312e-09
-8.220423e-09
-7.813584e-09
-7.500353e-09
-7.275934e-09
-7.121991e-09
-7.014699e-09
-6.937162e-09
-6.885827e-09
-5.265271e-09
-5.278004e-09
-5.316144e-09
-5.373789e-09
-5.451444e-09
-5.561600e-09
-5.724774e-09
-5.959555e-09
-6.274931e-09
-6.668566e-09
-7.130591e-09
-7.652346e-09
-8.235294e-09
-8.891326e-09
-9.636558e-09
-1.049283e-08
-1.149397e-08
-1.267810e-08
-1.407226e-08
-1.569219e-08
-1.751122e-08
-1.928402e-08
-2.020844e-08
-1.953034e-08
-1.750448e-08
-1.411232e-08
-1.056449e-08
-6.465787e-09
-4.930075e-09
-3.918007e-09
-2.901339e-09
-1.970511e-09
-1.191218e-09
-5.673114e-10
-8.850502e-11
2.626050e-10
5.038417e-10
6.528374e-10
7.259221e-10
7.387167e-10
7.049590e-10
6.375299e-10
5.477302e-10
4.455805e-10
3.399323e-10
2.381510e-10
1.465481e-10
7.019161e-11
1.285778e-11
-2.267501e-11
-3.473755e-11
-2.268603e-11
1.283848e-11
7.016732e-11
1.465238e-10
2.381306e-10
3.399229e-10
4.455816e-10
5.477378e-10
6.375413e-10
7.049872e-10
7.387483e-10
7.259696e-10
6.528863e-10
5.039027e-10
2.626492e-10
-8.845533e-11
-5.673464e-10
-1.191295e-09
-1.970669e-09
-2.901253e-09
-3.917506e-09
-4.929357e-09
-6.465404e-09
-1.055924e-08
-1.409728e-08
-1.747670e-08
-1.949847e-08
-2.016737e-08
-1.923560e-08
-1.746381e-08
-1.564437e-08
-1.402711e-08
-1.263914e-08
-1.146110e-08
-1.046454e-08
-9.613943e-09
-8.878775e-09
-8.236809e-09
-7.667105e-09
-7.152336e-09
-6.689118e-09
-6.288511e-09
-5.964925e-09
-5.724600e-09
-5.560079e-09
-5.451749e-09
-5.376655e-09
-5.320106e-09
-5.280780e-09
-3.565853e-09
-3.575641e-09
-3.602704e-09
-3.641152e-09
-3.689988e-09
-3.758171e-09
-3.862233e-09
-4.018727e-09
-4.237349e-09
-4.517494e-09
-4.849030e-09
-5.219230e-09
-5.623317e-09
-6.068714e-09
-6.570024e-09
-7.147113e-09
-7.828693e-09
-8.645341e-09
-9.616624e-09
-1.074662e-08
-1.200800e-08
-1.320696e-08
-1.375628e-08
-1.318737e-08
-1.171227e-08
-9.373542e-09
-7.005259e-09
-4.292868e-09
-3.313352e-09
-2.629279e-09
-1.943383e-09
-1.317508e-09
-7.943990e-10
-3.757102e-10
-5.425720e-11
1.816771e-10
3.440210e-10
4.445437e-10
4.942275e-10
5.035326e-10
4.816416e-10
4.371626e-10
3.776224e-10
3.097509e-10
2.394569e-10
1.716751e-10
1.106378e-10
5.975095e-11
2.154010e-11
-2.137930e-12
-1.017475e-11
-2.145169e-12
2.152543e-11
5.972602e-11
1.106006e-10
1.716211e-10
2.393909e-10
3.096778e-10
3.775510e-10
4.370920e-10
4.815800e-10
5.034631e-10
4.941584e-10
4.444543e-10
3.439084e-10
1.815076e-10
-5.444167e-11
-3.759304e-10
-7.945713e-10
-1.317660e-09
-1.943318e-09
-2.628865e-09
-3.312847e-09
-4.293037e-09
-7.006353e-09
-9.375572e-09
-1.171434e-08
-1.318731e-08
-1.374124e-08
-1.318307e-08
-1.198514e-08
-1.072430e-08
-9.595269e-09
-8.623888e-09
-7.805069e-09
-7.121189e-09
-6.545940e-09
-6.053394e-09
-5.622276e-09
-5.232730e-09
-4.871555e-09
-4.540750e-09
-4.254513e-09
-4.027212e-09
-3.863690e-09
-3.756341e-09
-3.688135e-09
-3.640655e-09
-3.603249e-09
-3.576260e-09
-1.795827e-09
-1.802449e-09
-1.818290e-09
-1.838938e-09
-1.862679e-09
-1.893951e-09
-1.942701e-09
-2.020160e-09
-2.133853e-09
-2.283807e-09
-2.461830e-09
-2.656377e-09
-2.861519e-09
-3.081749e-09
-3.328087e-09
-3.614031e-09
-3.956609e-09
-4.372738e-09
-4.871364e-09
-5.453868e-09
-6.100368e-09
-6.699714e-09
-6.974774e-09
-6.689514e-09
-5.911111e-09
-4.724569e-09
-3.549737e-09
-2.159493e-09
-1.667927e-09
-1.322120e-09
-9.765234e-10
-6.616829e-10
-3.987195e-10
-1.882558e-10
-2.661587e-11
9.213829e-11
1.739525e-10
2.247306e-10
2.499700e-10
2.549051e-10
2.441669e-10
2.220839e-10
1.924288e-10
1.585793e-10
1.234984e-10
8.965802e-11
5.917135e-11
3.373994e-11
1.463207e-11
2.787464e-12
-1.231205e-12
2.790902e-12
1.464093e-11
3.375633e-11
5.919934e-11
8.969830e-11
1.235540e-10
1.586486e-10
1.925057e-10
2.221657e-10
2.442602e-10
2.550089e-10
2.500873e-10
2.248767e-10
1.741406e-10
9.238541e-11
-2.628909e-11
-1.878678e-10
-3.982506e-10
-6.611769e-10
-9.759463e-10
-1.321637e-09
-1.667500e-09
-2.160204e-09
-3.554252e-09
-4.727860e-09
-5.913527e-09
-6.684428e-09
-6.968321e-09
-6.701418e-09
-6.106571e-09
-5.459774e-09
-4.874344e-09
-4.369416e-09
-3.945687e-09
-3.597853e-09
-3.311490e-09
-3.069876e-09
-2.858470e-09
-2.664004e-09
-2.478476e-09
-2.304351e-09
-2.152067e-09
-2.031877e-09
-1.947315e-09
-1.893486e-09
-1.859762e-09
-1.835478e-09
-1.815380e-09
-1.800784e-09
1.043833e-11
7.383601e-12
3.193449e-12
-2.111748e-13
-1.078703e-12
1.036237e-12
4.367427e-12
5.483638e-12
1.573529e-12
-6.961681e-12
-1.593211e-11
-1.996651e-11
-1.673668e-11
-8.721000e-12
-1.810565e-13
6.772511e-12
1.186685e-11
1.448821e-11
1.449064e-11
1.324872e-11
1.227833e-11
1.259919e-11
1.369919e-11
1.567985e-11
1.494713e-11
6.375787e-12
1.660915e-12
-2.025631e-12
-1.579182e-12
-1.356539e-12
-1.394654e-12
-1.092630e-12
-7.614289e-13
-4.982979e-13
-3.036229e-13
-1.939012e-13
-1.469647e-13
-1.460110e-13
-1.515423e-13
-1.704751e-13
-1.769158e-13
-1.823836e-13
-1.840427e-13
-1.944181e-13
-2.076287e-13
-2.219228e-13
-2.317108e-13
-2.315124e-13
-2.238782e-13
-2.154641e-13
-2.095095e-13
-2.083302e-13
-2.108678e-13
-2.153801e-13
-2.162763e-13
-2.130456e-13
-2.072970e-13
-1.976610e-13
-1.893392e-13
-1.836222e-13
-1.765778e-13
-1.715992e-13
-1.676940e-13
-1.617071e-13
-1.735806e-13
-2.104872e-13
-2.738044e-13
-3.495474e-13
-4.166186e-13
-5.202482e-13
-6.279666e-13
-6.553545e-13
-8.429841e-13
-1.624464e-12
-2.003096e-12
-2.520479e-12
-1.650324e-12
-7.002030e-13
-1.573762e-12
-3.486132e-12
-5.507295e-12
-5.161357e-12
-4.811827e-13
6.929471e-12
1.170207e-11
1.005152e-11
3.093633e-12
-5.883627e-12
-1.432655e-11
-2.038985e-11
-2.242130e-11
-1.979917e-11
-1.397548e-11
-7.839462e-12
-3.494271e-12
-7.814374e-13
1.873602e-12
5.385806e-12
8.990961e-12
1.103889e-11
1.814773e-09
1.815832e-09
1.824124e-09
1.838752e-09
1.861067e-09
1.896082e-09
1.950421e-09
2.029381e-09
2.136045e-09
2.271684e-09
2.435420e-09
2.624237e-09
2.835026e-09
3.067334e-09
3.325430e-09
3.620604e-09
3.970388e-09
4.390695e-09
4.890113e-09
5.471938e-09
6.117732e-09
6.716823e-09
6.990779e-09
6.703814e-09
5.924122e-09
4.733071e-09
3.553293e-09
2.157009e-09
1.665773e-09
1.319789e-09
9.736469e-10
6.590299e-10
3.965014e-10
1.864577e-10
2.517683e-11
-9.327977e-11
-1.748730e-10
-2.254694e-10
-2.505838e-10
-2.554720e-10
-2.447181e-10
-2.226350e-10
-1.929819e-10
-1.591311e-10
-1.240292e-10
-9.016051e-11
-5.965460e-11
-3.421587e-11
-1.510842e-11
-3.265802e-12
7.583628e-13
-3.249227e-12
-1.507456e-11
-3.416271e-11
-5.958039e-11
-9.006537e-11
-1.239141e-10
-1.589963e-10
-1.928391e-10
-2.224858e-10
-2.445596e-10
-2.552988e-10
-2.504027e-10
-2.252545e-10
-1.746102e-10
-9.292998e-11
2.567633e-11
1.871523e-10
3.974166e-10
6.601455e-10
9.747721e-10
1.320563e-09
1.666374e-09
2.157789e-09
3.551219e-09
4.723957e-09
5.911447e-09
6.684873e-09
6.968685e-09
6.699951e-09
6.102185e-09
5.454853e-09
4.874858e-09
4.380290e-09
3.963746e-09
3.613243e-09
3.315546e-09
3.059039e-09
2.833311e-09
2.628216e-09
2.438727e-09
2.268653e-09
2.126218e-09
2.016827e-09
1.940288e-09
1.891753e-09
1.863147e-09
1.845347e-09
1.831780e-09
1.820858e-09
3.579805e-09
3.585452e-09
3.607183e-09
3.641720e-09
3.689952e-09
3.760575e-09
3.867382e-09
4.023420e-09
4.236976e-09
4.509737e-09
4.836127e-09
5.206448e-09
5.614351e-09
6.062424e-09
6.562590e-09
7.137068e-09
7.817902e-09
8.636038e-09
9.610376e-09
1.074389e-08
1.200552e-08
1.320241e-08
1.375390e-08
1.318586e-08
1.170869e-08
9.373176e-09
7.002567e-09
4.288471e-09
3.309969e-09
2.626872e-09
1.941065e-09
1.315659e-09
7.930662e-10
3.748444e-10
5.371197e-11
-1.820096e-10
-3.443004e-10
-4.448258e-10
-4.945371e-10
-5.038712e-10
-4.820000e-10
-4.375216e-10
-3.779842e-10
-3.101311e-10
-2.398653e-10
-1.721136e-10
-1.110991e-10
-6.021445e-11
-2.198916e-11
1.704399e-12
9.752752e-12
1.723010e-12
-2.195408e-11
-6.016544e-11
-1.110420e-10
-1.720557e-10
-2.398129e-10
-3.100795e-10
-3.779341e-10
-4.374652e-10
-4.819388e-10
-5.038127e-10
-4.945012e-10
-4.447878e-10
-3.442652e-10
-1.819484e-10
5.385680e-11
3.751795e-10
7.936742e-10
1.316572e-09
1.942122e-09
2.627806e-09
3.311642e-09
4.290715e-09
7.006099e-09
9.378604e-09
1.171651e-08
1.318798e-08
1.374369e-08
1.318875e-08
1.199268e-08
1.073010e-08
9.598132e-09
8.627107e-09
7.810501e-09
7.126008e-09
6.545999e-09
6.046206e-09
5.607185e-09
5.210800e-09
4.845932e-09
4.516094e-09
4.234994e-09
4.014558e-09
3.857194e-09
3.754689e-09
3.691012e-09
3.648511e-09
3.615748e-09
3.591224e-09
5.272112e-09
5.282588e-09
5.318415e-09
5.375056e-09
5.453304e-09
5.564341e-09
5.726759e-09
5.958713e-09
6.271368e-09
6.665673e-09
7.132893e-09
7.661277e-09
8.246390e-09
8.895798e-09
9.626751e-09
1.046718e-08
1.145744e-08
1.263900e-08
1.403816e-08
1.566403e-08
1.748247e-08
1.925082e-08
2.017258e-08
1.949761e-08
1.748136e-08
1.409819e-08
1.055564e-08
6.462309e-09
4.927577e-09
3.916105e-09
2.899238e-09
1.968472e-09
1.189382e-09
5.657162e-10
8.716035e-11
-2.636890e-10
-5.047369e-10
-6.535650e-10
-7.265342e-10
-7.392862e-10
-7.055210e-10
-6.380844e-10
-5.482856e-10
-4.461337e-10
-3.404600e-10
-2.386467e-10
-1.470237e-10
-7.066352e-11
-1.333295e-11
2.219328e-11
3.425989e-11
2.221881e-11
-1.328204e-11
-7.058515e-11
-1.469176e-10
-2.385130e-10
-3.403003e-10
-4.459460e-10
-5.480851e-10
-6.378749e-10
-7.052954e-10
-7.390406e-10
-7.262839e-10
-6.532695e-10
-5.043891e-10
-2.632307e-10
8.778683e-11
5.665457e-10
1.190361e-09
1.969557e-09
2.900128e-09
3.916620e-09
4.928630e-09
6.463686e-09
1.056017e-08
1.409487e-08
1.746839e-08
1.948666e-08
2.016021e-08
1.923746e-08
1.747320e-08
1.565348e-08
1.402796e-08
1.263233e-08
1.145277e-08
1.045860e-08
9.610716e-09
8.876888e-09
8.234390e-09
7.662400e-09
7.144429e-09
6.678555e-09
6.277261e-09
5.955465e-09
5.718711e-09
5.558267e-09
5.453615e-09
5.381514e-09
5.327091e-09
5.288552e-09
6.865576e-09
6.880716e-09
6.930480e-09
7.010624e-09
7.122577e-09
7.278772e-09
7.499664e-09
7.804933e-09
8.205543e-09
8.700434e-09
9.279718e-09
9.934771e-09
1.066853e-08
1.149585e-08
1.243761e-08
1.352262e-08
1.479237e-08
1.629146e-08
1.805021e-08
2.007972e-08
2.235835e-08
2.464744e-08
2.602934e-08
2.549558e-08
2.318563e-08
1.893844e-08
1.430137e-08
8.728486e-09
6.513928e-09
5.180219e-09
3.847081e-09
2.619923e-09
1.589833e-09
7.645400e-10
1.315377e-10
-3.319923e-10
-6.497707e-10
-8.452724e-10
-9.401376e-10
-9.551841e-10
-9.085866e-10
-8.174058e-10
-6.967594e-10
-5.599357e-10
-4.186877e-10
-2.827595e-10
-1.605127e-10
-5.866430e-11
1.777846e-11
6.514260e-11
8.122925e-11
6.516708e-11
1.782534e-11
-5.859791e-11
-1.604327e-10
-2.826763e-10
-4.186077e-10
-5.598550e-10
-6.966755e-10
-8.173111e-10
-9.084761e-10
-9.550794e-10
-9.400542e-10
-8.451615e-10
-6.496396e-10
-3.318152e-10
1.317936e-10
7.649011e-10
1.590289e-09
2.620418e-09
3.847637e-09
5.180676e-09
6.515396e-09
8.730866e-09
1.430644e-08
1.893974e-08
2.319657e-08
2.550468e-08
2.603072e-08
2.464873e-08
2.236281e-08
2.008149e-08
1.804678e-08
1.628858e-08
1.479126e-08
1.351863e-08
1.242635e-08
1.147913e-08
1.065452e-08
9.931943e-09
9.289767e-09
8.716650e-09
8.218063e-09
7.808187e-09
7.495686e-09
7.274224e-09
7.122976e-09
7.016755e-09
6.938870e-09
6.886533e-09
8.341276e-09
8.360557e-09
8.423114e-09
8.526543e-09
8.673766e-09
8.877442e-09
9.157041e-09
9.530249e-09
1.000505e-08
1.057763e-08
1.123883e-08
1.198671e-08
1.283471e-08
1.380641e-08
1.492598e-08
1.621991e-08
1.772369e-08
1.947577e-08
2.150442e-08
2.382251e-08
2.642501e-08
2.912403e-08
3.096109e-08
3.070172e-08
2.841459e-08
2.367845e-08
1.804878e-08
1.107302e-08
8.064648e-09
6.405862e-09
4.776505e-09
3.265858e-09
1.992661e-09
9.710939e-10
1.876976e-10
-3.850039e-10
-7.764587e-10
-1.016055e-09
-1.130747e-09
-1.146480e-09
-1.085836e-09
-9.700365e-10
-8.180136e-10
-6.461206e-10
-4.689933e-10
-2.987474e-10
-1.457962e-10
-1.846690e-11
7.702744e-11
1.361819e-10
1.562712e-10
1.362096e-10
7.708305e-11
-1.838194e-11
-1.456801e-10
-2.986012e-10
-4.688120e-10
-6.458998e-10
-8.177712e-10
-9.697821e-10
-1.085551e-09
-1.146164e-09
-1.130410e-09
-1.015631e-09
-7.759585e-10
-3.843749e-10
1.884711e-10
9.719143e-10
1.993362e-09
3.266362e-09
4.776880e-09
6.405648e-09
8.064511e-09
1.107333e-08
1.805047e-08
2.369009e-08
2.845260e-08
3.075440e-08
3.100361e-08
2.914915e-08
2.645137e-08
2.384350e-08
2.151501e-08
1.947977e-08
1.772490e-08
1.621813e-08
1.491897e-08
1.379402e-08
1.282173e-08
1.198126e-08
1.124589e-08
1.059402e-08
1.002153e-08
9.539095e-09
9.157734e-09
8.875480e-09
8.674925e-09
8.532415e-09
8.430942e-09
8.365977e-09
9.687255e-09
9.709910e-09
9.783241e-09
9.907764e-09
1.008852e-08
1.033768e-08
1.067159e-08
1.110336e-08
1.163633e-08
1.226411e-08
1.297973e-08
1.378899e-08
1.471547e-08
1.579083e-08
1.704220e-08
1.849184e-08
2.016342e-08
2.208238e-08
2.427160e-08
2.675335e-08
2.954362e-08
3.251409e-08
3.485703e-08
3.515456e-08
3.312170e-08
2.825626e-08
2.178240e-08
1.349374e-08
9.580473e-09
7.586432e-09
5.684547e-09
3.907038e-09
2.400514e-09
1.188928e-09
2.597678e-10
-4.183451e-10
-8.803121e-10
-1.161416e-09
-1.293850e-09
-1.308609e-09
-1.232640e-09
-1.091146e-09
-9.070078e-10
-6.996172e-10
-4.865179e-10
-2.819993e-10
-9.843540e-11
5.430806e-11
1.687817e-10
2.396815e-10
2.637540e-10
2.397040e-10
1.688255e-10
5.437000e-11
-9.835954e-11
-2.819234e-10
-4.864441e-10
-6.995429e-10
-9.069241e-10
-1.091044e-09
-1.232497e-09
-1.308467e-09
-1.293699e-09
-1.161171e-09
-8.800105e-10
-4.179973e-10
2.600960e-10
1.189165e-09
2.400525e-09
3.906922e-09
5.684629e-09
7.586846e-09
9.581313e-09
1.349580e-08
2.178185e-08
2.823691e-08
3.307072e-08
3.512090e-08
3.486913e-08
3.254780e-08
2.957857e-08
2.678533e-08
2.429574e-08
2.209402e-08
2.016555e-08
1.848936e-08
1.703733e-08
1.578323e-08
1.470632e-08
1.378370e-08
1.298436e-08
1.227882e-08
1.165412e-08
1.111607e-08
1.067666e-08
1.033884e-08
1.009098e-08
9.913546e-09
9.790385e-09
9.714777e-09
1.089531e-08
1.092058e-08
1.100225e-08
1.114400e-08
1.135309e-08
1.164070e-08
1.201899e-08
1.249539e-08
1.306838e-08
1.372996e-08
1.447632e-08
1.531993e-08
1.629140e-08
1.742733e-08
1.875622e-08
2.029404e-08
2.204949e-08
2.403350e-08
2.626881e-08
2.878799e-08
3.162561e-08
3.472013e-08
3.749520e-08
3.860806e-08
3.721478e-08
3.261481e-08
2.549956e-08
1.606717e-08
1.107480e-08
8.713400e-09
6.564669e-09
4.540095e-09
2.811617e-09
1.417016e-09
3.473022e-10
-4.318701e-10
-9.604251e-10
-1.279693e-09
-1.427209e-09
-1.439002e-09
-1.346265e-09
-1.178098e-09
-9.613924e-10
-7.182014e-10
-4.689371e-10
-2.300597e-10
-1.594758e-11
1.620649e-10
2.953223e-10
3.778385e-10
4.058464e-10
3.778601e-10
2.953667e-10
1.621342e-10
-1.584915e-11
-2.299311e-10
-4.687603e-10
-7.179708e-10
-9.611284e-10
-1.177819e-09
-1.345919e-09
-1.438615e-09
-1.426762e-09
-1.279112e-09
-9.597812e-10
-4.311552e-10
3.480044e-10
1.417529e-09
2.811686e-09
4.539747e-09
6.564159e-09
8.712063e-09
1.107085e-08
1.606240e-08
2.548754e-08
3.257589e-08
3.717985e-08
3.859621e-08
3.750600e-08
3.475122e-08
3.165897e-08
2.882211e-08
2.629786e-08
2.404947e-08
2.205189e-08
2.028995e-08
1.875188e-08
1.742365e-08
1.628695e-08
1.531659e-08
1.447924e-08
1.374162e-08
1.308474e-08
1.250938e-08
1.202692e-08
1.164444e-08
1.135671e-08
1.114950e-08
1.100842e-08
1.092467e-08
1.195960e-08
1.198682e-08
1.207433e-08
1.222838e-08
1.245781e-08
1.277243e-08
1.318018e-08
1.368320e-08
1.427627e-08
1.495116e-08
1.570749e-08
1.656218e-08
1.754840e-08
1.870327e-08
2.005348e-08
2.160696e-08
2.335764e-08
2.530629e-08
2.748187e-08
2.993297e-08
3.269678e-08
3.575365e-08
3.875572e-08
4.056930e-08
3.996899e-08
3.620993e-08
2.895977e-08
1.881960e-08
1.254566e-08
9.766133e-09
7.408042e-09
5.161076e-09
3.225927e-09
1.657501e-09
4.533979e-10
-4.225611e-10
-1.014211e-09
-1.368731e-09
-1.528992e-09
-1.536037e-09
-1.425320e-09
-1.229454e-09
-9.795756e-10
-7.003582e-10
-4.151624e-10
-1.422804e-10
1.020178e-10
3.050434e-10
4.568505e-10
5.508336e-10
5.827184e-10
5.508462e-10
4.568751e-10
3.050794e-10
1.020605e-10
-1.422425e-10
-4.151304e-10
-7.003312e-10
-9.795390e-10
-1.229378e-09
-1.425172e-09
-1.535915e-09
-1.528844e-09
-1.368437e-09
-1.013889e-09
-4.222634e-10
4.535027e-10
1.657355e-09
3.225261e-09
5.159659e-09
7.405837e-09
9.761715e-09
1.253662e-08
1.881065e-08
2.895323e-08
3.622758e-08
4.000888e-08
4.060597e-08
3.878109e-08
3.578135e-08
3.272308e-08
2.995713e-08
2.750588e-08
2.532234e-08
2.336100e-08
2.160304e-08
2.004996e-08
1.870252e-08
1.754807e-08
1.656133e-08
1.570944e-08
1.495939e-08
1.428950e-08
1.369630e-08
1.318927e-08
1.277782e-08
1.246214e-08
1.223330e-08
1.207925e-08
1.198995e-08
1.287402e-08
1.290262e-08
1.299359e-08
1.315454e-08
1.339482e-08
1.372246e-08
1.414168e-08
1.465084e-08
1.524294e-08
1.591103e-08
1.665777e-08
1.750169e-08
1.847416e-08
1.960839e-08
2.092611e-08
2.242689e-08
2.409366e-08
2.592269e-08
2.795087e-08
3.023783e-08
3.282022e-08
3.569638e-08
3.872530e-08
4.108623e-08
4.128540e-08
3.862216e-08
3.197569e-08
2.162044e-08
1.395451e-08
1.070852e-08
8.189425e-09
5.755625e-09
3.636895e-09
1.907327e-09
5.761181e-10
-3.920348e-10
-1.043085e-09
-1.429653e-09
-1.600193e-09
-1.600741e-09
-1.470901e-09
-1.246731e-09
-9.637447e-10
-6.486328e-10
-3.276878e-10
-2.105144e-11
2.530558e-10
4.806752e-10
6.506031e-10
7.557753e-10
7.914433e-10
7.557830e-10
6.506190e-10
4.807050e-10
2.531034e-10
-2.097433e-11
-3.275570e-10
-6.484335e-10
-9.635166e-10
-1.246481e-09
-1.470590e-09
-1.600414e-09
-1.599811e-09
-1.429116e-09
-1.042592e-09
-3.915524e-10
5.765179e-10
1.907605e-09
3.636739e-09
5.754929e-09
8.187515e-09
1.070303e-08
1.394001e-08
2.160659e-08
3.197564e-08
3.869525e-08
4.131367e-08
4.106135e-08
3.871021e-08
3.569328e-08
3.281832e-08
3.024274e-08
2.796367e-08
2.593503e-08
2.409807e-08
2.242489e-08
2.092391e-08
1.960902e-08
1.847573e-08
1.750200e-08
1.665840e-08
1.591542e-08
1.525172e-08
1.466100e-08
1.414992e-08
1.372802e-08
1.339894e-08
1.315830e-08
1.299686e-08
1.290459e-08
1.363294e-08
1.366226e-08
1.375417e-08
1.391651e-08
1.415796e-08
1.448431e-08
1.489670e-08
1.539141e-08
1.596175e-08
1.660330e-08
1.732098e-08
1.813220e-08
1.906282e-08
2.013858e-08
2.137411e-08
2.276255e-08
2.428236e-08
2.592929e-08
2.774142e-08
2.977533e-08
3.205464e-08
3.456840e-08
3.728528e-08
3.981223e-08
4.104932e-08
3.987541e-08
3.446790e-08
2.439800e-08
1.527019e-08
1.151357e-08
8.882218e-09
6.306065e-09
4.035498e-09
2.162545e-09
7.142329e-10
-3.410487e-10
-1.048003e-09
-1.464028e-09
-1.642897e-09
-1.635739e-09
-1.486240e-09
-1.233296e-09
-9.171666e-10
-5.664932e-10
-2.106996e-10
1.287641e-10
4.318430e-10
6.834743e-10
8.710341e-10
9.870692e-10
1.026399e-09
9.870621e-10
8.710186e-10
6.834523e-10
4.318095e-10
1.287097e-10
-2.107810e-10
-5.666077e-10
-9.172921e-10
-1.233372e-09
-1.486269e-09
-1.635856e-09
-1.642979e-09
-1.463916e-09
-1.047921e-09
-3.409908e-10
7.141162e-10
2.162272e-09
4.034911e-09
6.305764e-09
8.880280e-09
1.151010e-08
1.526039e-08
2.439469e-08
3.447569e-08
3.989428e-08
4.106542e-08
3.982592e-08
3.728095e-08
3.454524e-08
3.203421e-08
2.976603e-08
2.774227e-08
2.593546e-08
2.428659e-08
2.276296e-08
2.137352e-08
2.013937e-08
1.906416e-08
1.813212e-08
1.731995e-08
1.660402e-08
1.596581e-08
1.539761e-08
1.490272e-08
1.448886e-08
1.416109e-08
1.391869e-08
1.375562e-08
1.366300e-08
1.423094e-08
1.426009e-08
1.435006e-08
1.450823e-08
1.474189e-08
1.505426e-08
1.544379e-08
1.590579e-08
1.643536e-08
1.703133e-08
1.770012e-08
1.845593e-08
1.931664e-08
2.029811e-08
2.140670e-08
2.263218e-08
2.395557e-08
2.537502e-08
2.691773e-08
2.861909e-08
3.048278e-08
3.247959e-08
3.462133e-08
3.678588e-08
3.861292e-08
3.906129e-08
3.559435e-08
2.688404e-08
1.657376e-08
1.210675e-08
9.441161e-09
6.789025e-09
4.408729e-09
2.413434e-09
8.592360e-10
-2.766101e-10
-1.035462e-09
-1.477799e-09
-1.663117e-09
-1.647347e-09
-1.477962e-09
-1.196520e-09
-8.483757e-10
-4.630524e-10
-7.329022e-11
2.982035e-10
6.293815e-10
9.042023e-10
1.108633e-09
1.235036e-09
1.277859e-09
1.235017e-09
1.108596e-09
9.041560e-10
6.293278e-10
2.981626e-10
-7.329000e-11
-4.629958e-10
-8.483242e-10
-1.196486e-09
-1.477918e-09
-1.647305e-09
-1.662952e-09
-1.477503e-09
-1.035372e-09
-2.767375e-10
8.588186e-10
2.412462e-09
4.408285e-09
6.790346e-09
9.441756e-09
1.210979e-08
1.658321e-08
2.690680e-08
3.561196e-08
3.902520e-08
3.859213e-08
3.677797e-08
3.460186e-08
3.245503e-08
3.045602e-08
2.859766e-08
2.690659e-08
2.537261e-08
2.395731e-08
2.263403e-08
2.140724e-08
2.029792e-08
1.931593e-08
1.845387e-08
1.769676e-08
1.702839e-08
1.643459e-08
1.590736e-08
1.544650e-08
1.505669e-08
1.474325e-08
1.450848e-08
1.434965e-08
1.425966e-08
1.466550e-08
1.469326e-08
1.477794e-08
1.492636e-08
1.514428e-08
1.543245e-08
1.578675e-08
1.620184e-08
1.667491e-08
1.720802e-08
1.780840e-08
1.848603e-08
1.924989e-08
2.010501e-08
2.104911e-08
2.207046e-08
2.315694e-08
2.431111e-08
2.554240e-08
2.684502e-08
2.819522e-08
2.955586e-08
3.091365e-08
3.232404e-08
3.393416e-08
3.536032e-08
3.417037e-08
2.807524e-08
1.782758e-08
1.241642e-08
9.788797e-09
7.168772e-09
4.737003e-09
2.647149e-09
1.001667e-09
-2.061259e-10
-1.012161e-09
-1.478153e-09
-1.668731e-09
-1.644372e-09
-1.455928e-09
-1.146467e-09
-7.671849e-10
-3.484087e-10
7.342873e-11
4.752291e-10
8.330170e-10
1.130002e-09
1.350512e-09
1.486689e-09
1.532783e-09
1.486649e-09
1.350429e-09
1.129886e-09
8.328545e-10
4.750121e-10
7.312908e-11
-3.488148e-10
-7.676793e-10
-1.146929e-09
-1.456383e-09
-1.644924e-09
-1.669211e-09
-1.478484e-09
-1.012603e-09
-2.065323e-10
1.000756e-09
2.645525e-09
4.735763e-09
7.168572e-09
9.789918e-09
1.242948e-08
1.786955e-08
2.810840e-08
3.416308e-08
3.532782e-08
3.392067e-08
3.231542e-08
3.090486e-08
2.953725e-08
2.816963e-08
2.681978e-08
2.552328e-08
2.430146e-08
2.315607e-08
2.207316e-08
2.105036e-08
2.010356e-08
1.924678e-08
1.848179e-08
1.780301e-08
1.720216e-08
1.667006e-08
1.619913e-08
1.578600e-08
1.543238e-08
1.514363e-08
1.492475e-08
1.477598e-08
1.469193e-08
1.493711e-08
1.496216e-08
1.503809e-08
1.517130e-08
1.536653e-08
1.562247e-08
1.593270e-08
1.629086e-08
1.669555e-08
1.715123e-08
1.766518e-08
1.824297e-08
1.888520e-08
1.958688e-08
2.033770e-08
2.112463e-08
2.194167e-08
2.279464e-08
2.367823e-08
2.454876e-08
2.534101e-08
2.600059e-08
2.649761e-08
2.687017e-08
2.750883e-08
2.888069e-08
2.946282e-08
2.639876e-08
1.825004e-08
1.223570e-08
9.713714e-09
7.370661e-09
4.987991e-09
2.848997e-09
1.131700e-09
-1.387135e-10
-9.883634e-10
-1.476061e-09
-1.671596e-09
-1.639567e-09
-1.433598e-09
-1.097936e-09
-6.901564e-10
-2.399362e-10
2.120825e-10
6.426428e-10
1.025541e-09
1.343340e-09
1.578798e-09
1.723889e-09
1.772952e-09
1.723830e-09
1.578684e-09
1.343180e-09
1.025332e-09
6.424030e-10
2.118480e-10
-2.401794e-10
-6.904806e-10
-1.098327e-09
-1.434013e-09
-1.639876e-09
-1.671744e-09
-1.476293e-09
-9.891885e-10
-1.403188e-10
1.129344e-09
2.845954e-09
4.985164e-09
7.364414e-09
9.713819e-09
1.225478e-08
1.829297e-08
2.645960e-08
2.953554e-08
2.894425e-08
2.755380e-08
2.688660e-08
2.650108e-08
2.599386e-08
2.532051e-08
2.452280e-08
2.365564e-08
2.278199e-08
2.193986e-08
2.112767e-08
2.033883e-08
1.958407e-08
1.888012e-08
1.823709e-08
1.765833e-08
1.714316e-08
1.668739e-08
1.628441e-08
1.592865e-08
1.561982e-08
1.536381e-08
1.516804e-08
1.503496e-08
1.496025e-08
1.505120e-08
1.507239e-08
1.513645e-08
1.524957e-08
1.541593e-08
1.563300e-08
1.589251e-08
1.618677e-08
1.651469e-08
1.688174e-08
1.729443e-08
1.775402e-08
1.825399e-08
1.878136e-08
1.931953e-08
1.985385e-08
2.037986e-08
2.090049e-08
2.139871e-08
2.181269e-08
2.205423e-08
2.204534e-08
2.173169e-08
2.112509e-08
2.054480e-08
2.076352e-08
2.184070e-08
2.127748e-08
1.657973e-08
1.105983e-08
8.806512e-09
7.184419e-09
5.073314e-09
2.983638e-09
1.230199e-09
-8.651154e-11
-9.740786e-10
-1.482986e-09
-1.685178e-09
-1.648528e-09
-1.428745e-09
-1.069087e-09
-6.349025e-10
-1.556442e-10
3.232677e-10
7.797009e-10
1.185308e-09
1.522200e-09
1.771548e-09
1.924492e-09
1.976129e-09
1.924406e-09
1.771383e-09
1.521955e-09
1.184961e-09
7.792257e-10
3.226321e-10
-1.565301e-10
-6.359056e-10
-1.070009e-09
-1.429598e-09
-1.649370e-09
-1.685935e-09
-1.483678e-09
-9.748765e-10
-8.722860e-11
1.229342e-09
2.981606e-09
5.070648e-09
7.172811e-09
8.795833e-09
1.105056e-08
1.654639e-08
2.126069e-08
2.188133e-08
2.084818e-08
2.061244e-08
2.115868e-08
2.174587e-08
2.204550e-08
2.203868e-08
2.179114e-08
2.138043e-08
2.089105e-08
2.037945e-08
1.985677e-08
1.931990e-08
1.877782e-08
1.824866e-08
1.774839e-08
1.728774e-08
1.687292e-08
1.650467e-08
1.617793e-08
1.588619e-08
1.562846e-08
1.541172e-08
1.524523e-08
1.513270e-08
1.507023e-08
1.501663e-08
1.503319e-08
1.508314e-08
1.517228e-08
1.530446e-08
1.547669e-08
1.567967e-08
1.590451e-08
1.614946e-08
1.641973e-08
1.672022e-08
1.704804e-08
1.739078e-08
1.772972e-08
1.804447e-08
1.831899e-08
1.854634e-08
1.871992e-08
1.880996e-08
1.875108e-08
1.845733e-08
1.784072e-08
1.682302e-08
1.540137e-08
1.369876e-08
1.222853e-08
1.208575e-08
1.245178e-08
1.111086e-08
7.804657e-09
6.439239e-09
6.118191e-09
4.801454e-09
2.975675e-09
1.265493e-09
-7.152601e-11
-9.902621e-10
-1.520543e-09
-1.731537e-09
-1.693406e-09
-1.463802e-09
-1.084109e-09
-6.280313e-10
-1.231591e-10
3.794692e-10
8.591064e-10
1.285047e-09
1.638924e-09
1.900698e-09
2.060001e-09
2.113662e-09
2.059902e-09
1.900501e-09
1.638626e-09
1.284639e-09
8.586174e-10
3.789334e-10
-1.237858e-10
-6.287154e-10
-1.084784e-09
-1.464446e-09
-1.693749e-09
-1.731432e-09
-1.520256e-09
-9.901064e-10
-7.073833e-11
1.266546e-09
2.976103e-09
4.801238e-09
6.116886e-09
6.437842e-09
7.780689e-09
1.105197e-08
1.236195e-08
1.207113e-08
1.230195e-08
1.376535e-08
1.543854e-08
1.683678e-08
1.783590e-08
1.844307e-08
1.873651e-08
1.880017e-08
1.871622e-08
1.854717e-08
1.832025e-08
1.804321e-08
1.772622e-08
1.738695e-08
1.704439e-08
1.671492e-08
1.641116e-08
1.613874e-08
1.589457e-08
1.567225e-08
1.547114e-08
1.529938e-08
1.516732e-08
1.507908e-08
1.503094e-08
1.484588e-08
1.485746e-08
1.489198e-08
1.495443e-08
1.504819e-08
1.517030e-08
1.531140e-08
1.546190e-08
1.561905e-08
1.578688e-08
1.596820e-08
1.615627e-08
1.633374e-08
1.647783e-08
1.656640e-08
1.658289e-08
1.651624e-08
1.634816e-08
1.603669e-08
1.551761e-08
1.471985e-08
1.356139e-08
1.194920e-08
9.816846e-09
7.142635e-09
4.122897e-09
1.757126e-09
1.025742e-09
1.252973e-09
9.437602e-10
1.442650e-09
3.242405e-09
3.624264e-09
2.614887e-09
1.155592e-09
-1.260550e-10
-1.055898e-09
-1.607884e-09
-1.832335e-09
-1.798150e-09
-1.566553e-09
-1.171458e-09
-6.970383e-10
-1.705002e-10
3.512007e-10
8.497060e-10
1.292294e-09
1.660299e-09
1.933376e-09
2.097228e-09
2.152192e-09
2.097125e-09
1.933163e-09
1.659977e-09
1.291825e-09
8.490365e-10
3.502764e-10
-1.717193e-10
-6.982696e-10
-1.172377e-09
-1.567342e-09
-1.798776e-09
-1.832234e-09
-1.607490e-09
-1.055312e-09
-1.221450e-10
1.161095e-09
2.619102e-09
3.627394e-09
3.258242e-09
1.459387e-09
9.033806e-10
1.230546e-09
1.009807e-09
1.771441e-09
4.141202e-09
7.151664e-09
9.821100e-09
1.194983e-08
1.355926e-08
1.471665e-08
1.551638e-08
1.603756e-08
1.634960e-08
1.651639e-08
1.658114e-08
1.656372e-08
1.647593e-08
1.633350e-08
1.615634e-08
1.596551e-08
1.577974e-08
1.560917e-08
1.545269e-08
1.530462e-08
1.516513e-08
1.504318e-08
1.494939e-08
1.488782e-08
1.485515e-08
1.455220e-08
1.455875e-08
1.457730e-08
1.461153e-08
1.466402e-08
1.473207e-08
1.480699e-08
1.487923e-08
1.494506e-08
1.500692e-08
1.506542e-08
1.511057e-08
1.512097e-08
1.507086e-08
1.493752e-08
1.470448e-08
1.435683e-08
1.386702e-08
1.318591e-08
1.225312e-08
1.101073e-08
9.386870e-09
7.276348e-09
4.572772e-09
1.162200e-09
-2.941944e-09
-7.060174e-09
-9.785000e-09
-1.060626e-08
-9.970597e-09
-7.532481e-09
-2.903839e-09
4.325174e-10
1.339645e-09
6.973133e-10
-3.324154e-10
-1.210824e-09
-1.775007e-09
-2.017112e-09
-1.989585e-09
-1.763406e-09
-1.362466e-09
-8.788287e-10
-3.372718e-10
1.987720e-10
7.122491e-10
1.168141e-09
1.546943e-09
1.829619e-09
1.995652e-09
2.050987e-09
1.995555e-09
1.829416e-09
1.546633e-09
1.167684e-09
7.117236e-10
1.982485e-10
-3.377882e-10
-8.793244e-10
-1.362894e-09
-1.764009e-09
-1.989467e-09
-2.015274e-09
-1.773470e-09
-1.211290e-09
-3.276174e-10
7.045434e-10
1.344780e-09
4.359035e-10
-2.886177e-09
-7.544666e-09
-1.002416e-08
-1.060151e-08
-9.753582e-09
-7.064004e-09
-2.981837e-09
1.111949e-09
4.548221e-09
7.271372e-09
9.389599e-09
1.101760e-08
1.226093e-08
1.319164e-08
1.386775e-08
1.435250e-08
1.469859e-08
1.493408e-08
1.507178e-08
1.512519e-08
1.511455e-08
1.506528e-08
1.500149e-08
1.493693e-08
1.487204e-08
1.480209e-08
1.472820e-08
1.465961e-08
1.460652e-08
1.457291e-08
1.455624e-08
1.414958e-08
1.415115e-08
1.415357e-08
1.415907e-08
1.416917e-08
1.418135e-08
1.418798e-08
1.418016e-08
1.415339e-08
1.410835e-08
1.404370e-08
1.394706e-08
1.379408e-08
1.355667e-08
1.321194e-08
1.274387e-08
1.213453e-08
1.135049e-08
1.034140e-08
9.054246e-09
7.439625e-09
5.434648e-09
2.936545e-09
-1.912345e-10
-4.112066e-09
-8.878290e-09
-1.414019e-08
-1.896610e-08
-2.235229e-08
-2.352574e-08
-2.100469e-08
-1.431707e-08
-6.770550e-09
-2.228317e-09
-7.598400e-10
-9.177855e-10
-1.537755e-09
-2.054100e-09
-2.309001e-09
-2.289502e-09
-2.080278e-09
-1.687341e-09
-1.205814e-09
-6.588580e-10
-1.158081e-10
4.056523e-10
8.688334e-10
1.253432e-09
1.544464e-09
1.709932e-09
1.764499e-09
1.709825e-09
1.544276e-09
1.253167e-09
8.684656e-10
4.051564e-10
-1.163959e-10
-6.595856e-10
-1.206443e-09
-1.687640e-09
-2.080618e-09
-2.288803e-09
-2.306433e-09
-2.052140e-09
-1.541342e-09
-9.149672e-10
-7.578758e-10
-2.232105e-09
-6.772338e-09
-1.431591e-08
-2.101568e-08
-2.347534e-08
-2.231472e-08
-1.891262e-08
-1.412793e-08
-8.919155e-09
-4.162720e-09
-2.191511e-10
2.929416e-09
5.441719e-09
7.452097e-09
9.064633e-09
1.034495e-08
1.134517e-08
1.212400e-08
1.273505e-08
1.320985e-08
1.356188e-08
1.380311e-08
1.395465e-08
1.404587e-08
1.410503e-08
1.414796e-08
1.417610e-08
1.418594e-08
1.417948e-08
1.416574e-08
1.415417e-08
1.414879e-08
1.414825e-08
1.365044e-08
1.364717e-08
1.363372e-08
1.361106e-08
1.357962e-08
1.353680e-08
1.347600e-08
1.338918e-08
1.327132e-08
1.312144e-08
1.293655e-08
1.270303e-08
1.239480e-08
1.198194e-08
1.144123e-08
1.075738e-08
9.911236e-09
8.866556e-09
7.575199e-09
5.993412e-09
4.079307e-09
1.773851e-09
-1.016379e-09
-4.419520e-09
-8.587553e-09
-1.359087e-08
-1.937120e-08
-2.559933e-08
-3.145143e-08
-3.576864e-08
-3.628474e-08
-3.075455e-08
-2.054118e-08
-1.087784e-08
-5.052423e-09
-2.784832e-09
-2.383337e-09
-2.576359e-09
-2.760274e-09
-2.726280e-09
-2.535972e-09
-2.173150e-09
-1.716200e-09
-1.177534e-09
-6.358291e-10
-1.152744e-10
3.479614e-10
7.315544e-10
1.027969e-09
1.189038e-09
1.241361e-09
1.188903e-09
1.027740e-09
7.312497e-10
3.476383e-10
-1.153371e-10
-6.354743e-10
-1.177043e-09
-1.715495e-09
-2.172182e-09
-2.535146e-09
-2.723414e-09
-2.757306e-09
-2.576133e-09
-2.392507e-09
-2.790298e-09
-5.064110e-09
-1.089648e-08
-2.053799e-08
-3.072946e-08
-3.625987e-08
-3.576713e-08
-3.147942e-08
-2.560828e-08
-1.943079e-08
-1.366480e-08
-8.633563e-09
-4.440106e-09
-1.021251e-09
1.778937e-09
4.087458e-09
5.997125e-09
7.569143e-09
8.851883e-09
9.895384e-09
1.074838e-08
1.144263e-08
1.199185e-08
1.240761e-08
1.271272e-08
1.293996e-08
1.311975e-08
1.326841e-08
1.338802e-08
1.347645e-08
1.353657e-08
1.357683e-08
1.360593e-08
1.362821e-08
1.364365e-08
1.306723e-08
1.305937e-08
1.303078e-08
1.298163e-08
1.291145e-08
1.281728e-08
1.269298e-08
1.253119e-08
1.232652e-08
1.207661e-08
1.177751e-08
1.141559e-08
1.096453e-08
1.039301e-08
9.676636e-09
8.800494e-09
7.746463e-09
6.479064e-09
4.953207e-09
3.132477e-09
9.820903e-10
-1.551314e-09
-4.545607e-09
-8.105768e-09
-1.234098e-08
-1.730322e-08
-2.303468e-08
-2.960982e-08
-3.661869e-08
-4.293386e-08
-4.722509e-08
-4.675675e-08
-3.955890e-08
-2.742973e-08
-1.581477e-08
-8.433933e-09
-5.040125e-09
-3.856894e-09
-3.543572e-09
-3.355840e-09
-3.142721e-09
-2.815620e-09
-2.403574e-09
-1.898349e-09
-1.377512e-09
-8.780266e-10
-4.316554e-10
-6.103527e-11
2.366637e-10
3.882142e-10
4.362204e-10
3.880217e-10
2.363759e-10
-6.130783e-11
-4.317266e-10
-8.778501e-10
-1.377101e-09
-1.898142e-09
-2.402694e-09
-2.814008e-09
-3.140215e-09
-3.351864e-09
-3.545296e-09
-3.862426e-09
-5.051797e-09
-8.446014e-09
-1.584169e-08
-2.742643e-08
-3.951117e-08
-4.674083e-08
-4.715492e-08
-4.292552e-08
-3.663985e-08
-2.963761e-08
-2.308847e-08
-1.734127e-08
-1.236360e-08
-8.119165e-09
-4.554264e-09
-1.554527e-09
9.802596e-10
3.124847e-09
4.936485e-09
6.458319e-09
7.730772e-09
8.796068e-09
9.683988e-09
1.040780e-08
1.098005e-08
1.142623e-08
1.178146e-08
1.207615e-08
1.232557e-08
1.253210e-08
1.269506e-08
1.281802e-08
1.290892e-08
1.297599e-08
1.302429e-08
1.305505e-08
1.241208e-08
1.240005e-08
1.235767e-08
1.228473e-08
1.218019e-08
1.204046e-08
1.185913e-08
1.162883e-08
1.134369e-08
1.100045e-08
1.059509e-08
1.011549e-08
9.536899e-09
8.827495e-09
7.960599e-09
6.920173e-09
5.690371e-09
4.240606e-09
2.530539e-09
5.272202e-10
-1.800958e-09
-4.501326e-09
-7.634621e-09
-1.127424e-08
-1.548898e-08
-2.029631e-08
-2.572916e-08
-3.193396e-08
-3.879542e-08
-4.562202e-08
-5.191632e-08
-5.617565e-08
-5.560689e-08
-4.762272e-08
-3.443880e-08
-2.149160e-08
-1.238901e-08
-7.508480e-09
-5.386924e-09
-4.446683e-09
-3.928008e-09
-3.556432e-09
-3.191539e-09
-2.750499e-09
-2.287968e-09
-1.846115e-09
-1.445957e-09
-1.110447e-09
-8.245188e-10
-6.918072e-10
-6.512642e-10
-6.919714e-10
-8.247614e-10
-1.110637e-09
-1.445947e-09
-1.845587e-09
-2.287059e-09
-2.749461e-09
-3.190003e-09
-3.554282e-09
-3.922758e-09
-4.441402e-09
-5.394558e-09
-7.527518e-09
-1.240220e-08
-2.148746e-08
-3.441350e-08
-4.755692e-08
-5.558342e-08
-5.623526e-08
-5.190727e-08
-4.557603e-08
-3.877642e-08
-3.192539e-08
-2.572654e-08
-2.029780e-08
-1.549356e-08
-1.128462e-08
-7.649247e-09
-4.514825e-09
-1.814517e-09
5.091421e-10
2.508362e-09
4.221311e-09
5.681225e-09
6.923679e-09
7.974268e-09
8.845606e-09
9.552959e-09
1.012521e-08
1.059818e-08
1.099986e-08
1.134308e-08
1.163002e-08
1.186126e-08
1.204104e-08
1.217715e-08
1.227807e-08
1.234984e-08
1.239476e-08
1.169955e-08
1.168391e-08
1.162939e-08
1.153576e-08
1.140177e-08
1.122320e-08
1.099280e-08
1.070225e-08
1.034475e-08
9.916335e-09
9.413789e-09
8.828075e-09
8.138208e-09
7.313632e-09
6.325140e-09
5.153335e-09
3.783525e-09
2.192695e-09
3.492852e-10
-1.775834e-09
-4.214579e-09
-7.011973e-09
-1.021391e-08
-1.386091e-08
-1.798283e-08
-2.256202e-08
-2.757395e-08
-3.312251e-08
-3.922795e-08
-4.566225e-08
-5.209080e-08
-5.769934e-08
-6.120741e-08
-6.009516e-08
-5.232535e-08
-3.977569e-08
-2.671588e-08
-1.648873e-08
-1.022608e-08
-6.972484e-09
-5.274525e-09
-4.358467e-09
-3.837534e-09
-3.426874e-09
-3.051698e-09
-2.726334e-09
-2.430776e-09
-2.174391e-09
-1.926029e-09
-1.829023e-09
-1.800297e-09
-1.828917e-09
-1.925802e-09
-2.174010e-09
-2.430324e-09
-2.726248e-09
-3.052646e-09
-3.427029e-09
-3.836636e-09
-4.354889e-09
-5.267716e-09
-6.970946e-09
-1.023708e-08
-1.651605e-08
-2.673130e-08
-3.980362e-08
-5.237124e-08
-6.015532e-08
-6.127411e-08
-5.774522e-08
-5.216728e-08
-4.570243e-08
-3.925817e-08
-3.315603e-08
-2.760135e-08
-2.257889e-08
-1.799725e-08
-1.387673e-08
-1.023116e-08
-7.028436e-09
-4.231106e-09
-1.793528e-09
3.332162e-10
2.183974e-09
3.785801e-09
5.165845e-09
6.343836e-09
7.332841e-09
8.152726e-09
8.835432e-09
9.415037e-09
9.914701e-09
1.034343e-08
1.070268e-08
1.099412e-08
1.122303e-08
1.139784e-08
1.152781e-08
1.162005e-08
1.167756e-08
1.094595e-08
1.092721e-08
1.086213e-08
1.075049e-08
1.059116e-08
1.037977e-08
1.010824e-08
9.766751e-09
9.346698e-09
8.842999e-09
8.253444e-09
7.573145e-09
6.787032e-09
5.868504e-09
4.787348e-09
3.519516e-09
2.048325e-09
3.571258e-10
-1.573489e-09
-3.762916e-09
-6.239290e-09
-9.047762e-09
-1.223001e-08
-1.580574e-08
-1.977293e-08
-2.408639e-08
-2.868147e-08
-3.357871e-08
-3.879005e-08
-4.424895e-08
-4.975278e-08
-5.472765e-08
-5.858900e-08
-6.059978e-08
-5.899756e-08
-5.238235e-08
-4.152072e-08
-2.945662e-08
-1.909262e-08
-1.201261e-08
-7.670337e-09
-5.148366e-09
-3.778746e-09
-3.101201e-09
-2.739592e-09
-2.507901e-09
-2.357251e-09
-2.232484e-09
-2.081806e-09
-2.038699e-09
-2.025927e-09
-2.037878e-09
-2.080417e-09
-2.230966e-09
-2.356466e-09
-2.508898e-09
-2.743335e-09
-3.105073e-09
-3.777711e-09
-5.140077e-09
-7.662946e-09
-1.201652e-08
-1.908188e-08
-2.943306e-08
-4.150257e-08
-5.247600e-08
-5.912241e-08
-6.072290e-08
-5.871752e-08
-5.480897e-08
-4.981917e-08
-4.427586e-08
-3.880916e-08
-3.359239e-08
-2.869153e-08
-2.409298e-08
-1.977498e-08
-1.580733e-08
-1.223527e-08
-9.056609e-09
-6.249565e-09
-3.771741e-09
-1.577364e-09
3.612746e-10
2.060879e-09
3.537826e-09
4.807079e-09
5.884974e-09
6.796958e-09
7.576079e-09
8.251544e-09
8.839395e-09
9.343922e-09
9.765809e-09
1.010827e-08
1.037840e-08
1.058593e-08
1.074100e-08
1.085124e-08
1.091984e-08
1.016994e-08
1.014832e-08
1.007380e-08
9.945772e-09
9.763376e-09
9.522942e-09
9.216570e-09
8.833234e-09
8.361918e-09
7.795335e-09
7.131336e-09
6.368991e-09
5.500414e-09
4.505854e-09
3.357397e-09
2.027571e-09
4.948387e-10
-1.256447e-09
-3.236001e-09
-5.448667e-09
-7.907957e-09
-1.065013e-08
-1.371707e-08
-1.712707e-08
-2.086704e-08
-2.488384e-08
-2.908733e-08
-3.340729e-08
-3.782103e-08
-4.227766e-08
-4.662440e-08
-5.053172e-08
-5.356312e-08
-5.540002e-08
-5.571917e-08
-5.336747e-08
-4.692194e-08
-3.731064e-08
-2.642565e-08
-1.659041e-08
-9.185096e-09
-4.318057e-09
-1.285474e-09
2.575207e-10
9.263250e-10
1.219924e-09
1.296393e-09
1.256175e-09
1.183162e-09
1.194280e-09
1.219582e-09
1.196451e-09
1.186834e-09
1.259947e-09
1.297836e-09
1.218570e-09
9.252416e-10
2.502492e-10
-1.297101e-09
-4.319202e-09
-9.188901e-09
-1.659846e-08
-2.640115e-08
-3.725003e-08
-4.687336e-08
-5.344147e-08
-5.582297e-08
-5.548593e-08
-5.365773e-08
-5.055894e-08
-4.661120e-08
-4.224722e-08
-3.779118e-08
-3.338685e-08
-2.907126e-08
-2.486630e-08
-2.084721e-08
-1.711090e-08
-1.370954e-08
-1.064967e-08
-7.908737e-09
-5.445720e-09
-3.226917e-09
-1.241083e-09
5.143797e-10
2.047654e-09
3.374105e-09
4.516182e-09
5.503555e-09
6.366632e-09
7.126418e-09
7.790435e-09
8.358548e-09
8.831711e-09
9.215824e-09
9.520588e-09
9.757000e-09
9.935096e-09
1.006191e-08
1.014040e-08
9.388714e-09
9.364255e-09
9.281045e-09
9.137446e-09
8.932505e-09
8.664101e-09
8.326252e-09
7.908264e-09
7.397083e-09
6.782167e-09
6.059489e-09
5.230243e-09
4.293288e-09
3.237607e-09
2.041555e-09
6.782562e-10
-8.782261e-10
-2.648004e-09
-4.639619e-09
-6.847492e-09
-9.264463e-09
-1.190294e-08
-1.479324e-08
-1.795818e-08
-2.139261e-08
-2.505239e-08
-2.885104e-08
-3.268119e-08
-3.644585e-08
-4.006382e-08
-4.340631e-08
-4.631962e-08
-4.853472e-08
-4.963948e-08
-4.947746e-08
-4.765789e-08
-4.345205e-08
-3.650039e-08
-2.720422e-08
-1.680065e-08
-7.176390e-09
6.228525e-10
6.500934e-09
1.034882e-08
1.256660e-08
1.369360e-08
1.414276e-08
1.406813e-08
1.369313e-08
1.368793e-08
1.375609e-08
1.369095e-08
1.369855e-08
1.407374e-08
1.414473e-08
1.369041e-08
1.256371e-08
1.035130e-08
6.495260e-09
6.033936e-10
-7.202554e-09
-1.681661e-08
-2.719666e-08
-3.644454e-08
-4.336456e-08
-4.760981e-08
-4.949864e-08
-4.966127e-08
-4.850012e-08
-4.625450e-08
-4.334899e-08
-4.000524e-08
-3.638727e-08
-3.262838e-08
-2.880790e-08
-2.501625e-08
-2.136246e-08
-1.793772e-08
-1.478402e-08
-1.189965e-08
-9.259123e-09
-6.835546e-09
-4.621144e-09
-2.625988e-09
-8.569274e-10
6.947002e-10
2.050351e-09
3.238243e-09
4.287893e-09
5.222445e-09
6.052394e-09
6.777178e-09
7.394251e-09
7.906938e-09
8.325054e-09
8.660842e-09
8.925252e-09
9.126364e-09
9.269284e-09
9.356599e-09
8.616509e-09
8.589157e-09
8.498199e-09
8.339987e-09
8.112581e-09
7.815599e-09
7.446707e-09
6.998045e-09
6.456365e-09
5.807907e-09
5.044811e-09
4.167370e-09
3.178772e-09
2.076556e-09
8.481143e-10
-5.278329e-10
-2.077206e-09
-3.825215e-09
-5.787271e-09
-7.959261e-09
-1.032049e-08
-1.285373e-08
-1.556022e-08
-1.845345e-08
-2.153939e-08
-2.479392e-08
-2.814574e-08
-3.148104e-08
-3.466948e-08
-3.760238e-08
-4.016332e-08
-4.222353e-08
-4.359502e-08
-4.395028e-08
-4.306526e-08
-4.070155e-08
-3.673534e-08
-3.087302e-08
-2.308140e-08
-1.367669e-08
-3.564362e-09
6.338864e-09
1.532337e-08
2.279997e-08
2.847904e-08
3.261004e-08
3.539641e-08
3.697159e-08
3.765794e-08
3.823369e-08
3.849770e-08
3.823378e-08
3.765968e-08
3.697429e-08
3.539849e-08
3.260615e-08
2.846832e-08
2.281403e-08
1.534619e-08
6.324484e-09
-3.601245e-09
-1.371506e-08
-2.310369e-08
-3.083330e-08
-3.663697e-08
-4.057940e-08
-4.294188e-08
-4.384046e-08
-4.350576e-08
-4.215602e-08
-4.011185e-08
-3.755619e-08
-3.462593e-08
-3.144721e-08
-2.812306e-08
-2.477719e-08
-2.152630e-08
-1.844531e-08
-1.555600e-08
-1.284784e-08
-1.030733e-08
-7.937792e-09
-5.761182e-09
-3.800328e-09
-2.058952e-09
-5.196176e-10
8.458473e-10
2.066554e-09
3.165975e-09
4.156505e-09
5.038183e-09
5.805114e-09
6.455742e-09
6.997930e-09
7.445571e-09
7.811872e-09
8.105326e-09
8.330022e-09
8.488333e-09
8.582986e-09
7.861132e-09
7.831101e-09
7.734118e-09
7.563664e-09
7.315460e-09
6.990014e-09
6.589354e-09
6.110916e-09
5.544296e-09
4.874335e-09
4.088684e-09
3.183755e-09
2.163376e-09
1.031285e-09
-2.157681e-10
-1.590097e-09
-3.111904e-09
-4.806425e-09
-6.696528e-09
-8.789359e-09
-1.106674e-08
-1.349291e-08
-1.603476e-08
-1.867698e-08
-2.141992e-08
-2.425644e-08
-2.713868e-08
-2.996312e-08
-3.259171e-08
-3.489497e-08
-3.676001e-08
-3.807595e-08
-3.869721e-08
-3.840606e-08
-3.701534e-08
-3.431604e-08
-3.028996e-08
-2.485457e-08
-1.793045e-08
-9.604741e-09
-1.409209e-10
9.921018e-09
1.999256e-08
2.965210e-08
3.807567e-08
4.514427e-08
5.076665e-08
5.491509e-08
5.768660e-08
5.939571e-08
5.999407e-08
5.939288e-08
5.768397e-08
5.491565e-08
5.077114e-08
4.514899e-08
3.807700e-08
2.964207e-08
1.997698e-08
9.904467e-09
-1.669097e-10
-9.641157e-09
-1.796269e-08
-2.486157e-08
-3.025424e-08
-3.424503e-08
-3.693077e-08
-3.832732e-08
-3.863697e-08
-3.804271e-08
-3.674667e-08
-3.488735e-08
-3.258769e-08
-2.996704e-08
-2.714774e-08
-2.426392e-08
-2.142317e-08
-1.867651e-08
-1.602975e-08
-1.348061e-08
-1.104568e-08
-8.762199e-09
-6.669531e-09
-4.786447e-09
-3.103636e-09
-1.594688e-09
-2.305315e-10
1.012066e-09
2.146237e-09
3.173076e-09
4.085008e-09
4.875189e-09
5.546457e-09
6.112025e-09
6.588137e-09
6.986009e-09
7.309111e-09
7.556408e-09
7.727902e-09
7.827566e-09
7.125331e-09
7.093192e-09
6.992783e-09
6.814374e-09
6.550105e-09
6.199582e-09
5.768248e-09
5.259997e-09
4.670384e-09
3.986195e-09
3.192034e-09
2.278929e-09
1.247747e-09
1.048147e-10
-1.145736e-09
-2.506886e-09
-3.989807e-09
-5.613316e-09
-7.400873e-09
-9.370373e-09
-1.151804e-08
-1.381011e-08
-1.619316e-08
-1.861836e-08
-2.106063e-08
-2.351202e-08
-2.594652e-08
-2.828527e-08
-3.039966e-08
-3.215508e-08
-3.344073e-08
-3.415816e-08
-3.419285e-08
-3.340778e-08
-3.168214e-08
-2.888471e-08
-2.496342e-08
-1.984151e-08
-1.346069e-08
-5.895907e-09
2.664656e-09
1.187081e-08
2.134590e-08
3.074137e-08
3.953091e-08
4.741415e-08
5.421072e-08
5.966902e-08
6.356696e-08
6.595119e-08
6.676449e-08
6.594831e-08
6.356237e-08
5.966529e-08
5.421103e-08
4.742036e-08
3.953764e-08
3.073991e-08
2.133587e-08
1.185693e-08
2.656524e-09
-5.896082e-09
-1.345562e-08
-1.983239e-08
-2.495018e-08
-2.885400e-08
-3.163178e-08
-3.335512e-08
-3.415394e-08
-3.413585e-08
-3.343211e-08
-3.215789e-08
-3.041274e-08
-2.830547e-08
-2.596536e-08
-2.352232e-08
-2.106129e-08
-1.861108e-08
-1.617908e-08
-1.378964e-08
-1.149283e-08
-9.344869e-09
-7.381455e-09
-5.605362e-09
-3.995397e-09
-2.524142e-09
-1.169352e-09
8.195755e-11
1.231874e-09
2.272710e-09
3.193843e-09
3.991801e-09
4.675582e-09
5.262288e-09
5.767091e-09
6.195963e-09
6.545908e-09
6.811380e-09
6.991607e-09
7.093101e-09
6.407596e-09
6.374250e-09
6.273440e-09
6.092754e-09
5.820280e-09
5.452695e-09
4.996358e-09
4.460648e-09
3.848801e-09
3.153209e-09
2.358737e-09
1.451829e-09
4.282376e-10
-7.066699e-10
-1.944414e-09
-3.280463e-09
-4.717225e-09
-6.264104e-09
-7.937315e-09
-9.756246e-09
-1.173054e-08
-1.384283e-08
-1.604266e-08
-1.826253e-08
-2.044699e-08
-2.256763e-08
-2.460355e-08
-2.650215e-08
-2.816189e-08
-2.946046e-08
-3.029165e-08
-3.056779e-08
-3.019942e-08
-2.908289e-08
-2.712380e-08
-2.424065e-08
-2.039356e-08
-1.553803e-08
-9.649471e-09
-2.829171e-09
4.757079e-09
1.285680e-08
2.119093e-08
2.949233e-08
3.746492e-08
4.482142e-08
5.128933e-08
5.659737e-08
6.050351e-08
6.290400e-08
6.371659e-08
6.290343e-08
6.050063e-08
5.659418e-08
5.128978e-08
4.482649e-08
3.747150e-08
2.949484e-08
2.117815e-08
1.283437e-08
4.738864e-09
-2.840214e-09
-9.651940e-09
-1.553131e-08
-2.038443e-08
-2.422420e-08
-2.709514e-08
-2.904702e-08
-3.016794e-08
-3.054721e-08
-3.028295e-08
-2.946205e-08
-2.816968e-08
-2.651040e-08
-2.460631e-08
-2.256256e-08
-2.043594e-08
-1.824806e-08
-1.602641e-08
-1.382587e-08
-1.171466e-08
-9.744993e-09
-7.934875e-09
-6.272851e-09
-4.736290e-09
-3.305899e-09
-1.970239e-09
-7.265989e-10
4.184532e-10
1.452559e-09
2.366553e-09
3.162930e-09
3.856059e-09
4.463423e-09
4.995203e-09
5.450045e-09
5.819107e-09
6.094730e-09
6.277624e-09
6.377656e-09
5.706704e-09
5.673063e-09
5.574393e-09
5.397018e-09
5.125710e-09
4.752889e-09
4.282667e-09
3.726891e-09
3.095839e-09
2.389935e-09
1.598353e-09
7.059165e-10
-2.967169e-10
-1.407669e-09
-2.617199e-09
-3.915719e-09
-5.299040e-09
-6.768459e-09
-8.330087e-09
-9.995446e-09
-1.177686e-08
-1.367279e-08
-1.565159e-08
-1.765096e-08
-1.959976e-08
-2.144425e-08
-2.315075e-08
-2.467906e-08
-2.595529e-08
-2.687904e-08
-2.735554e-08
-2.730730e-08
-2.665952e-08
-2.533193e-08
-2.324850e-08
-2.034648e-08
-1.660515e-08
-1.202795e-08
-6.623567e-09
-4.700682e-10
6.267993e-09
1.338687e-08
2.066672e-08
2.788941e-08
3.484775e-08
4.130152e-08
4.699579e-08
5.169402e-08
5.517975e-08
5.732434e-08
5.805427e-08
5.732754e-08
5.518159e-08
5.169200e-08
4.699372e-08
4.130645e-08
3.485825e-08
2.789640e-08
2.066140e-08
1.337050e-08
6.250690e-09
-4.780429e-10
-6.622522e-09
-1.202282e-08
-1.659828e-08
-2.033231e-08
-2.322595e-08
-2.530771e-08
-2.663989e-08
-2.729402e-08
-2.734854e-08
-2.687558e-08
-2.595134e-08
-2.467254e-08
-2.314128e-08
-2.143333e-08
-1.958989e-08
-1.764372e-08
-1.564741e-08
-1.367172e-08
-1.177949e-08
-1.000335e-08
-8.344673e-09
-6.789314e-09
-5.323579e-09
-3.939924e-09
-2.636554e-09
-1.418314e-09
-2.969647e-10
7.145254e-10
1.611528e-09
2.402572e-09
3.104230e-09
3.730012e-09
4.282227e-09
4.752339e-09
5.128398e-09
5.404005e-09
5.583318e-09
5.679349e-09
5.023268e-09
4.990037e-09
4.894914e-09
4.724866e-09
4.463235e-09
4.098204e-09
3.629059e-09
3.066079e-09
2.423590e-09
1.710175e-09
9.225974e-10
4.828746e-11
-9.249787e-10
-1.999830e-09
-3.168071e-09
-4.417535e-09
-5.739446e-09
-7.129741e-09
-8.586687e-09
-1.011106e-08
-1.170761e-08
-1.337945e-08
-1.511328e-08
-1.686712e-08
-1.857591e-08
-2.017330e-08
-2.160796e-08
-2.283655e-08
-2.380194e-08
-2.442598e-08
-2.462776e-08
-2.433944e-08
-2.349987e-08
-2.204461e-08
-1.991008e-08
-1.704741e-08
-1.344823e-08
-9.148038e-09
-4.202621e-09
1.311912e-09
7.271995e-09
1.352367e-08
1.990086e-08
2.621270e-08
3.226718e-08
3.786537e-08
4.279395e-08
4.685791e-08
4.988271e-08
5.174851e-08
5.238330e-08
5.175285e-08
4.988702e-08
4.685814e-08
4.279127e-08
3.786425e-08
3.226715e-08
2.621182e-08
1.989767e-08
1.351409e-08
7.253921e-09
1.286327e-09
-4.233101e-09
-9.177003e-09
-1.347087e-08
-1.706227e-08
-1.992124e-08
-2.205712e-08
-2.351610e-08
-2.435741e-08
-2.464321e-08
-2.443585e-08
-2.380681e-08
-2.284000e-08
-2.161313e-08
-2.018216e-08
-1.858924e-08
-1.688435e-08
-1.513322e-08
-1.340105e-08
-1.173036e-08
-1.013495e-08
-8.611227e-09
-7.153291e-09
-5.759711e-09
-4.432330e-09
-3.175607e-09
-1.999030e-09
-9.162528e-10
6.246220e-11
9.381802e-10
1.723128e-09
2.431568e-09
3.069303e-09
3.630078e-09
4.100675e-09
4.469987e-09
4.735972e-09
4.907042e-09
4.998027e-09
4.362256e-09
4.329750e-09
4.238222e-09
4.077067e-09
3.830615e-09
3.484296e-09
3.031589e-09
2.477659e-09
1.836545e-09
1.122608e-09
3.414890e-10
-5.126901e-10
-1.451208e-09
-2.480454e-09
-3.596133e-09
-4.786447e-09
-6.039766e-09
-7.348327e-09
-8.705857e-09
-1.010526e-08
-1.154074e-08
-1.300948e-08
-1.450528e-08
-1.600562e-08
-1.746463e-08
-1.882144e-08
-2.001623e-08
-2.099730e-08
-2.171217e-08
-2.209746e-08
-2.208479e-08
-2.161390e-08
-2.063422e-08
-1.909994e-08
-1.696816e-08
-1.420611e-08
-1.081209e-08
-6.829838e-09
-2.332471e-09
2.599310e-09
7.868931e-09
1.335886e-08
1.893931e-08
2.446231e-08
2.975710e-08
3.463620e-08
3.891092e-08
4.241245e-08
4.501107e-08
4.661287e-08
4.715460e-08
4.661460e-08
4.501229e-08
4.241016e-08
3.890523e-08
3.463232e-08
2.976029e-08
2.447383e-08
1.895523e-08
1.337297e-08
7.876009e-09
2.597934e-09
-2.341386e-09
-6.844052e-09
-1.082928e-08
-1.422585e-08
-1.699226e-08
-1.912848e-08
-2.066428e-08
-2.164088e-08
-2.210616e-08
-2.211481e-08
-2.173025e-08
-2.102047e-08
-2.004567e-08
-1.885599e-08
-1.750214e-08
-1.604367e-08
-1.454193e-08
-1.304342e-08
-1.157118e-08
-1.013155e-08
-8.726921e-09
-7.362885e-09
-6.047146e-09
-4.786912e-09
-3.590438e-09
-2.469557e-09
-1.436588e-09
-4.966827e-10
3.560826e-10
1.133590e-09
1.843338e-09
2.481606e-09
3.035406e-09
3.490867e-09
3.841462e-09
4.091135e-09
4.251844e-09
4.338207e-09
3.731268e-09
3.699538e-09
3.610776e-09
3.457839e-09
3.228182e-09
2.906923e-09
2.482792e-09
1.954115e-09
1.330511e-09
6.279392e-10
-1.404808e-10
-9.715182e-10
-1.871221e-09
-2.847130e-09
-3.899942e-09
-5.021602e-09
-6.200193e-09
-7.425073e-09
-8.686788e-09
-9.973966e-09
-1.127317e-08
-1.257241e-08
-1.386207e-08
-1.512837e-08
-1.634347e-08
-1.746239e-08
-1.843022e-08
-1.919201e-08
-1.969504e-08
-1.988422e-08
-1.970253e-08
-1.909867e-08
-1.803149e-08
-1.646927e-08
-1.438799e-08
-1.177278e-08
-8.627779e-09
-4.988935e-09
-9.223575e-10
3.492771e-09
8.174183e-09
1.303103e-08
1.795416e-08
2.280998e-08
2.744220e-08
3.168206e-08
3.536902e-08
3.837211e-08
4.059159e-08
4.195451e-08
4.241318e-08
4.195198e-08
4.058641e-08
3.836412e-08
3.535911e-08
3.167316e-08
2.743794e-08
2.281302e-08
1.796461e-08
1.304682e-08
8.191503e-09
3.507676e-09
-9.122613e-10
-4.984466e-09
-8.630018e-09
-1.178344e-08
-1.440750e-08
-1.649510e-08
-1.805938e-08
-1.912531e-08
-1.972841e-08
-1.991345e-08
-1.973194e-08
-1.923762e-08
-1.848182e-08
-1.751586e-08
-1.639501e-08
-1.517514e-08
-1.390234e-08
-1.260528e-08
-1.129825e-08
-9.990930e-09
-8.695274e-09
-7.425213e-09
-6.193230e-09
-5.009693e-09
-3.885346e-09
-2.831718e-09
-1.856539e-09
-9.589139e-10
-1.308476e-10
6.346345e-10
1.335430e-09
1.959229e-09
2.490163e-09
2.917847e-09
3.242441e-09
3.473398e-09
3.624249e-09
3.707395e-09
3.139976e-09
3.108960e-09
3.021969e-09
2.875275e-09
2.660592e-09
2.365315e-09
1.976195e-09
1.485515e-09
8.960360e-10
2.206601e-10
-5.239720e-10
-1.326070e-09
-2.183407e-09
-3.100781e-09
-4.082605e-09
-5.126880e-09
-6.224926e-09
-7.365062e-09
-8.534869e-09
-9.720008e-09
-1.090289e-08
-1.206460e-08
-1.318841e-08
-1.425962e-08
-1.525969e-08
-1.615931e-08
-1.691691e-08
-1.748376e-08
-1.780961e-08
-1.784442e-08
-1.753944e-08
-1.685163e-08
-1.574762e-08
-1.420528e-08
-1.221307e-08
-9.768486e-09
-6.880075e-09
-3.574581e-09
9.901990e-11
4.073100e-09
8.268212e-09
1.259574e-08
1.695517e-08
2.122734e-08
2.527384e-08
2.895047e-08
3.212581e-08
3.469614e-08
3.658586e-08
3.774154e-08
3.812799e-08
3.773396e-08
3.657321e-08
3.468212e-08
3.211356e-08
2.894199e-08
2.527004e-08
2.122858e-08
1.696160e-08
1.260761e-08
8.285444e-09
4.094593e-09
1.219615e-10
-3.554337e-09
-6.866463e-09
-9.763474e-09
-1.221587e-08
-1.421323e-08
-1.575861e-08
-1.686626e-08
-1.756120e-08
-1.787698e-08
-1.785363e-08
-1.753587e-08
-1.697156e-08
-1.621130e-08
-1.530526e-08
-1.429643e-08
-1.321539e-08
-1.208169e-08
-1.091068e-08
-9.719346e-09
-8.526765e-09
-7.351048e-09
-6.207305e-09
-5.108355e-09
-4.065614e-09
-3.087067e-09
-2.173861e-09
-1.320593e-09
-5.213642e-10
2.225125e-10
8.995511e-10
1.492599e-09
1.987597e-09
2.380374e-09
2.677393e-09
2.891161e-09
3.034269e-09
3.115638e-09
2.596940e-09
2.566757e-09
2.481201e-09
2.338875e-09
2.135566e-09
1.862825e-09
1.508964e-09
1.063300e-09
5.219019e-10
-1.089179e-10
-8.144101e-10
-1.578131e-09
-2.389489e-09
-3.246969e-09
-4.154861e-09
-5.116347e-09
-6.128407e-09
-7.181444e-09
-8.261572e-09
-9.351955e-09
-1.043255e-08
-1.148064e-08
-1.247362e-08
-1.339181e-08
-1.421761e-08
-1.493069e-08
-1.550299e-08
-1.589785e-08
-1.607326e-08
-1.598552e-08
-1.559257e-08
-1.485784e-08
-1.375350e-08
-1.226197e-08
-1.037642e-08
-8.099974e-09
-5.445175e-09
-2.436502e-09
8.856961e-10
4.463369e-09
8.222908e-09
1.207835e-08
1.593332e-08
1.968107e-08
2.320614e-08
2.639201e-08
2.913237e-08
3.134184e-08
3.295838e-08
3.394091e-08
3.426597e-08
3.392802e-08
3.293805e-08
3.132195e-08
2.911889e-08
2.638644e-08
2.320603e-08
1.968284e-08
1.593497e-08
1.208026e-08
8.226536e-09
4.469471e-09
8.935920e-10
-2.428550e-09
-5.439036e-09
-8.096773e-09
-1.037643e-08
-1.226545e-08
-1.376192e-08
-1.487405e-08
-1.561936e-08
-1.602338e-08
-1.611922e-08
-1.594656e-08
-1.554893e-08
-1.496969e-08
-1.424691e-08
-1.340991e-08
-1.248036e-08
-1.147724e-08
-1.042122e-08
-9.335191e-09
-8.241690e-09
-7.160592e-09
-6.108682e-09
-5.099719e-09
-4.142970e-09
-3.240823e-09
-2.389037e-09
-1.581864e-09
-8.194190e-10
-1.116618e-10
5.243593e-10
1.072224e-09
1.523567e-09
1.880667e-09
2.153472e-09
2.353990e-09
2.491729e-09
2.572044e-09
2.109139e-09
2.080165e-09
1.996745e-09
1.858144e-09
1.662870e-09
1.407196e-09
1.084018e-09
6.838899e-10
1.989100e-10
-3.722414e-10
-1.021594e-09
-1.734176e-09
-2.494650e-09
-3.294089e-09
-4.132020e-09
-5.012317e-09
-5.936414e-09
-6.898906e-09
-7.887431e-09
-8.884670e-09
-9.869655e-09
-1.081825e-08
-1.170461e-08
-1.250419e-08
-1.319600e-08
-1.376158e-08
-1.418102e-08
-1.442926e-08
-1.447549e-08
-1.428517e-08
-1.382346e-08
-1.305920e-08
-1.196838e-08
-1.053612e-08
-8.757743e-09
-6.639187e-09
-4.196747e-09
-1.457343e-09
1.540124e-09
4.742870e-09
8.084143e-09
1.148620e-08
1.486462e-08
1.813075e-08
2.119203e-08
2.395457e-08
2.632940e-08
2.824129e-08
2.963511e-08
3.047751e-08
3.075335e-08
3.046116e-08
2.960944e-08
2.821652e-08
2.631365e-08
2.395054e-08
2.119718e-08
1.814012e-08
1.487394e-08
1.149346e-08
8.089420e-09
4.747114e-09
1.544191e-09
-1.452960e-09
-4.191756e-09
-6.633573e-09
-8.752287e-09
-1.053286e-08
-1.197043e-08
-1.306948e-08
-1.384300e-08
-1.431207e-08
-1.450552e-08
-1.445770e-08
-1.420396e-08
-1.377621e-08
-1.320042e-08
-1.249763e-08
-1.168805e-08
-1.079449e-08
-9.842536e-09
-8.857866e-09
-7.863599e-09
-6.879548e-09
-5.922237e-09
-5.003727e-09
-4.129404e-09
-3.297570e-09
-2.503385e-09
-1.745757e-09
-1.032221e-09
-3.778554e-10
2.010859e-10
6.942593e-10
1.100529e-09
1.426224e-09
1.680606e-09
1.871877e-09
2.005468e-09
2.084216e-09
1.680331e-09
1.653199e-09
1.573593e-09
1.439868e-09
1.251341e-09
1.008114e-09
7.090243e-10
3.494732e-10
-7.825867e-11
-5.811911e-10
-1.160353e-09
-1.808027e-09
-2.510256e-09
-3.253334e-09
-4.029526e-09
-4.837681e-09
-5.678715e-09
-6.550000e-09
-7.442618e-09
-8.341910e-09
-9.228905e-09
-1.008089e-08
-1.087192e-08
-1.157481e-08
-1.216442e-08
-1.261962e-08
-1.292221e-08
-1.305376e-08
-1.299295e-08
-1.271527e-08
-1.219484e-08
-1.140767e-08
-1.033489e-08
-8.964929e-09
-7.295077e-09
-5.332821e-09
-3.096586e-09
-6.156066e-10
2.070809e-09
4.913794e-09
7.855387e-09
1.083009e-08
1.376783e-08
1.659664e-08
1.924303e-08
2.163180e-08
2.368859e-08
2.534702e-08
2.655672e-08
2.728739e-08
2.752639e-08
2.727278e-08
2.653314e-08
2.532282e-08
2.367094e-08
2.162411e-08
1.924474e-08
1.660490e-08
1.377949e-08
1.084273e-08
7.867529e-09
4.924858e-09
2.081043e-09
-6.054269e-10
-3.085823e-09
-5.321716e-09
-7.285103e-09
-8.958417e-09
-1.033401e-08
-1.141319e-08
-1.220548e-08
-1.272810e-08
-1.300458e-08
-1.306130e-08
-1.292345e-08
-1.261273e-08
-1.214818e-08
-1.154944e-08
-1.083979e-08
-1.004628e-08
-9.196640e-09
-8.315820e-09
-7.424586e-09
-6.540006e-09
-5.675641e-09
-4.840333e-09
-4.037216e-09
-3.265603e-09
-2.525969e-09
-1.824646e-09
-1.174118e-09
-5.883198e-10
-7.649913e-11
3.598459e-10
7.253054e-10
1.026260e-09
1.267505e-09
1.451678e-09
1.580592e-09
1.656238e-09
1.312372e-09
1.287652e-09
1.213747e-09
1.087303e-09
9.068241e-10
6.743503e-10
3.938268e-10
6.699177e-11
-3.099563e-10
-7.456740e-10
-1.248631e-09
-1.820993e-09
-2.455944e-09
-3.140442e-09
-3.861127e-09
-4.608715e-09
-5.378005e-09
-6.164574e-09
-6.961514e-09
-7.758232e-09
-8.540569e-09
-9.290584e-09
-9.985943e-09
-1.060051e-08
-1.110711e-08
-1.148105e-08
-1.170194e-08
-1.175268e-08
-1.161716e-08
-1.127856e-08
-1.071947e-08
-9.923775e-09
-8.879062e-09
-7.578643e-09
-6.022907e-09
-4.220710e-09
-2.190636e-09
3.869320e-11
2.429743e-09
4.937832e-09
7.512610e-09
1.009942e-08
1.264112e-08
1.507981e-08
1.735731e-08
1.941444e-08
2.119162e-08
2.263284e-08
2.369179e-08
2.433665e-08
2.455063e-08
2.432943e-08
2.367935e-08
2.261835e-08
2.117821e-08
1.940452e-08
1.735244e-08
1.508074e-08
1.264780e-08
1.011096e-08
7.527553e-09
4.954715e-09
2.447555e-09
5.691422e-11
-2.172416e-09
-4.203230e-09
-6.007318e-09
-7.566079e-09
-8.869961e-09
-9.917417e-09
-1.071415e-08
-1.127224e-08
-1.160816e-08
-1.173970e-08
-1.168375e-08
-1.145647e-08
-1.107577e-08
-1.056384e-08
-9.947523e-09
-9.255279e-09
-8.512915e-09
-7.740935e-09
-6.954805e-09
-6.166636e-09
-5.386167e-09
-4.620732e-09
-3.875806e-09
-3.157275e-09
-2.474095e-09
-1.838494e-09
-1.262460e-09
-7.527919e-10
-3.086763e-10
7.612364e-11
4.081385e-10
6.900712e-10
9.205147e-10
1.096999e-09
1.219267e-09
1.289951e-09
1.005063e-09
9.829778e-10
9.158803e-10
7.990716e-10
6.296489e-10
4.096088e-10
1.454676e-10
-1.559377e-10
-4.928759e-10
-8.713998e-10
-1.302861e-09
-1.797448e-09
-2.357853e-09
-2.977053e-09
-3.641120e-09
-4.334395e-09
-5.043337e-09
-5.757339e-09
-6.467520e-09
-7.165323e-09
-7.841461e-09
-8.484478e-09
-9.078768e-09
-9.603347e-09
-1.003304e-08
-1.034194e-08
-1.050700e-08
-1.050959e-08
-1.033481e-08
-9.969846e-09
-9.403114e-09
-8.624853e-09
-7.628691e-09
-6.413020e-09
-4.981804e-09
-3.345329e-09
-1.521271e-09
4.645291e-10
2.578547e-09
4.781294e-09
7.029252e-09
9.276317e-09
1.147509e-08
1.357835e-08
1.553985e-08
1.731383e-08
1.885398e-08
2.011403e-08
2.105086e-08
2.162913e-08
2.182554e-08
2.163140e-08
2.105380e-08
2.011534e-08
1.885192e-08
1.730825e-08
1.553237e-08
1.357151e-08
1.147114e-08
9.276237e-09
7.032694e-09
4.787137e-09
2.585616e-09
4.719519e-10
-1.514087e-09
-3.338792e-09
-4.976076e-09
-6.407813e-09
-7.623158e-09
-8.617790e-09
-9.393402e-09
-9.956794e-09
-1.031809e-08
-1.048888e-08
-1.048184e-08
-1.031214e-08
-9.999552e-09
-9.568826e-09
-9.047266e-09
-8.460260e-09
-7.827562e-09
-7.162557e-09
-6.474364e-09
-5.770724e-09
-5.059953e-09
-4.351878e-09
-3.658495e-09
-2.994262e-09
-2.374750e-09
-1.812989e-09
-1.315057e-09
-8.780802e-10
-4.927875e-10
-1.495130e-10
1.561138e-10
4.214636e-10
6.399646e-10
8.063047e-10
9.199272e-10
9.846284e-10
7.575141e-10
7.376526e-10
6.768163e-10
5.703313e-10
4.146047e-10
2.104611e-10
-3.596688e-11
-3.159530e-10
-6.233784e-10
-9.593226e-10
-1.332842e-09
-1.756894e-09
-2.241459e-09
-2.787777e-09
-3.386782e-09
-4.021988e-09
-4.674386e-09
-5.326470e-09
-5.964141e-09
-6.576906e-09
-7.157072e-09
-7.697920e-09
-8.190831e-09
-8.622404e-09
-8.973475e-09
-9.221051e-09
-9.342103e-09
-9.316859e-09
-9.130010e-09
-8.770012e-09
-8.227991e-09
-7.497565e-09
-6.575765e-09
-5.464132e-09
-4.169177e-09
-2.702387e-09
-1.080481e-09
6.739627e-10
2.532315e-09
4.460783e-09
6.422077e-09
8.377047e-09
1.028594e-08
1.210950e-08
1.380968e-08
1.534941e-08
1.669124e-08
1.779621e-08
1.862493e-08
1.914162e-08
1.932023e-08
1.915008e-08
1.863867e-08
1.781038e-08
1.670148e-08
1.535355e-08
1.380804e-08
1.210406e-08
1.027891e-08
8.369875e-09
6.415253e-09
4.454196e-09
2.525763e-09
6.674850e-10
-1.086493e-09
-2.707216e-09
-4.171882e-09
-5.463720e-09
-6.571433e-09
-7.488914e-09
-8.215103e-09
-8.753282e-09
-9.109851e-09
-9.293554e-09
-9.316054e-09
-9.193333e-09
-8.946250e-09
-8.598776e-09
-8.174075e-09
-7.690437e-09
-7.159568e-09
-6.588158e-09
-5.981407e-09
-5.346401e-09
-4.694090e-09
-4.039804e-09
-3.402412e-09
-2.801761e-09
-2.254315e-09
-1.768442e-09
-1.342087e-09
-9.649279e-10
-6.244464e-10
-3.126449e-10
-2.961014e-11
2.178504e-10
4.211309e-10
5.749063e-10
6.793464e-10
7.386659e-10
5.669738e-10
5.484174e-10
4.916653e-10
3.938075e-10
2.521871e-10
6.664714e-11
-1.590111e-10
-4.176359e-10
-7.017847e-10
-1.008005e-09
-1.339844e-09
-1.707290e-09
-2.122260e-09
-2.592274e-09
-3.115721e-09
-3.681104e-09
-4.270050e-09
-4.861890e-09
-5.437587e-09
-5.982091e-09
-6.485129e-09
-6.940433e-09
-7.343288e-09
-7.687000e-09
-7.960055e-09
-8.145771e-09
-8.224731e-09
-8.178352e-09
-7.991454e-09
-7.652833e-09
-7.154573e-09
-6.491549e-09
-5.661918e-09
-4.668102e-09
-3.517261e-09
-2.220935e-09
-7.945216e-10
7.426824e-10
2.367058e-09
4.050656e-09
5.762029e-09
7.467553e-09
9.132681e-09
1.072294e-08
1.220462e-08
1.354487e-08
1.471106e-08
1.567002e-08
1.638857e-08
1.683657e-08
1.699188e-08
1.684543e-08
1.640370e-08
1.568737e-08
1.472673e-08
1.355628e-08
1.221083e-08
1.072424e-08
9.129821e-09
7.461256e-09
5.752882e-09
4.039259e-09
2.354202e-09
7.294304e-10
-8.068911e-10
-2.231085e-09
-3.524019e-09
-4.670682e-09
-5.660053e-09
-6.485455e-09
-7.144747e-09
-7.639821e-09
-7.975791e-09
-8.160782e-09
-8.206587e-09
-8.129175e-09
-7.947656e-09
-7.681277e-09
-7.345740e-09
-6.951070e-09
-6.502478e-09
-6.003650e-09
-5.460507e-09
-4.883670e-09
-4.289046e-09
-3.696729e-09
-3.128299e-09
-2.602609e-09
-2.131117e-09
-1.715003e-09
-1.346215e-09
-1.012509e-09
-7.039710e-10
-4.175058e-10
-1.571567e-10
6.923690e-11
2.545465e-10
3.953803e-10
4.924217e-10
5.486563e-10
4.285824e-10
4.102023e-10
3.545738e-10
2.618186e-10
1.318733e-10
-3.517710e-11
-2.380271e-10
-4.730999e-10
-7.347895e-10
-1.017659e-09
-1.319736e-09
-1.644720e-09
-2.001100e-09
-2.398002e-09
-2.839902e-09
-3.323052e-09
-3.835262e-09
-4.358489e-09
-4.872572e-09
-5.358715e-09
-5.802044e-09
-6.192805e-09
-6.525646e-09
-6.796932e-09
-7.001254e-09
-7.129110e-09
-7.167141e-09
-7.100521e-09
-6.915754e-09
-6.602252e-09
-6.152476e-09
-5.561613e-09
-4.827846e-09
-3.953214e-09
-2.944202e-09
-1.811358e-09
-5.683428e-10
7.686242e-10
2.180429e-09
3.644352e-09
5.133878e-09
6.619370e-09
8.069294e-09
9.451476e-09
1.073420e-08
1.188703e-08
1.288132e-08
1.369038e-08
1.429008e-08
1.466025e-08
1.478700e-08
1.466501e-08
1.429869e-08
1.370135e-08
1.289305e-08
1.189811e-08
1.074351e-08
9.458211e-09
8.072920e-09
6.619708e-09
5.131195e-09
3.639374e-09
2.174237e-09
7.624818e-10
-5.732086e-10
-1.813976e-09
-2.944035e-09
-3.950216e-09
-4.822343e-09
-5.554066e-09
-6.143262e-09
-6.591678e-09
-6.904342e-09
-7.089405e-09
-7.158238e-09
-7.124808e-09
-7.003649e-09
-6.806995e-09
-6.542771e-09
-6.214995e-09
-5.826600e-09
-5.383068e-09
-4.894866e-09
-4.377754e-09
-3.851250e-09
-3.335931e-09
-2.850014e-09
-2.405746e-09
-2.006917e-09
-1.649087e-09
-1.323107e-09
-1.020390e-09
-7.370952e-10
-4.750920e-10
-2.397816e-10
-3.676719e-11
1.304086e-10
2.605220e-10
3.535721e-10
4.096498e-10
3.337455e-10
3.147587e-10
2.580125e-10
1.668705e-10
4.467025e-11
-1.068440e-10
-2.875031e-10
-4.970811e-10
-7.333867e-10
-9.918758e-10
-1.267569e-09
-1.558185e-09
-1.866171e-09
-2.197857e-09
-2.559913e-09
-2.955072e-09
-3.379322e-09
-3.821549e-09
-4.265275e-09
-4.691575e-09
-5.082366e-09
-5.423286e-09
-5.705171e-09
-5.923348e-09
-6.074993e-09
-6.156023e-09
-6.159333e-09
-6.075197e-09
-5.893122e-09
-5.603738e-09
-5.199813e-09
-4.676587e-09
-4.032157e-09
-3.268169e-09
-2.390332e-09
-1.408064e-09
-3.333991e-10
8.199391e-10
2.036405e-09
3.297547e-09
4.580930e-09
5.860033e-09
7.105344e-09
8.286201e-09
9.372775e-09
1.033781e-08
1.115788e-08
1.181413e-08
1.229238e-08
1.258292e-08
1.268019e-08
1.258254e-08
1.229204e-08
1.181439e-08
1.115914e-08
1.033999e-08
9.375275e-09
8.288088e-09
7.105717e-09
5.858377e-09
4.577291e-09
3.292480e-09
2.030765e-09
8.146124e-10
-3.377307e-10
-1.411071e-09
-2.392053e-09
-3.268878e-09
-4.032133e-09
-4.675937e-09
-5.198481e-09
-5.601794e-09
-5.891166e-09
-6.074616e-09
-6.162111e-09
-6.164073e-09
-6.089298e-09
-5.943379e-09
-5.728957e-09
-5.448131e-09
-5.105845e-09
-4.712301e-09
-4.283065e-09
-3.836981e-09
-3.393027e-09
-2.967193e-09
-2.570033e-09
-2.205381e-09
-1.870850e-09
-1.560457e-09
-1.268494e-09
-9.927436e-10
-7.352207e-10
-5.003028e-10
-2.918852e-10
-1.117195e-10
4.008233e-11
1.631799e-10
2.555271e-10
3.135349e-10
2.709660e-10
2.512505e-10
1.930220e-10
1.020015e-10
-1.550803e-11
-1.553526e-10
-3.166418e-10
-5.005793e-10
-7.078293e-10
-9.363301e-10
-1.181258e-09
-1.437336e-09
-1.701928e-09
-1.976740e-09
-2.266894e-09
-2.577844e-09
-2.911797e-09
-3.265216e-09
-3.628178e-09
-3.985564e-09
-4.319669e-09
-4.613557e-09
-4.854074e-09
-5.033277e-09
-5.147636e-09
-5.195513e-09
-5.174442e-09
-5.079649e-09
-4.904307e-09
-4.640892e-09
-4.282673e-09
-3.824830e-09
-3.265260e-09
-2.605263e-09
-1.849901e-09
-1.007646e-09
-8.933579e-11
8.928753e-10
1.925641e-09
2.993407e-09
4.076995e-09
5.152969e-09
6.194499e-09
7.173529e-09
8.063506e-09
8.841822e-09
9.491426e-09
1.000133e-08
1.036600e-08
1.058376e-08
1.065494e-08
1.058013e-08
1.035943e-08
9.992934e-09
9.482188e-09
8.832269e-09
8.053599e-09
7.162868e-09
6.182673e-09
5.139858e-09
4.062883e-09
2.978904e-09
1.911468e-09
8.796389e-10
-1.013081e-10
-1.018345e-09
-1.859538e-09
-2.614079e-09
-3.273345e-09
-3.832081e-09
-4.288968e-09
-4.646412e-09
-4.909817e-09
-5.086484e-09
-5.184095e-09
-5.208960e-09
-5.164743e-09
-5.052673e-09
-4.873617e-09
-4.631228e-09
-4.334436e-09
-3.997747e-09
-3.639095e-09
-3.276296e-09
-2.923659e-09
-2.589864e-09
-2.277500e-09
-1.984265e-09
-1.705529e-09
-1.437491e-09
-1.179599e-09
-9.349502e-10
-7.084251e-10
-5.038404e-10
-3.221308e-10
-1.618625e-10
-2.167005e-11
9.717566e-11
1.899150e-10
2.497866e-10
2.268725e-10
2.071357e-10
1.494005e-10
6.024305e-11
-5.247961e-11
-1.825091e-10
-3.269912e-10
-4.862998e-10
-6.620258e-10
-8.544022e-10
-1.060848e-09
-1.276626e-09
-1.497192e-09
-1.720704e-09
-1.949031e-09
-2.186637e-09
-2.437921e-09
-2.704273e-09
-2.982008e-09
-3.261798e-09
-3.529777e-09
-3.770091e-09
-3.968130e-09
-4.113261e-09
-4.199860e-09
-4.226224e-09
-4.192086e-09
-4.096170e-09
-3.934993e-09
-3.703249e-09
-3.395194e-09
-3.006222e-09
-2.534092e-09
-1.979669e-09
-1.347175e-09
-6.438772e-10
1.207066e-10
9.356745e-10
1.789038e-09
2.667129e-09
3.553493e-09
4.428231e-09
5.268592e-09
6.050960e-09
6.753598e-09
7.359203e-09
7.856468e-09
8.240265e-09
8.510455e-09
8.669715e-09
8.721057e-09
8.665830e-09
8.502916e-09
8.229412e-09
7.842587e-09
7.342441e-09
6.734000e-09
6.028611e-09
5.243775e-09
4.401499e-09
3.525636e-09
2.639033e-09
1.761511e-09
9.092995e-10
9.578706e-11
-6.672678e-10
-1.369055e-09
-1.999997e-09
-2.552699e-09
-3.022887e-09
-3.409841e-09
-3.716157e-09
-3.946855e-09
-4.107899e-09
-4.204408e-09
-4.239257e-09
-4.212929e-09
-4.125112e-09
-3.977519e-09
-3.776485e-09
-3.533791e-09
-3.265081e-09
-2.986556e-09
-2.711449e-09
-2.447700e-09
-2.197499e-09
-1.958591e-09
-1.726798e-09
-1.498867e-09
-1.274569e-09
-1.057071e-09
-8.513657e-10
-6.616371e-10
-4.892260e-10
-3.325635e-10
-1.891976e-10
-5.865983e-11
5.563323e-11
1.466274e-10
2.059162e-10
1.893578e-10
1.708900e-10
1.173608e-10
3.475596e-11
-6.920672e-11
-1.873089e-10
-3.146954e-10
-4.496196e-10
-5.927322e-10
-7.452964e-10
-9.073439e-10
-1.076870e-09
-1.250545e-09
-1.425449e-09
-1.600683e-09
-1.777831e-09
-1.959952e-09
-2.149614e-09
-2.346789e-09
-2.547395e-09
-2.742990e-09
-2.921883e-09
-3.071462e-09
-3.180953e-09
-3.243440e-09
-3.256159e-09
-3.219007e-09
-3.132197e-09
-2.994418e-09
-2.802392e-09
-2.551795e-09
-2.238776e-09
-1.861265e-09
-1.419664e-09
-9.169841e-10
-3.586593e-10
2.478211e-10
8.933098e-10
1.567242e-09
2.257548e-09
2.950302e-09
3.629535e-09
4.277692e-09
4.876995e-09
5.411409e-09
5.868594e-09
6.241129e-09
6.526587e-09
6.726402e-09
6.843909e-09
6.882152e-09
6.842219e-09
6.722648e-09
6.520134e-09
6.231284e-09
5.854832e-09
5.393568e-09
4.855367e-09
4.252994e-09
3.602773e-09
2.922573e-09
2.229837e-09
1.540278e-09
8.675137e-10
2.233608e-10
-3.817396e-10
-9.386166e-10
-1.439669e-09
-1.879373e-09
-2.254747e-09
-2.565573e-09
-2.814175e-09
-3.004581e-09
-3.141080e-09
-3.226669e-09
-3.262251e-09
-3.247314e-09
-3.181991e-09
-3.069517e-09
-2.917608e-09
-2.737854e-09
-2.543299e-09
-2.345375e-09
-2.151560e-09
-1.964598e-09
-1.783363e-09
-1.604848e-09
-1.426492e-09
-1.247958e-09
-1.071600e-09
-9.013856e-10
-7.408603e-10
-5.913551e-10
-4.516114e-10
-3.191447e-10
-1.926122e-10
-7.383425e-11
3.165057e-11
1.157834e-10
1.703324e-10
1.495260e-10
1.339242e-10
8.902420e-11
1.932465e-11
-6.890039e-11
-1.688843e-10
-2.748221e-10
-3.830890e-10
-4.927113e-10
-6.047872e-10
-7.210672e-10
-8.424331e-10
-9.681253e-10
-1.096110e-09
-1.224241e-09
-1.351396e-09
-1.477881e-09
-1.604891e-09
-1.733290e-09
-1.862229e-09
-1.988135e-09
-2.104584e-09
-2.203278e-09
-2.275922e-09
-2.316160e-09
-2.320585e-09
-2.288299e-09
-2.219358e-09
-2.113158e-09
-1.967712e-09
-1.780116e-09
-1.547690e-09
-1.268993e-09
-9.442586e-10
-5.753669e-10
-1.657236e-10
2.796918e-10
7.541918e-10
1.249369e-09
1.755313e-09
2.260971e-09
2.754559e-09
3.224031e-09
3.657720e-09
4.045198e-09
4.378221e-09
4.651448e-09
4.862590e-09
5.011848e-09
5.100750e-09
5.130773e-09
5.102285e-09
5.014215e-09
4.864604e-09
4.651809e-09
4.375895e-09
4.039690e-09
3.649159e-09
3.213054e-09
2.742055e-09
2.247787e-09
1.742021e-09
1.236180e-09
7.410274e-10
2.663753e-10
-1.792512e-10
-5.889077e-10
-9.573591e-10
-1.281080e-09
-1.558266e-09
-1.788903e-09
-1.974666e-09
-2.118354e-09
-2.222812e-09
-2.289852e-09
-2.319925e-09
-2.312992e-09
-2.270212e-09
-2.195444e-09
-2.095526e-09
-1.979055e-09
-1.854286e-09
-1.727213e-09
-1.600698e-09
-1.474858e-09
-1.348358e-09
-1.220011e-09
-1.090027e-09
-9.603751e-10
-8.340492e-10
-7.135759e-10
-5.996262e-10
-4.906589e-10
-3.839592e-10
-2.775748e-10
-1.721032e-10
-7.140674e-11
1.803357e-11
8.872755e-11
1.340173e-10
1.033646e-10
9.210362e-11
5.979071e-11
9.194177e-12
-5.547005e-11
-1.290432e-10
-2.063238e-10
-2.832481e-10
-3.579050e-10
-4.308097e-10
-5.041465e-10
-5.802878e-10
-6.603737e-10
-7.437115e-10
-8.282181e-10
-9.114969e-10
-9.918613e-10
-1.068787e-09
-1.142642e-09
-1.213874e-09
-1.282007e-09
-1.344917e-09
-1.398794e-09
-1.438916e-09
-1.460887e-09
-1.461648e-09
-1.439665e-09
-1.394278e-09
-1.324735e-09
-1.229654e-09
-1.107219e-09
-9.558636e-10
-7.748692e-10
-5.645102e-10
-3.258779e-10
-6.077979e-11
2.280270e-10
5.364108e-10
8.586486e-10
1.187699e-09
1.515877e-09
1.835583e-09
2.139760e-09
2.422026e-09
2.676674e-09
2.898761e-09
3.084348e-09
3.230728e-09
3.336433e-09
3.400909e-09
3.423982e-09
3.405391e-09
3.344673e-09
3.241483e-09
3.096201e-09
2.910494e-09
2.687547e-09
2.431869e-09
2.148847e-09
1.844353e-09
1.524612e-09
1.196300e-09
8.666168e-10
5.430394e-10
2.327177e-10
-5.823203e-11
-3.251680e-10
-5.649263e-10
-7.755550e-10
-9.561042e-10
-1.106615e-09
-1.228124e-09
-1.322375e-09
-1.391183e-09
-1.435821e-09
-1.456936e-09
-1.455186e-09
-1.432203e-09
-1.391191e-09
-1.336626e-09
-1.273195e-09
-1.204575e-09
-1.132736e-09
-1.058077e-09
-9.801977e-10
-8.988984e-10
-8.149477e-10
-7.302941e-10
-6.475585e-10
-5.689446e-10
-4.950881e-10
-4.245632e-10
-3.545113e-10
-2.821968e-10
-2.066977e-10
-1.298365e-10
-5.594441e-11
9.290818e-12
6.024849e-11
9.249466e-11
5.107663e-11
4.530616e-11
2.841182e-11
1.610420e-12
-3.299775e-11
-7.254211e-11
-1.138254e-10
-1.540946e-10
-1.918608e-10
-2.273196e-10
-2.620489e-10
-2.980553e-10
-3.366590e-10
-3.778083e-10
-4.201381e-10
-4.616370e-10
-5.004970e-10
-5.357290e-10
-5.673196e-10
-5.959308e-10
-6.222930e-10
-6.465541e-10
-6.678847e-10
-6.845498e-10
-6.944000e-10
-6.954796e-10
-6.863754e-10
-6.661431e-10
-6.339754e-10
-5.889553e-10
-5.301147e-10
-4.567248e-10
-3.685434e-10
-2.658272e-10
-1.491716e-10
-1.942892e-11
1.221228e-10
2.734605e-10
4.316322e-10
5.929442e-10
7.534760e-10
9.096360e-10
1.058450e-09
1.197483e-09
1.324544e-09
1.437445e-09
1.533973e-09
1.612064e-09
1.670016e-09
1.706588e-09
1.720962e-09
1.712657e-09
1.681531e-09
1.627920e-09
1.552837e-09
1.458049e-09
1.345940e-09
1.219154e-09
1.080251e-09
9.315573e-10
7.753637e-10
6.142975e-10
4.516098e-10
2.911102e-10
1.367328e-10
-8.034125e-12
-1.405470e-10
-2.590831e-10
-3.626922e-10
-4.510317e-10
-5.242960e-10
-5.831597e-10
-6.285975e-10
-6.615819e-10
-6.828494e-10
-6.929513e-10
-6.925928e-10
-6.829993e-10
-6.659762e-10
-6.435434e-10
-6.173582e-10
-5.883051e-10
-5.565047e-10
-5.217110e-10
-4.838490e-10
-4.434330e-10
-4.017014e-10
-3.604028e-10
-3.212532e-10
-2.852218e-10
-2.519827e-10
-2.199136e-10
-1.867890e-10
-1.508936e-10
-1.119803e-10
-7.157555e-11
-3.253537e-11
1.815954e-12
2.849796e-11
4.533743e-11
