-3.993087e-12
-5.353766e-11
-9.984639e-11
-1.418255e-10
-1.811877e-10
-2.223003e-10
-2.728524e-10
-3.424356e-10
-4.420844e-10
-5.819667e-10
-7.710479e-10
-1.015571e-09
-1.319981e-09
-1.686082e-09
-2.114062e-09
-2.601196e-09
-3.142808e-09
-3.731408e-09
-4.358734e-09
-5.015909e-09
-5.696232e-09
-6.395214e-09
-7.112236e-09
-7.848196e-09
-8.604332e-09
-9.377843e-09
-1.016100e-08
-1.093958e-08
-1.169613e-08
-1.241165e-08
-1.306949e-08
-1.365499e-08
-1.415601e-08
-1.456014e-08
-1.485473e-08
-1.502553e-08
-1.505902e-08
-1.494278e-08
-1.466837e-08
-1.423101e-08
-1.363077e-08
-1.287047e-08
-1.195531e-08
-1.089050e-08
-9.681656e-09
-8.334410e-09
-6.857081e-09
-5.262168e-09
-3.569243e-09
-1.805059e-09
-3.316323e-12
1.798728e-09
3.563496e-09
5.257501e-09
6.853601e-09
8.332397e-09
9.680966e-09
1.089109e-08
1.195662e-08
1.287198e-08
1.363155e-08
1.423048e-08
1.466597e-08
1.493873e-08
1.505365e-08
1.501970e-08
1.484895e-08
1.455499e-08
1.415151e-08
1.365129e-08
1.306653e-08
1.240976e-08
1.169561e-08
1.094110e-08
1.016495e-08
9.384658e-09
8.613743e-09
7.859628e-09
7.124283e-09
6.406447e-09
5.705118e-09
5.021870e-09
4.361908e-09
3.733107e-09
3.144473e-09
2.604226e-09
2.118685e-09
1.691728e-09
1.325079e-09
1.018782e-09
7.714296e-10
5.798864e-10
4.385234e-10
3.389193e-10
2.701646e-10
2.205412e-10
1.792961e-10
1.386912e-10
9.454320e-11
4.638771e-11
-3.205814e-12
-4.755128e-11
-8.930495e-11
-1.274929e-10
-1.639474e-10
-2.031037e-10
-2.526749e-10
-3.220390e-10
-4.218302e-10
-5.616505e-10
-7.500571e-10
-9.931415e-10
-1.295595e-09
-1.659617e-09
-2.085823e-09
-2.571656e-09
-3.112427e-09
-3.700417e-09
-4.327208e-09
-4.983869e-09
-5.663930e-09
-6.363189e-09
-7.081304e-09
-7.819134e-09
-8.577685e-09
-9.353774e-09
-1.013951e-08
-1.092068e-08
-1.168009e-08
-1.239891e-08
-1.306051e-08
-1.365003e-08
-1.415522e-08
-1.456361e-08
-1.486271e-08
-1.503832e-08
-1.507682e-08
-1.496543e-08
-1.469521e-08
-1.426094e-08
-1.366244e-08
-1.290247e-08
-1.198630e-08
-1.091924e-08
-9.707038e-09
-8.355526e-09
-6.873353e-09
-5.273377e-09
-3.575536e-09
-1.806770e-09
-8.052690e-13
1.805250e-09
3.573973e-09
5.271970e-09
6.872030e-09
8.354596e-09
9.706521e-09
1.091940e-08
1.198687e-08
1.290318e-08
1.366244e-08
1.425959e-08
1.469186e-08
1.496023e-08
1.507020e-08
1.503134e-08
1.485608e-08
1.455799e-08
1.415045e-08
1.364595e-08
1.305664e-08
1.239540e-08
1.167721e-08
1.091940e-08
1.014063e-08
9.358218e-09
8.585566e-09
7.830174e-09
7.094236e-09
6.376614e-09
5.676150e-09
4.993962e-09
4.334724e-09
3.705996e-09
3.116873e-09
2.576033e-09
2.090371e-09
1.664147e-09
1.299043e-09
9.946422e-10
7.488801e-10
5.581348e-10
4.167188e-10
3.166530e-10
2.477559e-10
1.990344e-10
1.601507e-10
1.233881e-10
8.420292e-11
4.159845e-11
-1.845316e-12
-3.036575e-11
-5.790343e-11
-8.430066e-11
-1.120508e-10
-1.458944e-10
-1.932957e-10
-2.625611e-10
-3.626713e-10
-5.014999e-10
-6.866499e-10
-9.243803e-10
-1.220598e-09
-1.578969e-09
-2.001172e-09
-2.484768e-09
-3.024436e-09
-3.611389e-09
-4.236418e-09
-4.890417e-09
-5.567650e-09
-6.265136e-09
-6.983760e-09
-7.724846e-09
-8.489073e-09
-9.272350e-09
-1.006611e-08
-1.085600e-08
-1.162531e-08
-1.235559e-08
-1.303032e-08
-1.363415e-08
-1.415428e-08
-1.457782e-08
-1.489224e-08
-1.508321e-08
-1.513668e-08
-1.503883e-08
-1.477963e-08
-1.435288e-08
-1.375805e-08
-1.299791e-08
-1.207813e-08
-1.100434e-08
-9.782712e-09
-8.419560e-09
-6.924285e-09
-5.310597e-09
-3.599241e-09
-1.817565e-09
7.265612e-13
1.818926e-09
3.600014e-09
5.310742e-09
6.923578e-09
8.418317e-09
9.781056e-09
1.100278e-08
1.207673e-08
1.299682e-08
1.375676e-08
1.435105e-08
1.477659e-08
1.503459e-08
1.513134e-08
1.507758e-08
1.488678e-08
1.457307e-08
1.414995e-08
1.362998e-08
1.302568e-08
1.235059e-08
1.162031e-08
1.085224e-08
1.006472e-08
9.274618e-09
8.495375e-09
7.735109e-09
6.996812e-09
6.279647e-09
5.581874e-09
4.903282e-09
4.247125e-09
3.620119e-09
3.031499e-09
2.490918e-09
2.006582e-09
1.583674e-09
1.223853e-09
9.255914e-10
6.851068e-10
4.973355e-10
3.562726e-10
2.550298e-10
1.854681e-10
1.387055e-10
1.057465e-10
7.910689e-11
5.348059e-11
2.657002e-11
-1.082016e-13
-3.376830e-12
-8.385473e-12
-1.655256e-11
-3.125565e-11
-5.714833e-11
-1.005601e-10
-1.677001e-10
-2.651762e-10
-3.990574e-10
-5.765640e-10
-8.049904e-10
-1.092098e-09
-1.443057e-09
-1.860028e-09
-2.339816e-09
-2.875740e-09
-3.457719e-09
-4.076157e-09
-4.722728e-09
-5.393656e-09
-6.088245e-09
-6.809091e-09
-7.557713e-09
-8.333606e-09
-9.130808e-09
-9.939495e-09
-1.074519e-08
-1.153209e-08
-1.228269e-08
-1.298078e-08
-1.361036e-08
-1.415762e-08
-1.460866e-08
-1.495033e-08
-1.516767e-08
-1.524581e-08
-1.516970e-08
-1.492791e-08
-1.451302e-08
-1.392372e-08
-1.316248e-08
-1.223515e-08
-1.114790e-08
-9.907996e-09
-8.523239e-09
-7.004882e-09
-5.368371e-09
-3.635720e-09
-1.834645e-09
1.656578e-12
1.837631e-09
3.637448e-09
5.368552e-09
7.003209e-09
8.520138e-09
9.903780e-09
1.114338e-08
1.223073e-08
1.315879e-08
1.392073e-08
1.451082e-08
1.492601e-08
1.516792e-08
1.524372e-08
1.516541e-08
1.494782e-08
1.460615e-08
1.415477e-08
1.360699e-08
1.297637e-08
1.227744e-08
1.152640e-08
1.074037e-08
9.936728e-09
9.131476e-09
8.338159e-09
7.566215e-09
6.820560e-09
6.101642e-09
5.407505e-09
4.736134e-09
4.088256e-09
3.468419e-09
2.884922e-09
2.347878e-09
1.866959e-09
1.448946e-09
1.096334e-09
8.070570e-10
5.755992e-10
3.948655e-10
2.577592e-10
1.580092e-10
8.967805e-11
4.673364e-11
2.251638e-11
1.058284e-11
5.183607e-12
2.435094e-12
1.683254e-12
3.115971e-11
5.505125e-11
6.966601e-11
7.094570e-11
5.535783e-11
1.904603e-11
-4.123214e-11
-1.298728e-10
-2.523074e-10
-4.168769e-10
-6.328339e-10
-9.095396e-10
-1.252327e-09
-1.662116e-09
-2.133715e-09
-2.658919e-09
-3.227344e-09
-3.830823e-09
-4.463823e-09
-5.126053e-09
-5.819621e-09
-6.548219e-09
-7.312138e-09
-8.108131e-09
-8.927322e-09
-9.758419e-09
-1.058729e-08
-1.139980e-08
-1.218004e-08
-1.291240e-08
-1.358012e-08
-1.416784e-08
-1.465988e-08
-1.504155e-08
-1.529663e-08
-1.540915e-08
-1.536290e-08
-1.514525e-08
-1.474734e-08
-1.416645e-08
-1.340382e-08
-1.246489e-08
-1.135653e-08
-1.008800e-08
-8.670023e-09
-7.117141e-09
-5.447600e-09
-3.685131e-09
-1.857679e-09
2.670957e-12
1.862374e-09
3.687667e-09
5.447368e-09
7.113786e-09
8.664205e-09
1.008040e-08
1.134840e-08
1.245704e-08
1.339727e-08
1.416158e-08
1.474462e-08
1.514438e-08
1.536361e-08
1.541056e-08
1.529825e-08
1.504270e-08
1.466047e-08
1.416751e-08
1.357886e-08
1.290984e-08
1.217640e-08
1.139533e-08
1.058309e-08
9.755441e-09
8.926802e-09
8.110482e-09
7.317605e-09
6.556199e-09
5.829651e-09
5.137244e-09
4.475723e-09
3.842667e-09
3.238814e-09
2.669436e-09
2.143250e-09
1.670401e-09
1.259445e-09
9.149571e-10
6.360449e-10
4.168024e-10
2.483918e-10
1.217696e-10
2.982434e-11
-3.235625e-11
-6.820521e-11
-8.127959e-11
-7.570074e-11
-5.657398e-11
-2.903768e-11
3.181445e-12
7.031778e-11
1.272861e-10
1.677322e-10
1.874672e-10
1.853083e-10
1.610014e-10
1.144384e-10
4.233387e-11
-6.192300e-11
-2.091854e-10
-4.106610e-10
-6.757871e-10
-1.007822e-09
-1.404703e-09
-1.858899e-09
-2.361929e-09
-2.905477e-09
-3.485436e-09
-4.101041e-09
-4.756127e-09
-5.454719e-09
-6.199641e-09
-6.987819e-09
-7.811878e-09
-8.659800e-09
-9.519521e-09
-1.037826e-08
-1.122434e-08
-1.204378e-08
-1.282160e-08
-1.354004e-08
-1.418173e-08
-1.472839e-08
-1.516300e-08
-1.546743e-08
-1.562459e-08
-1.561739e-08
-1.543225e-08
-1.505856e-08
-1.449130e-08
-1.372942e-08
-1.277716e-08
-1.164202e-08
-1.033593e-08
-8.873645e-09
-7.274173e-09
-5.559507e-09
-3.755659e-09
-1.890915e-09
3.992664e-12
1.897949e-09
3.759662e-09
5.559497e-09
7.269665e-09
8.865495e-09
1.032524e-08
1.163057e-08
1.276624e-08
1.372041e-08
1.448477e-08
1.505511e-08
1.543167e-08
1.561944e-08
1.562823e-08
1.547187e-08
1.516719e-08
1.473205e-08
1.418448e-08
1.354201e-08
1.282239e-08
1.204342e-08
1.122266e-08
1.037590e-08
9.517038e-09
8.658222e-09
7.811628e-09
6.989421e-09
6.203004e-09
5.460092e-09
4.763330e-09
4.110155e-09
3.495845e-09
2.916642e-09
2.372788e-09
1.868959e-09
1.413420e-09
1.015277e-09
6.815674e-10
4.143388e-10
2.095625e-10
5.819669e-11
-5.074514e-11
-1.266629e-10
-1.753812e-10
-1.990064e-10
-1.979534e-10
-1.728947e-10
-1.268852e-10
-6.548491e-11
4.097479e-12
1.109629e-10
2.031985e-10
2.719343e-10
3.134494e-10
3.295874e-10
3.237985e-10
2.982224e-10
2.491121e-10
1.674026e-10
3.977767e-11
-1.452919e-10
-3.949120e-10
-7.084729e-10
-1.080818e-09
-1.503796e-09
-1.971492e-09
-2.480538e-09
-3.032840e-09
-3.632794e-09
-4.287095e-09
-4.999241e-09
-5.768601e-09
-6.587126e-09
-7.443286e-09
-8.323168e-09
-9.215561e-09
-1.011009e-08
-1.099775e-08
-1.186614e-08
-1.270049e-08
-1.348173e-08
-1.419017e-08
-1.480451e-08
-1.530483e-08
-1.567073e-08
-1.588398e-08
-1.592688e-08
-1.578489e-08
-1.544524e-08
-1.489982e-08
-1.414435e-08
-1.318117e-08
-1.201798e-08
-1.066923e-08
-9.153877e-09
-7.495894e-09
-5.721769e-09
-3.860604e-09
-1.941695e-09
5.149509e-12
1.950941e-09
3.866453e-09
5.722932e-09
7.491581e-09
9.144834e-09
1.065672e-08
1.200425e-08
1.316803e-08
1.413359e-08
1.489215e-08
1.544119e-08
1.578411e-08
1.592912e-08
1.588827e-08
1.567637e-08
1.531080e-08
1.481056e-08
1.419590e-08
1.348726e-08
1.270527e-08
1.186980e-08
1.099952e-08
1.011003e-08
9.213789e-09
8.320612e-09
7.440500e-09
6.584987e-09
5.767485e-09
4.999973e-09
4.290059e-09
3.638528e-09
3.040914e-09
2.490312e-09
1.981553e-09
1.513252e-09
1.088833e-09
7.150714e-10
3.997995e-10
1.482333e-10
-3.986958e-11
-1.713084e-10
-2.574435e-10
-3.100859e-10
-3.374730e-10
-3.421728e-10
-3.224484e-10
-2.753532e-10
-2.009554e-10
-1.042831e-10
4.256352e-12
1.504710e-10
2.788399e-10
3.786937e-10
4.470141e-10
4.881398e-10
5.078746e-10
5.089028e-10
4.859241e-10
4.278766e-10
3.211520e-10
1.568078e-10
-6.795398e-11
-3.489021e-10
-6.803393e-10
-1.057210e-09
-1.479480e-09
-1.950458e-09
-2.477801e-09
-3.069069e-09
-3.730818e-09
-4.463085e-09
-5.260087e-09
-6.108999e-09
-6.996028e-09
-7.907841e-09
-8.835830e-09
-9.772381e-09
-1.071040e-08
-1.163800e-08
-1.253997e-08
-1.339573e-08
-1.418325e-08
-1.487801e-08
-1.545692e-08
-1.589713e-08
-1.617919e-08
-1.628462e-08
-1.619771e-08
-1.590317e-08
-1.538945e-08
-1.464874e-08
-1.368099e-08
-1.249322e-08
-1.110134e-08
-9.527563e-09
-7.800472e-09
-5.951351e-09
-4.013225e-09
-2.017533e-09
5.542813e-12
2.027740e-09
4.020389e-09
5.954048e-09
7.797448e-09
9.519071e-09
1.108839e-08
1.247826e-08
1.366634e-08
1.463676e-08
1.538113e-08
1.589898e-08
1.619699e-08
1.628693e-08
1.618358e-08
1.590319e-08
1.546390e-08
1.488582e-08
1.419151e-08
1.340447e-08
1.254840e-08
1.164536e-08
1.071534e-08
9.774406e-09
8.834728e-09
7.904533e-09
6.991301e-09
6.104074e-09
5.255622e-09
4.460148e-09
3.730002e-09
3.071179e-09
2.482656e-09
1.957602e-09
1.487496e-09
1.065031e-09
6.868376e-10
3.538834e-10
7.108712e-11
-1.555491e-10
-3.225134e-10
-4.322821e-10
-4.937601e-10
-5.192286e-10
-5.191530e-10
-4.978616e-10
-4.532223e-10
-3.798994e-10
-2.752371e-10
-1.431760e-10
3.631439e-12
1.874598e-10
3.523978e-10
4.870322e-10
5.886164e-10
6.621274e-10
7.132780e-10
7.436396e-10
7.467046e-10
7.119905e-10
6.292312e-10
4.947143e-10
3.098795e-10
7.954935e-11
-1.946360e-10
-5.147251e-10
-8.883677e-10
-1.324725e-09
-1.834420e-09
-2.424569e-09
-3.098418e-09
-3.850857e-09
-4.671382e-09
-5.544742e-09
-6.458071e-09
-7.401124e-09
-8.368740e-09
-9.355259e-09
-1.035397e-08
-1.135224e-08
-1.233383e-08
-1.327659e-08
-1.415617e-08
-1.494474e-08
-1.561588e-08
-1.614406e-08
-1.650826e-08
-1.668872e-08
-1.666806e-08
-1.642841e-08
-1.595521e-08
-1.523754e-08
-1.427289e-08
-1.306671e-08
-1.163488e-08
-1.000125e-08
-8.197659e-09
-6.259335e-09
-4.223246e-09
-2.124133e-09
5.092024e-12
2.133734e-09
4.230500e-09
6.262831e-09
8.195714e-09
9.993521e-09
1.162189e-08
1.305089e-08
1.425697e-08
1.522451e-08
1.594651e-08
1.642458e-08
1.666810e-08
1.669183e-08
1.651336e-08
1.615096e-08
1.562413e-08
1.495442e-08
1.416684e-08
1.328810e-08
1.234518e-08
1.136243e-08
1.036132e-08
9.358931e-09
8.368269e-09
7.397465e-09
6.452246e-09
5.538276e-09
4.665043e-09
3.845626e-09
3.094704e-09
2.423163e-09
1.835390e-09
1.328104e-09
8.931878e-10
5.201169e-10
1.992935e-10
-7.619265e-11
-3.084507e-10
-4.951794e-10
-6.319268e-10
-7.167660e-10
-7.535308e-10
-7.515184e-10
-7.210595e-10
-6.680269e-10
-5.915455e-10
-4.862108e-10
-3.483087e-10
-1.809308e-10
2.364244e-12
2.221449e-10
4.244076e-10
5.979905e-10
7.393673e-10
8.516012e-10
9.378490e-10
9.979813e-10
1.026349e-09
1.016833e-09
9.657402e-10
8.750896e-10
7.476966e-10
5.841408e-10
3.776643e-10
1.172813e-10
-2.111807e-10
-6.194801e-10
-1.117372e-09
-1.708439e-09
-2.391192e-09
-3.156030e-09
-3.990278e-09
-4.879737e-09
-5.815430e-09
-6.791447e-09
-7.805455e-09
-8.852081e-09
-9.923433e-09
-1.100523e-08
-1.207995e-08
-1.312374e-08
-1.410981e-08
-1.500689e-08
-1.578514e-08
-1.641604e-08
-1.687628e-08
-1.714384e-08
-1.719904e-08
-1.702156e-08
-1.659470e-08
-1.590544e-08
-1.494931e-08
-1.372995e-08
-1.226235e-08
-1.057039e-08
-8.686828e-09
-6.648394e-09
-4.494517e-09
-2.263966e-09
4.274095e-12
2.272038e-09
4.500502e-09
6.650957e-09
8.684197e-09
1.056204e-08
1.224859e-08
1.371312e-08
1.493225e-08
1.589151e-08
1.658570e-08
1.701815e-08
1.720006e-08
1.714816e-08
1.688263e-08
1.642435e-08
1.579521e-08
1.501889e-08
1.412310e-08
1.313788e-08
1.209370e-08
1.101756e-08
9.932611e-09
8.857176e-09
7.805819e-09
6.787996e-09
5.809326e-09
4.872777e-09
3.983331e-09
3.149896e-09
2.385853e-09
1.704381e-09
1.114730e-09
6.188362e-10
2.123086e-10
-1.146724e-10
-3.747916e-10
-5.818959e-10
-7.471559e-10
-8.763708e-10
-9.689155e-10
-1.021222e-09
-1.031521e-09
-1.002937e-09
-9.419324e-10
-8.538464e-10
-7.395791e-10
-5.960373e-10
-4.209570e-10
-2.176291e-10
7.573803e-13
2.560485e-10
4.969826e-10
7.132394e-10
8.993081e-10
1.054236e-09
1.177370e-09
1.267852e-09
1.323865e-09
1.346718e-09
1.340071e-09
1.309143e-09
1.253468e-09
1.165259e-09
1.027997e-09
8.236142e-10
5.351377e-10
1.519243e-10
-3.325458e-10
-9.177302e-10
-1.598548e-09
-2.363440e-09
-3.200839e-09
-4.100440e-09
-5.058467e-09
-6.072745e-09
-7.142055e-09
-8.259663e-09
-9.415670e-09
-1.059399e-08
-1.177581e-08
-1.293545e-08
-1.404350e-08
-1.506522e-08
-1.596733e-08
-1.671779e-08
-1.728988e-08
-1.765784e-08
-1.779887e-08
-1.769026e-08
-1.731389e-08
-1.665551e-08
-1.570953e-08
-1.447854e-08
-1.297682e-08
-1.122727e-08
-9.261039e-09
-7.113118e-09
-4.823264e-09
-2.434785e-09
3.767962e-12
2.441479e-09
4.827010e-09
7.112698e-09
9.255270e-09
1.121633e-08
1.296140e-08
1.446090e-08
1.569214e-08
1.664141e-08
1.730476e-08
1.768689e-08
1.780016e-08
1.766265e-08
1.729691e-08
1.672712e-08
1.597891e-08
1.507930e-08
1.405914e-08
1.295182e-08
1.179142e-08
1.060790e-08
9.426337e-09
8.266254e-09
7.143734e-09
6.070199e-09
5.052777e-09
4.093631e-09
3.194032e-09
2.357485e-09
1.593090e-09
9.128049e-10
3.280287e-10
-1.552122e-10
-5.368227e-10
-8.232968e-10
-1.026525e-09
-1.163548e-09
-1.252892e-09
-1.310015e-09
-1.342412e-09
-1.349597e-09
-1.326724e-09
-1.269876e-09
-1.178442e-09
-1.054060e-09
-8.982872e-10
-7.115595e-10
-4.952816e-10
-2.543514e-10
-7.843171e-13
2.911303e-10
5.723870e-10
8.336180e-10
1.066660e-09
1.265971e-09
1.427701e-09
1.552307e-09
1.644048e-09
1.712096e-09
1.764885e-09
1.806214e-09
1.828352e-09
1.814374e-09
1.740930e-09
1.587646e-09
1.338698e-09
9.860766e-10
5.256571e-10
-4.008212e-11
-7.051563e-10
-1.458753e-09
-2.292618e-09
-3.201278e-09
-4.185397e-09
-5.244608e-09
-6.377023e-09
-7.573872e-09
-8.823631e-09
-1.010906e-08
-1.141037e-08
-1.270003e-08
-1.394605e-08
-1.511030e-08
-1.615591e-08
-1.704636e-08
-1.774995e-08
-1.823573e-08
-1.847680e-08
-1.844773e-08
-1.812888e-08
-1.750472e-08
-1.656908e-08
-1.532448e-08
-1.378537e-08
-1.197320e-08
-9.915900e-09
-7.645016e-09
-5.200160e-09
-2.630349e-09
3.988011e-12
2.636603e-09
5.201406e-09
7.640285e-09
9.905413e-09
1.195879e-08
1.376860e-08
1.530739e-08
1.655309e-08
1.749182e-08
1.812014e-08
1.844405e-08
1.847747e-08
1.824000e-08
1.775666e-08
1.705565e-08
1.616777e-08
1.512502e-08
1.396245e-08
1.271700e-08
1.142626e-08
1.012319e-08
8.834885e-09
7.581668e-09
6.380295e-09
5.243547e-09
4.180627e-09
3.194839e-09
2.286014e-09
1.453315e-09
7.006447e-10
3.628288e-11
-5.293426e-10
-9.891222e-10
-1.340739e-09
-1.587971e-09
-1.740010e-09
-1.812801e-09
-1.827347e-09
-1.806001e-09
-1.765467e-09
-1.712594e-09
-1.644198e-09
-1.551800e-09
-1.427019e-09
-1.265222e-09
-1.066346e-09
-8.337207e-10
-5.732226e-10
-2.923815e-10
-1.875375e-12
3.287521e-10
6.516954e-10
9.584013e-10
1.238473e-09
1.483121e-09
1.687414e-09
1.854972e-09
1.996073e-09
2.124823e-09
2.249477e-09
2.368109e-09
2.464926e-09
2.517447e-09
2.501454e-09
2.399167e-09
2.197320e-09
1.888562e-09
1.467678e-09
9.359227e-10
2.980043e-10
-4.373107e-10
-1.265447e-09
-2.184833e-09
-3.198519e-09
-4.305908e-09
-5.503742e-09
-6.782100e-09
-8.129426e-09
-9.528573e-09
-1.095939e-08
-1.239261e-08
-1.379370e-08
-1.512106e-08
-1.633358e-08
-1.738902e-08
-1.824923e-08
-1.887685e-08
-1.924011e-08
-1.930970e-08
-1.906288e-08
-1.848151e-08
-1.755854e-08
-1.629707e-08
-1.471208e-08
-1.282343e-08
-1.065608e-08
-8.239823e-09
-5.617037e-09
-2.844772e-09
4.505462e-12
2.851078e-09
5.616085e-09
8.231072e-09
1.064151e-08
1.280681e-08
1.469579e-08
1.628258e-08
1.754574e-08
1.847096e-08
1.905502e-08
1.930575e-08
1.924014e-08
1.888072e-08
1.825582e-08
1.739818e-08
1.634497e-08
1.513485e-08
1.380863e-08
1.240757e-08
1.097287e-08
9.540439e-09
8.139251e-09
6.789810e-09
5.508117e-09
4.306445e-09
3.194929e-09
2.178713e-09
1.258519e-09
4.317020e-10
-3.017854e-10
-9.377432e-10
-1.468427e-09
-1.888363e-09
-2.196584e-09
-2.397663e-09
-2.499738e-09
-2.515711e-09
-2.463779e-09
-2.367153e-09
-2.248419e-09
-2.122916e-09
-1.993682e-09
-1.852635e-09
-1.686340e-09
-1.483598e-09
-1.240611e-09
-9.614267e-10
-6.552964e-10
-3.323695e-10
-2.300084e-12
3.689946e-10
7.342163e-10
1.085640e-09
1.412194e-09
1.704534e-09
1.959045e-09
2.182805e-09
2.389225e-09
2.592106e-09
2.794602e-09
2.987579e-09
3.150449e-09
3.261540e-09
3.301499e-09
3.257110e-09
3.115474e-09
2.865770e-09
2.498274e-09
2.011356e-09
1.408040e-09
6.951677e-10
-1.255776e-10
-1.054774e-09
-2.095772e-09
-3.246847e-09
-4.504514e-09
-5.860148e-09
-7.304413e-09
-8.821493e-09
-1.039117e-08
-1.198228e-08
-1.355750e-08
-1.507134e-08
-1.647761e-08
-1.772725e-08
-1.877490e-08
-1.957627e-08
-2.009355e-08
-2.029101e-08
-2.013964e-08
-1.961624e-08
-1.871202e-08
-1.743044e-08
-1.578680e-08
-1.379962e-08
-1.149333e-08
-8.900943e-09
-6.072988e-09
-3.077158e-09
3.917571e-12
3.082078e-09
6.070229e-09
8.890415e-09
1.147793e-08
1.378399e-08
1.577342e-08
1.741995e-08
1.870296e-08
1.960813e-08
2.013269e-08
2.028708e-08
2.009367e-08
1.958097e-08
1.878286e-08
1.773752e-08
1.648903e-08
1.508378e-08
1.356972e-08
1.199345e-08
1.040017e-08
8.828945e-09
7.310777e-09
5.866144e-09
4.509029e-09
3.248768e-09
2.093620e-09
1.049137e-09
1.178485e-10
-7.021830e-10
-1.412664e-09
-2.012348e-09
-2.496161e-09
-2.861140e-09
-3.109921e-09
-3.251669e-09
-3.297578e-09
-3.259304e-09
-3.149783e-09
-2.987011e-09
-2.793089e-09
-2.588790e-09
-2.385143e-09
-2.179512e-09
-1.958617e-09
-1.707370e-09
-1.417735e-09
-1.091988e-09
-7.402088e-10
-3.739163e-10
-2.111308e-12
4.106361e-10
8.178876e-10
1.213236e-09
1.587114e-09
1.932385e-09
2.247988e-09
2.542572e-09
2.827897e-09
3.112248e-09
3.391343e-09
3.651216e-09
3.872372e-09
4.039736e-09
4.141054e-09
4.165561e-09
4.096609e-09
3.916873e-09
3.611506e-09
3.176734e-09
2.614504e-09
1.929981e-09
1.122828e-09
1.919865e-10
-8.651257e-10
-2.046888e-09
-3.352771e-09
-4.778649e-09
-6.319000e-09
-7.959388e-09
-9.678845e-09
-1.144370e-08
-1.321349e-08
-1.493841e-08
-1.656651e-08
-1.804161e-08
-1.931146e-08
-2.032468e-08
-2.103547e-08
-2.139786e-08
-2.137267e-08
-2.092897e-08
-2.005471e-08
-1.875205e-08
-1.703545e-08
-1.492320e-08
-1.244392e-08
-9.640384e-09
-6.576807e-09
-3.333008e-09
9.370559e-13
3.333265e-09
6.572456e-09
9.631527e-09
1.243236e-08
1.491227e-08
1.702670e-08
1.874566e-08
2.004888e-08
2.092300e-08
2.136679e-08
2.139447e-08
2.103636e-08
2.033097e-08
1.932161e-08
1.805376e-08
1.657846e-08
1.494965e-08
1.322299e-08
1.145110e-08
9.683413e-09
7.962342e-09
6.321579e-09
4.782446e-09
3.357061e-09
2.050309e-09
8.651237e-10
-1.961680e-10
-1.130826e-09
-1.938937e-09
-2.621722e-09
-3.179405e-09
-3.608986e-09
-3.909458e-09
-4.086765e-09
-4.155812e-09
-4.134279e-09
-4.036722e-09
-3.872661e-09
-3.652242e-09
-3.391012e-09
-3.109183e-09
-2.823491e-09
-2.539245e-09
-2.248692e-09
-1.937709e-09
-1.595897e-09
-1.222430e-09
-8.254568e-10
-4.157503e-10
-1.604210e-12
4.517355e-10
9.002900e-10
1.340003e-09
1.764750e-09
2.171040e-09
2.559545e-09
2.936872e-09
3.308396e-09
3.674130e-09
4.023887e-09
4.344089e-09
4.621881e-09
4.850871e-09
5.023462e-09
5.126797e-09
5.137703e-09
5.033013e-09
4.795297e-09
4.420228e-09
3.908575e-09
3.263458e-09
2.483452e-09
1.568130e-09
5.145994e-10
-6.796610e-10
-2.021483e-09
-3.513232e-09
-5.152339e-09
-6.924049e-09
-8.805540e-09
-1.076054e-08
-1.274568e-08
-1.470649e-08
-1.658450e-08
-1.831670e-08
-1.984476e-08
-2.110955e-08
-2.205450e-08
-2.262014e-08
-2.275541e-08
-2.242041e-08
-2.159692e-08
-2.028067e-08
-1.848199e-08
-1.622022e-08
-1.353429e-08
-1.048342e-08
-7.149393e-09
-3.624270e-09
-4.078358e-12
3.617096e-09
7.143686e-09
1.047914e-08
1.353020e-08
1.621632e-08
1.847829e-08
2.027773e-08
2.159387e-08
2.241699e-08
2.275165e-08
2.261820e-08
2.205637e-08
2.111691e-08
1.985629e-08
1.832998e-08
1.659638e-08
1.471613e-08
1.275243e-08
1.076472e-08
8.806783e-09
6.923895e-09
5.152423e-09
3.515789e-09
2.026219e-09
6.852897e-10
-5.113026e-10
-1.569146e-09
-2.489883e-09
-3.273213e-09
-3.918696e-09
-4.426588e-09
-4.795663e-09
-5.026481e-09
-5.126646e-09
-5.114633e-09
-5.014541e-09
-4.847101e-09
-4.623162e-09
-4.347291e-09
-4.026001e-09
-3.672970e-09
-3.305187e-09
-2.934381e-09
-2.561364e-09
-2.178060e-09
-1.775581e-09
-1.350844e-09
-9.084644e-10
-4.563052e-10
-1.159767e-12
4.904800e-10
9.796766e-10
1.466089e-09
1.947888e-09
2.424531e-09
2.895569e-09
3.361564e-09
3.818812e-09
4.260048e-09
4.673961e-09
5.053009e-09
5.393444e-09
5.694920e-09
5.949001e-09
6.136934e-09
6.229922e-09
6.203035e-09
6.039624e-09
5.735132e-09
5.288082e-09
4.699640e-09
3.968628e-09
3.094538e-09
2.069486e-09
8.805821e-10
-4.891304e-10
-2.046544e-09
-3.788369e-09
-5.698070e-09
-7.751990e-09
-9.913194e-09
-1.213612e-08
-1.436054e-08
-1.652015e-08
-1.854529e-08
-2.037079e-08
-2.192600e-08
-2.314019e-08
-2.394104e-08
-2.426961e-08
-2.407812e-08
-2.333792e-08
-2.202950e-08
-2.015247e-08
-1.772617e-08
-1.480517e-08
-1.147017e-08
-7.823149e-09
-3.968179e-09
-9.163125e-12
3.953613e-09
7.816575e-09
1.147128e-08
1.480924e-08
1.772945e-08
2.015339e-08
2.202947e-08
2.333752e-08
2.407764e-08
2.426851e-08
2.394078e-08
2.314249e-08
2.193316e-08
2.038232e-08
1.855887e-08
1.653167e-08
1.436854e-08
1.214017e-08
9.914335e-09
7.750356e-09
5.695529e-09
3.786876e-09
2.048847e-09
4.952139e-10
-8.719129e-10
-2.061848e-09
-3.090764e-09
-3.971213e-09
-4.707737e-09
-5.299404e-09
-5.745151e-09
-6.044884e-09
-6.200962e-09
-6.221699e-09
-6.125670e-09
-5.939776e-09
-5.690765e-09
-5.395273e-09
-5.058008e-09
-4.678835e-09
-4.261851e-09
-3.818098e-09
-3.360700e-09
-2.898268e-09
-2.431983e-09
-1.959010e-09
-1.477024e-09
-9.875944e-10
-4.943387e-10
-1.044057e-12
5.258796e-10
1.055516e-09
1.592532e-09
2.138737e-09
2.693746e-09
3.252079e-09
3.805401e-09
4.341416e-09
4.849926e-09
5.324506e-09
5.767233e-09
6.181813e-09
6.568072e-09
6.911331e-09
7.186239e-09
7.362529e-09
7.418253e-09
7.339279e-09
7.119923e-09
6.756387e-09
6.249432e-09
5.598225e-09
4.797032e-09
3.824812e-09
2.653739e-09
1.259963e-09
-3.612833e-10
-2.202835e-09
-4.249373e-09
-6.481344e-09
-8.864268e-09
-1.135022e-08
-1.387158e-08
-1.635379e-08
-1.872035e-08
-2.089321e-08
-2.278109e-08
-2.429665e-08
-2.536120e-08
-2.591508e-08
-2.590350e-08
-2.528341e-08
-2.401277e-08
-2.207342e-08
-1.947909e-08
-1.630105e-08
-1.264377e-08
-8.631438e-09
-4.381996e-09
-1.249660e-11
4.362687e-09
8.624679e-09
1.264916e-08
1.631157e-08
1.948827e-08
2.207826e-08
2.401498e-08
2.528451e-08
2.590399e-08
2.591443e-08
2.536080e-08
2.429794e-08
2.278668e-08
2.090373e-08
1.873439e-08
1.636644e-08
1.388011e-08
1.135357e-08
8.863648e-09
6.477092e-09
4.243797e-09
2.198750e-09
3.625764e-10
-1.252747e-09
-2.641813e-09
-3.812295e-09
-4.787484e-09
-5.595244e-09
-6.253334e-09
-6.766033e-09
-7.131424e-09
-7.348985e-09
-7.422248e-09
-7.360144e-09
-7.179008e-09
-6.903864e-09
-6.563983e-09
-6.183341e-09
-5.772775e-09
-5.331400e-09
-4.854880e-09
-4.344035e-09
-3.806893e-09
-3.255566e-09
-2.700520e-09
-2.148477e-09
-1.602114e-09
-1.062572e-09
-5.293080e-10
-1.284983e-12
5.580022e-10
1.128330e-09
1.720173e-09
2.336941e-09
2.974434e-09
3.618587e-09
4.251610e-09
4.856129e-09
5.425012e-09
5.961551e-09
6.477570e-09
6.979386e-09
7.460710e-09
7.897873e-09
8.261415e-09
8.524560e-09
8.671301e-09
8.690253e-09
8.574835e-09
8.321057e-09
7.930009e-09
7.396130e-09
6.698183e-09
5.794993e-09
4.647163e-09
3.234846e-09
1.562195e-09
-3.631299e-10
-2.536330e-09
-4.947681e-09
-7.565466e-09
-1.033758e-08
-1.318994e-08
-1.604279e-08
-1.881129e-08
-2.139286e-08
-2.366630e-08
-2.553046e-08
-2.690656e-08
-2.773036e-08
-2.793600e-08
-2.746575e-08
-2.625581e-08
-2.426971e-08
-2.150862e-08
-1.805446e-08
-1.403363e-08
-9.596224e-09
-4.876501e-09
-1.361737e-11
4.855855e-09
9.590046e-09
1.404161e-08
1.806888e-08
2.152173e-08
2.427717e-08
2.625867e-08
2.746510e-08
2.793351e-08
2.772674e-08
2.690340e-08
2.552947e-08
2.366939e-08
2.140132e-08
1.882542e-08
1.605788e-08
1.320207e-08
1.034426e-08
7.566874e-09
4.943126e-09
2.527613e-09
3.541989e-10
-1.564966e-09
-3.229000e-09
-4.633420e-09
-5.778045e-09
-6.682594e-09
-7.386637e-09
-7.927851e-09
-8.326117e-09
-8.584442e-09
-8.701712e-09
-8.680342e-09
-8.528752e-09
-8.259887e-09
-7.893544e-09
-7.456906e-09
-6.979546e-09
-6.481921e-09
-5.968967e-09
-5.432499e-09
-4.862362e-09
-4.256089e-09
-3.623127e-09
-2.980047e-09
-2.344273e-09
-1.727440e-09
-1.134190e-09
-5.613936e-10
-1.694814e-12
5.876582e-10
1.198899e-09
1.848336e-09
2.538201e-09
3.256685e-09
3.979272e-09
4.680734e-09
5.343920e-09
5.970220e-09
6.574556e-09
7.175287e-09
7.775357e-09
8.358169e-09
8.891729e-09
9.346560e-09
9.703080e-09
9.952492e-09
1.008710e-08
1.010188e-08
9.994164e-09
9.760358e-09
9.378641e-09
8.802361e-09
7.972675e-09
6.852665e-09
5.439219e-09
3.743571e-09
1.760773e-09
-5.259681e-10
-3.116393e-09
-5.976239e-09
-9.048048e-09
-1.225717e-08
-1.552338e-08
-1.875057e-08
-2.180313e-08
-2.453391e-08
-2.683376e-08
-2.860979e-08
-2.977016e-08
-3.023517e-08
-2.993463e-08
-2.879213e-08
-2.676178e-08
-2.382854e-08
-2.007828e-08
-1.565036e-08
-1.072228e-08
-5.454197e-09
-1.300897e-11
5.434942e-09
1.071758e-08
1.565972e-08
2.009421e-08
2.384280e-08
2.676766e-08
2.879203e-08
2.993042e-08
3.022869e-08
2.976468e-08
2.860473e-08
2.682953e-08
2.453372e-08
2.180825e-08
1.876283e-08
1.553961e-08
1.227322e-08
9.060447e-09
5.983617e-09
3.115853e-09
5.164902e-10
-1.775572e-09
-3.754263e-09
-5.439433e-09
-6.841139e-09
-7.953897e-09
-8.781950e-09
-9.362770e-09
-9.751296e-09
-9.992471e-09
-1.010612e-08
-1.009632e-08
-9.963346e-09
-9.712165e-09
-9.350492e-09
-8.890873e-09
-8.354611e-09
-7.773228e-09
-7.176820e-09
-6.580779e-09
-5.979092e-09
-5.353470e-09
-4.688566e-09
-3.985398e-09
-3.261384e-09
-2.542975e-09
-1.852980e-09
-1.203434e-09
-5.911980e-10
-2.004834e-12
6.156859e-10
1.267161e-09
1.973785e-09
2.734015e-09
3.526144e-09
4.315729e-09
5.074046e-09
5.789478e-09
6.475021e-09
7.155683e-09
7.851059e-09
8.555743e-09
9.241962e-09
9.872741e-09
1.042272e-08
1.088181e-08
1.124974e-08
1.152500e-08
1.170578e-08
1.178645e-08
1.174672e-08
1.153708e-08
1.108608e-08
1.033309e-08
9.261369e-09
7.887302e-09
6.212875e-09
4.202096e-09
1.812300e-09
-9.557428e-10
-4.057541e-09
-7.432925e-09
-1.101444e-08
-1.472279e-08
-1.845014e-08
-2.203880e-08
-2.532740e-08
-2.818760e-08
-3.047456e-08
-3.205060e-08
-3.282940e-08
-3.272295e-08
-3.165186e-08
-2.956551e-08
-2.643501e-08
-2.235214e-08
-1.746017e-08
-1.197657e-08
-6.095819e-09
-1.142519e-11
6.079162e-09
1.197430e-08
1.747021e-08
2.236793e-08
2.644765e-08
2.956449e-08
3.164327e-08
3.271212e-08
3.282276e-08
3.205021e-08
3.047128e-08
2.818026e-08
2.532273e-08
2.204024e-08
1.846074e-08
1.473940e-08
1.103328e-08
7.450349e-09
4.071461e-09
9.622686e-10
-1.818591e-09
-4.220744e-09
-6.233179e-09
-7.897969e-09
-9.257667e-09
-1.031769e-08
-1.106485e-08
-1.151740e-08
-1.173206e-08
-1.177773e-08
-1.170245e-08
-1.152808e-08
-1.125800e-08
-1.089218e-08
-1.043007e-08
-9.874662e-09
-9.238539e-09
-8.550992e-09
-7.848874e-09
-7.159380e-09
-6.483972e-09
-5.801507e-09
-5.085084e-09
-4.323862e-09
-3.530591e-09
-2.736783e-09
-1.976074e-09
-1.270371e-09
-6.192210e-10
-2.009098e-12
6.421888e-10
1.331318e-09
2.090467e-09
2.912792e-09
3.766695e-09
4.610546e-09
5.416678e-09
6.182597e-09
6.932751e-09
7.697905e-09
8.493350e-09
9.302918e-09
1.009013e-08
1.081786e-08
1.146841e-08
1.204300e-08
1.255167e-08
1.300045e-08
1.338698e-08
1.369158e-08
1.386550e-08
1.383171e-08
1.350969e-08
1.285843e-08
1.188810e-08
1.061923e-08
9.018332e-09
7.006674e-09
4.524320e-09
1.586651e-09
-1.748211e-09
-5.424526e-09
-9.386243e-09
-1.355902e-08
-1.782990e-08
-2.203851e-08
-2.600839e-08
-2.956104e-08
-3.246792e-08
-3.455194e-08
-3.569508e-08
-3.579499e-08
-3.477685e-08
-3.255745e-08
-2.913058e-08
-2.463392e-08
-1.922576e-08
-1.316401e-08
-6.695392e-09
-9.634125e-12
6.681043e-09
1.316473e-08
1.923643e-08
2.464862e-08
2.914121e-08
3.255393e-08
3.476234e-08
3.577548e-08
3.569005e-08
3.455405e-08
3.246216e-08
2.955048e-08
2.599923e-08
2.203735e-08
1.784136e-08
1.357804e-08
9.408319e-09
5.445407e-09
1.766548e-09
-1.573122e-09
-4.524109e-09
-7.024287e-09
-9.045373e-09
-1.064046e-08
-1.189542e-08
-1.285151e-08
-1.349351e-08
-1.381376e-08
-1.385009e-08
-1.367922e-08
-1.337721e-08
-1.299575e-08
-1.255353e-08
-1.205021e-08
-1.147568e-08
-1.082078e-08
-1.008660e-08
-9.295952e-09
-8.487670e-09
-7.698633e-09
-6.940745e-09
-6.195902e-09
-5.430114e-09
-4.620598e-09
-3.771460e-09
-2.914358e-09
-2.090972e-09
-1.333257e-09
-6.452999e-10
-1.632167e-12
6.661155e-10
1.387654e-09
2.190351e-09
3.062133e-09
3.963798e-09
4.850509e-09
5.699291e-09
6.517587e-09
7.338179e-09
8.192081e-09
9.086339e-09
9.994914e-09
1.087768e-08
1.170252e-08
1.246214e-08
1.317021e-08
1.384741e-08
1.450398e-08
1.512697e-08
1.567205e-08
1.606173e-08
1.620786e-08
1.604270e-08
1.555556e-08
1.476931e-08
1.368121e-08
1.220235e-08
1.021791e-08
7.667261e-09
4.587329e-09
1.046651e-09
-2.917099e-09
-7.270214e-09
-1.194586e-08
-1.681912e-08
-2.174934e-08
-2.653256e-08
-3.093283e-08
-3.459647e-08
-3.725165e-08
-3.870839e-08
-3.881482e-08
-3.757634e-08
-3.492600e-08
-3.096602e-08
-2.598149e-08
-2.013859e-08
-1.370971e-08
-6.971219e-09
-8.338942e-12
6.958520e-09
1.371276e-08
2.015022e-08
2.599448e-08
3.097336e-08
3.491973e-08
3.755985e-08
3.879553e-08
3.870342e-08
3.724966e-08
3.458709e-08
3.092226e-08
2.652467e-08
2.174997e-08
1.683264e-08
1.196496e-08
7.292481e-09
2.937063e-09
-1.028586e-09
-4.569852e-09
-7.659714e-09
-1.022923e-08
-1.222957e-08
-1.370727e-08
-1.478464e-08
-1.555706e-08
-1.603455e-08
-1.619674e-08
-1.605224e-08
-1.566294e-08
-1.511639e-08
-1.449426e-08
-1.384223e-08
-1.317089e-08
-1.246526e-08
-1.170353e-08
-1.087314e-08
-9.986409e-09
-9.078344e-09
-8.190466e-09
-7.344835e-09
-6.530967e-09
-5.713817e-09
-4.861741e-09
-3.968973e-09
-3.063101e-09
-2.189616e-09
-1.388351e-09
-6.682806e-10
-9.136407e-13
6.853983e-10
1.431249e-09
2.265179e-09
3.171511e-09
4.107195e-09
5.028047e-09
5.917378e-09
6.790593e-09
7.684029e-09
8.624186e-09
9.608865e-09
1.060618e-08
1.157861e-08
1.250331e-08
1.338440e-08
1.424726e-08
1.511984e-08
1.600853e-08
1.687970e-08
1.766411e-08
1.827062e-08
1.862357e-08
1.867898e-08
1.844650e-08
1.793316e-08
1.709234e-08
1.578108e-08
1.387036e-08
1.130928e-08
8.148563e-09
4.455886e-09
2.207431e-10
-4.565891e-09
-9.812942e-09
-1.537375e-08
-2.115604e-08
-2.694116e-08
-3.235339e-08
-3.676323e-08
-3.978928e-08
-4.107864e-08
-4.063199e-08
-3.863642e-08
-3.520200e-08
-3.073492e-08
-2.544496e-08
-1.947713e-08
-1.315613e-08
-6.682731e-09
-7.678637e-12
6.671614e-09
1.315982e-08
1.948964e-08
2.545651e-08
3.073782e-08
3.518878e-08
3.861951e-08
4.062042e-08
4.107300e-08
3.978491e-08
3.675233e-08
3.233899e-08
2.691440e-08
2.116157e-08
1.541551e-08
9.835216e-09
4.582011e-09
-2.068230e-10
-4.442440e-09
-8.131067e-09
-1.129618e-08
-1.387351e-08
-1.580319e-08
-1.711609e-08
-1.794946e-08
-1.845056e-08
-1.867546e-08
-1.861891e-08
-1.827028e-08
-1.766431e-08
-1.687577e-08
-1.600043e-08
-1.511144e-08
-1.424136e-08
-1.338044e-08
-1.249887e-08
-1.157103e-08
-1.059614e-08
-9.599906e-09
-8.621610e-09
-7.689795e-09
-6.803323e-09
-5.931671e-09
-5.039332e-09
-4.112365e-09
-3.172053e-09
-2.263491e-09
-1.430648e-09
-6.861328e-10
3.366404e-14
6.975297e-10
1.457243e-09
2.308358e-09
3.234187e-09
4.191806e-09
5.140267e-09
6.068482e-09
6.996070e-09
7.958277e-09
8.974653e-09
1.003599e-08
1.111053e-08
1.216901e-08
1.319962e-08
1.421626e-08
1.525255e-08
1.633754e-08
1.746600e-08
1.858109e-08
1.960175e-08
2.044540e-08
2.106344e-08
2.142633e-08
2.154020e-08
2.137291e-08
2.083455e-08
1.974663e-08
1.798862e-08
1.551723e-08
1.238093e-08
8.632980e-09
4.145540e-09
-1.162163e-09
-7.137648e-09
-1.363084e-08
-2.057094e-08
-2.761593e-08
-3.398248e-08
-3.858012e-08
-4.102773e-08
-4.128330e-08
-4.000038e-08
-3.724846e-08
-3.313742e-08
-2.842511e-08
-2.316419e-08
-1.747467e-08
-1.170088e-08
-5.915038e-09
-6.490304e-12
5.906016e-09
1.170254e-08
1.748492e-08
2.317391e-08
2.842602e-08
3.312202e-08
3.723015e-08
3.998985e-08
4.127875e-08
4.102804e-08
3.857216e-08
3.396427e-08
2.756208e-08
2.058090e-08
1.370569e-08
7.165069e-09
1.172940e-09
-4.136296e-09
-8.622528e-09
-1.236534e-08
-1.550230e-08
-1.798706e-08
-1.976426e-08
-2.085423e-08
-2.138657e-08
-2.154201e-08
-2.142210e-08
-2.106044e-08
-2.045176e-08
-1.961208e-08
-1.858791e-08
-1.746583e-08
-1.633237e-08
-1.524392e-08
-1.420520e-08
-1.318699e-08
-1.215544e-08
-1.109759e-08
-1.002654e-08
-8.972447e-09
-7.964188e-09
-7.008190e-09
-6.081755e-09
-5.150610e-09
-4.196347e-09
-3.234116e-09
-2.305716e-09
-1.455204e-09
-6.964857e-10
1.037483e-12
7.002052e-10
1.461915e-09
2.316013e-09
3.247447e-09
4.216467e-09
5.186201e-09
6.148905e-09
7.124473e-09
8.144042e-09
9.220668e-09
1.034271e-08
1.148462e-08
1.262848e-08
1.377208e-08
1.493472e-08
1.615372e-08
1.745420e-08
1.881722e-08
2.016958e-08
2.143778e-08
2.256358e-08
2.352155e-08
2.427416e-08
2.480434e-08
2.503546e-08
2.484741e-08
2.405074e-08
2.255612e-08
2.031374e-08
1.734117e-08
1.364873e-08
8.910635e-09
2.944265e-09
-4.139044e-09
-1.222648e-08
-2.079520e-08
-2.897105e-08
-3.540497e-08
-3.899984e-08
-3.982294e-08
-3.859766e-08
-3.621089e-08
-3.266274e-08
-2.826863e-08
-2.366370e-08
-1.892612e-08
-1.410761e-08
-9.383422e-09
-4.730924e-09
-4.305094e-12
4.724800e-09
9.382510e-09
1.411267e-08
1.893190e-08
2.366463e-08
2.825922e-08
3.264877e-08
3.619961e-08
3.859441e-08
3.982828e-08
3.899985e-08
3.540900e-08
2.897794e-08
2.080880e-08
1.223956e-08
4.147609e-09
-2.934079e-09
-8.900492e-09
-1.363880e-08
-1.732862e-08
-2.030116e-08
-2.255496e-08
-2.406737e-08
-2.486550e-08
-2.504773e-08
-2.480455e-08
-2.426838e-08
-2.351762e-08
-2.257311e-08
-2.145527e-08
-2.018600e-08
-1.882684e-08
-1.745724e-08
-1.614807e-08
-1.491983e-08
-1.375086e-08
-1.260638e-08
-1.146634e-08
-1.033179e-08
-9.219242e-09
-8.151084e-09
-7.136635e-09
-6.161176e-09
-5.195181e-09
-4.219952e-09
-3.246503e-09
-2.312303e-09
-1.458343e-09
-6.972882e-10
1.854645e-12
6.916626e-10
1.443002e-09
2.286657e-09
3.211118e-09
4.181314e-09
5.163896e-09
6.151854e-09
7.162568e-09
8.222227e-09
9.340105e-09
1.050737e-08
1.170910e-08
1.293845e-08
1.419852e-08
1.550886e-08
1.690792e-08
1.841641e-08
2.000571e-08
2.159729e-08
2.314037e-08
2.460280e-08
2.596546e-08
2.716450e-08
2.815775e-08
2.882820e-08
2.904051e-08
2.863511e-08
2.756043e-08
2.574467e-08
2.306843e-08
1.943447e-08
1.417773e-08
7.067163e-09
-1.789384e-09
-1.214116e-08
-2.187453e-08
-2.951844e-08
-3.417127e-08
-3.554517e-08
-3.444407e-08
-3.196797e-08
-2.895667e-08
-2.550958e-08
-2.178370e-08
-1.803769e-08
-1.429759e-08
-1.056489e-08
-7.010259e-09
-3.552434e-09
-1.941676e-12
3.549497e-09
7.008175e-09
1.056521e-08
1.429880e-08
1.803865e-08
2.178063e-08
2.550377e-08
2.894966e-08
3.196497e-08
3.444754e-08
3.555039e-08
3.419205e-08
2.957435e-08
2.188828e-08
1.209473e-08
1.782667e-09
-7.057153e-09
-1.416817e-08
-1.942896e-08
-2.306089e-08
-2.573455e-08
-2.755983e-08
-2.865076e-08
-2.905688e-08
-2.883901e-08
-2.815695e-08
-2.715821e-08
-2.596097e-08
-2.461428e-08
-2.316242e-08
-2.161987e-08
-2.002244e-08
-1.842842e-08
-1.690970e-08
-1.549530e-08
-1.417129e-08
-1.290723e-08
-1.168321e-08
-1.049292e-08
-9.338546e-09
-8.230623e-09
-7.175470e-09
-6.163723e-09
-5.171760e-09
-4.183773e-09
-3.209269e-09
-2.281935e-09
-1.438073e-09
-6.871978e-10
2.184138e-12
6.706251e-10
1.399189e-09
2.219812e-09
3.125286e-09
4.085282e-09
5.068861e-09
6.067828e-09
7.095896e-09
8.175087e-09
9.314528e-09
1.051257e-08
1.176697e-08
1.307880e-08
1.445130e-08
1.590057e-08
1.746745e-08
1.917174e-08
2.098154e-08
2.282106e-08
2.466796e-08
2.650696e-08
2.831073e-08
2.998854e-08
3.148546e-08
3.264581e-08
3.335229e-08
3.353159e-08
3.311507e-08
3.194350e-08
2.963404e-08
2.565111e-08
1.901909e-08
9.772641e-09
-1.057401e-09
-1.244216e-08
-2.130383e-08
-2.645274e-08
-2.806270e-08
-2.684647e-08
-2.438950e-08
-2.163120e-08
-1.882566e-08
-1.606587e-08
-1.348908e-08
-1.106459e-08
-8.724304e-09
-6.462128e-09
-4.290770e-09
-2.158833e-09
-1.053230e-12
2.157441e-09
4.289160e-09
6.461479e-09
8.723478e-09
1.106445e-08
1.348790e-08
1.606414e-08
1.882193e-08
2.162831e-08
2.439083e-08
2.685442e-08
2.807837e-08
2.647482e-08
2.130878e-08
1.242304e-08
1.056080e-09
-9.770265e-09
-1.901872e-08
-2.565171e-08
-2.962635e-08
-3.192836e-08
-3.311110e-08
-3.354402e-08
-3.336694e-08
-3.265557e-08
-3.148301e-08
-2.998180e-08
-2.830541e-08
-2.651920e-08
-2.469241e-08
-2.284653e-08
-2.100080e-08
-1.918960e-08
-1.747773e-08
-1.589291e-08
-1.442253e-08
-1.304042e-08
-1.173279e-08
-1.049265e-08
-9.310984e-09
-8.183963e-09
-7.109641e-09
-6.079929e-09
-5.076242e-09
-4.087187e-09
-3.122892e-09
-2.214532e-09
-1.393555e-09
-6.655031e-10
1.746835e-12
6.360700e-10
1.329330e-09
2.114551e-09
2.988538e-09
3.924926e-09
4.894332e-09
5.886506e-09
6.911516e-09
7.988491e-09
9.129781e-09
1.034379e-08
1.164098e-08
1.302597e-08
1.449793e-08
1.606829e-08
1.778410e-08
1.966883e-08
2.169200e-08
2.378322e-08
2.594645e-08
2.817323e-08
3.042725e-08
3.260821e-08
3.466014e-08
3.639612e-08
3.776436e-08
3.875443e-08
3.924356e-08
3.877538e-08
3.666397e-08
3.152050e-08
2.240810e-08
1.063463e-08
-1.277836e-09
-1.109847e-08
-1.660246e-08
-1.827110e-08
-1.781495e-08
-1.655877e-08
-1.527352e-08
-1.396416e-08
-1.254805e-08
-1.107361e-08
-9.578042e-09
-8.062188e-09
-6.513093e-09
-4.927471e-09
-3.311243e-09
-1.666948e-09
-6.159736e-13
1.666253e-09
3.310132e-09
4.926935e-09
6.512188e-09
8.061648e-09
9.576828e-09
1.107239e-08
1.254657e-08
1.396357e-08
1.527445e-08
1.656329e-08
1.782182e-08
1.827454e-08
1.660115e-08
1.109318e-08
1.273240e-09
-1.064364e-08
-2.241470e-08
-3.151264e-08
-3.665292e-08
-3.874708e-08
-3.922026e-08
-3.876437e-08
-3.778315e-08
-3.641157e-08
-3.466026e-08
-3.260506e-08
-3.042344e-08
-2.818599e-08
-2.597093e-08
-2.380887e-08
-2.170962e-08
-1.968785e-08
-1.780076e-08
-1.606875e-08
-1.447204e-08
-1.298416e-08
-1.159990e-08
-1.031763e-08
-9.122355e-09
-7.996146e-09
-6.925327e-09
-5.899013e-09
-4.901846e-09
-3.926987e-09
-2.986319e-09
-2.109606e-09
-1.324155e-09
-6.317286e-10
4.180163e-13
5.871392e-10
1.232049e-09
1.968882e-09
2.797579e-09
3.694846e-09
4.632675e-09
5.598628e-09
6.599394e-09
7.652044e-09
8.774722e-09
9.987411e-09
1.131239e-08
1.275361e-08
1.430375e-08
1.596991e-08
1.780929e-08
1.985271e-08
2.207400e-08
2.440715e-08
2.687672e-08
2.947846e-08
3.218025e-08
3.489582e-08
3.757814e-08
4.000283e-08
4.222294e-08
4.423637e-08
4.570310e-08
4.557817e-08
4.298491e-08
3.586009e-08
2.356456e-08
1.001166e-08
-9.687063e-10
-7.820805e-09
-1.106730e-08
-1.223990e-08
-1.241356e-08
-1.210234e-08
-1.151319e-08
-1.070992e-08
-9.766355e-09
-8.712271e-09
-7.584095e-09
-6.403726e-09
-5.179422e-09
-3.916123e-09
-2.627671e-09
-1.320654e-09
-3.638009e-13
1.320232e-09
2.626890e-09
3.915647e-09
5.178669e-09
6.403259e-09
7.583293e-09
8.711477e-09
9.765327e-09
1.070968e-08
1.151319e-08
1.210287e-08
1.241581e-08
1.224247e-08
1.106765e-08
7.818213e-09
9.624682e-10
-1.002159e-08
-2.356873e-08
-3.583665e-08
-4.296402e-08
-4.554643e-08
-4.565126e-08
-4.423158e-08
-4.224862e-08
-4.002742e-08
-3.758465e-08
-3.490252e-08
-3.218450e-08
-2.949584e-08
-2.690111e-08
-2.443170e-08
-2.208764e-08
-1.986926e-08
-1.782894e-08
-1.597821e-08
-1.428348e-08
-1.271219e-08
-1.126715e-08
-9.955773e-09
-8.762268e-09
-7.656601e-09
-6.611842e-09
-5.611133e-09
-4.640683e-09
-3.697798e-09
-2.796441e-09
-1.965426e-09
-1.228778e-09
-5.852780e-10
-1.659260e-12
5.233080e-10
1.105986e-09
1.780218e-09
2.548157e-09
3.389122e-09
4.276930e-09
5.196944e-09
6.152272e-09
7.158010e-09
8.239906e-09
9.430215e-09
1.076188e-08
1.223504e-08
1.383501e-08
1.556502e-08
1.749522e-08
1.966730e-08
2.206188e-08
2.461477e-08
2.736409e-08
3.031521e-08
3.345827e-08
3.674064e-08
4.012337e-08
4.332525e-08
4.656809e-08
4.976642e-08
5.215570e-08
5.193102e-08
4.730349e-08
3.635749e-08
2.103672e-08
7.544229e-09
-1.467765e-09
-6.451596e-09
-8.809061e-09
-9.714441e-09
-9.787928e-09
-9.439972e-09
-8.882334e-09
-8.189799e-09
-7.407620e-09
-6.563346e-09
-5.682582e-09
-4.774639e-09
-3.845843e-09
-2.898854e-09
-1.941218e-09
-9.744945e-10
-1.925498e-13
9.743271e-10
1.940680e-09
2.898491e-09
3.845200e-09
4.774321e-09
5.682049e-09
6.563106e-09
7.407126e-09
8.189871e-09
8.882452e-09
9.440940e-09
9.788938e-09
9.715694e-09
8.808541e-09
6.449237e-09
1.460091e-09
-7.560197e-09
-2.107915e-08
-3.634102e-08
-4.719140e-08
-5.186212e-08
-5.208993e-08
-4.973809e-08
-4.659713e-08
-4.336830e-08
-4.013509e-08
-3.675754e-08
-3.347376e-08
-3.034148e-08
-2.738999e-08
-2.463853e-08
-2.207130e-08
-1.968008e-08
-1.751527e-08
-1.557958e-08
-1.382104e-08
-1.219665e-08
-1.071540e-08
-9.394864e-09
-8.222298e-09
-7.158037e-09
-6.161814e-09
-5.208720e-09
-4.285570e-09
-3.393617e-09
-2.548985e-09
-1.779343e-09
-1.105917e-09
-5.253778e-10
-4.055031e-12
4.446414e-10
9.503717e-10
1.546400e-09
2.236532e-09
3.002909e-09
3.821933e-09
4.676459e-09
5.565142e-09
6.500692e-09
7.517619e-09
8.660578e-09
9.972035e-09
1.144662e-08
1.306226e-08
1.481855e-08
1.679997e-08
1.906331e-08
2.159803e-08
2.433813e-08
2.732695e-08
3.059200e-08
3.416053e-08
3.803376e-08
4.215933e-08
4.621575e-08
5.047990e-08
5.468629e-08
5.774256e-08
5.627140e-08
4.694170e-08
3.083240e-08
1.428323e-08
2.887416e-09
-3.256133e-09
-6.123897e-09
-7.186394e-09
-7.369996e-09
-7.167918e-09
-6.787607e-09
-6.304987e-09
-5.754381e-09
-5.159634e-09
-4.538563e-09
-3.905018e-09
-3.264311e-09
-2.618667e-09
-1.967937e-09
-1.315518e-09
-6.597227e-10
-1.083769e-13
6.597342e-10
1.315148e-09
1.967740e-09
2.618099e-09
3.264101e-09
3.904551e-09
4.538650e-09
5.159433e-09
5.755002e-09
6.305267e-09
6.789034e-09
7.168554e-09
7.371239e-09
7.185019e-09
6.121661e-09
3.249445e-09
-2.908211e-09
-1.434334e-08
-3.077794e-08
-4.673938e-08
-5.616282e-08
-5.770101e-08
-5.470474e-08
-5.050502e-08
-4.627961e-08
-4.217892e-08
-3.806009e-08
-3.418458e-08
-3.062618e-08
-2.735380e-08
-2.436073e-08
-2.160367e-08
-1.907285e-08
-1.681951e-08
-1.483768e-08
-1.305384e-08
-1.141233e-08
-9.926560e-09
-8.623581e-09
-7.495579e-09
-6.495526e-09
-5.570656e-09
-4.686878e-09
-3.831326e-09
-3.009517e-09
-2.240029e-09
-1.548815e-09
-9.542007e-10
-4.513001e-10
-6.163046e-12
3.518417e-10
7.653940e-10
1.266530e-09
1.860697e-09
2.533662e-09
3.265138e-09
4.034776e-09
4.835503e-09
5.677119e-09
6.603320e-09
7.670706e-09
8.930150e-09
1.037062e-08
1.196329e-08
1.370390e-08
1.569105e-08
1.800028e-08
2.063092e-08
2.351168e-08
2.668448e-08
3.021700e-08
3.417688e-08
3.863947e-08
4.350101e-08
4.839982e-08
5.352141e-08
5.856567e-08
6.130670e-08
5.574255e-08
3.969049e-08
2.058880e-08
6.733863e-09
-4.502245e-10
-3.631654e-09
-4.805454e-09
-5.075465e-09
-4.986550e-09
-4.735491e-09
-4.406736e-09
-4.033863e-09
-3.635526e-09
-3.224415e-09
-2.810389e-09
-2.398932e-09
-1.991601e-09
-1.588701e-09
-1.189004e-09
-7.927830e-10
-3.970170e-10
-2.900192e-14
3.971971e-10
7.926117e-10
1.189019e-09
1.588302e-09
1.991517e-09
2.398492e-09
2.810545e-09
3.224219e-09
3.636236e-09
4.034050e-09
4.408104e-09
4.735682e-09
4.987631e-09
5.073288e-09
4.803198e-09
3.627606e-09
4.330583e-10
-6.772896e-09
-2.055207e-08
-3.956914e-08
-5.561308e-08
-6.119977e-08
-5.855975e-08
-5.354175e-08
-4.848288e-08
-4.353455e-08
-3.867711e-08
-3.420750e-08
-3.025476e-08
-2.670913e-08
-2.353043e-08
-2.063229e-08
-1.800738e-08
-1.571030e-08
-1.372620e-08
-1.195895e-08
-1.034030e-08
-8.887091e-09
-7.633957e-09
-6.578100e-09
-5.666903e-09
-4.836586e-09
-4.043618e-09
-3.275555e-09
-2.542884e-09
-1.867280e-09
-1.272369e-09
-7.729387e-10
-3.626201e-10
-7.401683e-12
2.459675e-10
5.520674e-10
9.412186e-10
1.420993e-09
1.981901e-09
2.607349e-09
3.272893e-09
3.964439e-09
4.688463e-09
5.497313e-09
6.458452e-09
7.630110e-09
8.997017e-09
1.052463e-08
1.220410e-08
1.414584e-08
1.644491e-08
1.911190e-08
2.206753e-08
2.535524e-08
2.909090e-08
3.338208e-08
3.835057e-08
4.384421e-08
4.951088e-08
5.538988e-08
6.073082e-08
6.007599e-08
4.758282e-08
2.751226e-08
1.090531e-08
2.216324e-09
-1.346183e-09
-2.618015e-09
-2.977615e-09
-2.985105e-09
-2.847407e-09
-2.645738e-09
-2.411825e-09
-2.160907e-09
-1.906311e-09
-1.656315e-09
-1.416387e-09
-1.187707e-09
-9.704363e-10
-7.635925e-10
-5.654521e-10
-3.744775e-10
-1.868644e-10
3.157448e-14
1.871260e-10
3.744676e-10
5.656023e-10
7.633914e-10
9.704498e-10
1.187389e-09
1.416522e-09
1.656178e-09
1.906945e-09
2.161138e-09
2.412981e-09
2.645652e-09
2.848528e-09
2.982901e-09
2.976275e-09
2.616369e-09
1.342130e-09
-2.226398e-09
-1.088587e-08
-2.744775e-08
-4.762744e-08
-6.007683e-08
-6.056878e-08
-5.537209e-08
-4.958882e-08
-4.389405e-08
-3.839443e-08
-3.341732e-08
-2.912736e-08
-2.537511e-08
-2.207924e-08
-1.910784e-08
-1.644998e-08
-1.416534e-08
-1.222812e-08
-1.052234e-08
-8.969565e-09
-7.590103e-09
-6.423443e-09
-5.470401e-09
-4.674009e-09
-3.961459e-09
-3.280424e-09
-2.619221e-09
-1.994112e-09
-1.430745e-09
-9.500239e-10
-5.622930e-10
-2.593130e-10
-7.423888e-12
1.280141e-10
3.118445e-10
5.724412e-10
9.202411e-10
1.351517e-09
1.853218e-09
2.395940e-09
2.957570e-09
3.540982e-09
4.205581e-09
5.028139e-09
6.073351e-09
7.324379e-09
8.742248e-09
1.031233e-08
1.215181e-08
1.437135e-08
1.699632e-08
1.993996e-08
2.326324e-08
2.711492e-08
3.165126e-08
3.695598e-08
4.295171e-08
4.936001e-08
5.568059e-08
5.922581e-08
5.232643e-08
3.431995e-08
1.586831e-08
5.087428e-09
7.551420e-10
-7.071422e-10
-1.160675e-09
-1.267862e-09
-1.230222e-09
-1.129447e-09
-1.000258e-09
-8.577473e-10
-7.126573e-10
-5.752304e-10
-4.522600e-10
-3.467692e-10
-2.587603e-10
-1.872896e-10
-1.307719e-10
-8.701863e-11
-5.336830e-11
-2.549737e-11
7.082151e-14
2.579090e-11
5.345655e-11
8.722780e-11
1.307227e-10
1.873939e-10
2.586152e-10
3.469454e-10
4.522719e-10
5.758569e-10
7.130891e-10
8.590180e-10
1.000650e-09
1.131691e-09
1.229848e-09
1.266676e-09
1.156675e-09
6.992654e-10
-7.595962e-10
-5.058235e-09
-1.582896e-08
-3.443934e-08
-5.230761e-08
-5.898119e-08
-5.569041e-08
-4.943225e-08
-4.301765e-08
-3.700486e-08
-3.168815e-08
-2.714862e-08
-2.327747e-08
-1.994395e-08
-1.698678e-08
-1.437553e-08
-1.217251e-08
-1.033670e-08
-8.739625e-09
-7.297977e-09
-6.036271e-09
-4.995764e-09
-4.178386e-09
-3.523509e-09
-2.951501e-09
-2.402799e-09
-1.867000e-09
-1.366850e-09
-9.328911e-10
-5.833105e-10
-3.231703e-10
-1.417182e-10
-6.244425e-12
-1.282949e-12
4.645688e-11
1.634445e-10
3.636459e-10
6.496060e-10
1.011081e-09
1.413098e-09
1.825008e-09
2.245896e-09
2.739773e-09
3.390905e-09
4.269609e-09
5.360738e-09
6.622045e-09
8.031909e-09
9.705569e-09
1.176263e-08
1.424668e-08
1.707738e-08
2.034551e-08
2.421478e-08
2.886019e-08
3.426895e-08
4.061263e-08
4.755349e-08
5.333498e-08
5.251269e-08
3.978850e-08
2.144797e-08
8.452588e-09
2.799105e-09
9.148740e-10
3.262457e-10
1.221565e-10
7.012383e-11
8.748927e-11
1.408018e-10
2.075643e-10
2.780602e-10
3.425123e-10
3.929960e-10
4.235944e-10
4.324036e-10
4.191144e-10
3.852983e-10
3.325494e-10
2.637844e-10
1.822912e-10
9.303929e-11
1.099978e-13
-9.269593e-11
-1.821221e-10
-2.635210e-10
-3.325035e-10
-3.851406e-10
-4.191610e-10
-4.322129e-10
-4.235226e-10
-3.924752e-10
-3.420893e-10
-2.770761e-10
-2.071274e-10
-1.389905e-10
-8.708725e-11
-7.082895e-11
-1.252806e-10
-3.312736e-10
-9.187300e-10
-2.788260e-09
-8.436998e-09
-2.148486e-08
-3.976200e-08
-5.238495e-08
-5.334961e-08
-4.762280e-08
-4.067814e-08
-3.431484e-08
-2.889162e-08
-2.424515e-08
-2.035464e-08
-1.707565e-08
-1.423465e-08
-1.176905e-08
-9.729441e-09
-8.055883e-09
-6.617037e-09
-5.333419e-09
-4.234707e-09
-3.361284e-09
-2.713270e-09
-2.226687e-09
-1.817142e-09
-1.420071e-09
-1.027056e-09
-6.678182e-10
-3.785671e-10
-1.752481e-10
-5.721423e-11
-1.056808e-11
-4.233003e-12
-1.412043e-10
-2.417336e-10
-2.810569e-10
-2.414172e-10
-1.142068e-10
9.202713e-11
3.366200e-10
5.804863e-10
8.187695e-10
1.117090e-09
1.565156e-09
2.237708e-09
3.124188e-09
4.179860e-09
5.375883e-09
6.814711e-09
8.619620e-09
1.085499e-08
1.347401e-08
1.658936e-08
2.037087e-08
2.495223e-08
3.027256e-08
3.667925e-08
4.337369e-08
4.688377e-08
4.152579e-08
2.671545e-08
1.239098e-08
5.047902e-09
2.387726e-09
1.538378e-09
1.209459e-09
1.055201e-09
9.904695e-10
9.757511e-10
9.903557e-10
1.013860e-09
1.036959e-09
1.049357e-09
1.044026e-09
1.015072e-09
9.609094e-10
8.808573e-10
7.766729e-10
6.501292e-10
5.047632e-10
3.444752e-10
1.746865e-10
1.173232e-13
-1.743481e-10
-3.442932e-10
-5.045066e-10
-6.500636e-10
-7.765083e-10
-8.808811e-10
-9.607378e-10
-1.015013e-09
-1.043576e-09
-1.048952e-09
-1.036057e-09
-1.013190e-09
-9.888126e-10
-9.748781e-10
-9.900320e-10
-1.055823e-09
-1.209882e-09
-1.537994e-09
-2.383791e-09
-5.041574e-09
-1.238735e-08
-2.670800e-08
-4.150562e-08
-4.690630e-08
-4.344374e-08
-3.673113e-08
-3.030848e-08
-2.497879e-08
-2.039458e-08
-1.659322e-08
-1.346746e-08
-1.084509e-08
-8.632728e-09
-6.844484e-09
-5.399539e-09
-4.171582e-09
-3.094800e-09
-2.204136e-09
-1.537742e-09
-1.091620e-09
-7.988878e-10
-5.721275e-10
-3.444130e-10
-1.101384e-10
9.381508e-11
2.251858e-10
2.694720e-10
2.328745e-10
1.327884e-10
-1.971957e-12
-2.904866e-10
-5.490673e-10
-7.545456e-10
-8.856852e-10
-9.286207e-10
-8.912089e-10
-8.192066e-10
-7.593792e-10
-7.208016e-10
-6.395558e-10
-4.231044e-10
5.823352e-12
6.429500e-10
1.442169e-09
2.369417e-09
3.506332e-09
4.976539e-09
6.865188e-09
9.173860e-09
1.201426e-08
1.554422e-08
1.984455e-08
2.486663e-08
3.083617e-08
3.646307e-08
3.726692e-08
2.942670e-08
1.649596e-08
7.516696e-09
3.861903e-09
2.575811e-09
2.052999e-09
1.772329e-09
1.607267e-09
1.520247e-09
1.484167e-09
1.477065e-09
1.479333e-09
1.478722e-09
1.465025e-09
1.430296e-09
1.369349e-09
1.280011e-09
1.161792e-09
1.016179e-09
8.455057e-10
6.535660e-10
4.449459e-10
2.253343e-10
1.297289e-13
-2.250040e-10
-4.447375e-10
-6.533171e-10
-8.454175e-10
-1.016037e-09
-1.161809e-09
-1.279905e-09
-1.369367e-09
-1.430073e-09
-1.464875e-09
-1.478259e-09
-1.478993e-09
-1.476247e-09
-1.483698e-09
-1.520087e-09
-1.607815e-09
-1.772598e-09
-2.052177e-09
-2.572752e-09
-3.857405e-09
-7.513215e-09
-1.649675e-08
-2.943106e-08
-3.728334e-08
-3.649938e-08
-3.086344e-08
-2.489076e-08
-1.986880e-08
-1.556030e-08
-1.201091e-08
-9.161319e-09
-6.860158e-09
-4.999336e-09
-3.543306e-09
-2.392856e-09
-1.431114e-09
-6.119957e-10
2.659679e-11
4.490091e-10
6.641011e-10
7.405361e-10
7.670671e-10
8.100909e-10
8.714118e-10
9.071864e-10
8.693844e-10
7.442271e-10
5.428540e-10
2.860844e-10
-3.288342e-14
-4.468309e-10
-8.701186e-10
-1.248562e-09
-1.558271e-09
-1.781127e-09
-1.924638e-09
-2.038225e-09
-2.175050e-09
-2.349072e-09
-2.501620e-09
-2.540803e-09
-2.389311e-09
-2.044846e-09
-1.552241e-09
-9.461178e-10
-1.675079e-10
9.018556e-10
2.357914e-09
4.238686e-09
6.636647e-09
9.697893e-09
1.348078e-08
1.795631e-08
2.304514e-08
2.717213e-08
2.638545e-08
1.907051e-08
1.023574e-08
5.390619e-09
3.546441e-09
2.757743e-09
2.307539e-09
2.014691e-09
1.832179e-09
1.731494e-09
1.686377e-09
1.672552e-09
1.669952e-09
1.664034e-09
1.643895e-09
1.600810e-09
1.529614e-09
1.427525e-09
1.294203e-09
1.130857e-09
9.403242e-10
7.265227e-10
4.946212e-10
2.504852e-10
1.419722e-13
-2.501676e-10
-4.943777e-10
-7.262718e-10
-9.401724e-10
-1.130687e-09
-1.294122e-09
-1.427371e-09
-1.529510e-09
-1.600553e-09
-1.643653e-09
-1.663595e-09
-1.669549e-09
-1.671901e-09
-1.685888e-09
-1.731150e-09
-1.832316e-09
-2.015037e-09
-2.307892e-09
-2.757399e-09
-3.544526e-09
-5.387817e-09
-1.023313e-08
-1.906898e-08
-2.638986e-08
-2.718768e-08
-2.306027e-08
-1.797770e-08
-1.350397e-08
-9.707959e-09
-6.624297e-09
-4.220257e-09
-2.357550e-09
-9.329244e-10
1.264650e-10
9.245130e-10
1.565026e-09
2.075201e-09
2.419606e-09
2.565364e-09
2.525245e-09
2.367788e-09
2.180965e-09
2.027441e-09
1.903896e-09
1.760072e-09
1.543304e-09
1.240399e-09
8.667190e-10
4.460341e-10
1.241528e-12
-6.068309e-10
-1.197826e-09
-1.752941e-09
-2.246759e-09
-2.657700e-09
-2.992317e-09
-3.301591e-09
-3.643529e-09
-4.038184e-09
-4.435736e-09
-4.749191e-09
-4.903647e-09
-4.890957e-09
-4.750286e-09
-4.511253e-09
-4.134719e-09
-3.519704e-09
-2.580565e-09
-1.262823e-09
5.136046e-10
2.896270e-09
5.940108e-09
9.632232e-09
1.366890e-08
1.676130e-08
1.654303e-08
1.199812e-08
6.976810e-09
4.445018e-09
3.355217e-09
2.723654e-09
2.288350e-09
1.988580e-09
1.798860e-09
1.694452e-09
1.650135e-09
1.640783e-09
1.645567e-09
1.648171e-09
1.636598e-09
1.601202e-09
1.536512e-09
1.439178e-09
1.308839e-09
1.146491e-09
9.552809e-10
7.392224e-10
5.039006e-10
2.553578e-10
1.334974e-13
-2.550846e-10
-5.036664e-10
-7.390067e-10
-9.551271e-10
-1.146354e-09
-1.308747e-09
-1.439055e-09
-1.536391e-09
-1.600981e-09
-1.636330e-09
-1.647745e-09
-1.645074e-09
-1.640080e-09
-1.649397e-09
-1.693605e-09
-1.798133e-09
-1.987873e-09
-2.287947e-09
-2.723298e-09
-3.354810e-09
-4.444217e-09
-6.974237e-09
-1.199307e-08
-1.654430e-08
-1.677866e-08
-1.368936e-08
-9.653799e-09
-5.958060e-09
-2.898298e-09
-4.939685e-10
1.283195e-09
2.577108e-09
3.486371e-09
4.097869e-09
4.496033e-09
4.764566e-09
4.917994e-09
4.929982e-09
4.771681e-09
4.457769e-09
4.054557e-09
3.646411e-09
3.288773e-09
2.971406e-09
2.638435e-09
2.234473e-09
1.747637e-09
1.197030e-09
6.086308e-10
1.860262e-12
-7.663848e-10
-1.524203e-09
-2.256346e-09
-2.937104e-09
-3.541947e-09
-4.075120e-09
-4.586767e-09
-5.138108e-09
-5.756769e-09
-6.405044e-09
-7.005274e-09
-7.486808e-09
-7.836970e-09
-8.084753e-09
-8.251631e-09
-8.313263e-09
-8.200984e-09
-7.855961e-09
-7.218813e-09
-6.214389e-09
-4.700906e-09
-2.607262e-09
1.668572e-10
3.593014e-09
7.163981e-09
9.141350e-09
7.648663e-09
5.271063e-09
3.925713e-09
3.139751e-09
2.533046e-09
2.078111e-09
1.762263e-09
1.566655e-09
1.464555e-09
1.429877e-09
1.434508e-09
1.456828e-09
1.478556e-09
1.486891e-09
1.471199e-09
1.425651e-09
1.346334e-09
1.232772e-09
1.085777e-09
9.086116e-10
7.054071e-10
4.819793e-10
2.445826e-10
1.188629e-13
-2.443447e-10
-4.817686e-10
-7.052181e-10
-9.084665e-10
-1.085657e-09
-1.232682e-09
-1.346241e-09
-1.425543e-09
-1.471036e-09
-1.486651e-09
-1.478223e-09
-1.456368e-09
-1.433948e-09
-1.429196e-09
-1.463862e-09
-1.565906e-09
-1.761672e-09
-2.077628e-09
-2.532947e-09
-3.139565e-09
-3.925400e-09
-5.269980e-09
-7.646877e-09
-9.145939e-09
-7.179637e-09
-3.613766e-09
-1.836272e-10
2.599556e-09
4.703864e-09
6.227758e-09
7.233431e-09
7.848868e-09
8.173545e-09
8.291007e-09
8.249182e-09
8.101858e-09
7.859108e-09
7.507531e-09
7.024332e-09
6.423930e-09
5.768851e-09
5.136431e-09
4.571382e-09
4.054553e-09
3.525492e-09
2.928475e-09
2.254349e-09
1.525697e-09
7.697547e-10
2.159779e-12
-9.213470e-10
-1.841248e-09
-2.746894e-09
-3.613600e-09
-4.414489e-09
-5.150059e-09
-5.867298e-09
-6.628842e-09
-7.470926e-09
-8.370401e-09
-9.262875e-09
-1.008329e-08
-1.081610e-08
-1.147798e-08
-1.208321e-08
-1.261626e-08
-1.305064e-08
-1.335305e-08
-1.347710e-08
-1.333998e-08
-1.282036e-08
-1.183775e-08
-9.961763e-09
-6.334867e-09
-5.184667e-10
4.305286e-09
5.119545e-09
4.354605e-09
3.553127e-09
2.812969e-09
2.170521e-09
1.685705e-09
1.361357e-09
1.171645e-09
1.084688e-09
1.070138e-09
1.098676e-09
1.147254e-09
1.196973e-09
1.233811e-09
1.246927e-09
1.229672e-09
1.178089e-09
1.091192e-09
9.699220e-10
8.173704e-10
6.379376e-10
4.374604e-10
2.224759e-10
9.715388e-14
-2.222726e-10
-4.372890e-10
-6.377764e-10
-8.172581e-10
-9.698255e-10
-1.091135e-09
-1.178027e-09
-1.229613e-09
-1.246834e-09
-1.233662e-09
-1.196760e-09
-1.146903e-09
-1.098266e-09
-1.069524e-09
-1.084132e-09
-1.170935e-09
-1.361012e-09
-1.685155e-09
-2.170425e-09
-2.812710e-09
-3.553717e-09
-4.354129e-09
-5.118654e-09
-4.309129e-09
5.062912e-10
6.304990e-09
9.946268e-09
1.183746e-08
1.282879e-08
1.333992e-08
1.347621e-08
1.334334e-08
1.303603e-08
1.261594e-08
1.209835e-08
1.150020e-08
1.083408e-08
1.009819e-08
9.277266e-09
8.384099e-09
7.476481e-09
6.621045e-09
5.848695e-09
5.129897e-09
4.401138e-09
3.608907e-09
2.748275e-09
1.844824e-09
9.257686e-10
2.637706e-12
-1.068073e-09
-2.141647e-09
-3.212747e-09
-4.259304e-09
-5.253373e-09
-6.190919e-09
-7.113731e-09
-8.083622e-09
-9.145256e-09
-1.029134e-08
-1.147379e-08
-1.263456e-08
-1.375687e-08
-1.484650e-08
-1.591417e-08
-1.694834e-08
-1.796186e-08
-1.894013e-08
-1.987009e-08
-2.063507e-08
-2.117662e-08
-2.132792e-08
-2.013083e-08
-1.534576e-08
-6.321492e-09
1.291754e-09
3.757421e-09
3.836082e-09
3.187413e-09
2.401030e-09
1.712784e-09
1.204104e-09
8.773570e-10
6.972088e-10
6.283542e-10
6.359107e-10
6.907687e-10
7.679424e-10
8.487552e-10
9.176077e-10
9.638825e-10
9.797193e-10
9.613407e-10
9.069939e-10
8.178697e-10
6.966785e-10
5.481118e-10
3.778859e-10
1.928009e-10
7.756573e-14
-1.926312e-10
-3.777501e-10
-5.479771e-10
-6.965917e-10
-8.177885e-10
-9.069567e-10
-9.612920e-10
-9.796884e-10
-9.638093e-10
-9.175127e-10
-8.485970e-10
-7.677140e-10
-6.904740e-10
-6.355300e-10
-6.279869e-10
-6.967948e-10
-8.771855e-10
-1.203746e-09
-1.712994e-09
-2.401051e-09
-3.188100e-09
-3.835475e-09
-3.758464e-09
-1.300997e-09
6.297638e-09
1.532461e-08
2.014149e-08
2.133195e-08
2.118621e-08
2.063063e-08
1.985486e-08
1.893129e-08
1.796325e-08
1.697017e-08
1.594660e-08
1.487544e-08
1.377353e-08
1.264536e-08
1.148317e-08
1.029818e-08
9.142568e-09
8.068703e-09
7.091454e-09
6.170810e-09
5.242568e-09
4.257931e-09
3.217079e-09
2.147253e-09
1.073781e-09
3.719441e-12
-1.203647e-09
-2.419077e-09
-3.642722e-09
-4.857156e-09
-6.035729e-09
-7.170165e-09
-8.295375e-09
-9.469491e-09
-1.074391e-08
-1.212711e-08
-1.358945e-08
-1.508157e-08
-1.658666e-08
-1.810334e-08
-1.964288e-08
-2.119671e-08
-2.280293e-08
-2.446274e-08
-2.619244e-08
-2.786417e-08
-2.948654e-08
-3.072605e-08
-2.972988e-08
-2.279026e-08
-1.028222e-08
-2.623600e-10
3.096571e-09
3.424569e-09
2.747193e-09
1.895655e-09
1.174679e-09
6.572413e-10
3.361695e-10
1.705961e-10
1.234384e-10
1.564656e-10
2.404882e-10
3.490808e-10
4.633956e-10
5.668567e-10
6.487308e-10
7.004382e-10
7.181183e-10
6.995487e-10
6.459518e-10
5.598107e-10
4.459425e-10
3.099977e-10
1.589322e-10
5.870582e-14
-1.587975e-10
-3.098956e-10
-4.458360e-10
-5.597484e-10
-6.458883e-10
-6.995255e-10
-7.180747e-10
-7.004156e-10
-6.486555e-10
-5.667807e-10
-4.632319e-10
-3.489012e-10
-2.402038e-10
-1.562213e-10
-1.231258e-10
-1.703337e-10
-3.357650e-10
-6.568366e-10
-1.174475e-09
-1.896193e-09
-2.748151e-09
-3.425641e-09
-3.102295e-09
2.435908e-10
1.025919e-08
2.282709e-08
2.975907e-08
3.071413e-08
2.948922e-08
2.785007e-08
2.617583e-08
2.446087e-08
2.281827e-08
2.123321e-08
1.968619e-08
1.813831e-08
1.660509e-08
1.509106e-08
1.359455e-08
1.212671e-08
1.073276e-08
9.447752e-09
8.269616e-09
7.149620e-09
6.026219e-09
4.857660e-09
3.649062e-09
2.426720e-09
1.211499e-09
5.558051e-12
-1.325825e-09
-2.668241e-09
-4.026987e-09
-5.391643e-09
-6.740195e-09
-8.061482e-09
-9.382337e-09
-1.075401e-08
-1.223165e-08
-1.383785e-08
-1.556226e-08
-1.736579e-08
-1.923254e-08
-2.115767e-08
-2.315697e-08
-2.522792e-08
-2.742092e-08
-2.975085e-08
-3.225067e-08
-3.482498e-08
-3.745998e-08
-3.954585e-08
-3.809448e-08
-2.844602e-08
-1.256530e-08
-9.389277e-10
2.736610e-09
3.049780e-09
2.286369e-09
1.375570e-09
6.337304e-10
1.141319e-10
-1.997041e-10
-3.513090e-10
-3.792152e-10
-3.226598e-10
-2.115309e-10
-7.286754e-11
7.363016e-11
2.109733e-10
3.277660e-10
4.151767e-10
4.688383e-10
4.864013e-10
4.688179e-10
4.185254e-10
3.402621e-10
2.396959e-10
1.238240e-10
3.997740e-14
-1.237174e-10
-2.396281e-10
-3.401779e-10
-4.184884e-10
-4.687667e-10
-4.863950e-10
-4.688009e-10
-4.151674e-10
-3.276912e-10
-2.109101e-10
-7.346872e-11
7.301554e-11
2.117900e-10
3.228214e-10
3.794492e-10
3.514031e-10
2.000101e-10
-1.140325e-10
-6.333856e-10
-1.375982e-09
-2.287018e-09
-3.052287e-09
-2.743707e-09
9.221739e-10
1.255732e-08
2.850084e-08
3.809357e-08
3.951114e-08
3.746361e-08
3.481799e-08
3.224550e-08
2.975990e-08
2.744334e-08
2.526696e-08
2.320123e-08
2.119529e-08
1.925368e-08
1.737565e-08
1.556403e-08
1.383136e-08
1.221392e-08
1.072756e-08
9.354323e-09
8.040261e-09
6.730468e-09
5.392122e-09
4.034025e-09
2.677833e-09
1.336866e-09
7.956767e-12
-1.432844e-09
-2.884861e-09
-4.357787e-09
-5.850519e-09
-7.349300e-09
-8.842155e-09
-1.034737e-08
-1.190648e-08
-1.357457e-08
-1.538494e-08
-1.734553e-08
-1.942875e-08
-2.162089e-08
-2.391639e-08
-2.633951e-08
-2.889872e-08
-3.165031e-08
-3.461973e-08
-3.784596e-08
-4.127573e-08
-4.480928e-08
-4.744879e-08
-4.517142e-08
-3.258303e-08
-1.369723e-08
-1.229191e-09
2.506350e-09
2.726041e-09
1.845269e-09
8.762814e-10
1.132599e-10
-4.073878e-10
-7.131615e-10
-8.499654e-10
-8.588817e-10
-7.792379e-10
-6.421202e-10
-4.747612e-10
-2.978692e-10
-1.285524e-10
2.112749e-11
1.422553e-10
2.299609e-10
2.818491e-10
2.985710e-10
2.825665e-10
2.384509e-10
1.719150e-10
8.995802e-11
2.074070e-14
-8.987223e-11
-1.718835e-10
-2.383824e-10
-2.825603e-10
-2.985267e-10
-2.818663e-10
-2.299204e-10
-1.422661e-10
-2.104924e-11
1.285843e-10
2.980197e-10
4.748445e-10
6.423135e-10
7.792678e-10
8.589793e-10
8.498209e-10
7.131461e-10
4.070414e-10
-1.134407e-10
-8.770598e-10
-1.845681e-09
-2.726725e-09
-2.509102e-09
1.219230e-09
1.369390e-08
3.261012e-08
4.513824e-08
4.740544e-08
4.481200e-08
4.128705e-08
3.785287e-08
3.463759e-08
3.167089e-08
2.892953e-08
2.637625e-08
2.395183e-08
2.164202e-08
1.943745e-08
1.734386e-08
1.537442e-08
1.355397e-08
1.187908e-08
1.031943e-08
8.820613e-09
7.338136e-09
5.849169e-09
4.364154e-09
2.896089e-09
1.447777e-09
1.043887e-11
-1.523283e-09
-3.065714e-09
-4.630015e-09
-6.225978e-09
-7.851045e-09
-9.494703e-09
-1.116720e-08
-1.289864e-08
-1.474010e-08
-1.673042e-08
-1.889276e-08
-2.121193e-08
-2.367902e-08
-2.629007e-08
-2.908086e-08
-3.207490e-08
-3.533304e-08
-3.888697e-08
-4.277591e-08
-4.697079e-08
-5.127232e-08
-5.422288e-08
-5.078727e-08
-3.539727e-08
-1.414851e-08
-1.298580e-09
2.357927e-09
2.431145e-09
1.445368e-09
4.301272e-10
-3.496543e-10
-8.703838e-10
-1.168928e-09
-1.292544e-09
-1.284797e-09
-1.184880e-09
-1.025020e-09
-8.325832e-10
-6.290425e-10
-4.316603e-10
-2.529788e-10
-1.020666e-10
1.584919e-11
9.826661e-11
1.456235e-10
1.603037e-10
1.468300e-10
1.108798e-10
5.945330e-11
5.047698e-15
-5.938205e-11
-1.108783e-10
-1.467714e-10
-1.603230e-10
-1.455798e-10
-9.830329e-11
-1.579904e-11
1.020424e-10
2.530775e-10
4.316823e-10
6.292161e-10
8.326501e-10
1.025235e-09
1.184888e-09
1.284918e-09
1.292334e-09
1.168861e-09
8.698727e-10
3.494816e-10
-4.310163e-10
-1.445090e-09
-2.430146e-09
-2.356281e-09
1.295401e-09
1.413333e-08
3.538857e-08
5.076193e-08
5.420496e-08
5.128569e-08
4.699128e-08
4.279086e-08
3.890697e-08
3.534496e-08
3.209331e-08
2.910720e-08
2.631930e-08
2.369458e-08
2.121445e-08
1.888553e-08
1.671756e-08
1.472083e-08
1.287481e-08
1.114242e-08
9.473943e-09
7.838010e-09
6.221669e-09
4.634654e-09
3.078027e-09
1.542062e-09
1.242603e-11
-1.595982e-09
-3.208682e-09
-4.841325e-09
-6.514857e-09
-8.239284e-09
-1.000749e-08
-1.182323e-08
-1.370501e-08
-1.569646e-08
-1.783619e-08
-2.015791e-08
-2.265963e-08
-2.534092e-08
-2.820223e-08
-3.129138e-08
-3.464831e-08
-3.833682e-08
-4.238632e-08
-4.684412e-08
-5.167383e-08
-5.658167e-08
-5.966145e-08
-5.492160e-08
-3.698560e-08
-1.407624e-08
-1.256136e-09
2.234694e-09
2.174993e-09
1.109909e-09
5.947239e-11
-7.332031e-10
-1.254877e-09
-1.547710e-09
-1.660515e-09
-1.638702e-09
-1.521767e-09
-1.342845e-09
-1.129560e-09
-9.038702e-10
-6.832878e-10
-4.806017e-10
-3.050923e-10
-1.621663e-10
-5.448112e-11
1.829086e-11
5.845083e-11
7.046945e-11
5.999167e-11
3.401384e-11
-3.627654e-15
-3.395521e-11
-6.000648e-11
-7.042087e-11
-5.848260e-11
-1.825181e-11
5.444053e-11
1.622201e-10
3.050783e-10
4.807099e-10
6.833347e-10
9.040495e-10
1.129660e-09
1.343041e-09
1.521801e-09
1.638742e-09
1.660275e-09
1.547448e-09
1.254277e-09
7.328542e-10
-6.001154e-11
-1.109321e-09
-2.173325e-09
-2.231214e-09
1.257944e-09
1.406687e-08
3.697369e-08
5.490334e-08
5.965133e-08
5.659764e-08
5.169576e-08
4.686108e-08
4.240188e-08
3.834018e-08
3.465783e-08
3.131060e-08
2.822369e-08
2.534554e-08
2.264988e-08
2.014162e-08
1.782111e-08
1.568138e-08
1.368841e-08
1.180460e-08
9.989238e-09
8.224996e-09
6.507527e-09
4.843796e-09
3.221385e-09
1.617699e-09
1.343773e-11
-1.650000e-09
-3.312617e-09
-4.991635e-09
-6.717761e-09
-8.512845e-09
-1.037427e-08
-1.230156e-08
-1.430297e-08
-1.641281e-08
-1.866466e-08
-2.109816e-08
-2.372444e-08
-2.655483e-08
-2.959653e-08
-3.290702e-08
-3.654031e-08
-4.055925e-08
-4.498758e-08
-4.987024e-08
-5.516867e-08
-6.049652e-08
-6.355996e-08
-5.768420e-08
-3.766727e-08
-1.370122e-08
-1.182688e-09
2.085626e-09
1.927375e-09
8.240504e-10
-2.381333e-10
-1.029736e-09
-1.545830e-09
-1.830586e-09
-1.933669e-09
-1.900670e-09
-1.771170e-09
-1.578398e-09
-1.350078e-09
-1.108335e-09
-8.708406e-10
-6.505420e-10
-4.568915e-10
-2.954278e-10
-1.689451e-10
-7.720149e-11
-1.798093e-11
1.313958e-11
2.177402e-11
1.490290e-11
-6.228698e-15
-1.485544e-11
-2.179290e-11
-1.310136e-11
1.794940e-11
7.723220e-11
1.689140e-10
2.954753e-10
4.569027e-10
6.506436e-10
8.709303e-10
1.108485e-09
1.350216e-09
1.578494e-09
1.771201e-09
1.900475e-09
1.933342e-09
1.829921e-09
1.545134e-09
1.028950e-09
2.378165e-10
-8.231310e-10
-1.924622e-09
-2.080158e-09
1.184862e-09
1.369542e-08
3.765749e-08
5.767477e-08
6.356256e-08
6.051017e-08
5.518988e-08
4.988765e-08
4.499862e-08
4.056052e-08
3.654852e-08
3.292495e-08
2.961148e-08
2.654664e-08
2.369912e-08
2.106990e-08
1.864577e-08
1.640196e-08
1.429494e-08
1.229099e-08
1.036045e-08
8.498911e-09
6.708511e-09
4.992252e-09
3.325032e-09
1.673066e-09
1.323224e-11
-1.684531e-09
-3.376975e-09
-5.082080e-09
-6.837360e-09
-8.673691e-09
-1.059289e-08
-1.259265e-08
-1.467361e-08
-1.686111e-08
-1.918191e-08
-2.167822e-08
-2.437256e-08
-2.728828e-08
-3.043913e-08
-3.388775e-08
-3.769664e-08
-4.192525e-08
-4.659297e-08
-5.173539e-08
-5.732042e-08
-6.289995e-08
-6.594897e-08
-5.938848e-08
-3.823332e-08
-1.368820e-08
-1.192529e-09
2.040044e-09
1.828995e-09
6.906664e-10
-3.895069e-10
-1.190452e-09
-1.710781e-09
-1.996289e-09
-2.097237e-09
-2.059869e-09
-1.924034e-09
-1.723498e-09
-1.486254e-09
-1.234772e-09
-9.868852e-10
-7.557377e-10
-5.508751e-10
-3.779531e-10
-2.398385e-10
-1.363574e-10
-6.533473e-11
-2.238358e-11
-1.906879e-12
3.061605e-12
-5.230538e-15
-3.017291e-12
1.890137e-12
2.241673e-11
6.530624e-11
1.363799e-10
2.398135e-10
3.779880e-10
5.508968e-10
7.558192e-10
9.869937e-10
1.234899e-09
1.486434e-09
1.723593e-09
1.924182e-09
2.059771e-09
2.097193e-09
1.995852e-09
1.710468e-09
1.189834e-09
3.894054e-10
-6.902861e-10
-1.826933e-09
-2.036732e-09
1.195112e-09
1.368427e-08
3.822506e-08
5.938979e-08
6.594917e-08
6.291507e-08
5.733572e-08
5.175485e-08
4.660511e-08
4.193180e-08
3.770997e-08
3.390826e-08
3.045043e-08
2.727029e-08
2.433395e-08
2.163803e-08
1.915700e-08
1.685167e-08
1.467242e-08
1.259018e-08
1.058503e-08
8.662298e-09
6.828208e-09
5.081841e-09
3.388604e-09
1.707058e-09
1.184123e-11
-1.698806e-09
-3.401317e-09
-5.113750e-09
-6.876383e-09
-8.724681e-09
-1.066361e-08
-1.269099e-08
-1.480334e-08
-1.702003e-08
-1.936263e-08
-2.187468e-08
-2.458587e-08
-2.752736e-08
-3.071542e-08
-3.421252e-08
-3.808308e-08
-4.238532e-08
-4.713568e-08
-5.236923e-08
-5.804972e-08
-6.370995e-08
-6.676406e-08
-5.998784e-08
-3.849673e-08
-1.375572e-08
-1.217904e-09
2.025689e-09
1.799385e-09
6.499572e-10
-4.372949e-10
-1.242380e-09
-1.765065e-09
-2.051350e-09
-2.152107e-09
-2.113449e-09
-1.975683e-09
-1.772552e-09
-1.532368e-09
-1.277594e-09
-1.026218e-09
-7.913980e-10
-5.827499e-10
-4.059479e-10
-2.638936e-10
-1.564294e-10
-8.140300e-11
-3.443557e-11
-9.941850e-12
-9.528021e-13
-2.551431e-15
1.005888e-12
9.930937e-12
3.447723e-11
8.138221e-11
1.564613e-10
2.638799e-10
4.059953e-10
5.827881e-10
7.914988e-10
1.026344e-09
1.277743e-09
1.532554e-09
1.772682e-09
1.975844e-09
2.113460e-09
2.152165e-09
2.051170e-09
1.764991e-09
1.242120e-09
4.374681e-10
-6.497604e-10
-1.797841e-09
-2.024169e-09
1.219702e-09
1.374779e-08
3.848743e-08
5.999560e-08
6.675804e-08
6.372691e-08
5.806126e-08
5.239034e-08
4.715366e-08
4.240040e-08
3.810311e-08
3.423543e-08
3.072559e-08
2.750591e-08
2.454143e-08
2.182655e-08
1.933062e-08
1.700765e-08
1.480474e-08
1.269451e-08
1.066217e-08
8.717970e-09
6.869776e-09
5.114094e-09
3.411937e-09
1.719025e-09
9.506902e-12
-1.692073e-09
-3.384947e-09
-5.086705e-09
-6.836005e-09
-8.667638e-09
-1.058747e-08
-1.259488e-08
-1.468608e-08
-1.687930e-08
-1.919529e-08
-2.167878e-08
-2.436058e-08
-2.727196e-08
-3.042511e-08
-3.387731e-08
-3.768939e-08
-4.192288e-08
-4.659376e-08
-5.173842e-08
-5.731871e-08
-6.289991e-08
-6.594611e-08
-5.938313e-08
-3.823288e-08
-1.369435e-08
-1.197560e-09
2.036677e-09
1.827895e-09
6.910610e-10
-3.887797e-10
-1.189520e-09
-1.710212e-09
-1.995715e-09
-2.097018e-09
-2.059632e-09
-1.924004e-09
-1.723427e-09
-1.486277e-09
-1.234758e-09
-9.869057e-10
-7.557370e-10
-5.508850e-10
-3.779528e-10
-2.398405e-10
-1.363534e-10
-6.533270e-11
-2.237522e-11
-1.902426e-12
3.074066e-12
2.300243e-16
-3.002682e-12
1.895802e-12
2.243190e-11
6.531267e-11
1.363959e-10
2.398226e-10
3.780069e-10
5.509110e-10
7.558417e-10
9.870073e-10
1.234909e-09
1.486418e-09
1.723559e-09
1.924105e-09
2.059678e-09
2.097058e-09
1.995723e-09
1.710306e-09
1.189689e-09
3.891962e-10
-6.905175e-10
-1.827208e-09
-2.036827e-09
1.195560e-09
1.368653e-08
3.822930e-08
5.939202e-08
6.594796e-08
6.291053e-08
5.733272e-08
5.175837e-08
4.661735e-08
4.194437e-08
3.771315e-08
3.389927e-08
3.043477e-08
2.725316e-08
2.431954e-08
2.162958e-08
1.915753e-08
1.686039e-08
1.468484e-08
1.260059e-08
1.059157e-08
8.667053e-09
6.834224e-09
5.089183e-09
3.394611e-09
1.708636e-09
6.567011e-12
-1.663721e-09
-3.326917e-09
-4.999705e-09
-6.715178e-09
-8.502370e-09
-1.036550e-08
-1.230630e-08
-1.432465e-08
-1.644280e-08
-1.868527e-08
-2.109754e-08
-2.370503e-08
-2.653117e-08
-2.957805e-08
-3.289334e-08
-3.652973e-08
-4.055432e-08
-4.498713e-08
-4.987233e-08
-5.516837e-08
-6.049673e-08
-6.355667e-08
-5.768088e-08
-3.766047e-08
-1.370289e-08
-1.191010e-09
2.078479e-09
1.924735e-09
8.242187e-10
-2.368261e-10
-1.028048e-09
-1.544496e-09
-1.829414e-09
-1.932984e-09
-1.900145e-09
-1.770952e-09
-1.578235e-09
-1.350055e-09
-1.108313e-09
-8.708678e-10
-6.505542e-10
-4.569155e-10
-2.954374e-10
-1.689568e-10
-7.719913e-11
-1.798220e-11
1.315460e-11
2.178024e-11
1.492720e-11
3.056583e-15
-1.482710e-11
-2.178247e-11
-1.307153e-11
1.796321e-11
7.726457e-11
1.689349e-10
2.955133e-10
4.569345e-10
6.506866e-10
8.709613e-10
1.108503e-09
1.350192e-09
1.578427e-09
1.771060e-09
1.900283e-09
1.933069e-09
1.829637e-09
1.544794e-09
1.028643e-09
2.374212e-10
-8.234593e-10
-1.924812e-09
-2.079707e-09
1.186975e-09
1.369962e-08
3.766089e-08
5.767757e-08
6.356210e-08
6.050520e-08
5.518506e-08
4.989044e-08
4.501499e-08
4.057940e-08
3.655359e-08
3.291040e-08
2.958560e-08
2.651773e-08
2.367418e-08
2.105454e-08
1.864570e-08
1.641632e-08
1.431646e-08
1.230976e-08
1.037294e-08
8.508233e-09
6.719824e-09
5.005643e-09
3.335867e-09
1.675821e-09
3.345220e-12
-1.613559e-09
-3.226471e-09
-4.850786e-09
-6.511197e-09
-8.227025e-09
-9.998722e-09
-1.183098e-08
-1.373081e-08
-1.572848e-08
-1.785470e-08
-2.015333e-08
-2.263910e-08
-2.532258e-08
-2.819330e-08
-3.128602e-08
-3.464096e-08
-3.832942e-08
-4.238058e-08
-4.684181e-08
-5.167657e-08
-5.658420e-08
-5.965669e-08
-5.492218e-08
-3.698147e-08
-1.408113e-08
-1.266279e-09
2.228429e-09
2.173105e-09
1.110692e-09
6.133262e-11
-7.311620e-10
-1.253211e-09
-1.546492e-09
-1.659756e-09
-1.638202e-09
-1.521519e-09
-1.342696e-09
-1.129529e-09
-9.038558e-10
-6.833232e-10
-4.806219e-10
-3.051310e-10
-1.621787e-10
-5.450302e-11
1.829708e-11
5.844400e-11
7.049191e-11
5.999599e-11
3.404897e-11
7.245940e-15
-3.391348e-11
-5.999192e-11
-7.037673e-11
-5.846244e-11
-1.820428e-11
5.447353e-11
1.622770e-10
3.051306e-10
4.807743e-10
6.833891e-10
9.040763e-10
1.129638e-09
1.342948e-09
1.521622e-09
1.638479e-09
1.659905e-09
1.547026e-09
1.253748e-09
7.323123e-10
-6.069326e-11
-1.109784e-09
-2.173385e-09
-2.230080e-09
1.262747e-09
1.407240e-08
3.697247e-08
5.490868e-08
5.965606e-08
5.659913e-08
5.169281e-08
4.685914e-08
4.241248e-08
3.835755e-08
3.466391e-08
3.129603e-08
2.819589e-08
2.531293e-08
2.262042e-08
2.012184e-08
1.781871e-08
1.569644e-08
1.371360e-08
1.182824e-08
1.000651e-08
8.238477e-09
6.522893e-09
4.861032e-09
3.234997e-09
1.620879e-09
8.913356e-14
-1.542106e-09
-3.083739e-09
-4.638472e-09
-6.221290e-09
-7.839687e-09
-9.489330e-09
-1.117839e-08
-1.292373e-08
-1.476520e-08
-1.673881e-08
-1.888194e-08
-2.119512e-08
-2.367533e-08
-2.630152e-08
-2.909415e-08
-3.207759e-08
-3.532478e-08
-3.887440e-08
-4.277205e-08
-4.697894e-08
-5.128130e-08
-5.421910e-08
-5.078571e-08
-3.539654e-08
-1.415080e-08
-1.304814e-09
2.354001e-09
2.429696e-09
1.446221e-09
4.320363e-10
-3.473755e-10
-8.684048e-10
-1.167500e-09
-1.291598e-09
-1.284186e-09
-1.184520e-09
-1.024808e-09
-8.324967e-10
-6.289957e-10
-4.316873e-10
-2.529929e-10
-1.021169e-10
1.583366e-11
9.822802e-11
1.456285e-10
1.602864e-10
1.468576e-10
1.108809e-10
5.949685e-11
1.616624e-14
-5.933080e-11
-1.108608e-10
-1.467152e-10
-1.602938e-10
-1.455145e-10
-9.825375e-11
-1.571941e-11
1.021167e-10
2.531638e-10
4.317552e-10
6.292467e-10
8.326170e-10
1.025105e-09
1.184629e-09
1.284498e-09
1.291698e-09
1.168056e-09
8.688455e-10
3.484402e-10
-4.320460e-10
-1.445571e-09
-2.429827e-09
-2.353813e-09
1.297597e-09
1.413404e-08
3.539368e-08
5.077123e-08
5.421840e-08
5.129762e-08
4.699596e-08
4.278485e-08
3.890761e-08
3.535611e-08
3.210048e-08
2.909747e-08
2.629692e-08
2.366562e-08
2.118629e-08
1.886403e-08
1.671143e-08
1.473172e-08
1.289791e-08
1.116694e-08
9.494415e-09
7.854994e-09
6.239660e-09
4.653273e-09
3.092040e-09
1.544677e-09
-3.034999e-12
-1.450741e-09
-2.900323e-09
-4.363137e-09
-5.844703e-09
-7.340699e-09
-8.842412e-09
-1.036205e-08
-1.192775e-08
-1.358793e-08
-1.538002e-08
-1.732852e-08
-1.941792e-08
-2.163377e-08
-2.395001e-08
-2.637420e-08
-2.891506e-08
-3.164396e-08
-3.460419e-08
-3.784331e-08
-4.128851e-08
-4.481811e-08
-4.744966e-08
-4.517927e-08
-3.259100e-08
-1.368834e-08
-1.224400e-09
2.507018e-09
2.725657e-09
1.845582e-09
8.779866e-10
1.154533e-10
-4.051301e-10
-7.115725e-10
-8.488024e-10
-8.581608e-10
-7.787706e-10
-6.418530e-10
-4.746319e-10
-2.977980e-10
-1.285704e-10
2.111061e-11
1.421971e-10
2.299388e-10
2.818037e-10
2.985729e-10
2.825441e-10
2.384760e-10
1.719128e-10
9.000180e-11
3.286295e-14
-8.981671e-11
-1.718604e-10
-2.383177e-10
-2.825216e-10
-2.984465e-10
-2.818002e-10
-2.298142e-10
-1.421696e-10
-2.092525e-11
1.286756e-10
2.980834e-10
4.747920e-10
6.421850e-10
7.788998e-10
8.584863e-10
8.489189e-10
7.121608e-10
4.057146e-10
-1.144510e-10
-8.779088e-10
-1.845718e-09
-2.726072e-09
-2.506601e-09
1.218595e-09
1.368819e-08
3.261633e-08
4.514951e-08
4.742239e-08
4.483174e-08
4.130286e-08
3.784798e-08
3.463088e-08
3.167482e-08
2.893691e-08
2.637263e-08
2.393825e-08
2.162096e-08
1.941468e-08
1.732322e-08
1.536433e-08
1.355749e-08
1.189559e-08
1.034117e-08
8.842446e-09
7.357777e-09
5.868582e-09
4.382152e-09
2.908426e-09
1.448804e-09
-5.908614e-12
-1.341591e-09
-2.679513e-09
-4.027976e-09
-5.384527e-09
-6.734927e-09
-8.067791e-09
-9.399829e-09
-1.077038e-08
-1.223334e-08
-1.382218e-08
-1.554236e-08
-1.736179e-08
-1.925761e-08
-2.120572e-08
-2.320534e-08
-2.525468e-08
-2.741791e-08
-2.973833e-08
-3.224791e-08
-3.483712e-08
-3.745773e-08
-3.954899e-08
-3.808183e-08
-2.846323e-08
-1.257641e-08
-9.326164e-10
2.742164e-09
3.052147e-09
2.286896e-09
1.377054e-09
6.354642e-10
1.163683e-10
-1.981682e-10
-3.500609e-10
-3.785429e-10
-3.221894e-10
-2.113313e-10
-7.272776e-11
7.365599e-11
2.109553e-10
3.277065e-10
4.151167e-10
4.687786e-10
4.863479e-10
4.687937e-10
4.184995e-10
3.402739e-10
2.396948e-10
1.238598e-10
5.538903e-14
-1.236662e-10
-2.395976e-10
-3.401104e-10
-4.184330e-10
-4.686694e-10
-4.863030e-10
-4.686647e-10
-4.150460e-10
-3.275351e-10
-2.108110e-10
-7.339430e-11
7.292381e-11
2.116386e-10
3.223656e-10
3.788700e-10
3.502860e-10
1.988501e-10
-1.156599e-10
-6.345870e-10
-1.377209e-09
-2.287593e-09
-3.053174e-09
-2.743635e-09
9.270833e-10
1.256685e-08
2.849125e-08
3.808107e-08
3.953028e-08
3.748369e-08
3.484733e-08
3.224989e-08
2.975320e-08
2.744154e-08
2.527157e-08
2.320069e-08
2.118928e-08
1.924133e-08
1.736038e-08
1.554664e-08
1.381855e-08
1.220922e-08
1.073495e-08
9.370461e-09
8.061560e-09
6.751873e-09
5.412309e-09
4.050409e-09
2.687270e-09
1.335520e-09
-8.421569e-12
-1.217215e-09
-2.426021e-09
-3.639254e-09
-4.848663e-09
-6.033169e-09
-7.181203e-09
-8.314213e-09
-9.481278e-09
-1.073742e-08
-1.210702e-08
-1.357241e-08
-1.508560e-08
-1.661780e-08
-1.815347e-08
-1.969032e-08
-2.122401e-08
-2.280267e-08
-2.445987e-08
-2.619644e-08
-2.788065e-08
-2.948303e-08
-3.074200e-08
-2.961993e-08
-2.278442e-08
-1.037877e-08
-2.686672e-10
3.103952e-09
3.426533e-09
2.749330e-09
1.898303e-09
1.177166e-09
6.598245e-10
3.380419e-10
1.721048e-10
1.242080e-10
1.570233e-10
2.406621e-10
3.492424e-10
4.633356e-10
5.668161e-10
6.485746e-10
7.003532e-10
7.179895e-10
6.994796e-10
6.458837e-10
5.597741e-10
4.459228e-10
3.099895e-10
1.589474e-10
7.534147e-14
-1.587563e-10
-3.098537e-10
-4.457687e-10
-5.596722e-10
-6.457812e-10
-6.994017e-10
-7.179167e-10
-7.002528e-10
-6.484683e-10
-5.666292e-10
-4.631436e-10
-3.489603e-10
-2.403875e-10
-1.566536e-10
-1.237897e-10
-1.715209e-10
-3.371680e-10
-6.587415e-10
-1.176097e-09
-1.897824e-09
-2.749448e-09
-3.427544e-09
-3.107001e-09
2.433598e-10
1.034084e-08
2.283110e-08
2.965760e-08
3.074531e-08
2.950756e-08
2.789124e-08
2.619514e-08
2.446176e-08
2.281335e-08
2.123134e-08
1.968351e-08
1.813595e-08
1.659998e-08
1.508387e-08
1.358250e-08
1.211345e-08
1.072100e-08
9.445424e-09
8.278419e-09
7.168706e-09
6.048629e-09
4.878659e-09
3.664050e-09
2.433179e-09
1.207512e-09
-1.045448e-11
-1.080254e-09
-2.145451e-09
-3.205832e-09
-4.249601e-09
-5.252177e-09
-6.204311e-09
-7.132017e-09
-8.091670e-09
-9.134961e-09
-1.027350e-08
-1.146536e-08
-1.264856e-08
-1.379023e-08
-1.488844e-08
-1.594657e-08
-1.696410e-08
-1.796093e-08
-1.894779e-08
-1.988790e-08
-2.065545e-08
-2.117379e-08
-2.134100e-08
-1.996823e-08
-1.528712e-08
-6.504665e-09
1.277107e-09
3.778487e-09
3.834481e-09
3.188039e-09
2.401421e-09
1.714785e-09
1.206487e-09
8.796933e-10
6.989205e-10
6.293654e-10
6.366488e-10
6.910980e-10
7.682549e-10
8.487209e-10
9.175908e-10
9.636888e-10
9.796252e-10
9.611602e-10
9.068990e-10
8.177568e-10
6.966231e-10
5.480628e-10
3.778675e-10
1.927941e-10
9.136476e-14
-1.926041e-10
-3.776990e-10
-5.479114e-10
-6.964865e-10
-8.176612e-10
-9.067797e-10
-9.610939e-10
-9.794514e-10
-9.635719e-10
-9.172712e-10
-8.484719e-10
-7.677036e-10
-6.906576e-10
-6.358948e-10
-6.288011e-10
-6.981647e-10
-8.792112e-10
-1.206320e-09
-1.715577e-09
-2.403173e-09
-3.190319e-09
-3.837112e-09
-3.778998e-09
-1.305954e-09
6.478188e-09
1.535141e-08
2.000264e-08
2.136371e-08
2.120751e-08
2.067068e-08
1.988582e-08
1.894241e-08
1.795813e-08
1.695996e-08
1.593748e-08
1.487261e-08
1.377327e-08
1.264579e-08
1.147782e-08
1.028679e-08
9.125876e-09
8.057458e-09
7.092288e-09
6.186507e-09
5.265489e-09
4.280326e-09
3.231887e-09
2.151766e-09
1.067585e-09
-1.189398e-11
-9.332735e-10
-1.843813e-09
-2.738230e-09
-3.603125e-09
-4.413207e-09
-5.163320e-09
-5.883308e-09
-6.633999e-09
-7.460208e-09
-8.359198e-09
-9.266396e-09
-1.010878e-08
-1.085102e-08
-1.150763e-08
-1.209323e-08
-1.261292e-08
-1.304565e-08
-1.336841e-08
-1.350946e-08
-1.336847e-08
-1.283007e-08
-1.185231e-08
-9.899982e-09
-6.328304e-09
-6.069682e-10
4.323814e-09
5.142152e-09
4.353468e-09
3.552736e-09
2.812447e-09
2.171201e-09
1.687190e-09
1.362972e-09
1.172719e-09
1.085234e-09
1.070614e-09
1.098867e-09
1.147483e-09
1.196878e-09
1.233702e-09
1.246670e-09
1.229503e-09
1.177866e-09
1.091054e-09
9.697735e-10
8.172801e-10
6.378516e-10
4.374154e-10
2.224422e-10
1.009220e-13
-2.222568e-10
-4.372261e-10
-6.377007e-10
-8.171152e-10
-9.696671e-10
-1.090890e-09
-1.177774e-09
-1.229276e-09
-1.246522e-09
-1.233300e-09
-1.196569e-09
-1.146840e-09
-1.098438e-09
-1.069928e-09
-1.084984e-09
-1.172477e-09
-1.363308e-09
-1.688167e-09
-2.173589e-09
-2.815733e-09
-3.556182e-09
-4.356182e-09
-5.140773e-09
-4.319662e-09
6.058287e-10
6.341709e-09
9.929791e-09
1.188225e-08
1.286363e-08
1.337714e-08
1.351216e-08
1.336326e-08
1.303377e-08
1.259876e-08
1.208137e-08
1.149425e-08
1.083629e-08
1.010497e-08
9.278795e-09
8.376096e-09
7.457033e-09
6.602516e-09
5.841990e-09
5.141730e-09
4.424346e-09
3.633466e-09
2.764582e-09
1.849156e-09
9.184804e-10
-1.266858e-11
-7.788629e-10
-1.527312e-09
-2.247660e-09
-2.926416e-09
-3.539492e-09
-4.086458e-09
-4.599545e-09
-5.141215e-09
-5.747384e-09
-6.401648e-09
-7.020628e-09
-7.523657e-09
-7.874352e-09
-8.103711e-09
-8.240143e-09
-8.291161e-09
-8.190218e-09
-7.871639e-09
-7.250240e-09
-6.242404e-09
-4.727307e-09
-2.642197e-09
1.638624e-10
3.527528e-09
7.184560e-09
9.223017e-09
7.666680e-09
5.266166e-09
3.921789e-09
3.139099e-09
2.534620e-09
2.080035e-09
1.764026e-09
1.567403e-09
1.464767e-09
1.430069e-09
1.434510e-09
1.456883e-09
1.478315e-09
1.486596e-09
1.470804e-09
1.425315e-09
1.345977e-09
1.232513e-09
1.085539e-09
9.084536e-10
7.052692e-10
4.818992e-10
2.445176e-10
1.099752e-13
-2.443395e-10
-4.816918e-10
-7.051257e-10
-9.082749e-10
-1.085448e-09
-1.232353e-09
-1.345917e-09
-1.425104e-09
-1.470677e-09
-1.486206e-09
-1.478019e-09
-1.456275e-09
-1.434135e-09
-1.429547e-09
-1.464732e-09
-1.567528e-09
-1.764372e-09
-2.081215e-09
-2.536895e-09
-3.143285e-09
-3.927333e-09
-5.270789e-09
-7.657746e-09
-9.171729e-09
-7.180798e-09
-3.574277e-09
-1.403715e-10
2.672377e-09
4.757916e-09
6.259882e-09
7.264355e-09
7.872833e-09
8.176311e-09
8.270528e-09
8.225528e-09
8.091703e-09
7.861700e-09
7.518833e-09
7.031767e-09
6.419690e-09
5.748357e-09
5.112695e-09
4.558502e-09
4.062768e-09
3.548902e-09
2.955702e-09
2.273618e-09
1.531741e-09
7.629239e-10
-1.278487e-11
-6.198905e-10
-1.202408e-09
-1.745326e-09
-2.236261e-09
-2.653523e-09
-3.001017e-09
-3.311256e-09
-3.645648e-09
-4.030726e-09
-4.439025e-09
-4.773670e-09
-4.949862e-09
-4.931311e-09
-4.762555e-09
-4.484145e-09
-4.100326e-09
-3.505683e-09
-2.592430e-09
-1.280464e-09
4.957539e-10
2.855708e-09
5.906929e-09
9.622281e-09
1.365788e-08
1.678549e-08
1.662174e-08
1.202699e-08
6.969922e-09
4.439214e-09
3.350759e-09
2.723949e-09
2.289233e-09
1.990061e-09
1.799095e-09
1.694362e-09
1.650021e-09
1.640648e-09
1.645531e-09
1.647885e-09
1.636245e-09
1.600725e-09
1.536072e-09
1.438709e-09
1.308488e-09
1.146156e-09
9.550531e-10
7.390024e-10
5.037755e-10
2.552430e-10
1.135134e-13
-2.550963e-10
-5.035611e-10
-7.388881e-10
-9.548706e-10
-1.146091e-09
-1.308322e-09
-1.438650e-09
-1.535820e-09
-1.600514e-09
-1.635702e-09
-1.647394e-09
-1.644715e-09
-1.640089e-09
-1.649309e-09
-1.694265e-09
-1.799022e-09
-1.990372e-09
-2.290292e-09
-2.727256e-09
-3.357074e-09
-4.447364e-09
-6.970180e-09
-1.199784e-08
-1.656880e-08
-1.678950e-08
-1.368271e-08
-9.611985e-09
-5.890608e-09
-2.831364e-09
-4.731165e-10
1.304753e-09
2.602505e-09
3.496240e-09
4.078146e-09
4.467955e-09
4.750123e-09
4.919442e-09
4.943862e-09
4.783315e-09
4.456728e-09
4.034206e-09
3.619745e-09
3.271758e-09
2.976784e-09
2.661900e-09
2.264241e-09
1.770541e-09
1.206192e-09
6.038173e-10
-1.233996e-11
-4.596639e-10
-8.759066e-10
-1.242069e-09
-1.547923e-09
-1.775088e-09
-1.930941e-09
-2.045852e-09
-2.177595e-09
-2.343799e-09
-2.509727e-09
-2.570923e-09
-2.442034e-09
-2.087735e-09
-1.561372e-09
-9.098281e-10
-1.282047e-10
9.146863e-10
2.348941e-09
4.242312e-09
6.645683e-09
9.667159e-09
1.345708e-08
1.794831e-08
2.306961e-08
2.717412e-08
2.640632e-08
1.908819e-08
1.023520e-08
5.392094e-09
3.546555e-09
2.758188e-09
2.306976e-09
2.015716e-09
1.832564e-09
1.732200e-09
1.686510e-09
1.672642e-09
1.669759e-09
1.663652e-09
1.643347e-09
1.600201e-09
1.528979e-09
1.426862e-09
1.293678e-09
1.130361e-09
9.399916e-10
7.261934e-10
4.944461e-10
2.503018e-10
1.164902e-13
-2.502043e-10
-4.942282e-10
-7.261229e-10
-9.398199e-10
-1.130337e-09
-1.293552e-09
-1.426825e-09
-1.528765e-09
-1.599944e-09
-1.642866e-09
-1.663152e-09
-1.669111e-09
-1.672108e-09
-1.685981e-09
-1.732396e-09
-1.833324e-09
-2.018089e-09
-2.310052e-09
-2.761728e-09
-3.545430e-09
-5.389352e-09
-1.022580e-08
-1.907940e-08
-2.639960e-08
-2.718106e-08
-2.307616e-08
-1.792850e-08
-1.345339e-08
-9.649293e-09
-6.625666e-09
-4.210305e-09
-2.330034e-09
-9.154389e-10
1.098006e-10
8.936507e-10
1.546807e-09
2.074846e-09
2.434572e-09
2.579370e-09
2.526376e-09
2.348401e-09
2.153641e-09
2.008614e-09
1.907423e-09
1.783188e-09
1.574699e-09
1.266546e-09
8.794908e-10
4.443672e-10
-1.149883e-11
-3.018002e-10
-5.548053e-10
-7.482169e-10
-8.748726e-10
-9.206939e-10
-8.958334e-10
-8.263367e-10
-7.639502e-10
-7.181966e-10
-6.510643e-10
-4.561220e-10
-5.089672e-11
5.983306e-10
1.434004e-09
2.410602e-09
3.546771e-09
4.986762e-09
6.853986e-09
9.189327e-09
1.204606e-08
1.553872e-08
1.982432e-08
2.484706e-08
3.082832e-08
3.645245e-08
3.725781e-08
2.942167e-08
1.650351e-08
7.526509e-09
3.866227e-09
2.577795e-09
2.051499e-09
1.773242e-09
1.607678e-09
1.521037e-09
1.484075e-09
1.477139e-09
1.478914e-09
1.478204e-09
1.464258e-09
1.429501e-09
1.368551e-09
1.279174e-09
1.161138e-09
1.015518e-09
8.450772e-10
6.530948e-10
4.447225e-10
2.250744e-10
1.210976e-13
-2.250589e-10
-4.445026e-10
-6.531107e-10
-8.449277e-10
-1.015587e-09
-1.161074e-09
-1.279231e-09
-1.368464e-09
-1.429330e-09
-1.463965e-09
-1.477756e-09
-1.478523e-09
-1.476504e-09
-1.483819e-09
-1.521432e-09
-1.609203e-09
-1.776505e-09
-2.055910e-09
-2.578298e-09
-3.859971e-09
-7.513271e-09
-1.649149e-08
-2.944498e-08
-3.728201e-08
-3.647358e-08
-3.085171e-08
-2.483802e-08
-1.982654e-08
-1.553115e-08
-1.203220e-08
-9.156939e-09
-6.826788e-09
-4.976676e-09
-3.557574e-09
-2.425915e-09
-1.452003e-09
-6.137240e-10
4.185793e-11
4.638277e-10
6.662954e-10
7.227154e-10
7.411393e-10
7.916196e-10
8.739182e-10
9.291845e-10
9.007961e-10
7.722418e-10
5.587317e-10
2.879730e-10
-1.044133e-11
-1.498177e-10
-2.458179e-10
-2.733978e-10
-2.290965e-10
-1.042202e-10
8.847171e-11
3.286414e-10
5.725287e-10
8.179538e-10
1.102761e-09
1.530700e-09
2.178600e-09
3.078270e-09
4.171255e-09
5.419550e-09
6.856753e-09
8.631619e-09
1.084093e-08
1.348580e-08
1.661772e-08
2.037957e-08
2.493633e-08
3.023785e-08
3.666141e-08
4.339044e-08
4.687891e-08
4.147012e-08
2.670574e-08
1.240811e-08
5.062812e-09
2.394749e-09
1.536348e-09
1.208730e-09
1.055963e-09
9.909878e-10
9.756559e-10
9.900923e-10
1.013239e-09
1.036091e-09
1.048427e-09
1.042986e-09
1.014107e-09
9.597871e-10
8.799975e-10
7.757465e-10
6.495345e-10
5.040998e-10
3.441679e-10
1.743199e-10
1.126880e-13
-1.744292e-10
-3.439699e-10
-5.042479e-10
-6.494166e-10
-7.759545e-10
-8.799661e-10
-9.599353e-10
-1.013970e-09
-1.042750e-09
-1.047951e-09
-1.035339e-09
-1.012488e-09
-9.885689e-10
-9.746933e-10
-9.907677e-10
-1.057033e-09
-1.212282e-09
-1.540235e-09
-2.386303e-09
-5.044470e-09
-1.239449e-08
-2.672058e-08
-4.151298e-08
-4.690218e-08
-4.342767e-08
-3.669929e-08
-3.026257e-08
-2.494254e-08
-2.038999e-08
-1.661258e-08
-1.345656e-08
-1.080567e-08
-8.610819e-09
-6.859749e-09
-5.434485e-09
-4.193415e-09
-3.096607e-09
-2.188867e-09
-1.523365e-09
-1.089363e-09
-8.147016e-10
-5.950337e-10
-3.608951e-10
-1.082557e-10
1.135791e-10
2.546131e-10
2.973934e-10
2.506138e-10
1.378821e-10
-9.299755e-12
-6.676704e-12
4.520637e-11
1.737499e-10
3.785481e-10
6.620123e-10
1.008492e-09
1.403680e-09
1.813040e-09
2.240995e-09
2.722653e-09
3.355508e-09
4.209100e-09
5.313554e-09
6.611797e-09
8.075948e-09
9.751100e-09
1.178378e-08
1.423796e-08
1.708027e-08
2.034741e-08
2.421352e-08
2.883082e-08
3.423243e-08
4.059805e-08
4.764077e-08
5.344155e-08
5.243018e-08
3.977621e-08
2.149760e-08
8.467328e-09
2.794756e-09
9.069427e-10
3.236460e-10
1.231749e-10
7.163147e-11
8.804971e-11
1.409987e-10
2.070458e-10
2.771663e-10
3.413997e-10
3.917338e-10
4.224074e-10
4.310251e-10
4.179458e-10
3.840587e-10
3.316591e-10
2.628421e-10
1.817988e-10
9.254550e-11
1.016135e-13
-9.276452e-11
-1.816341e-10
-2.631226e-10
-3.315967e-10
-3.844285e-10
-4.179812e-10
-4.313462e-10
-4.223547e-10
-3.916913e-10
-3.409952e-10
-2.764207e-10
-2.063506e-10
-1.386514e-10
-8.668108e-11
-7.121671e-11
-1.264816e-10
-3.330482e-10
-9.206246e-10
-2.789121e-09
-8.439007e-09
-2.149347e-08
-3.978082e-08
-5.239079e-08
-5.337361e-08
-4.765219e-08
-4.066365e-08
-3.428267e-08
-2.886043e-08
-2.424009e-08
-2.035078e-08
-1.705069e-08
-1.419580e-08
-1.175497e-08
-9.749518e-09
-8.091771e-09
-6.637744e-09
-5.333825e-09
-4.219700e-09
-3.348480e-09
-2.711829e-09
-2.240233e-09
-1.835972e-09
-1.433669e-09
-1.025912e-09
-6.515801e-10
-3.531003e-10
-1.494340e-10
-3.914319e-11
-3.181264e-12
-8.116691e-12
1.254615e-10
3.136570e-10
5.859134e-10
9.383350e-10
1.366680e-09
1.852023e-09
2.385450e-09
2.942010e-09
3.531883e-09
4.185710e-09
4.992011e-09
6.012404e-09
7.276164e-09
8.729591e-09
1.035442e-08
1.220083e-08
1.440591e-08
1.700358e-08
1.994093e-08
2.324039e-08
2.708471e-08
3.160663e-08
3.691697e-08
4.294278e-08
4.951424e-08
5.583043e-08
5.910648e-08
5.236287e-08
3.441996e-08
1.585564e-08
5.066457e-09
7.531444e-10
-7.062490e-10
-1.160307e-09
-1.265656e-09
-1.228574e-09
-1.128680e-09
-1.000227e-09
-8.584249e-10
-7.138107e-10
-5.764490e-10
-4.535035e-10
-3.482513e-10
-2.602694e-10
-1.888746e-10
-1.320613e-10
-8.825437e-11
-5.409896e-11
-2.612846e-11
6.598197e-14
2.581249e-11
5.417793e-11
8.785043e-11
1.319838e-10
1.883350e-10
2.600608e-10
3.477747e-10
4.534096e-10
5.763659e-10
7.141384e-10
8.593200e-10
1.001104e-09
1.131496e-09
1.229787e-09
1.266138e-09
1.155504e-09
6.976535e-10
-7.628722e-10
-5.058136e-09
-1.582251e-08
-3.443424e-08
-5.233270e-08
-5.902350e-08
-5.573925e-08
-4.949801e-08
-4.303371e-08
-3.698145e-08
-3.165331e-08
-2.711855e-08
-2.324530e-08
-1.990807e-08
-1.695745e-08
-1.437416e-08
-1.219917e-08
-1.037185e-08
-8.757350e-09
-7.296086e-09
-6.022197e-09
-4.985735e-09
-4.178560e-09
-3.534729e-09
-2.965798e-09
-2.413331e-09
-1.867085e-09
-1.355324e-09
-9.129348e-10
-5.612009e-10
-3.061357e-10
-1.331850e-10
-6.842929e-12
2.451582e-10
5.561724e-10
9.573461e-10
1.442090e-09
1.999812e-09
2.608179e-09
3.262412e-09
3.946661e-09
4.675852e-09
5.475160e-09
6.422030e-09
7.570038e-09
8.948713e-09
1.050982e-08
1.224264e-08
1.419595e-08
1.649106e-08
1.913795e-08
2.207627e-08
2.532361e-08
2.903961e-08
3.334113e-08
3.831926e-08
4.384817e-08
4.967072e-08
5.549913e-08
6.072933e-08
6.015260e-08
4.755898e-08
2.743220e-08
1.089700e-08
2.229861e-09
-1.345667e-09
-2.619383e-09
-2.975983e-09
-2.981552e-09
-2.845429e-09
-2.645033e-09
-2.411887e-09
-2.161993e-09
-1.907548e-09
-1.657553e-09
-1.417811e-09
-1.189413e-09
-9.722707e-10
-7.652045e-10
-5.670212e-10
-3.754882e-10
-1.876652e-10
1.031018e-14
1.872471e-10
3.754567e-10
5.665260e-10
7.650237e-10
9.717053e-10
1.189111e-09
1.417386e-09
1.657460e-09
1.907750e-09
2.162757e-09
2.413768e-09
2.646647e-09
2.848197e-09
2.982678e-09
2.976594e-09
2.615490e-09
1.339387e-09
-2.234721e-09
-1.088787e-08
-2.743565e-08
-4.759662e-08
-6.008812e-08
-6.062900e-08
-5.543043e-08
-4.968319e-08
-4.392973e-08
-3.837588e-08
-3.337748e-08
-2.907410e-08
-2.532550e-08
-2.204245e-08
-1.909323e-08
-1.646234e-08
-1.419756e-08
-1.226060e-08
-1.053594e-08
-8.965502e-09
-7.578212e-09
-6.417545e-09
-5.472904e-09
-4.683013e-09
-3.971246e-09
-3.288206e-09
-2.621117e-09
-1.988084e-09
-1.417156e-09
-9.325383e-10
-5.472174e-10
-2.506878e-10
-5.372491e-12
3.514488e-10
7.704268e-10
1.283997e-09
1.883811e-09
2.553764e-09
3.268392e-09
4.025553e-09
4.817355e-09
5.662321e-09
6.579851e-09
7.634773e-09
8.872552e-09
1.032380e-08
1.194788e-08
1.373916e-08
1.574008e-08
1.805291e-08
2.067079e-08
2.353309e-08
2.665615e-08
3.016638e-08
3.414798e-08
3.863339e-08
4.351951e-08
4.850955e-08
5.366991e-08
5.872171e-08
6.127299e-08
5.557793e-08
3.950849e-08
2.053607e-08
6.769174e-09
-4.390727e-10
-3.628906e-09
-4.800276e-09
-5.069336e-09
-4.983881e-09
-4.735106e-09
-4.407416e-09
-4.034664e-09
-3.636633e-09
-3.225599e-09
-2.811943e-09
-2.400765e-09
-1.993573e-09
-1.590486e-09
-1.190758e-09
-7.940008e-10
-3.979928e-10
-5.815026e-14
3.974623e-10
7.938874e-10
1.190274e-09
1.590339e-09
1.993081e-09
2.400482e-09
2.811680e-09
3.225820e-09
3.637356e-09
4.035982e-09
4.409526e-09
4.736777e-09
4.986637e-09
5.071460e-09
4.801566e-09
3.625252e-09
4.332447e-10
-6.775949e-09
-2.055009e-08
-3.956226e-08
-5.557693e-08
-6.119188e-08
-5.860965e-08
-5.359743e-08
-4.857404e-08
-4.357661e-08
-3.867110e-08
-3.416651e-08
-3.019320e-08
-2.665585e-08
-2.350162e-08
-2.063303e-08
-1.803094e-08
-1.574491e-08
-1.375433e-08
-1.196823e-08
-1.033522e-08
-8.879122e-09
-7.633556e-09
-6.583439e-09
-5.673850e-09
-4.842196e-09
-4.049201e-09
-3.279669e-09
-2.542556e-09
-1.860154e-09
-1.259723e-09
-7.602161e-10
-3.546188e-10
-3.587044e-12
4.436723e-10
9.549842e-10
1.563611e-09
2.260205e-09
3.024164e-09
3.827517e-09
4.669374e-09
5.548287e-09
6.485183e-09
7.493993e-09
8.626032e-09
9.918369e-09
1.140282e-08
1.304831e-08
1.485244e-08
1.684804e-08
1.911726e-08
2.164416e-08
2.437081e-08
2.730850e-08
3.055150e-08
3.413657e-08
3.804175e-08
4.216746e-08
4.625971e-08
5.056747e-08
5.480731e-08
5.774667e-08
5.622957e-08
4.674220e-08
3.072946e-08
1.431454e-08
2.879109e-09
-3.261748e-09
-6.114847e-09
-7.170678e-09
-7.362650e-09
-7.168345e-09
-6.790096e-09
-6.306371e-09
-5.755391e-09
-5.160461e-09
-4.540137e-09
-3.907255e-09
-3.266527e-09
-2.620564e-09
-1.969886e-09
-1.316954e-09
-6.608441e-10
-1.501019e-13
6.601990e-10
1.316782e-09
1.969463e-09
2.620480e-09
3.266032e-09
3.906770e-09
4.539728e-09
5.160849e-09
5.755959e-09
6.306752e-09
6.789893e-09
7.167868e-09
7.364975e-09
7.177442e-09
6.119451e-09
3.250883e-09
-2.895821e-09
-1.431972e-08
-3.076127e-08
-4.676007e-08
-5.615682e-08
-5.769568e-08
-5.474127e-08
-5.055076e-08
-4.634103e-08
-4.220247e-08
-3.805584e-08
-3.414044e-08
-3.056858e-08
-2.730889e-08
-2.434520e-08
-2.161670e-08
-1.910200e-08
-1.685237e-08
-1.486034e-08
-1.305947e-08
-1.140809e-08
-9.924372e-09
-8.629675e-09
-7.503823e-09
-6.500518e-09
-5.572622e-09
-4.690884e-09
-3.837765e-09
-3.014496e-09
-2.238804e-09
-1.540658e-09
-9.437504e-10
-4.441608e-10
-1.381860e-12
5.215016e-10
1.109355e-09
1.795827e-09
2.570919e-09
3.410329e-09
4.284334e-09
5.192288e-09
6.137709e-09
7.142855e-09
8.216986e-09
9.397705e-09
1.071304e-08
1.219507e-08
1.382381e-08
1.559976e-08
1.754480e-08
1.972038e-08
2.210742e-08
2.465270e-08
2.735916e-08
3.028887e-08
3.343743e-08
3.674994e-08
4.012108e-08
4.335132e-08
4.661664e-08
4.981710e-08
5.217147e-08
5.190296e-08
4.715399e-08
3.625976e-08
2.103250e-08
7.545372e-09
-1.463256e-09
-6.435829e-09
-8.795215e-09
-9.713438e-09
-9.790951e-09
-9.442342e-09
-8.881588e-09
-8.188194e-09
-7.406613e-09
-6.564413e-09
-5.684877e-09
-4.777028e-09
-3.847866e-09
-2.900626e-09
-1.942776e-09
-9.756917e-10
-3.030966e-13
9.749990e-10
1.942523e-09
2.900420e-09
3.847841e-09
4.776560e-09
5.684207e-09
6.564042e-09
7.407835e-09
8.189892e-09
8.883477e-09
9.442281e-09
9.788878e-09
9.712667e-09
8.805442e-09
6.436270e-09
1.436314e-09
-7.536021e-09
-2.100693e-08
-3.628505e-08
-4.723034e-08
-5.190729e-08
-5.209863e-08
-4.976288e-08
-4.661760e-08
-4.340334e-08
-4.013888e-08
-3.674612e-08
-3.343381e-08
-3.029895e-08
-2.736190e-08
-2.463541e-08
-2.208957e-08
-1.970776e-08
-1.754287e-08
-1.559658e-08
-1.382436e-08
-1.219527e-08
-1.072034e-08
-9.407565e-09
-8.232911e-09
-7.161151e-09
-6.160909e-09
-5.211827e-09
-4.294174e-09
-3.403048e-09
-2.552648e-09
-1.774945e-09
-1.097294e-09
-5.188223e-10
1.331088e-12
5.850713e-10
1.234086e-09
1.982077e-09
2.818274e-09
3.714981e-09
4.641296e-09
5.596291e-09
6.587410e-09
7.637611e-09
8.752670e-09
9.956982e-09
1.126853e-08
1.271739e-08
1.429488e-08
1.600591e-08
1.786301e-08
1.990686e-08
2.211646e-08
2.444371e-08
2.688283e-08
2.946533e-08
3.216184e-08
3.489202e-08
3.756501e-08
4.000829e-08
4.225073e-08
4.427513e-08
4.570443e-08
4.557807e-08
4.291780e-08
3.576780e-08
2.348589e-08
1.002685e-08
-8.959557e-10
-7.769030e-09
-1.104510e-08
-1.225687e-08
-1.243220e-08
-1.211184e-08
-1.151124e-08
-1.070387e-08
-9.762271e-09
-8.712243e-09
-7.587089e-09
-6.406159e-09
-5.181317e-09
-3.917237e-09
-2.628751e-09
-1.321485e-09
-2.955499e-13
1.321210e-09
2.628611e-09
3.917466e-09
5.181225e-09
6.405942e-09
7.586237e-09
8.712314e-09
9.765537e-09
1.070857e-08
1.151504e-08
1.210756e-08
1.241787e-08
1.224012e-08
1.106701e-08
7.796772e-09
9.143083e-10
-9.990302e-09
-2.352853e-08
-3.576406e-08
-4.294001e-08
-4.562065e-08
-4.566780e-08
-4.424950e-08
-4.226064e-08
-4.004708e-08
-3.758156e-08
-3.488693e-08
-3.215755e-08
-2.947183e-08
-2.688867e-08
-2.443395e-08
-2.210314e-08
-1.989049e-08
-1.784993e-08
-1.599039e-08
-1.428606e-08
-1.271518e-08
-1.127935e-08
-9.973953e-09
-8.774199e-09
-7.658088e-09
-6.609173e-09
-5.614106e-09
-4.651121e-09
-3.710550e-09
-2.803747e-09
-1.963871e-09
-1.221299e-09
-5.785777e-10
4.616515e-12
6.349778e-10
1.330589e-09
2.125043e-09
3.006400e-09
3.943313e-09
4.903786e-09
5.886383e-09
6.902064e-09
7.974613e-09
9.107987e-09
1.031464e-08
1.160144e-08
1.299295e-08
1.448979e-08
1.610330e-08
1.784136e-08
1.972665e-08
2.173367e-08
2.381608e-08
2.595874e-08
2.817060e-08
3.041154e-08
3.258854e-08
3.463181e-08
3.639154e-08
3.779375e-08
3.881216e-08
3.925928e-08
3.878430e-08
3.661927e-08
3.146252e-08
2.231607e-08
1.062616e-08
-1.204227e-09
-1.102833e-08
-1.653382e-08
-1.830039e-08
-1.787670e-08
-1.658743e-08
-1.526097e-08
-1.394030e-08
-1.253722e-08
-1.107105e-08
-9.581429e-09
-8.065126e-09
-6.516324e-09
-4.929181e-09
-3.312728e-09
-1.667395e-09
-4.509557e-13
1.667351e-09
3.312162e-09
4.929314e-09
6.515216e-09
8.064631e-09
9.580003e-09
1.107247e-08
1.254345e-08
1.395226e-08
1.527009e-08
1.657366e-08
1.782919e-08
1.825437e-08
1.659659e-08
1.111489e-08
1.214475e-09
-1.063327e-08
-2.235304e-08
-3.144374e-08
-3.662228e-08
-3.879376e-08
-3.922630e-08
-3.878105e-08
-3.780411e-08
-3.642805e-08
-3.465467e-08
-3.258783e-08
-3.040840e-08
-2.817589e-08
-2.596677e-08
-2.380969e-08
-2.171814e-08
-1.970170e-08
-1.781584e-08
-1.607747e-08
-1.447508e-08
-1.299172e-08
-1.161779e-08
-1.033901e-08
-9.134411e-09
-7.996649e-09
-6.922312e-09
-5.902632e-09
-4.913669e-09
-3.941828e-09
-2.995994e-09
-2.109958e-09
-1.317054e-09
-6.238828e-10
8.470759e-12
6.720519e-10
1.400605e-09
2.227669e-09
3.139811e-09
4.101497e-09
5.079045e-09
6.070104e-09
7.089107e-09
8.161599e-09
9.292031e-09
1.048315e-08
1.173017e-08
1.304811e-08
1.444244e-08
1.593126e-08
1.752395e-08
1.923209e-08
2.102466e-08
2.285141e-08
2.468285e-08
2.651173e-08
2.829956e-08
2.996139e-08
3.144707e-08
3.263115e-08
3.338890e-08
3.359817e-08
3.316236e-08
3.194132e-08
2.962479e-08
2.557711e-08
1.891819e-08
9.795026e-09
-9.740649e-10
-1.232957e-08
-2.125068e-08
-2.647629e-08
-2.812475e-08
-2.691489e-08
-2.439440e-08
-2.160625e-08
-1.881106e-08
-1.606204e-08
-1.349514e-08
-1.107409e-08
-8.732568e-09
-6.464932e-09
-4.292600e-09
-2.159335e-09
-5.753178e-13
2.159475e-09
4.291929e-09
6.465223e-09
8.730746e-09
1.107327e-08
1.349351e-08
1.606355e-08
1.881723e-08
2.162047e-08
2.440410e-08
2.688933e-08
2.805843e-08
2.638404e-08
2.128812e-08
1.248039e-08
1.024905e-09
-9.805964e-09
-1.896578e-08
-2.559496e-08
-2.961213e-08
-3.193202e-08
-3.311818e-08
-3.356563e-08
-3.339139e-08
-3.266325e-08
-3.146861e-08
-2.996222e-08
-2.829801e-08
-2.651800e-08
-2.469126e-08
-2.284377e-08
-2.100268e-08
-1.919780e-08
-1.748858e-08
-1.589946e-08
-1.442631e-08
-1.305106e-08
-1.175329e-08
-1.051443e-08
-9.322284e-09
-8.184500e-09
-7.107735e-09
-6.084789e-09
-5.088891e-09
-4.102920e-09
-3.133788e-09
-2.215985e-09
-1.386164e-09
-6.555115e-10
1.274085e-11
6.970410e-10
1.445602e-09
2.292137e-09
3.221919e-09
4.194955e-09
5.174744e-09
6.156921e-09
7.158978e-09
8.209516e-09
9.316366e-09
1.047596e-08
1.167267e-08
1.290856e-08
1.418808e-08
1.553319e-08
1.695888e-08
1.847465e-08
2.004879e-08
2.162537e-08
2.315500e-08
2.461035e-08
2.595761e-08
2.713625e-08
2.811624e-08
2.880728e-08
2.907222e-08
2.869676e-08
2.761368e-08
2.574664e-08
2.308861e-08
1.941130e-08
1.414368e-08
7.105377e-09
-1.741781e-09
-1.205303e-08
-2.189051e-08
-2.957201e-08
-3.419844e-08
-3.562988e-08
-3.447551e-08
-3.196037e-08
-2.893824e-08
-2.548926e-08
-2.178953e-08
-1.805619e-08
-1.431052e-08
-1.055988e-08
-7.006323e-09
-3.553424e-09
-2.456534e-13
3.554962e-09
7.006710e-09
1.056097e-08
1.430670e-08
1.805300e-08
2.178442e-08
2.549189e-08
2.896165e-08
3.199010e-08
3.448407e-08
3.559954e-08
3.412946e-08
2.943510e-08
2.183961e-08
1.210959e-08
1.768716e-09
-7.089698e-09
-1.414285e-08
-1.937044e-08
-2.303721e-08
-2.572717e-08
-2.756812e-08
-2.866777e-08
-2.907225e-08
-2.883379e-08
-2.813527e-08
-2.714123e-08
-2.596197e-08
-2.462036e-08
-2.316236e-08
-2.161369e-08
-2.001958e-08
-1.843342e-08
-1.691824e-08
-1.550052e-08
-1.417491e-08
-1.291811e-08
-1.170267e-08
-1.051259e-08
-9.348723e-09
-8.232253e-09
-7.175752e-09
-6.170052e-09
-5.184602e-09
-4.199356e-09
-3.220461e-09
-2.283894e-09
-1.429969e-09
-6.743590e-10
1.705546e-11
7.104703e-10
1.466583e-09
2.319506e-09
3.254231e-09
4.226980e-09
5.197321e-09
6.156929e-09
7.124775e-09
8.133183e-09
9.196254e-09
1.030856e-08
1.144628e-08
1.259718e-08
1.375908e-08
1.495234e-08
1.619691e-08
1.750643e-08
1.885695e-08
2.019361e-08
2.144939e-08
2.257000e-08
2.351526e-08
2.424822e-08
2.476413e-08
2.501117e-08
2.486559e-08
2.409709e-08
2.259276e-08
2.032102e-08
1.736068e-08
1.367871e-08
8.944790e-09
3.011550e-09
-4.127748e-09
-1.230957e-08
-2.087175e-08
-2.898789e-08
-3.537368e-08
-3.904092e-08
-3.988310e-08
-3.864597e-08
-3.619318e-08
-3.260107e-08
-2.825140e-08
-2.369173e-08
-1.896321e-08
-1.410483e-08
-9.372211e-09
-4.724200e-09
2.742295e-12
4.730852e-09
9.374023e-09
1.410235e-08
1.894851e-08
2.368804e-08
2.824478e-08
3.258968e-08
3.623556e-08
3.869646e-08
3.989010e-08
3.902209e-08
3.531603e-08
2.885529e-08
2.077629e-08
1.226231e-08
4.134581e-09
-2.963637e-09
-8.885518e-09
-1.359344e-08
-1.730843e-08
-2.029446e-08
-2.255609e-08
-2.407483e-08
-2.487108e-08
-2.503853e-08
-2.478747e-08
-2.426328e-08
-2.352909e-08
-2.258370e-08
-2.145329e-08
-2.017599e-08
-1.882143e-08
-1.746188e-08
-1.615625e-08
-1.492396e-08
-1.375263e-08
-1.261440e-08
-1.148169e-08
-1.034771e-08
-9.228251e-09
-8.154447e-09
-7.139527e-09
-6.168837e-09
-5.207633e-09
-4.234579e-09
-3.257277e-09
-2.314343e-09
-1.449395e-09
-6.814203e-10
2.083592e-11
7.128296e-10
1.464542e-09
2.310400e-09
3.236888e-09
4.198521e-09
5.150720e-09
6.078932e-09
7.000547e-09
7.950626e-09
8.951336e-09
1.000018e-08
1.106956e-08
1.213444e-08
1.318260e-08
1.422718e-08
1.528813e-08
1.638301e-08
1.750088e-08
1.859937e-08
1.960732e-08
2.044687e-08
2.105685e-08
2.140534e-08
2.150798e-08
2.135212e-08
2.084447e-08
1.977842e-08
1.800937e-08
1.551521e-08
1.239338e-08
8.665601e-09
4.195577e-09
-1.092979e-09
-7.156760e-09
-1.378911e-08
-2.064311e-08
-2.758817e-08
-3.395892e-08
-3.860065e-08
-4.103732e-08
-4.127491e-08
-3.996552e-08
-3.721172e-08
-3.308976e-08
-2.844775e-08
-2.324102e-08
-1.748843e-08
-1.170321e-08
-5.903364e-09
6.612568e-12
5.915983e-09
1.170932e-08
1.748275e-08
2.321579e-08
2.842878e-08
3.307969e-08
3.721726e-08
4.001165e-08
4.130998e-08
4.104900e-08
3.859469e-08
3.392641e-08
2.751125e-08
2.056449e-08
1.371853e-08
7.136928e-09
1.146882e-09
-4.122810e-09
-8.591851e-09
-1.234661e-08
-1.548721e-08
-1.797874e-08
-1.976631e-08
-2.085929e-08
-2.138465e-08
-2.153824e-08
-2.142985e-08
-2.107646e-08
-2.045920e-08
-1.960402e-08
-1.857467e-08
-1.746139e-08
-1.633986e-08
-1.525315e-08
-1.420778e-08
-1.318523e-08
-1.215843e-08
-1.110713e-08
-1.003794e-08
-8.980190e-09
-7.969287e-09
-7.013564e-09
-6.090503e-09
-5.162322e-09
-4.209472e-09
-3.243849e-09
-2.307416e-09
-1.445465e-09
-6.779871e-10
2.342353e-11
7.049583e-10
1.441289e-09
2.266462e-09
3.170488e-09
4.109585e-09
5.036473e-09
5.928879e-09
6.798674e-09
7.680564e-09
8.604335e-09
9.574276e-09
1.056437e-08
1.154090e-08
1.248137e-08
1.338821e-08
1.427579e-08
1.516000e-08
1.604026e-08
1.689343e-08
1.766236e-08
1.826303e-08
1.861157e-08
1.866009e-08
1.842400e-08
1.792211e-08
1.710475e-08
1.580854e-08
1.388568e-08
1.130059e-08
8.144796e-09
4.470607e-09
2.496679e-10
-4.535042e-09
-9.833216e-09
-1.546186e-08
-2.118209e-08
-2.690629e-08
-3.234026e-08
-3.678903e-08
-3.979064e-08
-4.104225e-08
-4.056065e-08
-3.861815e-08
-3.513690e-08
-3.075403e-08
-2.556930e-08
-1.950339e-08
-1.316629e-08
-6.675657e-09
8.556964e-12
6.692502e-09
1.317753e-08
1.949783e-08
2.554011e-08
3.071935e-08
3.512432e-08
3.863998e-08
4.059779e-08
4.106116e-08
3.979595e-08
3.678145e-08
3.233057e-08
2.689015e-08
2.114571e-08
1.541366e-08
9.809670e-09
4.564827e-09
-1.999338e-10
-4.424819e-09
-8.109126e-09
-1.127436e-08
-1.386155e-08
-1.580596e-08
-1.712515e-08
-1.795540e-08
-1.845509e-08
-1.868578e-08
-1.862881e-08
-1.826827e-08
-1.765015e-08
-1.686341e-08
-1.600149e-08
-1.512399e-08
-1.425172e-08
-1.338071e-08
-1.249283e-08
-1.156837e-08
-1.059947e-08
-9.606539e-09
-8.627810e-09
-7.696270e-09
-6.810968e-09
-5.941530e-09
-5.050334e-09
-4.123647e-09
-3.180046e-09
-2.264223e-09
-1.420167e-09
-6.658742e-10
2.428791e-11
6.883089e-10
1.400031e-09
2.191686e-09
3.058333e-09
3.961875e-09
4.855602e-09
5.709953e-09
6.527858e-09
7.339059e-09
8.177755e-09
9.056564e-09
9.956027e-09
1.083954e-08
1.167670e-08
1.245889e-08
1.319168e-08
1.388348e-08
1.453577e-08
1.514094e-08
1.566671e-08
1.604532e-08
1.618616e-08
1.601884e-08
1.553594e-08
1.476574e-08
1.369996e-08
1.223303e-08
1.023561e-08
7.658276e-09
4.570224e-09
1.042767e-09
-2.905661e-09
-7.260467e-09
-1.195941e-08
-1.685537e-08
-2.175706e-08
-2.650983e-08
-3.092060e-08
-3.461376e-08
-3.726102e-08
-3.868963e-08
-3.874304e-08
-3.751508e-08
-3.488643e-08
-3.101643e-08
-2.607894e-08
-2.017584e-08
-1.372648e-08
-6.960670e-09
7.951421e-12
6.977646e-09
1.373973e-08
2.017260e-08
2.605153e-08
3.097813e-08
3.486576e-08
3.752776e-08
3.877607e-08
3.871083e-08
3.725947e-08
3.460489e-08
3.091492e-08
2.651395e-08
2.174999e-08
1.683453e-08
1.194986e-08
7.275632e-09
2.933804e-09
-1.017440e-09
-4.545515e-09
-7.638060e-09
-1.022046e-08
-1.223571e-08
-1.371820e-08
-1.479162e-08
-1.556013e-08
-1.603834e-08
-1.619639e-08
-1.604265e-08
-1.564849e-08
-1.511067e-08
-1.450352e-08
-1.385934e-08
-1.318099e-08
-1.246264e-08
-1.169359e-08
-1.086546e-08
-9.983961e-09
-9.080291e-09
-8.194974e-09
-7.352569e-09
-6.541122e-09
-5.725329e-09
-4.872443e-09
-3.978194e-09
-3.068504e-09
-2.188470e-09
-1.377029e-09
-6.473907e-10
2.321975e-11
6.648379e-10
1.345186e-09
2.092704e-09
2.907790e-09
3.761369e-09
4.611689e-09
5.424768e-09
6.193253e-09
6.937315e-09
7.690177e-09
8.471284e-09
9.270895e-09
1.005556e-08
1.079107e-08
1.145944e-08
1.205725e-08
1.258335e-08
1.303386e-08
1.340612e-08
1.368980e-08
1.384660e-08
1.380232e-08
1.347689e-08
1.283264e-08
1.188228e-08
1.063860e-08
9.051960e-09
7.029285e-09
4.518535e-09
1.562455e-09
-1.766075e-09
-5.424273e-09
-9.378909e-09
-1.356436e-08
-1.785327e-08
-2.205645e-08
-2.600089e-08
-2.954717e-08
-3.246130e-08
-3.454141e-08
-3.567081e-08
-3.574840e-08
-3.474600e-08
-3.256098e-08
-2.917715e-08
-2.467878e-08
-1.925091e-08
-1.317915e-08
-6.690871e-09
7.631003e-12
6.706427e-09
1.319165e-08
1.924971e-08
2.465500e-08
2.914050e-08
3.253808e-08
3.474969e-08
3.577139e-08
3.569160e-08
3.454791e-08
3.246222e-08
2.954793e-08
2.600525e-08
2.205416e-08
1.784677e-08
1.356717e-08
9.392278e-09
5.440365e-09
1.778929e-09
-1.550325e-09
-4.508407e-09
-7.021889e-09
-9.054178e-09
-1.064968e-08
-1.189859e-08
-1.284945e-08
-1.349091e-08
-1.380817e-08
-1.384066e-08
-1.367141e-08
-1.338102e-08
-1.301178e-08
-1.257190e-08
-1.205788e-08
-1.147002e-08
-1.080791e-08
-1.007493e-08
-9.288499e-09
-8.485478e-09
-7.701941e-09
-6.950371e-09
-6.209473e-09
-5.444280e-09
-4.631656e-09
-3.778508e-09
-2.916313e-09
-2.086929e-09
-1.320863e-09
-6.249364e-10
2.041661e-11
6.365475e-10
1.281440e-09
1.977717e-09
2.729871e-09
3.519344e-09
4.313476e-09
5.078652e-09
5.798898e-09
6.482060e-09
7.154395e-09
7.837891e-09
8.532855e-09
9.213972e-09
9.847961e-09
1.041018e-08
1.088923e-08
1.127590e-08
1.155903e-08
1.173190e-08
1.179404e-08
1.173379e-08
1.150767e-08
1.104757e-08
1.029795e-08
9.244978e-09
7.898237e-09
6.244120e-09
4.230166e-09
1.815295e-09
-9.770923e-10
-4.080751e-09
-7.439852e-09
-1.100647e-08
-1.471594e-08
-1.845617e-08
-2.205314e-08
-2.533191e-08
-2.817732e-08
-3.045924e-08
-3.202940e-08
-3.280239e-08
-3.270090e-08
-3.165482e-08
-2.958907e-08
-2.647575e-08
-2.238706e-08
-1.748385e-08
-1.198819e-08
-6.094919e-09
8.817865e-12
6.110244e-09
1.199786e-08
1.748175e-08
2.236792e-08
2.644556e-08
2.956820e-08
3.164762e-08
3.270705e-08
3.281888e-08
3.204524e-08
3.047249e-08
2.818690e-08
2.533688e-08
2.205370e-08
1.845973e-08
1.472657e-08
1.101970e-08
7.448643e-09
4.084476e-09
9.798568e-10
-1.810688e-09
-4.224012e-09
-6.242668e-09
-7.904019e-09
-9.257224e-09
-1.031346e-08
-1.106191e-08
-1.151462e-08
-1.172973e-08
-1.177957e-08
-1.171385e-08
-1.154601e-08
-1.127307e-08
-1.089526e-08
-1.042125e-08
-9.859624e-09
-9.223788e-09
-8.539589e-09
-7.843805e-09
-7.162855e-09
-6.496837e-09
-5.819761e-09
-5.102989e-09
-4.335982e-09
-3.535566e-09
-2.734783e-09
-1.968418e-09
-1.256740e-09
-6.003871e-10
1.641628e-11
6.049595e-10
1.212561e-09
1.854578e-09
2.537091e-09
3.251087e-09
3.975406e-09
4.682109e-09
5.351063e-09
5.978232e-09
6.578370e-09
7.170233e-09
7.761376e-09
8.337209e-09
8.870016e-09
9.331810e-09
9.704238e-09
9.972163e-09
1.011971e-08
1.013400e-08
1.001346e-08
9.759824e-09
9.358122e-09
8.766546e-09
7.933075e-09
6.825364e-09
5.437080e-09
3.766658e-09
1.792183e-09
-5.093888e-10
-3.123977e-09
-5.994355e-09
-9.056940e-09
-1.225097e-08
-1.551092e-08
-1.874237e-08
-2.180377e-08
-2.453647e-08
-2.682811e-08
-2.859976e-08
-2.975680e-08
-3.022599e-08
-2.993819e-08
-2.881562e-08
-2.679666e-08
-2.387018e-08
-2.011063e-08
-1.567183e-08
-1.073094e-08
-5.447738e-09
1.136130e-11
5.465303e-09
1.073762e-08
1.566565e-08
2.009274e-08
2.384524e-08
2.677604e-08
2.880304e-08
2.993597e-08
3.023425e-08
2.977030e-08
2.861461e-08
2.684046e-08
2.454546e-08
2.181209e-08
1.875434e-08
1.552486e-08
1.226147e-08
9.060840e-09
5.994457e-09
3.126381e-09
5.169041e-10
-1.782927e-09
-3.763371e-09
-5.443215e-09
-6.840061e-09
-7.952334e-09
-8.784588e-09
-9.368159e-09
-9.758480e-09
-1.000219e-08
-1.011996e-08
-1.011026e-08
-9.970909e-09
-9.708779e-09
-9.338117e-09
-8.873875e-09
-8.337539e-09
-7.759343e-09
-7.170806e-09
-6.586272e-09
-5.996575e-09
-5.377308e-09
-4.710864e-09
-3.999165e-09
-3.264779e-09
-2.537282e-09
-1.841748e-09
-1.188712e-09
-5.746225e-10
1.191506e-11
5.708342e-10
1.140630e-09
1.728990e-09
2.340580e-09
2.972759e-09
3.615637e-09
4.251041e-09
4.860636e-09
5.432373e-09
5.968159e-09
6.478190e-09
6.971978e-09
7.444844e-09
7.877936e-09
8.243979e-09
8.519195e-09
8.683504e-09
8.719264e-09
8.610761e-09
8.351794e-09
7.945065e-09
7.391136e-09
6.673743e-09
5.759466e-09
4.614814e-09
3.220879e-09
1.573352e-09
-3.343969e-10
-2.508884e-09
-4.936719e-09
-7.569223e-09
-1.034197e-08
-1.318560e-08
-1.603180e-08
-1.880122e-08
-2.138908e-08
-2.366879e-08
-2.553308e-08
-2.690883e-08
-2.773248e-08
-2.794418e-08
-2.748340e-08
-2.628710e-08
-2.430554e-08
-2.154571e-08
-1.808319e-08
-1.405305e-08
-9.602690e-09
-4.865888e-09
1.330005e-11
4.885582e-09
9.607201e-09
1.404233e-08
1.806394e-08
2.152467e-08
2.428930e-08
2.627760e-08
2.748007e-08
2.794516e-08
2.773678e-08
2.691536e-08
2.554095e-08
2.367801e-08
2.140064e-08
1.881466e-08
1.604345e-08
1.319227e-08
1.034451e-08
7.572404e-09
4.945029e-09
2.521078e-09
3.440190e-10
-1.573288e-09
-3.231761e-09
-4.634153e-09
-5.782142e-09
-6.693489e-09
-7.401337e-09
-7.942948e-09
-8.339321e-09
-8.594979e-09
-8.706686e-09
-8.677405e-09
-8.517585e-09
-8.243470e-09
-7.874695e-09
-7.438512e-09
-6.965048e-09
-6.477035e-09
-5.977904e-09
-5.455039e-09
-4.891558e-09
-4.282582e-09
-3.638906e-09
-2.982847e-09
-2.336117e-09
-1.713638e-09
-1.118972e-09
-5.474725e-10
7.556223e-12
5.342783e-10
1.066037e-09
1.603621e-09
2.147743e-09
2.697823e-09
3.252430e-09
3.804682e-09
4.343528e-09
4.855124e-09
5.331065e-09
5.770138e-09
6.177635e-09
6.554430e-09
6.890973e-09
7.164750e-09
7.349693e-09
7.421638e-09
7.362187e-09
7.156477e-09
6.796188e-09
6.280163e-09
5.611869e-09
4.789776e-09
3.800723e-09
2.623371e-09
1.238155e-09
-3.637756e-10
-2.185009e-09
-4.222375e-09
-6.459726e-09
-8.854623e-09
-1.134729e-08
-1.386808e-08
-1.634814e-08
-1.871690e-08
-2.089595e-08
-2.279120e-08
-2.430947e-08
-2.537436e-08
-2.592609e-08
-2.591578e-08
-2.529911e-08
-2.403581e-08
-2.209994e-08
-1.950708e-08
-1.632415e-08
-1.265966e-08
-8.634930e-09
-4.370060e-09
1.316317e-11
4.388980e-09
8.637126e-09
1.264567e-08
1.630365e-08
1.948973e-08
2.209119e-08
2.403405e-08
2.530017e-08
2.591590e-08
2.592508e-08
2.537354e-08
2.431069e-08
2.279521e-08
2.090252e-08
1.872385e-08
1.635321e-08
1.387097e-08
1.135083e-08
8.861932e-09
6.471037e-09
4.232811e-09
2.188386e-09
3.565432e-10
-1.254360e-09
-2.644953e-09
-3.822580e-09
-4.806341e-09
-5.617377e-09
-6.272570e-09
-6.777734e-09
-7.134008e-09
-7.342023e-09
-7.407698e-09
-7.341116e-09
-7.158838e-09
-6.883912e-09
-6.545786e-09
-6.170170e-09
-5.770442e-09
-5.343886e-09
-4.881275e-09
-4.376873e-09
-3.836407e-09
-3.273408e-09
-2.704028e-09
-2.139821e-09
-1.587527e-09
-1.047823e-09
-5.181093e-10
3.778370e-12
4.951602e-10
9.881796e-10
1.478411e-09
1.961349e-09
2.434505e-09
2.900528e-09
3.362328e-09
3.819252e-09
4.262115e-09
4.677882e-09
5.054841e-09
5.389348e-09
5.681260e-09
5.927033e-09
6.111095e-09
6.209551e-09
6.196777e-09
6.053835e-09
5.768021e-09
5.332239e-09
4.742814e-09
4.000296e-09
3.106764e-09
2.061586e-09
8.583123e-10
-5.135233e-10
-2.061278e-09
-3.786743e-09
-5.683544e-09
-7.734164e-09
-9.900990e-09
-1.213086e-08
-1.435951e-08
-1.652135e-08
-1.855068e-08
-2.038217e-08
-2.194318e-08
-2.315806e-08
-2.395543e-08
-2.427694e-08
-2.408061e-08
-2.333916e-08
-2.203560e-08
-2.016390e-08
-1.774193e-08
-1.481932e-08
-1.147863e-08
-7.821225e-09
-3.955532e-09
1.049529e-11
3.969804e-09
7.820366e-09
1.146354e-08
1.479989e-08
1.772825e-08
2.016099e-08
2.204077e-08
2.334686e-08
2.408590e-08
2.427873e-08
2.395451e-08
2.315622e-08
2.194104e-08
2.037993e-08
1.854787e-08
1.651865e-08
1.435842e-08
1.213340e-08
9.906831e-09
7.740196e-09
5.684604e-09
3.779954e-09
2.047044e-09
4.952597e-10
-8.774237e-10
-2.077637e-09
-3.115516e-09
-3.997092e-09
-4.726386e-09
-5.305143e-09
-5.737086e-09
-6.025650e-09
-6.176150e-09
-6.196606e-09
-6.103413e-09
-5.920428e-09
-5.674654e-09
-5.384940e-09
-5.058466e-09
-4.693379e-09
-4.289346e-09
-3.851650e-09
-3.391262e-09
-2.917782e-09
-2.437348e-09
-1.951908e-09
-1.463650e-09
-9.743805e-10
-4.856847e-10
7.667131e-13
4.536126e-10
9.064901e-10
1.351823e-09
1.780265e-09
2.185137e-09
2.568801e-09
2.940056e-09
3.308246e-09
3.673144e-09
4.023806e-09
4.342612e-09
4.615857e-09
4.836370e-09
5.000554e-09
5.098463e-09
5.111930e-09
5.018213e-09
4.799448e-09
4.445075e-09
3.950560e-09
3.312493e-09
2.528461e-09
1.598246e-09
5.246302e-10
-6.891866e-10
-2.042432e-09
-3.535181e-09
-5.165915e-09
-6.926997e-09
-8.801498e-09
-1.075638e-08
-1.274497e-08
-1.470994e-08
-1.659118e-08
-1.832743e-08
-1.985968e-08
-2.112726e-08
-2.206962e-08
-2.262777e-08
-2.275219e-08
-2.240882e-08
-2.158208e-08
-2.026978e-08
-1.847743e-08
-1.622094e-08
-1.353454e-08
-1.047926e-08
-7.139250e-09
-3.611947e-09
4.959614e-12
3.617393e-09
7.135007e-09
1.046646e-08
1.352053e-08
1.621274e-08
1.847837e-08
2.027754e-08
2.159254e-08
2.241801e-08
2.275850e-08
2.263027e-08
2.206837e-08
2.112218e-08
1.985186e-08
1.831840e-08
1.658340e-08
1.470490e-08
1.274284e-08
1.075454e-08
8.796591e-09
6.916500e-09
5.150810e-09
3.518220e-09
2.026913e-09
6.768921e-10
-5.312630e-10
-1.596307e-09
-2.514568e-09
-3.286422e-09
-3.915424e-09
-4.407751e-09
-4.766643e-09
-4.995075e-09
-5.098917e-09
-5.093027e-09
-4.998042e-09
-4.834848e-09
-4.616419e-09
-4.349682e-09
-4.040106e-09
-3.698129e-09
-3.336092e-09
-2.963583e-09
-2.581547e-09
-2.185687e-09
-1.771410e-09
-1.340247e-09
-8.976656e-10
-4.499276e-10
-1.502139e-12
4.103892e-10
8.213484e-10
1.222486e-09
1.601441e-09
1.947444e-09
2.259744e-09
2.548212e-09
2.828430e-09
3.109546e-09
3.387781e-09
3.646114e-09
3.864023e-09
4.024888e-09
4.119135e-09
4.138006e-09
4.069306e-09
3.896727e-09
3.606480e-09
3.190859e-09
2.648036e-09
1.976558e-09
1.173158e-09
2.343954e-10
-8.391037e-10
-2.041592e-09
-3.364983e-09
-4.801035e-09
-6.342019e-09
-7.977381e-09
-9.690367e-09
-1.145179e-08
-1.322074e-08
-1.494661e-08
-1.657574e-08
-1.805287e-08
-1.932469e-08
-2.033869e-08
-2.104565e-08
-2.139960e-08
-2.136253e-08
-2.090861e-08
-2.002867e-08
-1.872686e-08
-1.701415e-08
-1.490579e-08
-1.242703e-08
-9.622980e-09
-6.561100e-09
-3.325135e-09
-3.087280e-12
3.318079e-09
6.553036e-09
9.615377e-09
1.242299e-08
1.490682e-08
1.702003e-08
1.873528e-08
2.003780e-08
2.091687e-08
2.136920e-08
2.140321e-08
2.104522e-08
2.033360e-08
1.931619e-08
1.804275e-08
1.656613e-08
1.493783e-08
1.321178e-08
1.144018e-08
9.674909e-09
7.958838e-09
6.323764e-09
4.786183e-09
3.355729e-09
2.038456e-09
8.434005e-10
-2.210806e-10
-1.149136e-09
-1.943023e-09
-2.608697e-09
-3.152237e-09
-3.574622e-09
-3.876165e-09
-4.060199e-09
-4.137594e-09
-4.122561e-09
-4.029471e-09
-3.869539e-09
-3.655287e-09
-3.402299e-09
-3.129072e-09
-2.848837e-09
-2.564640e-09
-2.267875e-09
-1.946913e-09
-1.594895e-09
-1.215340e-09
-8.176060e-10
-4.114729e-10
-3.168271e-12
3.668925e-10
7.344974e-10
1.090584e-09
1.422352e-09
1.717182e-09
1.970801e-09
2.190196e-09
2.391573e-09
2.589871e-09
2.789752e-09
2.980436e-09
3.140849e-09
3.247508e-09
3.282454e-09
3.233232e-09
3.090360e-09
2.844096e-09
2.486700e-09
2.014692e-09
1.429361e-09
7.322022e-10
-7.865175e-11
-1.008085e-09
-2.058980e-09
-3.227831e-09
-4.504835e-09
-5.876569e-09
-7.329205e-09
-8.847812e-09
-1.041417e-08
-1.200127e-08
-1.357271e-08
-1.508389e-08
-1.648786e-08
-1.773675e-08
-1.878452e-08
-1.958618e-08
-2.010070e-08
-2.029132e-08
-2.012886e-08
-1.959373e-08
-1.868004e-08
-1.739428e-08
-1.575082e-08
-1.376710e-08
-1.146537e-08
-8.879821e-09
-6.061872e-09
-3.079726e-09
-1.166565e-11
3.059170e-09
6.049210e-09
8.877162e-09
1.147201e-08
1.377923e-08
1.576432e-08
1.740585e-08
1.868900e-08
1.960034e-08
2.013370e-08
2.029370e-08
2.009993e-08
1.958169e-08
1.877709e-08
1.772716e-08
1.647690e-08
1.507094e-08
1.355690e-08
1.198180e-08
1.039237e-08
8.826478e-09
7.312245e-09
5.866468e-09
4.502910e-09
3.234002e-09
2.073644e-09
1.031167e-09
1.096931e-10
-6.958716e-10
-1.391599e-09
-1.980822e-09
-2.461140e-09
-2.829974e-09
-3.087278e-09
-3.238506e-09
-3.291522e-09
-3.257269e-09
-3.149845e-09
-2.989734e-09
-2.800219e-09
-2.601802e-09
-2.403022e-09
-2.198945e-09
-1.974687e-09
-1.716542e-09
-1.419110e-09
-1.088346e-09
-7.355400e-10
-3.717916e-10
-4.394575e-12
3.248009e-10
6.487078e-10
9.583724e-10
1.242908e-09
1.491131e-09
1.697060e-09
1.863068e-09
2.000802e-09
2.125045e-09
2.245987e-09
2.361350e-09
2.455775e-09
2.505270e-09
2.486127e-09
2.380175e-09
2.176354e-09
1.868082e-09
1.452483e-09
9.304222e-10
3.066803e-10
-4.134748e-10
-1.228421e-09
-2.141597e-09
-3.157738e-09
-4.276936e-09
-5.491712e-09
-6.787881e-09
-8.148352e-09
-9.554596e-09
-1.098632e-08
-1.241729e-08
-1.381419e-08
-1.513720e-08
-1.634526e-08
-1.739779e-08
-1.825660e-08
-1.888417e-08
-1.924582e-08
-1.931038e-08
-1.905362e-08
-1.845967e-08
-1.752446e-08
-1.625550e-08
-1.466953e-08
-1.278714e-08
-1.063108e-08
-8.229385e-09
-5.621232e-09
-2.861125e-09
-1.768668e-11
2.830713e-09
5.604091e-09
8.228337e-09
1.064372e-08
1.280704e-08
1.469038e-08
1.627290e-08
1.753735e-08
1.846839e-08
1.905911e-08
1.931267e-08
1.924495e-08
1.887993e-08
1.824935e-08
1.738748e-08
1.633184e-08
1.512005e-08
1.379341e-08
1.239376e-08
1.096274e-08
9.534198e-09
8.134615e-09
6.782799e-09
5.496388e-09
4.291035e-09
3.180491e-09
2.170878e-09
1.261612e-09
4.469605e-10
-2.760763e-10
-9.059756e-10
-1.436338e-09
-1.861705e-09
-2.178998e-09
-2.389739e-09
-2.498882e-09
-2.518101e-09
-2.466268e-09
-2.369126e-09
-2.251260e-09
-2.128822e-09
-2.003281e-09
-1.864533e-09
-1.697282e-09
-1.490883e-09
-1.243154e-09
-9.607989e-10
-6.539278e-10
-3.326980e-10
-5.297165e-12
2.854037e-10
5.667345e-10
8.294690e-10
1.065935e-09
1.269188e-09
1.434424e-09
1.560189e-09
1.650839e-09
1.715432e-09
1.764200e-09
1.801422e-09
1.820689e-09
1.804227e-09
1.728851e-09
1.573016e-09
1.321990e-09
9.680341e-10
5.092702e-10
-5.142202e-11
-7.068248e-10
-1.447938e-09
-2.268263e-09
-3.166875e-09
-4.147133e-09
-5.211196e-09
-6.355207e-09
-7.567513e-09
-8.831273e-09
-1.012671e-08
-1.143238e-08
-1.272256e-08
-1.396620e-08
-1.512710e-08
-1.616861e-08
-1.705589e-08
-1.775742e-08
-1.824260e-08
-1.848222e-08
-1.844900e-08
-1.812136e-08
-1.748532e-08
-1.653763e-08
-1.528594e-08
-1.374771e-08
-1.194574e-08
-9.904893e-09
-7.652194e-09
-5.221161e-09
-2.657138e-09
-1.893364e-11
2.624305e-09
5.201767e-09
7.649353e-09
9.916647e-09
1.196634e-08
1.377120e-08
1.530769e-08
1.655556e-08
1.749856e-08
1.813002e-08
1.845308e-08
1.848213e-08
1.823849e-08
1.774966e-08
1.704431e-08
1.615326e-08
1.510791e-08
1.394411e-08
1.269915e-08
1.141044e-08
1.010913e-08
8.821127e-09
7.566821e-09
6.365147e-09
5.230975e-09
4.174470e-09
3.197680e-09
2.298436e-09
1.473893e-09
7.268870e-10
6.479185e-11
-5.024718e-10
-9.679583e-10
-1.328061e-09
-1.584216e-09
-1.742680e-09
-1.817874e-09
-1.831081e-09
-1.806967e-09
-1.764500e-09
-1.711985e-09
-1.645571e-09
-1.555446e-09
-1.431594e-09
-1.269353e-09
-1.069169e-09
-8.357675e-10
-5.753047e-10
-2.955836e-10
-5.911330e-12
2.489664e-10
4.900255e-10
7.071962e-10
8.959207e-10
1.054586e-09
1.181924e-09
1.275066e-09
1.331573e-09
1.352000e-09
1.341391e-09
1.305791e-09
1.246633e-09
1.156002e-09
1.017607e-09
8.118519e-10
5.219645e-10
1.369663e-10
-3.478307e-10
-9.312306e-10
-1.606393e-09
-2.362401e-09
-3.188236e-09
-4.077016e-09
-5.027552e-09
-6.040974e-09
-7.115808e-09
-8.244025e-09
-9.411476e-09
-1.059947e-08
-1.178689e-08
-1.294900e-08
-1.405696e-08
-1.507775e-08
-1.597809e-08
-1.672706e-08
-1.729787e-08
-1.766532e-08
-1.780504e-08
-1.769316e-08
-1.730994e-08
-1.664235e-08
-1.568723e-08
-1.445169e-08
-1.295284e-08
-1.121455e-08
-9.264535e-09
-7.132592e-09
-4.852184e-09
-2.463644e-09
-1.579747e-11
2.435673e-09
4.834071e-09
7.127136e-09
9.271236e-09
1.123012e-08
1.297331e-08
1.447314e-08
1.570683e-08
1.665798e-08
1.732060e-08
1.769845e-08
1.780544e-08
1.766133e-08
1.729015e-08
1.671580e-08
1.596361e-08
1.506031e-08
1.403756e-08
1.292901e-08
1.176862e-08
1.058551e-08
9.404855e-09
8.246966e-09
7.129304e-09
6.063411e-09
5.055224e-09
4.104653e-09
3.211428e-09
2.378580e-09
1.615781e-09
9.352475e-10
3.481866e-10
-1.398737e-10
-5.282946e-10
-8.219420e-10
-1.030268e-09
-1.168833e-09
-1.256112e-09
-1.309317e-09
-1.337942e-09
-1.343225e-09
-1.320541e-09
-1.265601e-09
-1.176666e-09
-1.054897e-09
-9.012385e-10
-7.162389e-10
-5.009611e-10
-2.607203e-10
-6.201390e-12
2.145153e-10
4.179260e-10
5.928774e-10
7.367102e-10
8.521342e-10
9.420237e-10
1.004585e-09
1.033473e-09
1.021629e-09
9.664059e-10
8.706819e-10
7.393847e-10
5.735182e-10
3.667923e-10
1.066594e-10
-2.215259e-10
-6.305315e-10
-1.128970e-09
-1.719917e-09
-2.400049e-09
-3.159701e-09
-3.985817e-09
-4.866333e-09
-5.794060e-09
-6.766192e-09
-7.781021e-09
-8.833142e-09
-9.911769e-09
-1.100064e-08
-1.208002e-08
-1.312660e-08
-1.411392e-08
-1.501211e-08
-1.579109e-08
-1.642279e-08
-1.688340e-08
-1.715134e-08
-1.720608e-08
-1.702699e-08
-1.659627e-08
-1.590178e-08
-1.494041e-08
-1.371889e-08
-1.225391e-08
-1.057000e-08
-8.697273e-09
-6.668843e-09
-4.519780e-09
-2.287261e-09
-1.092482e-11
2.267389e-09
4.505532e-09
6.662383e-09
8.699317e-09
1.057953e-08
1.226892e-08
1.373645e-08
1.495757e-08
1.591585e-08
1.660574e-08
1.703134e-08
1.720594e-08
1.714754e-08
1.687685e-08
1.641387e-08
1.578003e-08
1.499892e-08
1.409908e-08
1.311102e-08
1.206566e-08
1.099007e-08
9.908042e-09
8.838376e-09
7.795582e-09
6.787608e-09
5.817878e-09
4.887316e-09
4.000399e-09
3.166876e-09
2.401663e-09
1.718716e-09
1.127171e-09
6.282586e-10
2.175769e-10
-1.138372e-10
-3.770309e-10
-5.847093e-10
-7.477023e-10
-8.727823e-10
-9.607251e-10
-1.009703e-09
-1.018941e-09
-9.921169e-10
-9.350837e-10
-8.523071e-10
-7.431015e-10
-6.034104e-10
-4.301357e-10
-2.270536e-10
-6.117256e-12
1.802617e-10
3.479765e-10
4.851846e-10
5.895265e-10
6.655391e-10
7.188539e-10
7.499425e-10
7.520140e-10
7.139351e-10
6.263779e-10
4.864190e-10
2.975324e-10
6.526643e-11
-2.080264e-10
-5.257830e-10
-8.965670e-10
-1.331214e-09
-1.840095e-09
-2.430294e-09
-3.103447e-09
-3.853997e-09
-4.670395e-09
-5.538355e-09
-6.445754e-09
-7.384658e-09
-8.350673e-09
-9.338861e-09
-1.034088e-08
-1.134303e-08
-1.232739e-08
-1.327225e-08
-1.415340e-08
-1.494415e-08
-1.561762e-08
-1.614829e-08
-1.651421e-08
-1.669592e-08
-1.667565e-08
-1.643592e-08
-1.596158e-08
-1.524216e-08
-1.427535e-08
-1.306801e-08
-1.163668e-08
-1.000588e-08
-8.206376e-09
-6.272228e-09
-4.238466e-09
-2.139232e-09
-7.207634e-12
2.125847e-09
4.228200e-09
6.266743e-09
8.206801e-09
1.001221e-08
1.164779e-08
1.308158e-08
1.428867e-08
1.525276e-08
1.596814e-08
1.643825e-08
1.667461e-08
1.669257e-08
1.650944e-08
1.614229e-08
1.561017e-08
1.493476e-08
1.414207e-08
1.325971e-08
1.231557e-08
1.133456e-08
1.033857e-08
9.344246e-09
8.363307e-09
7.401633e-09
6.462855e-09
5.551460e-09
4.677424e-09
3.855372e-09
3.101786e-09
2.428470e-09
1.839803e-09
1.331822e-09
8.960087e-10
5.218709e-10
2.004773e-10
-7.443332e-11
-3.044133e-10
-4.873657e-10
-6.195844e-10
-7.007428e-10
-7.361571e-10
-7.362925e-10
-7.111819e-10
-6.654985e-10
-5.961228e-10
-4.960095e-10
-3.603454e-10
-1.927150e-10
-5.674197e-12
1.445146e-10
2.772878e-10
3.810794e-10
4.526314e-10
4.955523e-10
5.156378e-10
5.150656e-10
4.888734e-10
4.258963e-10
3.135296e-10
1.435107e-10
-8.520973e-11
-3.676213e-10
-6.971470e-10
-1.069791e-09
-1.486572e-09
-1.952930e-09
-2.477169e-09
-3.067483e-09
-3.729296e-09
-4.462072e-09
-5.258575e-09
-6.106012e-09
-6.990349e-09
-7.899565e-09
-8.825508e-09
-9.761567e-09
-1.070001e-08
-1.162883e-08
-1.253184e-08
-1.338898e-08
-1.417818e-08
-1.487574e-08
-1.545791e-08
-1.590152e-08
-1.618592e-08
-1.629273e-08
-1.620607e-08
-1.591151e-08
-1.539741e-08
-1.465628e-08
-1.368756e-08
-1.249859e-08
-1.110523e-08
-9.530522e-09
-7.803275e-09
-5.955402e-09
-4.019558e-09
-2.026855e-09
-6.089115e-12
2.015627e-09
4.011150e-09
5.951334e-09
7.804453e-09
9.536773e-09
1.111526e-08
1.251015e-08
1.369822e-08
1.466410e-08
1.540160e-08
1.591235e-08
1.620464e-08
1.629009e-08
1.618270e-08
1.589754e-08
1.545247e-08
1.486809e-08
1.416821e-08
1.337758e-08
1.252104e-08
1.162112e-08
1.069757e-08
9.765149e-09
8.834078e-09
7.910440e-09
7.000353e-09
6.112649e-09
5.261172e-09
4.461773e-09
3.728430e-09
3.068045e-09
2.479790e-09
1.956342e-09
1.488507e-09
1.068279e-09
6.920551e-10
3.609545e-10
8.053050e-11
-1.428912e-10
-3.060454e-10
-4.127670e-10
-4.735492e-10
-5.019934e-10
-5.083214e-10
-4.954637e-10
-4.588163e-10
-3.911973e-10
-2.888224e-10
-1.560698e-10
-5.008167e-12
1.066288e-10
2.043113e-10
2.779170e-10
3.229373e-10
3.402044e-10
3.331772e-10
3.039979e-10
2.498391e-10
1.620812e-10
2.847975e-11
-1.620038e-10
-4.151941e-10
-7.298829e-10
-1.099991e-09
-1.517994e-09
-1.978809e-09
-2.481219e-09
-3.028346e-09
-3.625825e-09
-4.279830e-09
-4.993432e-09
-5.764489e-09
-6.584432e-09
-7.440822e-09
-8.320165e-09
-9.211206e-09
-1.010447e-08
-1.099093e-08
-1.185881e-08
-1.269310e-08
-1.347537e-08
-1.418580e-08
-1.480351e-08
-1.530773e-08
-1.567750e-08
-1.589321e-08
-1.593697e-08
-1.579414e-08
-1.545304e-08
-1.490596e-08
-1.414927e-08
-1.318488e-08
-1.202043e-08
-1.067002e-08
-9.153279e-09
-7.494732e-09
-5.721949e-09
-3.864047e-09
-1.949851e-09
-7.251793e-12
1.936669e-09
3.854559e-09
5.717797e-09
7.496418e-09
9.160032e-09
1.067996e-08
1.203113e-08
1.319407e-08
1.415552e-08
1.490894e-08
1.545341e-08
1.579302e-08
1.593529e-08
1.589123e-08
1.567472e-08
1.530321e-08
1.479650e-08
1.417635e-08
1.346462e-08
1.268301e-08
1.185149e-08
1.098781e-08
1.010570e-08
9.215639e-09
8.325874e-09
7.445945e-09
6.587906e-09
5.766393e-09
4.994739e-09
4.281777e-09
3.629113e-09
3.032688e-09
2.485352e-09
1.981165e-09
1.517585e-09
1.097189e-09
7.264979e-10
4.138719e-10
1.650293e-10
-2.026456e-11
-1.498678e-10
-2.364777e-10
-2.929647e-10
-3.271915e-10
-3.403117e-10
-3.283175e-10
-2.866238e-10
-2.143217e-10
-1.167564e-10
-4.355214e-12
6.751116e-11
1.300710e-10
1.755549e-10
1.986558e-10
1.970411e-10
1.704841e-10
1.192535e-10
4.137861e-11
-6.892401e-11
-2.214814e-10
-4.273100e-10
-6.951824e-10
-1.028150e-09
-1.423363e-09
-1.873493e-09
-2.370384e-09
-2.907362e-09
-3.481526e-09
-4.093544e-09
-4.747242e-09
-5.446568e-09
-6.193192e-09
-6.983512e-09
-7.809103e-09
-8.657836e-09
-9.517171e-09
-1.037486e-08
-1.121938e-08
-1.203770e-08
-1.281509e-08
-1.353456e-08
-1.417858e-08
-1.472900e-08
-1.516782e-08
-1.547620e-08
-1.563562e-08
-1.562863e-08
-1.544145e-08
-1.506456e-08
-1.449384e-08
-1.372936e-08
-1.277548e-08
-1.163980e-08
-1.033375e-08
-8.872229e-09
-7.274265e-09
-5.562340e-09
-3.762164e-09
-1.901444e-09
-9.318938e-12
1.884429e-09
3.749553e-09
5.555910e-09
7.274260e-09
8.877519e-09
1.034212e-08
1.164880e-08
1.278300e-08
1.373432e-08
1.449617e-08
1.506508e-08
1.544114e-08
1.562822e-08
1.563504e-08
1.547474e-08
1.516445e-08
1.472311e-08
1.417039e-08
1.352528e-08
1.280644e-08
1.203133e-08
1.121619e-08
1.037481e-08
9.519387e-09
8.661278e-09
7.812927e-09
6.987409e-09
6.197184e-09
5.450807e-09
4.751638e-09
4.097759e-09
3.484995e-09
2.909621e-09
2.371241e-09
1.873297e-09
1.422952e-09
1.028778e-09
6.980732e-10
4.332629e-10
2.303629e-10
7.958439e-11
-3.093461e-11
-1.111694e-10
-1.663850e-10
-1.974366e-10
-2.029728e-10
-1.824908e-10
-1.383134e-10
-7.615340e-11
-3.949209e-12
2.948153e-11
5.826383e-11
7.733842e-11
8.145107e-11
6.595445e-11
2.705108e-11
-3.790916e-11
-1.318517e-10
-2.592134e-10
-4.274721e-10
-6.460293e-10
-9.242334e-10
-1.267714e-09
-1.676922e-09
-2.146597e-09
-2.668290e-09
-3.232406e-09
-3.831409e-09
-4.460851e-09
-5.120608e-09
-5.813067e-09
-6.541419e-09
-7.305915e-09
-8.102674e-09
-8.922672e-09
-9.753949e-09
-1.058249e-08
-1.139410e-08
-1.217370e-08
-1.290607e-08
-1.357516e-08
-1.416546e-08
-1.466124e-08
-1.504689e-08
-1.530545e-08
-1.541975e-08
-1.537316e-08
-1.515282e-08
-1.475086e-08
-1.416561e-08
-1.339982e-08
-1.245951e-08
-1.135189e-08
-1.008565e-08
-8.671065e-09
-7.121925e-09
-5.456134e-09
-3.696740e-09
-1.871213e-09
-1.082051e-11
1.851173e-09
3.680986e-09
5.446405e-09
7.118421e-09
8.672764e-09
1.009051e-08
1.135778e-08
1.246461e-08
1.340328e-08
1.416742e-08
1.475174e-08
1.515353e-08
1.537414e-08
1.542068e-08
1.530554e-08
1.504512e-08
1.465716e-08
1.415931e-08
1.356808e-08
1.289950e-08
1.216901e-08
1.139192e-08
1.058289e-08
9.756484e-09
8.926914e-09
8.108209e-09
7.312469e-09
6.548417e-09
5.819703e-09
5.125791e-09
4.463829e-09
3.832010e-09
3.231406e-09
2.666984e-09
2.146480e-09
1.678978e-09
1.272344e-09
9.310925e-10
6.544274e-10
4.364060e-10
2.677173e-10
1.389229e-10
4.281825e-11
-2.482882e-11
-6.648255e-11
-8.454878e-11
-8.249655e-11
-6.495602e-11
-3.705547e-11
-3.890561e-12
-4.367055e-12
-5.704902e-12
-1.046541e-11
-2.308610e-11
-4.915965e-11
-9.493489e-11
-1.659807e-10
-2.675212e-10
-4.046609e-10
-5.839748e-10
-8.131540e-10
-1.100441e-09
-1.451720e-09
-1.869074e-09
-2.349169e-09
-2.884713e-09
-3.465588e-09
-4.082060e-09
-4.726201e-09
-5.394255e-09
-6.085974e-09
-6.804090e-09
-7.550728e-09
-8.325436e-09
-9.122396e-09
-9.931220e-09
-1.073724e-08
-1.152430e-08
-1.227533e-08
-1.297432e-08
-1.360581e-08
-1.415577e-08
-1.461019e-08
-1.495512e-08
-1.517508e-08
-1.525430e-08
-1.517745e-08
-1.493299e-08
-1.451429e-08
-1.392102e-08
-1.315708e-08
-1.222905e-08
-1.114353e-08
-9.907197e-09
-8.527115e-09
-7.013357e-09
-5.380580e-09
-3.649999e-09
-1.849075e-09
-1.084849e-11
1.828692e-09
3.633087e-09
5.368658e-09
7.006688e-09
8.525082e-09
9.908287e-09
1.114617e-08
1.223178e-08
1.315923e-08
1.392245e-08
1.451546e-08
1.493430e-08
1.517913e-08
1.525588e-08
1.517588e-08
1.495429e-08
1.460744e-08
1.415135e-08
1.360075e-08
1.296980e-08
1.227250e-08
1.152375e-08
1.073925e-08
9.935594e-09
9.128969e-09
8.333747e-09
7.560168e-09
6.813433e-09
6.093767e-09
5.398976e-09
4.727220e-09
4.079850e-09
3.461996e-09
2.882033e-09
2.349486e-09
1.873182e-09
1.459186e-09
1.109683e-09
8.224500e-10
5.918379e-10
4.104831e-10
2.712429e-10
1.680703e-10
9.569903e-11
4.875211e-11
2.117849e-11
6.765748e-12
2.816150e-14
-2.796579e-12
-4.071323e-12
-3.095692e-11
-5.617365e-11
-8.036830e-11
-1.068106e-10
-1.409118e-10
-1.900610e-10
-2.620341e-10
-3.647373e-10
-5.052807e-10
-6.908429e-10
-9.281297e-10
-1.223694e-09
-1.582034e-09
-2.005015e-09
-2.490123e-09
-3.031378e-09
-3.619523e-09
-4.244727e-09
-4.897712e-09
-5.572545e-09
-6.266638e-09
-6.981342e-09
-7.718914e-09
-8.480571e-09
-9.262629e-09
-1.005620e-08
-1.084666e-08
-1.161680e-08
-1.234826e-08
-1.302450e-08
-1.363043e-08
-1.415302e-08
-1.457924e-08
-1.489598e-08
-1.508858e-08
-1.514248e-08
-1.504380e-08
-1.478246e-08
-1.435287e-08
-1.375521e-08
-1.299329e-08
-1.207338e-08
-1.100141e-08
-9.783106e-09
-8.424077e-09
-6.932679e-09
-5.321863e-09
-3.611749e-09
-1.829597e-09
-9.230994e-12
1.812068e-09
3.596627e-09
5.310341e-09
6.925060e-09
8.420182e-09
9.782010e-09
1.100215e-08
1.207483e-08
1.299486e-08
1.375647e-08
1.435393e-08
1.478333e-08
1.504460e-08
1.514288e-08
1.508826e-08
1.489444e-08
1.457649e-08
1.414929e-08
1.362657e-08
1.302136e-08
1.234682e-08
1.161756e-08
1.085004e-08
1.006213e-08
9.271012e-09
8.490788e-09
7.730095e-09
6.991912e-09
6.274957e-09
5.577073e-09
4.898087e-09
4.241792e-09
3.615548e-09
3.028888e-09
2.491219e-09
2.010179e-09
1.590353e-09
1.233018e-09
9.363833e-10
6.965013e-10
5.081709e-10
3.654987e-10
2.619107e-10
1.897977e-10
1.406582e-10
1.057395e-10
7.755359e-11
5.091582e-11
2.367949e-11
-4.212027e-12
-4.784521e-11
-8.850884e-11
-1.256404e-10
-1.614792e-10
-2.008089e-10
-2.512982e-10
-3.220270e-10
-4.230417e-10
-5.635208e-10
-7.518104e-10
-9.942898e-10
-1.296093e-09
-1.659974e-09
-2.086747e-09
-2.573841e-09
-3.116159e-09
-3.705572e-09
-4.333135e-09
-4.989628e-09
-5.668368e-09
-6.365366e-09
-7.080656e-09
-7.815780e-09
-8.572239e-09
-9.347202e-09
-1.013266e-08
-1.091422e-08
-1.167435e-08
-1.239415e-08
-1.305692e-08
-1.364786e-08
-1.415460e-08
-1.456452e-08
-1.486484e-08
-1.504122e-08
-1.507981e-08
-1.496784e-08
-1.469642e-08
-1.426065e-08
-1.366072e-08
-1.289990e-08
-1.198379e-08
-1.091784e-08
-9.707547e-09
-8.358349e-09
-6.878314e-09
-5.279876e-09
-3.582649e-09
-1.813552e-09
-6.426464e-12
1.801280e-09
3.571783e-09
5.271253e-09
6.872183e-09
8.354840e-09
9.706209e-09
1.091822e-08
1.198507e-08
1.290147e-08
1.366186e-08
1.426105e-08
1.469579e-08
1.496631e-08
1.507738e-08
1.503818e-08
1.486123e-08
1.456065e-08
1.415064e-08
1.364436e-08
1.305429e-08
1.239308e-08
1.167523e-08
1.091754e-08
1.013851e-08
9.355641e-09
8.582696e-09
7.827416e-09
7.091901e-09
6.374674e-09
5.674273e-09
4.991807e-09
4.332274e-09
3.703660e-09
3.115313e-09
2.575848e-09
2.091878e-09
1.667323e-09
1.303607e-09
1.000124e-09
7.546969e-10
5.636479e-10
4.213911e-10
3.201581e-10
2.500572e-10
2.002635e-10
1.605036e-10
1.230043e-10
8.326404e-11
4.038626e-11
