3.815212e-17
3.813530e-17
3.811846e-17
3.810269e-17
3.808991e-17
3.808285e-17
3.808506e-17
3.810086e-17
3.813524e-17
3.819381e-17
3.828262e-17
3.840798e-17
3.857625e-17
3.879358e-17
3.906564e-17
3.939742e-17
3.979311e-17
4.025602e-17
4.078876e-17
4.139347e-17
4.207232e-17
4.282808e-17
4.366482e-17
4.458854e-17
4.560740e-17
4.673135e-17
4.797029e-17
4.933043e-17
5.080988e-17
5.239602e-17
5.406740e-17
5.579901e-17
5.756547e-17
5.934193e-17
6.112901e-17
6.299251e-17
6.497177e-17
6.687881e-17
6.840871e-17
6.964493e-17
7.127244e-17
7.399995e-17
7.856643e-17
8.466615e-17
9.031520e-17
9.307187e-17
9.107465e-17
8.444453e-17
7.704707e-17
7.077842e-17
6.799687e-17
7.064570e-17
7.675403e-17
8.398511e-17
9.059291e-17
9.271992e-17
9.014616e-17
8.467274e-17
7.870749e-17
7.424549e-17
7.163501e-17
7.013909e-17
6.902105e-17
6.758039e-17
6.575975e-17
6.390449e-17
6.221215e-17
6.063360e-17
5.909130e-17
5.756669e-17
5.605902e-17
5.456738e-17
5.309631e-17
5.165636e-17
5.026085e-17
4.892352e-17
4.765680e-17
4.647046e-17
4.537088e-17
4.436124e-17
4.344235e-17
4.261342e-17
4.187276e-17
4.121793e-17
4.064587e-17
4.015272e-17
3.973386e-17
3.938384e-17
3.909646e-17
3.886497e-17
3.868227e-17
3.854115e-17
3.843452e-17
3.835566e-17
3.829836e-17
3.825710e-17
3.822706e-17
3.820427e-17
3.818558e-17
3.816868e-17
3.816213e-17
3.814434e-17
3.812594e-17
3.810802e-17
3.809248e-17
3.808208e-17
3.808036e-17
3.809164e-17
3.812095e-17
3.817391e-17
3.825661e-17
3.837539e-17
3.853661e-17
3.874638e-17
3.901025e-17
3.933299e-17
3.971839e-17
4.016918e-17
4.068718e-17
4.127355e-17
4.192940e-17
4.265668e-17
4.345956e-17
4.434619e-17
4.533086e-17
4.643584e-17
4.769076e-17
4.912648e-17
5.076236e-17
5.259267e-17
5.457990e-17
5.666006e-17
5.875528e-17
6.077867e-17
6.270145e-17
6.469809e-17
6.686793e-17
6.880822e-17
7.023283e-17
7.152239e-17
7.360724e-17
7.528567e-17
7.891418e-17
8.554956e-17
9.224254e-17
9.588803e-17
9.433831e-17
8.621968e-17
8.322501e-17
7.329353e-17
6.733961e-17
7.339929e-17
8.314809e-17
8.567302e-17
9.362274e-17
9.532990e-17
9.196403e-17
8.552614e-17
7.908370e-17
7.560495e-17
7.408272e-17
7.216147e-17
7.101347e-17
6.965259e-17
6.775048e-17
6.571105e-17
6.392631e-17
6.226155e-17
6.053921e-17
5.876795e-17
5.699137e-17
5.524447e-17
5.355994e-17
5.195858e-17
5.044861e-17
4.903300e-17
4.771402e-17
4.649357e-17
4.537226e-17
4.434911e-17
4.342202e-17
4.258837e-17
4.184531e-17
4.118975e-17
4.061823e-17
4.012663e-17
3.971014e-17
3.936311e-17
3.907920e-17
3.885146e-17
3.867260e-17
3.853527e-17
3.843222e-17
3.835662e-17
3.830219e-17
3.826331e-17
3.823515e-17
3.821370e-17
3.819577e-17
3.817907e-17
3.817347e-17
3.815447e-17
3.813344e-17
3.811144e-17
3.809041e-17
3.807311e-17
3.806312e-17
3.806483e-17
3.808340e-17
3.812461e-17
3.819478e-17
3.830050e-17
3.844844e-17
3.864492e-17
3.889566e-17
3.920537e-17
3.957750e-17
4.001414e-17
4.051599e-17
4.108269e-17
4.171338e-17
4.240790e-17
4.316871e-17
4.400393e-17
4.493182e-17
4.598691e-17
4.722452e-17
4.871377e-17
5.051059e-17
5.262354e-17
5.499396e-17
5.749986e-17
6.001644e-17
6.236229e-17
6.420083e-17
6.609007e-17
6.903860e-17
7.131855e-17
7.254275e-17
7.167733e-17
7.756744e-17
7.422492e-17
7.531721e-17
8.651348e-17
9.744422e-17
1.038092e-16
1.050778e-16
9.239964e-17
1.118805e-16
1.529517e-16
1.630977e-16
1.545691e-16
1.125692e-16
9.139017e-17
1.037583e-16
1.029428e-16
9.710136e-17
8.652865e-17
7.556776e-17
7.459685e-17
7.814713e-17
7.246991e-17
7.359394e-17
7.234922e-17
6.988459e-17
6.712113e-17
6.552776e-17
6.398470e-17
6.202718e-17
5.996480e-17
5.788603e-17
5.584761e-17
5.392870e-17
5.215924e-17
5.053276e-17
4.903692e-17
4.766414e-17
4.640967e-17
4.526854e-17
4.423497e-17
4.330327e-17
4.246863e-17
4.172704e-17
4.107495e-17
4.050866e-17
4.002398e-17
3.961593e-17
3.927865e-17
3.900543e-17
3.878896e-17
3.862152e-17
3.849532e-17
3.840280e-17
3.833683e-17
3.829090e-17
3.825928e-17
3.823702e-17
3.822007e-17
3.820524e-17
3.819019e-17
3.818759e-17
3.816714e-17
3.814239e-17
3.811440e-17
3.808511e-17
3.805731e-17
3.803464e-17
3.802163e-17
3.802362e-17
3.804672e-17
3.809766e-17
3.818358e-17
3.831174e-17
3.848908e-17
3.872179e-17
3.901478e-17
3.937136e-17
3.979289e-17
4.027874e-17
4.082644e-17
4.143208e-17
4.209148e-17
4.280245e-17
4.356868e-17
4.440600e-17
4.535486e-17
4.650091e-17
4.798110e-17
4.992749e-17
5.237987e-17
5.527002e-17
5.833182e-17
6.136278e-17
6.461891e-17
6.595025e-17
6.549007e-17
7.255849e-17
7.442430e-17
7.744650e-17
7.339110e-17
1.071947e-16
1.609703e-16
2.014099e-16
2.698573e-16
3.356483e-16
3.814372e-16
4.221019e-16
4.543492e-16
5.098240e-16
6.238631e-16
6.904498e-16
6.316717e-16
5.113921e-16
4.458060e-16
4.127301e-16
3.777346e-16
3.350573e-16
2.700039e-16
2.031441e-16
1.614494e-16
1.079694e-16
7.429321e-17
7.911796e-17
7.595600e-17
7.273738e-17
6.651895e-17
6.741446e-17
6.624789e-17
6.352190e-17
6.118431e-17
5.873749e-17
5.631057e-17
5.413308e-17
5.220765e-17
5.047849e-17
4.890964e-17
4.748774e-17
4.620487e-17
4.505071e-17
4.401339e-17
4.308280e-17
4.225191e-17
4.151609e-17
4.087180e-17
4.031554e-17
3.984326e-17
3.944995e-17
3.912947e-17
3.887461e-17
3.867736e-17
3.852929e-17
3.842195e-17
3.834718e-17
3.829739e-17
3.826576e-17
3.824634e-17
3.823407e-17
3.822483e-17
3.821540e-17
3.820347e-17
3.820674e-17
3.818462e-17
3.815506e-17
3.811916e-17
3.807883e-17
3.803687e-17
3.799701e-17
3.796391e-17
3.794318e-17
3.794137e-17
3.796585e-17
3.802461e-17
3.812590e-17
3.827774e-17
3.848727e-17
3.876007e-17
3.909950e-17
3.950631e-17
3.997843e-17
4.051087e-17
4.109567e-17
4.172239e-17
4.238043e-17
4.306339e-17
4.377331e-17
4.453307e-17
4.544081e-17
4.675911e-17
4.882039e-17
5.166513e-17
5.530781e-17
5.953893e-17
6.161413e-17
6.951321e-17
6.977800e-17
6.467537e-17
9.892072e-17
1.779726e-16
2.630797e-16
3.387917e-16
4.858316e-16
7.467035e-16
1.032339e-15
1.383982e-15
1.780639e-15
2.140361e-15
2.473263e-15
2.795059e-15
3.068789e-15
3.312410e-15
3.439518e-15
3.316624e-15
3.061333e-15
2.760393e-15
2.437049e-15
2.130888e-15
1.786258e-15
1.394872e-15
1.043039e-15
7.511306e-16
4.888985e-16
3.396476e-16
2.628441e-16
1.775015e-16
9.719992e-17
6.622115e-17
7.181008e-17
7.051879e-17
6.380384e-17
6.288264e-17
5.950310e-17
5.647582e-17
5.407149e-17
5.205689e-17
5.025985e-17
4.862791e-17
4.716412e-17
4.586411e-17
4.471017e-17
4.368028e-17
4.275844e-17
4.193650e-17
4.121061e-17
4.057818e-17
4.003653e-17
3.958214e-17
3.921016e-17
3.891406e-17
3.868586e-17
3.851651e-17
3.839649e-17
3.831629e-17
3.826693e-17
3.824021e-17
3.822888e-17
3.822673e-17
3.822857e-17
3.823025e-17
3.822856e-17
3.822120e-17
3.823405e-17
3.821000e-17
3.817458e-17
3.812884e-17
3.807467e-17
3.801485e-17
3.795314e-17
3.789432e-17
3.784430e-17
3.781017e-17
3.780012e-17
3.782334e-17
3.788957e-17
3.800856e-17
3.818913e-17
3.843814e-17
3.875947e-17
3.915340e-17
3.961647e-17
4.014136e-17
4.071584e-17
4.132097e-17
4.193281e-17
4.253110e-17
4.309851e-17
4.359229e-17
4.399447e-17
4.472053e-17
4.689073e-17
5.033935e-17
5.380824e-17
6.396026e-17
6.346697e-17
9.943632e-17
1.790011e-16
2.684868e-16
4.354905e-16
7.831478e-16
1.299602e-15
1.935238e-15
2.813611e-15
4.084334e-15
5.675344e-15
7.517471e-15
9.625842e-15
1.182497e-14
1.392722e-14
1.585962e-14
1.744552e-14
1.849460e-14
1.886585e-14
1.848967e-14
1.743563e-14
1.580860e-14
1.386694e-14
1.180622e-14
9.638008e-15
7.537811e-15
5.687747e-15
4.091196e-15
2.814332e-15
1.932201e-15
1.290911e-15
7.817232e-16
4.350837e-16
2.692920e-16
1.802293e-16
9.880549e-17
6.577998e-17
6.816324e-17
5.896425e-17
5.612777e-17
5.359098e-17
5.171537e-17
4.987493e-17
4.816817e-17
4.666753e-17
4.537020e-17
4.424130e-17
4.323561e-17
4.233062e-17
4.152174e-17
4.080885e-17
4.019148e-17
3.966842e-17
3.923724e-17
3.889347e-17
3.863013e-17
3.843798e-17
3.830634e-17
3.822403e-17
3.818011e-17
3.816447e-17
3.816811e-17
3.818330e-17
3.820360e-17
3.822373e-17
3.823953e-17
3.824786e-17
3.824649e-17
3.827345e-17
3.824722e-17
3.820489e-17
3.814743e-17
3.807666e-17
3.799526e-17
3.790692e-17
3.781647e-17
3.773008e-17
3.765538e-17
3.760157e-17
3.757934e-17
3.760058e-17
3.767764e-17
3.782211e-17
3.804320e-17
3.834599e-17
3.873035e-17
3.919130e-17
3.972018e-17
4.030307e-17
4.091215e-17
4.149904e-17
4.202216e-17
4.249039e-17
4.279065e-17
4.246125e-17
4.093356e-17
4.336321e-17
4.946976e-17
5.194757e-17
9.753135e-17
2.126869e-16
4.107691e-16
7.919603e-16
1.415051e-15
2.436938e-15
4.118884e-15
6.690342e-15
1.037993e-14
1.551416e-14
2.239001e-14
3.109707e-14
4.146095e-14
5.318377e-14
6.563054e-14
7.784920e-14
8.891527e-14
9.783639e-14
1.036423e-13
1.056572e-13
1.036372e-13
9.782660e-14
8.886897e-14
7.778975e-14
6.560374e-14
5.318568e-14
4.146801e-14
3.110309e-14
2.239354e-14
1.551406e-14
1.038048e-14
6.678417e-15
4.116763e-15
2.438622e-15
1.417849e-15
7.969403e-16
4.153090e-16
2.163001e-16
1.041791e-16
5.954903e-17
5.527430e-17
5.218084e-17
5.159801e-17
4.927712e-17
4.749779e-17
4.595393e-17
4.470049e-17
4.364969e-17
4.268893e-17
4.180338e-17
4.100772e-17
4.030900e-17
3.970840e-17
3.920665e-17
3.880349e-17
3.849535e-17
3.827441e-17
3.812935e-17
3.804691e-17
3.801345e-17
3.801605e-17
3.804317e-17
3.808493e-17
3.813314e-17
3.818114e-17
3.822370e-17
3.825676e-17
3.827733e-17
3.828331e-17
3.832963e-17
3.830100e-17
3.825077e-17
3.817983e-17
3.808980e-17
3.798315e-17
3.786337e-17
3.773517e-17
3.760480e-17
3.748033e-17
3.737198e-17
3.729228e-17
3.725594e-17
3.727912e-17
3.737790e-17
3.756570e-17
3.785000e-17
3.822989e-17
3.869710e-17
3.924217e-17
3.985883e-17
4.052376e-17
4.114161e-17
4.156229e-17
4.193039e-17
4.274582e-17
4.162079e-17
4.079884e-17
7.767850e-17
1.435091e-16
2.326231e-16
4.623549e-16
1.032800e-15
2.099103e-15
3.981386e-15
7.266946e-15
1.283751e-14
2.181730e-14
3.556912e-14
5.579781e-14
8.422817e-14
1.222510e-13
1.705356e-13
2.286019e-13
2.945431e-13
3.648232e-13
4.344467e-13
4.975778e-13
5.482274e-13
5.810552e-13
5.924245e-13
5.810561e-13
5.482083e-13
4.975416e-13
4.344004e-13
3.647915e-13
2.945300e-13
2.285935e-13
1.705357e-13
1.222518e-13
8.422984e-14
5.579849e-14
3.556569e-14
2.181947e-14
1.284571e-14
7.272590e-15
3.989831e-15
2.110085e-15
1.039245e-15
4.798670e-16
2.405602e-16
1.157008e-16
6.019417e-17
5.195813e-17
4.774854e-17
4.679634e-17
4.485449e-17
4.383493e-17
4.298491e-17
4.206611e-17
4.118071e-17
4.039325e-17
3.970904e-17
3.912474e-17
3.864450e-17
3.827313e-17
3.800890e-17
3.784221e-17
3.775795e-17
3.773869e-17
3.776720e-17
3.782797e-17
3.790777e-17
3.799586e-17
3.808369e-17
3.816463e-17
3.823364e-17
3.828695e-17
3.832183e-17
3.833643e-17
3.840804e-17
3.837680e-17
3.831780e-17
3.823177e-17
3.812005e-17
3.798472e-17
3.782885e-17
3.765672e-17
3.747433e-17
3.728990e-17
3.711447e-17
3.696249e-17
3.685212e-17
3.680486e-17
3.684388e-17
3.699032e-17
3.725705e-17
3.764177e-17
3.812597e-17
3.869094e-17
3.935227e-17
4.016479e-17
4.100684e-17
4.136017e-17
4.042623e-17
4.352965e-17
5.004624e-17
9.426286e-17
2.531702e-16
5.833293e-16
1.209800e-15
2.517566e-15
5.255669e-15
1.057632e-14
2.032192e-14
3.758805e-14
6.703121e-14
1.149604e-13
1.893670e-13
2.997401e-13
4.559212e-13
6.661886e-13
9.348527e-13
1.259904e-12
1.630937e-12
2.028084e-12
2.423135e-12
2.782292e-12
3.070623e-12
3.257592e-12
3.322369e-12
3.257588e-12
3.070602e-12
2.782263e-12
2.423104e-12
2.028051e-12
1.630917e-12
1.259889e-12
9.348427e-13
6.661927e-13
4.559277e-13
2.997455e-13
1.893740e-13
1.149720e-13
6.704015e-14
3.759599e-14
2.033730e-14
1.058411e-14
5.267764e-15
2.537639e-15
1.189191e-15
5.176261e-16
2.318986e-16
1.083012e-16
5.417941e-17
4.592463e-17
4.239503e-17
4.302580e-17
4.241712e-17
4.139253e-17
4.044630e-17
3.967363e-17
3.900928e-17
3.843570e-17
3.797126e-17
3.763356e-17
3.742359e-17
3.732705e-17
3.732158e-17
3.738307e-17
3.748928e-17
3.762147e-17
3.776472e-17
3.790763e-17
3.804166e-17
3.816055e-17
3.825974e-17
3.833599e-17
3.838703e-17
3.841134e-17
3.851473e-17
3.848070e-17
3.841223e-17
3.830980e-17
3.817435e-17
3.800737e-17
3.781118e-17
3.758924e-17
3.734675e-17
3.709142e-17
3.683451e-17
3.659203e-17
3.638587e-17
3.624438e-17
3.620141e-17
3.629216e-17
3.654306e-17
3.695351e-17
3.747970e-17
3.805538e-17
3.867891e-17
3.964828e-17
4.148948e-17
4.177520e-17
4.355631e-17
9.272121e-17
2.034107e-16
4.631128e-16
1.122264e-15
2.595600e-15
5.799307e-15
1.257104e-14
2.632550e-14
5.321366e-14
1.035656e-13
1.939070e-13
3.492913e-13
6.048517e-13
1.006060e-12
1.606755e-12
2.463482e-12
3.625282e-12
5.119822e-12
6.938843e-12
9.025736e-12
1.126947e-11
1.350938e-11
1.555126e-11
1.719372e-11
1.826024e-11
1.863005e-11
1.826023e-11
1.719369e-11
1.555125e-11
1.350937e-11
1.126945e-11
9.025718e-12
6.938820e-12
5.119805e-12
3.625286e-12
2.463490e-12
1.606763e-12
1.006068e-12
6.048588e-13
3.492974e-13
1.939106e-13
1.035644e-13
5.321761e-14
2.632971e-14
1.256502e-14
5.756088e-15
2.548027e-15
1.121823e-15
4.778531e-16
2.049215e-16
9.124984e-17
4.458586e-17
4.277687e-17
4.238150e-17
4.051203e-17
3.952459e-17
3.885750e-17
3.822328e-17
3.763573e-17
3.716727e-17
3.686312e-17
3.672331e-17
3.672049e-17
3.681867e-17
3.698348e-17
3.718621e-17
3.740470e-17
3.762275e-17
3.782891e-17
3.801532e-17
3.817662e-17
3.830919e-17
3.841062e-17
3.847930e-17
3.851420e-17
3.865626e-17
3.861932e-17
3.854090e-17
3.842119e-17
3.826057e-17
3.805971e-17
3.781984e-17
3.754304e-17
3.723294e-17
3.689569e-17
3.654150e-17
3.618673e-17
3.585632e-17
3.558613e-17
3.542432e-17
3.542976e-17
3.566157e-17
3.614350e-17
3.679453e-17
3.740086e-17
3.783329e-17
3.776429e-17
4.238257e-17
5.124793e-17
1.066609e-16
3.145567e-16
8.666869e-16
2.170393e-15
5.232230e-15
1.223776e-14
2.783717e-14
6.134161e-14
1.302860e-13
2.666427e-13
5.254649e-13
9.959607e-13
1.814399e-12
3.174932e-12
5.333037e-12
8.595267e-12
1.328806e-11
1.970106e-11
2.800844e-11
3.818190e-11
4.991540e-11
6.258768e-11
7.528503e-11
8.689326e-11
9.625081e-11
1.023359e-10
1.044475e-10
1.023359e-10
9.625078e-11
8.689324e-11
7.528503e-11
6.258767e-11
4.991537e-11
3.818187e-11
2.800842e-11
1.970105e-11
1.328808e-11
8.595278e-12
5.333034e-12
3.174929e-12
1.814385e-12
9.959461e-13
5.254577e-13
2.666460e-13
1.302926e-13
6.133288e-14
2.781544e-14
1.222168e-14
5.239253e-15
2.187068e-15
8.707208e-16
3.200781e-16
1.098094e-16
5.176478e-17
4.258293e-17
3.828319e-17
3.845892e-17
3.803598e-17
3.739896e-17
3.670901e-17
3.619003e-17
3.592362e-17
3.588475e-17
3.601336e-17
3.625025e-17
3.654724e-17
3.686856e-17
3.718940e-17
3.749347e-17
3.777059e-17
3.801459e-17
3.822181e-17
3.839013e-17
3.851830e-17
3.860561e-17
3.865167e-17
3.883946e-17
3.879957e-17
3.871105e-17
3.857372e-17
3.838730e-17
3.815145e-17
3.786593e-17
3.753085e-17
3.714726e-17
3.671825e-17
3.625088e-17
3.575932e-17
3.526905e-17
3.482186e-17
3.448106e-17
3.433690e-17
3.451199e-17
3.513747e-17
3.614855e-17
3.705519e-17
3.675771e-17
3.950084e-17
8.960456e-17
2.069752e-16
5.240366e-16
1.414297e-15
3.786681e-15
9.781471e-15
2.415762e-14
5.764249e-14
1.331668e-13
2.974303e-13
6.407714e-13
1.329610e-12
2.654717e-12
5.095181e-12
9.392507e-12
1.661765e-11
2.820074e-11
4.588316e-11
7.154865e-11
1.069068e-10
1.530428e-10
2.099037e-10
2.758459e-10
3.473967e-10
4.193641e-10
4.853574e-10
5.386750e-10
5.733985e-10
5.854567e-10
5.733984e-10
5.386750e-10
4.853574e-10
4.193641e-10
3.473967e-10
2.758459e-10
2.099037e-10
1.530427e-10
1.069068e-10
7.154866e-11
4.588316e-11
2.820073e-11
1.661763e-11
9.392483e-12
5.095165e-12
2.654715e-12
1.329627e-12
6.407940e-13
2.974358e-13
1.331591e-13
5.763315e-14
2.416123e-14
9.781329e-15
3.789139e-15
1.417667e-15
5.217672e-16
2.045184e-16
8.681066e-17
3.985275e-17
3.725456e-17
3.755869e-17
3.661717e-17
3.558243e-17
3.494155e-17
3.475213e-17
3.487946e-17
3.520006e-17
3.562400e-17
3.608869e-17
3.655303e-17
3.699206e-17
3.739200e-17
3.774598e-17
3.805104e-17
3.830621e-17
3.851143e-17
3.866702e-17
3.877334e-17
3.883074e-17
3.907125e-17
3.902848e-17
3.893006e-17
3.877542e-17
3.856359e-17
3.829307e-17
3.796192e-17
3.756773e-17
3.710793e-17
3.658063e-17
3.598668e-17
3.533371e-17
3.464267e-17
3.395611e-17
3.334705e-17
3.293105e-17
3.289206e-17
3.362576e-17
3.568438e-17
3.711696e-17
4.109739e-17
9.226604e-17
2.971310e-16
8.574870e-16
2.339379e-15
6.372128e-15
1.698356e-14
4.410680e-14
1.108320e-13
2.692710e-13
6.323068e-13
1.433599e-12
3.133915e-12
6.596131e-12
1.335114e-11
2.596062e-11
4.844815e-11
8.670910e-11
1.487311e-10
2.443852e-10
3.845267e-10
5.792300e-10
8.352062e-10
1.152788e-09
1.523208e-09
1.927085e-09
2.334934e-09
2.710104e-09
3.013921e-09
3.212089e-09
3.280958e-09
3.212089e-09
3.013921e-09
2.710104e-09
2.334934e-09
1.927085e-09
1.523208e-09
1.152788e-09
8.352062e-10
5.792300e-10
3.845267e-10
2.443852e-10
1.487311e-10
8.670909e-11
4.844813e-11
2.596062e-11
1.335116e-11
6.596168e-12
3.133941e-12
1.433604e-12
6.322909e-13
2.692493e-13
1.108143e-13
4.409913e-14
1.699448e-14
6.379515e-15
2.349002e-15
8.607965e-16
3.018536e-16
9.547680e-17
4.170905e-17
3.749356e-17
3.600055e-17
3.394136e-17
3.322201e-17
3.327021e-17
3.368665e-17
3.428808e-17
3.496073e-17
3.563336e-17
3.626481e-17
3.683512e-17
3.733725e-17
3.777072e-17
3.813761e-17
3.844067e-17
3.868244e-17
3.886501e-17
3.898999e-17
3.905851e-17
3.935837e-17
3.931286e-17
3.920512e-17
3.903422e-17
3.879847e-17
3.849531e-17
3.812103e-17
3.767048e-17
3.713672e-17
3.651099e-17
3.578398e-17
3.495016e-17
3.401726e-17
3.301988e-17
3.203144e-17
3.116627e-17
3.062996e-17
3.040825e-17
3.473872e-17
4.456973e-17
1.065172e-16
3.563882e-16
1.159257e-15
3.492766e-15
9.957617e-15
2.772658e-14
7.516632e-14
1.979513e-13
5.053307e-13
1.248283e-12
2.979731e-12
6.863730e-12
1.523586e-11
3.254615e-11
6.682014e-11
1.317027e-10
2.489577e-10
4.509549e-10
7.822064e-10
1.298559e-09
2.062466e-09
3.133178e-09
4.551955e-09
6.324403e-09
8.404131e-09
1.068317e-08
1.299417e-08
1.512696e-08
1.685831e-08
1.798942e-08
1.838283e-08
1.798942e-08
1.685831e-08
1.512696e-08
1.299417e-08
1.068317e-08
8.404131e-09
6.324403e-09
4.551955e-09
3.133178e-09
2.062466e-09
1.298559e-09
7.822064e-10
4.509549e-10
2.489577e-10
1.317027e-10
6.682018e-11
3.254617e-11
1.523587e-11
6.863724e-12
2.979705e-12
1.248252e-12
5.053167e-13
1.979834e-13
7.520657e-14
2.774542e-14
9.972971e-15
3.496077e-15
1.167835e-15
3.594289e-16
1.068014e-16
4.475612e-17
3.482948e-17
3.058823e-17
3.086678e-17
3.143850e-17
3.232019e-17
3.331166e-17
3.430267e-17
3.522293e-17
3.604001e-17
3.674750e-17
3.735165e-17
3.786214e-17
3.828798e-17
3.863631e-17
3.891249e-17
3.912043e-17
3.926293e-17
3.934186e-17
3.970709e-17
3.965910e-17
3.954298e-17
3.935750e-17
3.910045e-17
3.876835e-17
3.835610e-17
3.785617e-17
3.725744e-17
3.654335e-17
3.569045e-17
3.467056e-17
3.346336e-17
3.208294e-17
3.059607e-17
2.914436e-17
2.754579e-17
2.885139e-17
6.591578e-17
1.691506e-16
4.905585e-16
1.513149e-15
4.729046e-15
1.435598e-14
4.193792e-14
1.190102e-13
3.284139e-13
8.798512e-13
2.284652e-12
5.740302e-12
1.393436e-11
3.262924e-11
7.359483e-11
1.596561e-10
3.326880e-10
6.650747e-10
1.274138e-09
2.337105e-09
4.101439e-09
6.882483e-09
1.103891e-08
1.691849e-08
2.477361e-08
3.465792e-08
4.632827e-08
5.918445e-08
7.227728e-08
8.440168e-08
9.426882e-08
1.007259e-07
1.029735e-07
1.007259e-07
9.426882e-08
8.440168e-08
7.227728e-08
5.918445e-08
4.632827e-08
3.465792e-08
2.477361e-08
1.691849e-08
1.103891e-08
6.882483e-09
4.101439e-09
2.337105e-09
1.274138e-09
6.650747e-10
3.326880e-10
1.596561e-10
7.359483e-11
3.262923e-11
1.393433e-11
5.740288e-12
2.284682e-12
8.799262e-13
3.284453e-13
1.190137e-13
4.193848e-14
1.435485e-14
4.732235e-15
1.506954e-15
4.834902e-16
1.678091e-16
6.516848e-17
2.890605e-17
2.771408e-17
2.936823e-17
3.084697e-17
3.234358e-17
3.372206e-17
3.492024e-17
3.592689e-17
3.676374e-17
3.745951e-17
3.803785e-17
3.851545e-17
3.890370e-17
3.921037e-17
3.944089e-17
3.959901e-17
3.968725e-17
4.012297e-17
4.007282e-17
3.994955e-17
3.975176e-17
3.947686e-17
3.912091e-17
3.867808e-17
3.813972e-17
3.749234e-17
3.671357e-17
3.576499e-17
3.458422e-17
3.309407e-17
3.125575e-17
2.917819e-17
2.673444e-17
2.688016e-17
5.833412e-17
1.959536e-16
6.348634e-16
1.996261e-15
6.211565e-15
1.925686e-14
5.876243e-14
1.746627e-13
5.049733e-13
1.419012e-12
3.870552e-12
1.023114e-11
2.616464e-11
6.462973e-11
1.539463e-10
3.530489e-10
7.783370e-10
1.647199e-09
3.341955e-09
6.492712e-09
1.206684e-08
2.143663e-08
3.637893e-08
5.894991e-08
9.118660e-08
1.346258e-07
1.897001e-07
2.551502e-07
3.276472e-07
4.018113e-07
4.707337e-07
5.269719e-07
5.638380e-07
5.766821e-07
5.638380e-07
5.269719e-07
4.707337e-07
4.018113e-07
3.276472e-07
2.551502e-07
1.897001e-07
1.346258e-07
9.118660e-08
5.894991e-08
3.637893e-08
2.143663e-08
1.206684e-08
6.492712e-09
3.341955e-09
1.647199e-09
7.783370e-10
3.530489e-10
1.539463e-10
6.462973e-11
2.616466e-11
1.023120e-11
3.870603e-12
1.419012e-12
5.049667e-13
1.746621e-13
5.875877e-14
1.925029e-14
6.200770e-15
1.994435e-15
6.411861e-16
1.970697e-16
5.859321e-17
2.704280e-17
2.693253e-17
2.940849e-17
3.149657e-17
3.333271e-17
3.481460e-17
3.598435e-17
3.691993e-17
3.768351e-17
3.831323e-17
3.883146e-17
3.925196e-17
3.958375e-17
3.983309e-17
4.000431e-17
4.010036e-17
4.061064e-17
4.055870e-17
4.042973e-17
4.022221e-17
3.993344e-17
3.955943e-17
3.909451e-17
3.853069e-17
3.785593e-17
3.704934e-17
3.606770e-17
3.481373e-17
3.309103e-17
3.073892e-17
2.759055e-17
2.689306e-17
5.733066e-17
1.933221e-16
6.546050e-16
2.242407e-15
7.486108e-15
2.421253e-14
7.666214e-14
2.376550e-13
7.188320e-13
2.117004e-12
6.060966e-12
1.684260e-11
4.535231e-11
1.181312e-10
2.971337e-10
7.204645e-10
1.681177e-09
3.769205e-09
8.106967e-09
1.670434e-08
3.293204e-08
6.205286e-08
1.116561e-07
1.917313e-07
3.140432e-07
4.904993e-07
7.304182e-07
1.037005e-06
1.403836e-06
1.812497e-06
2.232521e-06
2.624303e-06
2.944858e-06
3.155374e-06
3.228783e-06
3.155374e-06
2.944858e-06
2.624303e-06
2.232521e-06
1.812497e-06
1.403836e-06
1.037005e-06
7.304182e-07
4.904993e-07
3.140432e-07
1.917313e-07
1.116561e-07
6.205286e-08
3.293204e-08
1.670434e-08
8.106967e-09
3.769205e-09
1.681177e-09
7.204645e-10
2.971337e-10
1.181312e-10
4.535235e-11
1.684262e-11
6.060959e-12
2.117001e-12
7.188292e-13
2.376455e-13
7.665962e-14
2.421412e-14
7.497200e-15
2.252514e-15
6.564610e-16
1.937605e-16
5.762199e-17
2.710371e-17
2.781985e-17
3.097257e-17
3.331477e-17
3.502708e-17
3.627168e-17
3.724377e-17
3.803864e-17
3.869846e-17
3.924407e-17
3.968794e-17
4.003867e-17
4.030248e-17
4.048386e-17
4.058595e-17
4.117364e-17
4.112031e-17
4.098720e-17
4.077270e-17
4.047413e-17
4.008773e-17
3.960864e-17
3.903092e-17
3.834790e-17
3.755188e-17
3.662487e-17
3.549301e-17
3.384819e-17
3.050983e-17
2.887167e-17
5.835277e-17
1.933310e-16
6.978928e-16
2.406335e-15
8.244717e-15
2.798080e-14
9.265243e-14
2.996709e-13
9.469435e-13
2.918827e-12
8.761746e-12
2.557193e-11
7.244297e-11
1.988519e-10
5.279376e-10
1.353200e-09
3.342530e-09
7.942242e-09
1.812233e-08
3.964413e-08
8.302017e-08
1.662045e-07
3.177260e-07
5.794334e-07
1.007355e-06
1.668665e-06
2.632827e-06
3.956121e-06
5.661133e-06
7.715722e-06
1.001833e-05
1.239658e-05
1.462347e-05
1.645071e-05
1.765295e-05
1.807258e-05
1.765295e-05
1.645071e-05
1.462347e-05
1.239658e-05
1.001833e-05
7.715722e-06
5.661133e-06
3.956121e-06
2.632827e-06
1.668665e-06
1.007355e-06
5.794334e-07
3.177260e-07
1.662045e-07
8.302017e-08
3.964413e-08
1.812233e-08
7.942242e-09
3.342530e-09
1.353200e-09
5.279377e-10
1.988519e-10
7.244298e-11
2.557193e-11
8.761747e-12
2.918823e-12
9.469329e-13
2.996767e-13
9.266045e-14
2.798880e-14
8.253169e-15
2.404700e-15
6.971230e-16
1.940212e-16
5.886247e-17
2.917524e-17
3.073866e-17
3.405750e-17
3.568754e-17
3.681348e-17
3.773670e-17
3.852548e-17
3.919628e-17
3.975722e-17
4.021596e-17
4.057938e-17
4.085309e-17
4.104144e-17
4.114762e-17
4.181427e-17
4.175999e-17
4.162441e-17
4.140575e-17
4.110125e-17
4.070747e-17
4.022044e-17
3.963582e-17
3.895157e-17
3.817836e-17
3.735937e-17
3.656806e-17
3.592376e-17
3.477455e-17
6.572913e-17
1.961341e-16
6.545527e-16
2.403163e-15
8.624623e-15
3.014052e-14
1.037160e-13
3.497607e-13
1.153444e-12
3.716367e-12
1.168169e-11
3.576556e-11
1.064813e-10
3.077307e-10
8.617172e-10
2.333652e-09
6.100281e-09
1.536266e-08
3.720118e-08
8.646055e-08
1.925264e-07
4.100827e-07
8.343154e-07
1.619276e-06
2.994995e-06
5.274898e-06
8.841685e-06
1.409966e-05
2.138745e-05
3.085880e-05
4.235701e-05
5.532380e-05
6.878485e-05
8.143967e-05
9.185401e-05
9.871954e-05
1.011182e-04
9.871954e-05
9.185401e-05
8.143967e-05
6.878485e-05
5.532380e-05
4.235701e-05
3.085880e-05
2.138745e-05
1.409966e-05
8.841685e-06
5.274898e-06
2.994995e-06
1.619276e-06
8.343154e-07
4.100827e-07
1.925264e-07
8.646055e-08
3.720118e-08
1.536266e-08
6.100281e-09
2.333652e-09
8.617172e-10
3.077308e-10
1.064813e-10
3.576556e-11
1.168168e-11
3.716363e-12
1.153456e-12
3.497695e-13
1.037250e-13
3.014712e-14
8.622539e-15
2.404974e-15
6.577255e-16
1.982346e-16
6.687953e-17
3.500899e-17
3.611162e-17
3.673249e-17
3.753116e-17
3.835770e-17
3.912931e-17
3.980338e-17
4.037162e-17
4.083808e-17
4.120843e-17
4.148757e-17
4.167960e-17
4.178777e-17
4.253351e-17
4.247881e-17
4.234265e-17
4.212276e-17
4.181595e-17
4.141898e-17
4.092880e-17
4.034122e-17
3.964913e-17
3.885893e-17
3.805617e-17
3.757333e-17
3.743499e-17
4.439792e-17
1.678931e-16
6.332404e-16
2.242535e-15
8.241768e-15
3.013808e-14
1.077684e-13
3.778536e-13
1.298538e-12
4.367149e-12
1.435365e-11
4.603641e-11
1.438512e-10
4.371716e-10
1.289817e-09
3.687359e-09
1.019425e-08
2.719988e-08
6.989749e-08
1.726457e-07
4.090633e-07
9.280035e-07
2.012227e-06
4.163813e-06
8.211079e-06
1.541396e-05
2.752060e-05
4.670550e-05
7.531512e-05
1.153775e-04
1.679104e-04
2.321746e-04
3.051098e-04
3.812167e-04
4.530530e-04
5.123449e-04
5.515075e-04
5.652029e-04
5.515075e-04
5.123449e-04
4.530530e-04
3.812167e-04
3.051098e-04
2.321746e-04
1.679104e-04
1.153775e-04
7.531512e-05
4.670550e-05
2.752060e-05
1.541396e-05
8.211079e-06
4.163813e-06
2.012227e-06
9.280035e-07
4.090633e-07
1.726457e-07
6.989749e-08
2.719988e-08
1.019425e-08
3.687359e-09
1.289817e-09
4.371716e-10
1.438512e-10
4.603641e-11
1.435366e-11
4.367172e-12
1.298552e-12
3.778629e-13
1.077716e-13
3.014017e-14
8.248233e-15
2.246960e-15
6.385319e-16
1.714434e-16
4.481782e-17
3.752904e-17
3.767845e-17
3.821549e-17
3.904330e-17
3.983582e-17
4.051716e-17
4.108681e-17
4.155487e-17
4.192709e-17
4.220740e-17
4.239966e-17
4.250748e-17
4.333076e-17
4.327641e-17
4.314212e-17
4.292446e-17
4.261890e-17
4.222179e-17
4.173235e-17
4.115030e-17
4.045707e-17
3.957813e-17
3.856068e-17
3.738859e-17
4.183233e-17
1.056378e-16
4.880066e-16
1.993288e-15
7.486045e-15
2.798172e-14
1.037171e-13
3.778559e-13
1.350878e-12
4.734471e-12
1.624526e-11
5.449586e-11
1.784492e-10
5.694579e-10
1.767809e-09
5.328667e-09
1.556500e-08
4.396704e-08
1.198462e-07
3.145557e-07
7.932410e-07
1.917901e-06
4.436914e-06
9.802847e-06
2.064911e-05
4.140780e-05
7.895056e-05
1.429883e-04
2.458231e-04
4.009949e-04
6.205282e-04
9.109300e-04
1.268766e-03
1.677247e-03
2.105398e-03
2.510851e-03
2.846262e-03
3.068114e-03
3.145750e-03
3.068114e-03
2.846262e-03
2.510851e-03
2.105398e-03
1.677247e-03
1.268766e-03
9.109300e-04
6.205282e-04
4.009949e-04
2.458231e-04
1.429883e-04
7.895056e-05
4.140780e-05
2.064911e-05
9.802847e-06
4.436914e-06
1.917901e-06
7.932410e-07
3.145557e-07
1.198462e-07
4.396704e-08
1.556500e-08
5.328667e-09
1.767809e-09
5.694579e-10
1.784492e-10
5.449588e-11
1.624527e-11
4.734473e-12
1.350875e-12
3.778488e-13
1.037078e-13
2.797118e-14
7.476460e-15
1.993376e-15
4.856786e-16
1.035342e-16
4.148009e-17
3.744927e-17
3.874198e-17
3.979004e-17
4.066516e-17
4.134150e-17
4.190136e-17
4.236574e-17
4.273590e-17
4.301323e-17
4.320177e-17
4.330637e-17
4.420340e-17
4.415062e-17
4.402192e-17
4.381153e-17
4.351149e-17
4.311527e-17
4.262467e-17
4.205854e-17
4.143847e-17
4.061264e-17
3.845816e-17
4.024335e-17
9.796863e-17
3.630559e-16
1.514606e-15
6.208188e-15
2.421332e-14
9.265716e-14
3.497657e-13
1.298544e-12
4.734473e-12
1.693027e-11
5.929877e-11
2.031374e-10
6.795406e-10
2.216083e-09
7.032508e-09
2.167415e-08
6.474159e-08
1.870212e-07
5.212969e-07
1.398831e-06
3.605166e-06
8.903780e-06
2.102617e-05
4.737944e-05
1.016835e-04
2.075015e-04
4.020554e-04
7.388352e-04
1.286591e-03
2.121914e-03
3.313510e-03
4.899037e-03
6.859614e-03
9.100798e-03
1.144924e-02
1.367015e-02
1.550414e-02
1.671529e-02
1.713873e-02
1.671529e-02
1.550414e-02
1.367015e-02
1.144924e-02
9.100798e-03
6.859614e-03
4.899037e-03
3.313510e-03
2.121914e-03
1.286591e-03
7.388352e-04
4.020554e-04
2.075015e-04
1.016835e-04
4.737944e-05
2.102617e-05
8.903780e-06
3.605166e-06
1.398831e-06
5.212969e-07
1.870212e-07
6.474159e-08
2.167415e-08
7.032508e-09
2.216083e-09
6.795406e-10
2.031374e-10
5.929877e-11
1.693026e-11
4.734461e-12
1.298527e-12
3.497460e-13
9.264075e-14
2.420948e-14
6.210424e-15
1.510625e-15
3.579206e-16
9.562765e-17
4.048668e-17
3.873191e-17
4.088359e-17
4.167882e-17
4.226984e-17
4.280773e-17
4.326944e-17
4.363595e-17
4.390558e-17
4.408499e-17
4.418227e-17
4.514585e-17
4.509668e-17
4.497968e-17
4.478523e-17
4.449864e-17
4.410378e-17
4.359368e-17
4.300582e-17
4.250089e-17
4.251187e-17
4.278380e-17
8.770033e-17
2.983704e-16
1.166085e-15
4.735246e-15
1.925765e-14
7.666377e-14
2.996771e-13
1.153449e-12
4.367153e-12
1.624526e-11
5.929877e-11
2.121131e-10
7.424317e-10
2.538754e-09
8.466585e-09
2.748569e-08
8.668444e-08
2.650192e-07
7.836581e-07
2.235916e-06
6.140423e-06
1.619106e-05
4.088951e-05
9.866375e-05
2.269373e-04
4.964887e-04
1.031073e-03
2.028799e-03
3.776029e-03
6.638542e-03
1.101314e-02
1.723194e-02
2.543317e-02
3.543872e-02
4.668947e-02
5.827373e-02
6.904839e-02
7.782240e-02
8.355891e-02
8.555407e-02
8.355891e-02
7.782240e-02
6.904839e-02
5.827373e-02
4.668947e-02
3.543872e-02
2.543317e-02
1.723194e-02
1.101314e-02
6.638542e-03
3.776029e-03
2.028799e-03
1.031073e-03
4.964887e-04
2.269373e-04
9.866375e-05
4.088951e-05
1.619106e-05
6.140423e-06
2.235916e-06
7.836581e-07
2.650192e-07
8.668444e-08
2.748569e-08
8.466585e-09
2.538754e-09
7.424317e-10
2.121131e-10
5.929876e-11
1.624525e-11
4.367143e-12
1.153442e-12
2.996807e-13
7.667420e-14
1.926119e-14
4.731264e-15
1.162429e-15
3.014938e-16
9.128538e-17
4.329594e-17
4.284820e-17
4.277002e-17
4.323713e-17
4.379203e-17
4.426946e-17
4.463168e-17
4.488551e-17
4.504687e-17
4.513040e-17
4.614795e-17
4.610561e-17
4.601018e-17
4.584712e-17
4.559181e-17
4.521018e-17
4.465950e-17
4.390050e-17
4.316873e-17
4.293930e-17
5.182166e-17
2.055646e-16
8.576537e-16
3.495497e-15
1.435750e-14
5.876260e-14
2.376571e-13
9.469468e-13
3.716369e-12
1.435364e-11
5.449586e-11
2.031374e-10
7.424317e-10
2.656580e-09
9.291561e-09
3.170947e-08
1.053880e-07
3.404029e-07
1.066164e-06
3.230335e-06
9.444299e-06
2.657350e-05
7.176397e-05
1.854966e-04
4.576194e-04
1.074343e-03
2.392904e-03
5.040105e-03
1.000457e-02
1.865407e-02
3.259000e-02
5.329787e-02
8.166620e-02
1.175431e-01
1.594968e-01
2.048575e-01
2.500181e-01
2.909089e-01
3.235541e-01
3.446237e-01
3.519053e-01
3.446237e-01
3.235541e-01
2.909089e-01
2.500181e-01
2.048575e-01
1.594968e-01
1.175431e-01
8.166620e-02
5.329787e-02
3.259000e-02
1.865407e-02
1.000457e-02
5.040105e-03
2.392904e-03
1.074343e-03
4.576194e-04
1.854966e-04
7.176397e-05
2.657350e-05
9.444299e-06
3.230335e-06
1.066164e-06
3.404029e-07
1.053880e-07
3.170947e-08
9.291561e-09
2.656580e-09
7.424317e-10
2.031374e-10
5.449585e-11
1.435363e-11
3.716364e-12
9.469432e-13
2.376461e-13
5.875059e-14
1.434625e-14
3.486810e-15
8.585373e-16
2.075387e-16
5.230270e-17
4.325100e-17
4.344597e-17
4.415014e-17
4.487375e-17
4.538783e-17
4.573404e-17
4.595443e-17
4.608226e-17
4.614185e-17
4.719265e-17
4.716167e-17
4.710242e-17
4.699569e-17
4.680636e-17
4.648084e-17
4.594258e-17
4.499656e-17
4.263915e-17
4.493359e-17
1.109657e-16
5.282774e-16
2.345413e-15
9.969768e-15
4.194704e-14
1.746658e-13
7.188348e-13
2.918834e-12
1.168170e-11
4.603641e-11
1.784492e-10
6.795406e-10
2.538754e-09
9.291561e-09
3.325936e-08
1.162306e-07
3.957847e-07
1.310391e-06
4.208599e-06
1.307917e-05
3.922462e-05
1.131920e-04
3.133190e-04
8.289962e-04
2.088084e-03
4.982207e-03
1.119305e-02
2.351998e-02
4.595934e-02
8.326070e-02
1.399522e-01
2.191832e-01
3.217664e-01
4.455544e-01
5.851609e-01
7.321255e-01
8.756405e-01
1.003795e+00
1.105113e+00
1.170093e+00
1.192479e+00
1.170093e+00
1.105113e+00
1.003795e+00
8.756405e-01
7.321255e-01
5.851609e-01
4.455544e-01
3.217664e-01
2.191832e-01
1.399522e-01
8.326070e-02
4.595934e-02
2.351998e-02
1.119305e-02
4.982207e-03
2.088084e-03
8.289962e-04
3.133190e-04
1.131920e-04
3.922462e-05
1.307917e-05
4.208599e-06
1.310391e-06
3.957847e-07
1.162306e-07
3.325936e-08
9.291561e-09
2.538754e-09
6.795406e-10
1.784492e-10
4.603640e-11
1.168169e-11
2.918816e-12
7.188179e-13
1.746518e-13
4.192781e-14
9.957764e-15
2.346222e-15
5.268715e-16
1.074627e-16
4.513793e-17
4.293288e-17
4.527474e-17
4.617310e-17
4.666950e-17
4.695792e-17
4.711100e-17
4.718045e-17
4.720109e-17
4.825329e-17
4.823918e-17
4.823494e-17
4.821949e-17
4.814987e-17
4.795459e-17
4.754110e-17
4.705851e-17
4.638746e-17
9.275842e-17
3.167747e-16
1.419723e-15
6.376260e-15
2.773318e-14
1.190115e-13
5.049768e-13
2.117013e-12
8.761758e-12
3.576557e-11
1.438512e-10
5.694579e-10
2.216083e-09
8.466585e-09
3.170947e-08
1.162306e-07
4.162178e-07
1.453197e-06
4.936044e-06
1.627172e-05
5.191903e-05
1.598650e-04
4.733601e-04
1.341985e-03
3.621386e-03
9.226420e-03
2.196368e-02
4.834361e-02
9.772958e-02
1.814154e-01
3.109917e-01
4.965633e-01
7.447823e-01
1.056374e+00
1.423424e+00
1.827722e+00
2.241905e+00
2.633820e+00
2.972296e+00
3.231727e+00
3.394175e+00
3.449416e+00
3.394175e+00
3.231727e+00
2.972296e+00
2.633820e+00
2.241905e+00
1.827722e+00
1.423424e+00
1.056374e+00
7.447823e-01
4.965633e-01
3.109917e-01
1.814154e-01
9.772958e-02
4.834361e-02
2.196368e-02
9.226420e-03
3.621386e-03
1.341985e-03
4.733601e-04
1.598650e-04
5.191903e-05
1.627172e-05
4.936044e-06
1.453197e-06
4.162178e-07
1.162306e-07
3.170947e-08
8.466585e-09
2.216083e-09
5.694579e-10
1.438512e-10
3.576555e-11
8.761736e-12
2.116992e-12
5.049573e-13
1.189996e-13
2.774220e-14
6.384655e-15
1.416472e-15
3.185708e-16
9.612822e-17
4.686945e-17
4.737341e-17
4.777906e-17
4.815025e-17
4.831098e-17
4.834468e-17
4.832081e-17
4.828288e-17
4.929165e-17
4.929951e-17
4.937023e-17
4.948820e-17
4.960944e-17
4.964935e-17
4.942856e-17
4.814233e-17
5.487906e-17
2.093409e-16
8.719523e-16
3.794125e-15
1.699035e-14
7.518782e-14
3.284268e-13
1.419008e-12
6.060971e-12
2.557194e-11
1.064813e-10
4.371716e-10
1.767809e-09
7.032508e-09
2.748569e-08
1.053880e-07
3.957847e-07
1.453197e-06
5.206086e-06
1.815673e-05
6.148769e-05
2.015814e-04
6.373234e-04
1.932693e-03
5.574746e-03
1.510328e-02
3.783751e-02
8.651380e-02
1.797380e-01
3.411596e-01
5.982046e-01
9.796376e-01
1.508829e+00
2.190863e+00
2.998480e+00
3.868730e+00
4.718727e+00
5.473856e+00
6.089236e+00
6.551750e+00
6.868016e+00
7.050838e+00
7.110515e+00
7.050838e+00
6.868016e+00
6.551750e+00
6.089236e+00
5.473856e+00
4.718727e+00
3.868730e+00
2.998480e+00
2.190863e+00
1.508829e+00
9.796376e-01
5.982046e-01
3.411596e-01
1.797380e-01
8.651380e-02
3.783751e-02
1.510328e-02
5.574746e-03
1.932693e-03
6.373234e-04
2.015814e-04
6.148769e-05
1.815673e-05
5.206086e-06
1.453197e-06
3.957847e-07
1.053880e-07
2.748569e-08
7.032508e-09
1.767809e-09
4.371716e-10
1.064813e-10
2.557192e-11
6.060950e-12
1.419000e-12
3.284417e-13
7.520760e-14
1.699680e-14
3.791748e-15
8.756239e-16
2.099490e-16
5.538569e-17
4.840748e-17
4.964559e-17
4.984776e-17
4.978317e-17
4.962764e-17
4.946737e-17
4.934925e-17
5.025865e-17
5.029010e-17
5.044872e-17
5.074144e-17
5.114105e-17
5.153520e-17
5.202378e-17
5.258108e-17
1.089766e-16
4.795396e-16
2.181860e-15
9.791307e-15
4.411389e-14
1.979742e-13
8.798932e-13
3.870569e-12
1.684261e-11
7.244298e-11
3.077308e-10
1.289817e-09
5.328667e-09
2.167415e-08
8.668444e-08
3.404029e-07
1.310391e-06
4.936044e-06
1.815673e-05
6.506438e-05
2.264773e-04
7.626489e-04
2.468434e-03
7.593023e-03
2.180604e-02
5.726490e-02
1.356124e-01
2.896617e-01
5.646433e-01
1.018927e+00
1.716253e+00
2.695182e+00
3.915743e+00
5.229089e+00
6.436209e+00
7.402003e+00
8.101519e+00
8.578329e+00
8.891926e+00
9.092389e+00
9.214706e+00
9.280521e+00
9.301277e+00
9.280521e+00
9.214706e+00
9.092389e+00
8.891926e+00
8.578329e+00
8.101519e+00
7.402003e+00
6.436209e+00
5.229089e+00
3.915743e+00
2.695182e+00
1.716253e+00
1.018927e+00
5.646433e-01
2.896617e-01
1.356124e-01
5.726490e-02
2.180604e-02
7.593023e-03
2.468434e-03
7.626489e-04
2.264773e-04
6.506438e-05
1.815673e-05
4.936044e-06
1.310391e-06
3.404029e-07
8.668444e-08
2.167415e-08
5.328667e-09
1.289817e-09
3.077308e-10
7.244298e-11
1.684262e-11
3.870597e-12
8.799214e-13
1.979808e-13
4.410764e-14
9.785527e-15
2.183589e-15
4.799333e-16
1.091356e-16
5.264119e-17
5.221310e-17
5.174538e-17
5.133842e-17
5.090393e-17
5.056264e-17
5.034842e-17
5.110141e-17
5.114937e-17
5.138386e-17
5.186583e-17
5.266316e-17
5.359706e-17
5.333834e-17
6.153975e-17
2.356740e-16
1.130382e-15
5.242448e-15
2.416073e-14
1.108293e-13
5.053246e-13
2.284667e-12
1.023116e-11
4.535232e-11
1.988519e-10
8.617172e-10
3.687359e-09
1.556500e-08
6.474159e-08
2.650192e-07
1.066164e-06
4.208599e-06
1.627172e-05
6.148769e-05
2.264773e-04
8.098216e-04
2.790754e-03
9.139751e-03
2.779823e-02
7.652427e-02
1.880485e-01
4.147357e-01
8.349124e-01
1.555241e+00
2.677915e+00
4.191822e+00
5.855852e+00
7.305447e+00
8.338003e+00
8.982931e+00
9.360813e+00
9.578531e+00
9.705230e+00
9.780303e+00
9.825184e+00
9.851444e+00
9.865229e+00
9.869527e+00
9.865229e+00
9.851444e+00
9.825184e+00
9.780303e+00
9.705230e+00
9.578531e+00
9.360813e+00
8.982931e+00
8.338003e+00
7.305447e+00
5.855852e+00
4.191822e+00
2.677915e+00
1.555241e+00
8.349124e-01
4.147357e-01
1.880485e-01
7.652427e-02
2.779823e-02
9.139751e-03
2.790754e-03
8.098216e-04
2.264773e-04
6.148769e-05
1.627172e-05
4.208599e-06
1.066164e-06
2.650192e-07
6.474159e-08
1.556500e-08
3.687359e-09
8.617172e-10
1.988519e-10
4.535234e-11
1.023119e-11
2.284675e-12
5.053228e-13
1.108236e-13
2.416063e-14
5.243288e-15
1.126306e-15
2.345368e-16
6.178515e-17
5.355781e-17
5.385032e-17
5.290693e-17
5.206538e-17
5.152163e-17
5.121895e-17
5.178062e-17
5.182429e-17
5.207163e-17
5.265101e-17
5.387146e-17
5.641137e-17
5.909441e-17
1.200106e-16
5.222467e-16
2.558176e-15
1.222961e-14
5.764159e-14
2.692619e-13
1.248267e-12
5.740296e-12
2.616465e-11
1.181312e-10
5.279376e-10
2.333652e-09
1.019425e-08
4.396704e-08
1.870212e-07
7.836581e-07
3.230335e-06
1.307917e-05
5.191903e-05
2.015814e-04
7.626489e-04
2.790754e-03
9.722067e-03
3.136056e-02
9.081445e-02
2.327075e-01
5.328354e-01
1.112643e+00
2.138489e+00
3.720288e+00
5.659990e+00
7.418109e+00
8.612314e+00
9.279251e+00
9.618767e+00
9.788255e+00
9.874704e+00
9.920531e+00
9.945859e+00
9.960371e+00
9.968853e+00
9.973743e+00
9.976285e+00
9.977074e+00
9.976285e+00
9.973743e+00
9.968853e+00
9.960371e+00
9.945859e+00
9.920531e+00
9.874704e+00
9.788255e+00
9.618767e+00
9.279251e+00
8.612314e+00
7.418109e+00
5.659990e+00
3.720288e+00
2.138489e+00
1.112643e+00
5.328354e-01
2.327075e-01
9.081445e-02
3.136056e-02
9.722067e-03
2.790754e-03
7.626489e-04
2.015814e-04
5.191903e-05
1.307917e-05
3.230335e-06
7.836581e-07
1.870212e-07
4.396704e-08
1.019425e-08
2.333652e-09
5.279376e-10
1.181312e-10
2.616465e-11
5.740289e-12
1.248268e-12
2.692614e-13
5.764436e-14
1.223066e-14
2.561497e-15
5.279616e-16
1.209298e-16
5.934627e-17
5.676424e-17
5.419626e-17
5.290468e-17
5.223904e-17
5.190610e-17
5.229738e-17
5.230524e-17
5.244794e-17
5.285725e-17
5.383635e-17
5.684074e-17
7.475833e-17
2.569198e-16
1.199723e-15
5.767156e-15
2.781639e-14
1.331600e-13
6.323024e-13
2.979723e-12
1.393435e-11
6.462973e-11
2.971337e-10
1.353200e-09
6.100281e-09
2.719988e-08
1.198462e-07
5.212969e-07
2.235916e-06
9.444299e-06
3.922462e-05
1.598650e-04
6.373234e-04
2.468434e-03
9.139751e-03
3.136056e-02
9.610187e-02
2.585037e-01
6.179759e-01
1.343316e+00
2.662299e+00
4.642317e+00
6.797785e+00
8.397708e+00
9.269496e+00
9.670974e+00
9.846224e+00
9.923656e+00
9.959328e+00
9.976643e+00
9.985515e+00
9.990296e+00
9.992985e+00
9.994535e+00
9.995420e+00
9.995878e+00
9.996019e+00
9.995878e+00
9.995420e+00
9.994535e+00
9.992985e+00
9.990296e+00
9.985515e+00
9.976643e+00
9.959328e+00
9.923656e+00
9.846224e+00
9.670974e+00
9.269496e+00
8.397708e+00
6.797785e+00
4.642317e+00
2.662299e+00
1.343316e+00
6.179759e-01
2.585037e-01
9.610187e-02
3.136056e-02
9.139751e-03
2.468434e-03
6.373234e-04
1.598650e-04
3.922462e-05
9.444299e-06
2.235916e-06
5.212969e-07
1.198462e-07
2.719988e-08
6.100281e-09
1.353200e-09
2.971337e-10
6.462973e-11
1.393434e-11
2.979716e-12
6.322973e-13
1.331579e-13
2.782080e-14
5.774528e-15
1.205904e-15
2.572413e-16
7.546326e-17
5.737178e-17
5.428450e-17
5.317856e-17
5.264237e-17
5.239456e-17
5.271595e-17
5.266304e-17
5.258031e-17
5.253819e-17
5.270556e-17
5.000786e-17
1.035782e-16
4.980619e-16
2.549441e-15
1.258138e-14
6.133582e-14
2.974245e-13
1.433597e-12
6.863728e-12
3.262924e-11
1.539463e-10
7.204645e-10
3.342530e-09
1.536266e-08
6.989749e-08
3.145557e-07
1.398831e-06
6.140423e-06
2.657350e-05
1.131920e-04
4.733601e-04
1.932693e-03
7.593023e-03
2.779823e-02
9.081445e-02
2.585037e-01
6.490627e-01
1.474507e+00
3.022305e+00
5.297842e+00
7.530157e+00
8.933248e+00
9.576043e+00
9.831178e+00
9.929658e+00
9.968750e+00
9.985064e+00
9.992283e+00
9.995677e+00
9.997372e+00
9.998267e+00
9.998762e+00
9.999044e+00
9.999203e+00
9.999285e+00
9.999310e+00
9.999285e+00
9.999203e+00
9.999044e+00
9.998762e+00
9.998267e+00
9.997372e+00
9.995677e+00
9.992283e+00
9.985064e+00
9.968750e+00
9.929658e+00
9.831178e+00
9.576043e+00
8.933248e+00
7.530157e+00
5.297842e+00
3.022305e+00
1.474507e+00
6.490627e-01
2.585037e-01
9.081445e-02
2.779823e-02
7.593023e-03
1.932693e-03
4.733601e-04
1.131920e-04
2.657350e-05
6.140423e-06
1.398831e-06
3.145557e-07
6.989749e-08
1.536266e-08
3.342530e-09
7.204645e-10
1.539463e-10
3.262923e-11
6.863718e-12
1.433587e-12
2.974163e-13
6.133408e-14
1.258109e-14
2.549724e-15
4.985078e-16
1.049243e-16
5.075487e-17
5.333607e-17
5.291959e-17
5.277573e-17
5.274295e-17
5.315906e-17
5.305500e-17
5.270706e-17
5.194168e-17
5.141378e-17
6.127085e-17
2.066502e-16
1.043164e-15
5.267032e-15
2.633322e-14
1.302925e-13
6.407758e-13
3.133918e-12
1.523586e-11
7.359483e-11
3.530489e-10
1.681177e-09
7.942242e-09
3.720118e-08
1.726457e-07
7.932410e-07
3.605166e-06
1.619106e-05
7.176397e-05
3.133190e-04
1.341985e-03
5.574746e-03
2.180604e-02
7.652427e-02
2.327075e-01
6.179759e-01
1.474507e+00
3.149897e+00
5.629941e+00
7.920497e+00
9.202133e+00
9.717778e+00
9.899520e+00
9.962535e+00
9.985122e+00
9.993650e+00
9.997069e+00
9.998530e+00
9.999197e+00
9.999522e+00
9.999690e+00
9.999781e+00
9.999832e+00
9.999861e+00
9.999876e+00
9.999880e+00
9.999876e+00
9.999861e+00
9.999832e+00
9.999781e+00
9.999690e+00
9.999522e+00
9.999197e+00
9.998530e+00
9.997069e+00
9.993650e+00
9.985122e+00
9.962535e+00
9.899520e+00
9.717778e+00
9.202133e+00
7.920497e+00
5.629941e+00
3.149897e+00
1.474507e+00
6.179759e-01
2.327075e-01
7.652427e-02
2.180604e-02
5.574746e-03
1.341985e-03
3.133190e-04
7.176397e-05
1.619106e-05
3.605166e-06
7.932410e-07
1.726457e-07
3.720118e-08
7.942242e-09
1.681177e-09
3.530489e-10
7.359483e-11
1.523585e-11
3.133909e-12
6.407743e-13
1.302974e-13
2.634167e-14
5.269483e-15
1.044683e-15
2.074811e-16
6.292455e-17
5.227525e-17
5.229547e-17
5.282874e-17
5.309101e-17
5.375768e-17
5.366322e-17
5.325570e-17
5.192672e-17
4.593221e-17
8.796099e-17
4.152003e-16
2.104540e-15
1.058490e-14
5.322067e-14
2.666492e-13
1.329619e-12
6.596141e-12
3.254616e-11
1.596561e-10
7.783370e-10
3.769205e-09
1.812233e-08
8.646055e-08
4.090633e-07
1.917901e-06
8.903780e-06
4.088951e-05
1.854966e-04
8.289962e-04
3.621386e-03
1.510328e-02
5.726490e-02
1.880485e-01
5.328354e-01
1.343316e+00
3.022305e+00
5.629941e+00
8.041399e+00
9.313371e+00
9.780250e+00
9.929451e+00
9.976375e+00
9.991612e+00
9.996812e+00
9.998694e+00
9.999419e+00
9.999718e+00
9.999850e+00
9.999913e+00
9.999944e+00
9.999961e+00
9.999970e+00
9.999976e+00
9.999978e+00
9.999979e+00
9.999978e+00
9.999976e+00
9.999970e+00
9.999961e+00
9.999944e+00
9.999913e+00
9.999850e+00
9.999718e+00
9.999419e+00
9.998694e+00
9.996812e+00
9.991612e+00
9.976375e+00
9.929451e+00
9.780250e+00
9.313371e+00
8.041399e+00
5.629941e+00
3.022305e+00
1.343316e+00
5.328354e-01
1.880485e-01
5.726490e-02
1.510328e-02
3.621386e-03
8.289962e-04
1.854966e-04
4.088951e-05
8.903780e-06
1.917901e-06
4.090633e-07
8.646055e-08
1.812233e-08
3.769205e-09
7.783370e-10
1.596561e-10
3.254615e-11
6.596140e-12
1.329626e-12
2.666577e-13
5.322614e-14
1.058809e-14
2.107908e-15
4.211835e-16
9.469810e-17
4.681521e-17
5.192385e-17
5.317723e-17
5.361265e-17
5.458406e-17
5.453509e-17
5.438238e-17
5.484784e-17
5.610704e-17
1.609071e-16
7.856106e-16
3.978581e-15
2.032635e-14
1.035743e-13
5.254692e-13
2.654722e-12
1.335114e-11
6.682016e-11
3.326880e-10
1.647199e-09
8.106967e-09
3.964413e-08
1.925264e-07
9.280035e-07
4.436914e-06
2.102617e-05
9.866375e-05
4.576194e-04
2.088084e-03
9.226420e-03
3.783751e-02
1.356124e-01
4.147357e-01
1.112643e+00
2.662299e+00
5.297842e+00
7.920497e+00
9.313371e+00
9.798017e+00
9.941015e+00
9.982163e+00
9.994321e+00
9.998078e+00
9.999303e+00
9.999727e+00
9.999883e+00
9.999945e+00
9.999972e+00
9.999984e+00
9.999990e+00
9.999993e+00
9.999995e+00
9.999996e+00
9.999996e+00
9.999996e+00
9.999996e+00
9.999996e+00
9.999995e+00
9.999993e+00
9.999990e+00
9.999984e+00
9.999972e+00
9.999945e+00
9.999883e+00
9.999727e+00
9.999303e+00
9.998078e+00
9.994321e+00
9.982163e+00
9.941015e+00
9.798017e+00
9.313371e+00
7.920497e+00
5.297842e+00
2.662299e+00
1.112643e+00
4.147357e-01
1.356124e-01
3.783751e-02
9.226420e-03
2.088084e-03
4.576194e-04
9.866375e-05
2.102617e-05
4.436914e-06
9.280035e-07
1.925264e-07
3.964413e-08
8.106967e-09
1.647199e-09
3.326880e-10
6.682015e-11
1.335115e-11
2.654726e-12
5.254768e-13
1.035773e-13
2.032750e-14
3.982466e-15
7.902656e-16
1.613155e-16
5.370195e-17
5.411480e-17
5.404708e-17
5.437819e-17
5.569331e-17
5.559718e-17
5.507227e-17
5.560254e-17
7.060947e-17
2.717278e-16
1.412072e-15
7.263338e-15
3.758418e-14
1.939058e-13
9.959620e-13
5.095182e-12
2.596063e-11
1.317027e-10
6.650747e-10
3.341955e-09
1.670434e-08
8.302017e-08
4.100827e-07
2.012227e-06
9.802847e-06
4.737944e-05
2.269373e-04
1.074343e-03
4.982207e-03
2.196368e-02
8.651380e-02
2.896617e-01
8.349124e-01
2.138489e+00
4.642317e+00
7.530157e+00
9.202133e+00
9.780250e+00
9.941015e+00
9.983769e+00
9.995339e+00
9.998590e+00
9.999547e+00
9.999844e+00
9.999942e+00
9.999977e+00
9.999990e+00
9.999995e+00
9.999997e+00
9.999998e+00
9.999999e+00
9.999999e+00
9.999999e+00
9.999999e+00
9.999999e+00
9.999999e+00
9.999999e+00
9.999999e+00
9.999999e+00
9.999998e+00
9.999997e+00
9.999995e+00
9.999990e+00
9.999977e+00
9.999942e+00
9.999844e+00
9.999547e+00
9.998590e+00
9.995339e+00
9.983769e+00
9.941015e+00
9.780250e+00
9.202133e+00
7.530157e+00
4.642317e+00
2.138489e+00
8.349124e-01
2.896617e-01
8.651380e-02
2.196368e-02
4.982207e-03
1.074343e-03
2.269373e-04
4.737944e-05
9.802847e-06
2.012227e-06
4.100827e-07
8.302017e-08
1.670434e-08
3.341955e-09
6.650747e-10
1.317027e-10
2.596064e-11
5.095191e-12
9.959729e-13
1.939085e-13
3.758423e-14
7.263642e-15
1.414361e-15
2.688377e-16
6.916547e-17
5.495766e-17
5.460442e-17
5.533524e-17
5.723704e-17
5.717061e-17
5.584189e-17
4.918384e-17
8.951849e-17
4.428129e-16
2.437899e-15
1.284128e-14
6.703378e-14
3.492888e-13
1.814395e-12
9.392501e-12
4.844814e-11
2.489577e-10
1.274138e-09
6.492712e-09
3.293204e-08
1.662045e-07
8.343154e-07
4.163813e-06
2.064911e-05
1.016835e-04
4.964887e-04
2.392904e-03
1.119305e-02
4.834361e-02
1.797380e-01
5.646433e-01
1.555241e+00
3.720288e+00
6.797785e+00
8.933248e+00
9.717778e+00
9.929451e+00
9.982163e+00
9.995339e+00
9.998729e+00
9.999636e+00
9.999890e+00
9.999965e+00
9.999988e+00
9.999995e+00
9.999998e+00
9.999999e+00
9.999999e+00
1.000000e+01
1.000000e+01
1.000000e+01
1.000000e+01
1.000000e+01
1.000000e+01
1.000000e+01
1.000000e+01
1.000000e+01
1.000000e+01
1.000000e+01
9.999999e+00
9.999999e+00
9.999998e+00
9.999995e+00
9.999988e+00
9.999965e+00
9.999890e+00
9.999636e+00
9.998729e+00
9.995339e+00
9.982163e+00
9.929451e+00
9.717778e+00
8.933248e+00
6.797785e+00
3.720288e+00
1.555241e+00
5.646433e-01
1.797380e-01
4.834361e-02
1.119305e-02
2.392904e-03
4.964887e-04
1.016835e-04
2.064911e-05
4.163813e-06
8.343154e-07
1.662045e-07
3.293204e-08
6.492712e-09
1.274138e-09
2.489577e-10
4.844816e-11
9.392518e-12
1.814398e-12
3.492865e-13
6.703392e-14
1.284779e-14
2.449663e-15
4.518653e-16
9.496478e-17
4.906639e-17
5.510068e-17
5.675487e-17
5.916278e-17
5.963227e-17
6.023919e-17
5.933229e-17
1.606601e-16
7.834915e-16
4.121944e-15
2.182139e-14
1.149686e-13
6.048562e-13
3.174930e-12
1.661764e-11
8.670910e-11
4.509549e-10
2.337105e-09
1.206684e-08
6.205286e-08
3.177260e-07
1.619276e-06
8.211079e-06
4.140780e-05
2.075015e-04
1.031073e-03
5.040105e-03
2.351998e-02
9.772958e-02
3.411596e-01
1.018927e+00
2.677915e+00
5.659990e+00
8.397708e+00
9.576043e+00
9.899520e+00
9.976375e+00
9.994321e+00
9.998590e+00
9.999636e+00
9.999902e+00
9.999973e+00
9.999992e+00
9.999998e+00
9.999999e+00
1.000000e+01
1.000000e+01
1.000000e+01
1.000000e+01
1.000000e+01
1.000000e+01
1.000000e+01
1.000000e+01
1.000000e+01
1.000000e+01
1.000000e+01
1.000000e+01
1.000000e+01
1.000000e+01
1.000000e+01
1.000000e+01
1.000000e+01
9.999999e+00
9.999998e+00
9.999992e+00
9.999973e+00
9.999902e+00
9.999636e+00
9.998590e+00
9.994321e+00
9.976375e+00
9.899520e+00
9.576043e+00
8.397708e+00
5.659990e+00
2.677915e+00
1.018927e+00
3.411596e-01
9.772958e-02
2.351998e-02
5.040105e-03
1.031073e-03
2.075015e-04
4.140780e-05
8.211079e-06
1.619276e-06
3.177260e-07
6.205286e-08
1.206684e-08
2.337105e-09
4.509549e-10
8.670911e-11
1.661765e-11
3.174927e-12
6.048518e-13
1.149648e-13
2.182271e-14
4.123462e-15
7.832985e-16
1.573012e-16
5.585056e-17
5.877978e-17
5.903860e-17
6.069048e-17
6.174250e-17
6.560634e-17
7.502697e-17
2.623475e-16
1.300829e-15
6.692428e-15
3.556817e-14
1.893663e-13
1.006065e-12
5.333042e-12
2.820074e-11
1.487311e-10
7.822064e-10
4.101439e-09
2.143663e-08
1.116561e-07
5.794334e-07
2.994995e-06
1.541396e-05
7.895056e-05
4.020554e-04
2.028799e-03
1.000457e-02
4.595934e-02
1.814154e-01
5.982046e-01
1.716253e+00
4.191822e+00
7.418109e+00
9.269496e+00
9.831178e+00
9.962535e+00
9.991612e+00
9.998078e+00
9.999547e+00
9.999890e+00
9.999973e+00
9.999993e+00
9.999999e+00
1.000000e+01
1.000000e+01
1.000000e+01
1.000000e+01
1.000000e+01
1.000000e+01
1.000000e+01
1.000000e+01
1.000000e+01
1.000000e+01
1.000000e+01
1.000000e+01
1.000000e+01
1.000000e+01
1.000000e+01
1.000000e+01
1.000000e+01
1.000000e+01
1.000000e+01
1.000000e+01
1.000000e+01
9.999999e+00
9.999993e+00
9.999973e+00
9.999890e+00
9.999547e+00
9.998078e+00
9.991612e+00
9.962535e+00
9.831178e+00
9.269496e+00
7.418109e+00
4.191822e+00
1.716253e+00
5.982046e-01
1.814154e-01
4.595934e-02
1.000457e-02
2.028799e-03
4.020554e-04
7.895056e-05
1.541396e-05
2.994995e-06
5.794334e-07
1.116561e-07
2.143663e-08
4.101439e-09
7.822064e-10
1.487311e-10
2.820074e-11
5.333034e-12
1.006058e-12
1.893623e-13
3.556217e-14
6.680105e-15
1.291502e-15
2.548293e-16
7.179626e-17
6.420643e-17
6.118463e-17
6.100993e-17
6.150993e-17
6.467428e-17
8.491310e-17
3.476560e-16
1.937435e-15
1.038041e-14
5.579693e-14
2.997394e-13
1.606756e-12
8.595270e-12
4.588316e-11
2.443852e-10
1.298559e-09
6.882483e-09
3.637893e-08
1.917313e-07
1.007355e-06
5.274898e-06
2.752060e-05
1.429883e-04
7.388352e-04
3.776029e-03
1.865407e-02
8.326070e-02
3.109917e-01
9.796376e-01
2.695182e+00
5.855852e+00
8.612314e+00
9.670974e+00
9.929658e+00
9.985122e+00
9.996812e+00
9.999303e+00
9.999844e+00
9.999965e+00
9.999992e+00
9.999999e+00
1.000000e+01
1.000000e+01
1.000000e+01
1.000000e+01
1.000000e+01
1.000000e+01
1.000000e+01
1.000000e+01
1.000000e+01
1.000000e+01
1.000000e+01
1.000000e+01
1.000000e+01
1.000000e+01
1.000000e+01
1.000000e+01
1.000000e+01
1.000000e+01
1.000000e+01
1.000000e+01
1.000000e+01
1.000000e+01
1.000000e+01
9.999999e+00
9.999992e+00
9.999965e+00
9.999844e+00
9.999303e+00
9.996812e+00
9.985122e+00
9.929658e+00
9.670974e+00
8.612314e+00
5.855852e+00
2.695182e+00
9.796376e-01
3.109917e-01
8.326070e-02
1.865407e-02
3.776029e-03
7.388352e-04
1.429883e-04
2.752060e-05
5.274898e-06
1.007355e-06
1.917313e-07
3.637893e-08
6.882483e-09
1.298559e-09
2.443852e-10
4.588315e-11
8.595262e-12
1.606752e-12
2.997366e-13
5.579805e-14
1.038176e-14
1.938984e-15
3.486735e-16
8.455210e-17
6.410392e-17
6.122161e-17
6.103147e-17
5.972625e-17
5.425215e-17
1.061922e-16
5.044998e-16
2.822943e-15
1.551297e-14
8.422292e-14
4.559205e-13
2.463484e-12
1.328806e-11
7.154865e-11
3.845267e-10
2.062466e-09
1.103891e-08
5.894991e-08
3.140432e-07
1.668665e-06
8.841685e-06
4.670550e-05
2.458231e-04
1.286591e-03
6.638542e-03
3.259000e-02
1.399522e-01
4.965633e-01
1.508829e+00
3.915743e+00
7.305447e+00
9.279251e+00
9.846224e+00
9.968750e+00
9.993650e+00
9.998694e+00
9.999727e+00
9.999942e+00
9.999988e+00
9.999998e+00
1.000000e+01
1.000000e+01
1.000000e+01
1.000000e+01
1.000000e+01
1.000000e+01
1.000000e+01
1.000000e+01
1.000000e+01
1.000000e+01
1.000000e+01
1.000000e+01
1.000000e+01
1.000000e+01
1.000000e+01
1.000000e+01
1.000000e+01
1.000000e+01
1.000000e+01
1.000000e+01
1.000000e+01
1.000000e+01
1.000000e+01
1.000000e+01
1.000000e+01
9.999998e+00
9.999988e+00
9.999942e+00
9.999727e+00
9.998694e+00
9.993650e+00
9.968750e+00
9.846224e+00
9.279251e+00
7.305447e+00
3.915743e+00
1.508829e+00
4.965633e-01
1.399522e-01
3.259000e-02
6.638542e-03
1.286591e-03
2.458231e-04
4.670550e-05
8.841685e-06
1.668665e-06
3.140432e-07
5.894991e-08
1.103891e-08
2.062466e-09
3.845267e-10
7.154864e-11
1.328806e-11
2.463482e-12
4.559232e-13
8.423210e-14
1.552324e-14
2.824893e-15
5.033240e-16
1.061060e-16
5.440352e-17
5.972505e-17
6.334450e-17
6.133428e-17
5.298027e-17
1.344251e-16
7.406810e-16
4.086692e-15
2.238801e-14
1.222460e-13
6.661829e-13
3.625280e-12
1.970106e-11
1.069068e-10
5.792300e-10
3.133178e-09
1.691849e-08
9.118660e-08
4.904993e-07
2.632827e-06
1.409966e-05
7.531512e-05
4.009949e-04
2.121914e-03
1.101314e-02
5.329787e-02
2.191832e-01
7.447823e-01
2.190863e+00
5.229089e+00
8.338003e+00
9.618767e+00
9.923656e+00
9.985064e+00
9.997069e+00
9.999419e+00
9.999883e+00
9.999977e+00
9.999995e+00
9.999999e+00
1.000000e+01
1.000000e+01
1.000000e+01
1.000000e+01
1.000000e+01
1.000000e+01
1.000000e+01
1.000000e+01
1.000000e+01
1.000000e+01
1.000000e+01
1.000000e+01
1.000000e+01
1.000000e+01
1.000000e+01
1.000000e+01
1.000000e+01
1.000000e+01
1.000000e+01
1.000000e+01
1.000000e+01
1.000000e+01
1.000000e+01
1.000000e+01
1.000000e+01
9.999999e+00
9.999995e+00
9.999977e+00
9.999883e+00
9.999419e+00
9.997069e+00
9.985064e+00
9.923656e+00
9.618767e+00
8.338003e+00
5.229089e+00
2.190863e+00
7.447823e-01
2.191832e-01
5.329787e-02
1.101314e-02
2.121914e-03
4.009949e-04
7.531512e-05
1.409966e-05
2.632827e-06
4.904993e-07
9.118660e-08
1.691849e-08
3.133178e-09
5.792301e-10
1.069068e-10
1.970106e-11
3.625282e-12
6.661915e-13
1.222596e-13
2.239538e-14
4.088391e-15
7.417994e-16
1.401260e-16
5.406895e-17
6.133564e-17
6.914496e-17
6.832140e-17
6.476366e-17
1.846544e-16
1.014928e-15
5.663463e-15
3.109270e-14
1.705321e-13
9.348471e-13
5.119815e-12
2.800843e-11
1.530428e-10
8.352062e-10
4.551955e-09
2.477361e-08
1.346258e-07
7.304182e-07
3.956121e-06
2.138745e-05
1.153775e-04
6.205282e-04
3.313510e-03
1.723194e-02
8.166620e-02
3.217664e-01
1.056374e+00
2.998480e+00
6.436209e+00
8.982931e+00
9.788255e+00
9.959328e+00
9.992283e+00
9.998530e+00
9.999718e+00
9.999945e+00
9.999990e+00
9.999998e+00
1.000000e+01
1.000000e+01
1.000000e+01
1.000000e+01
1.000000e+01
1.000000e+01
1.000000e+01
1.000000e+01
1.000000e+01
1.000000e+01
1.000000e+01
1.000000e+01
1.000000e+01
1.000000e+01
1.000000e+01
1.000000e+01
1.000000e+01
1.000000e+01
1.000000e+01
1.000000e+01
1.000000e+01
1.000000e+01
1.000000e+01
1.000000e+01
1.000000e+01
1.000000e+01
1.000000e+01
9.999998e+00
9.999990e+00
9.999945e+00
9.999718e+00
9.998530e+00
9.992283e+00
9.959328e+00
9.788255e+00
8.982931e+00
6.436209e+00
2.998480e+00
1.056374e+00
3.217664e-01
8.166620e-02
1.723194e-02
3.313510e-03
6.205282e-04
1.153775e-04
2.138745e-05
3.956121e-06
7.304182e-07
1.346258e-07
2.477361e-08
4.551955e-09
8.352062e-10
1.530428e-10
2.800844e-11
5.119826e-12
9.348577e-13
1.705399e-13
3.109591e-14
5.665802e-15
1.017799e-15
1.845096e-16
6.266313e-17
6.772800e-17
7.689482e-17
7.780081e-17
8.103056e-17
2.643175e-16
1.372944e-15
7.505589e-15
4.145370e-14
2.285942e-13
1.259895e-12
6.938834e-12
3.818189e-11
2.099037e-10
1.152788e-09
6.324403e-09
3.465792e-08
1.897001e-07
1.037005e-06
5.661133e-06
3.085880e-05
1.679104e-04
9.109300e-04
4.899037e-03
2.543317e-02
1.175431e-01
4.455544e-01
1.423424e+00
3.868730e+00
7.402003e+00
9.360813e+00
9.874704e+00
9.976643e+00
9.995677e+00
9.999197e+00
9.999850e+00
9.999972e+00
9.999995e+00
9.999999e+00
1.000000e+01
1.000000e+01
1.000000e+01
1.000000e+01
1.000000e+01
1.000000e+01
1.000000e+01
1.000000e+01
1.000000e+01
1.000000e+01
1.000000e+01
1.000000e+01
1.000000e+01
1.000000e+01
1.000000e+01
1.000000e+01
1.000000e+01
1.000000e+01
1.000000e+01
1.000000e+01
1.000000e+01
1.000000e+01
1.000000e+01
1.000000e+01
1.000000e+01
1.000000e+01
1.000000e+01
9.999999e+00
9.999995e+00
9.999972e+00
9.999850e+00
9.999197e+00
9.995677e+00
9.976643e+00
9.874704e+00
9.360813e+00
7.402003e+00
3.868730e+00
1.423424e+00
4.455544e-01
1.175431e-01
2.543317e-02
4.899037e-03
9.109300e-04
1.679104e-04
3.085880e-05
5.661133e-06
1.037005e-06
1.897001e-07
3.465792e-08
6.324403e-09
1.152788e-09
2.099037e-10
3.818191e-11
6.938845e-12
1.259909e-12
2.285974e-13
4.145590e-14
7.512046e-15
1.374526e-15
2.589671e-16
7.859195e-17
7.727047e-17
8.340308e-17
8.533540e-17
9.237335e-17
3.303968e-16
1.774097e-15
9.619980e-15
5.317760e-14
2.945363e-13
1.630931e-12
9.025726e-12
4.991539e-11
2.758459e-10
1.523208e-09
8.404131e-09
4.632827e-08
2.551502e-07
1.403836e-06
7.715722e-06
4.235701e-05
2.321746e-04
1.268766e-03
6.859614e-03
3.543872e-02
1.594968e-01
5.851609e-01
1.827722e+00
4.718727e+00
8.101519e+00
9.578531e+00
9.920531e+00
9.985515e+00
9.997372e+00
9.999522e+00
9.999913e+00
9.999984e+00
9.999997e+00
9.999999e+00
1.000000e+01
1.000000e+01
1.000000e+01
1.000000e+01
1.000000e+01
1.000000e+01
1.000000e+01
1.000000e+01
1.000000e+01
1.000000e+01
1.000000e+01
1.000000e+01
1.000000e+01
1.000000e+01
1.000000e+01
1.000000e+01
1.000000e+01
1.000000e+01
1.000000e+01
1.000000e+01
1.000000e+01
1.000000e+01
1.000000e+01
1.000000e+01
1.000000e+01
1.000000e+01
1.000000e+01
9.999999e+00
9.999997e+00
9.999984e+00
9.999913e+00
9.999522e+00
9.997372e+00
9.985515e+00
9.920531e+00
9.578531e+00
8.101519e+00
4.718727e+00
1.827722e+00
5.851609e-01
1.594968e-01
3.543872e-02
6.859614e-03
1.268766e-03
2.321746e-04
4.235701e-05
7.715722e-06
1.403836e-06
2.551502e-07
4.632827e-08
8.404131e-09
1.523208e-09
2.758459e-10
4.991540e-11
9.025733e-12
1.630937e-12
2.945419e-13
5.318525e-14
9.622901e-15
1.775980e-15
3.320342e-16
9.320912e-17
8.603191e-17
8.542470e-17
8.761580e-17
9.858390e-17
3.774416e-16
2.136445e-15
1.182666e-14
6.563279e-14
3.648229e-13
2.028084e-12
1.126947e-11
6.258768e-11
3.473967e-10
1.927085e-09
1.068317e-08
5.918445e-08
3.276472e-07
1.812497e-06
1.001833e-05
5.532380e-05
3.051098e-04
1.677247e-03
9.100798e-03
4.668947e-02
2.048575e-01
7.321255e-01
2.241905e+00
5.473856e+00
8.578329e+00
9.705230e+00
9.945859e+00
9.990296e+00
9.998267e+00
9.999690e+00
9.999944e+00
9.999990e+00
9.999998e+00
1.000000e+01
1.000000e+01
1.000000e+01
1.000000e+01
1.000000e+01
1.000000e+01
1.000000e+01
1.000000e+01
1.000000e+01
1.000000e+01
1.000000e+01
1.000000e+01
1.000000e+01
1.000000e+01
1.000000e+01
1.000000e+01
1.000000e+01
1.000000e+01
1.000000e+01
1.000000e+01
1.000000e+01
1.000000e+01
1.000000e+01
1.000000e+01
1.000000e+01
1.000000e+01
1.000000e+01
1.000000e+01
1.000000e+01
9.999998e+00
9.999990e+00
9.999944e+00
9.999690e+00
9.998267e+00
9.990296e+00
9.945859e+00
9.705230e+00
8.578329e+00
5.473856e+00
2.241905e+00
7.321255e-01
2.048575e-01
4.668947e-02
9.100798e-03
1.677247e-03
3.051098e-04
5.532380e-05
1.001833e-05
1.812497e-06
3.276472e-07
5.918445e-08
1.068317e-08
1.927085e-09
3.473967e-10
6.258768e-11
1.126947e-11
2.028084e-12
3.648211e-13
6.562982e-14
1.182395e-14
2.143170e-15
3.821905e-16
1.016921e-16
9.062557e-17
8.041615e-17
7.972637e-17
9.984099e-17
4.219772e-16
2.480606e-15
1.394033e-14
7.786251e-14
4.344543e-13
2.423139e-12
1.350938e-11
7.528503e-11
4.193641e-10
2.334934e-09
1.299417e-08
7.227728e-08
4.018113e-07
2.232521e-06
1.239658e-05
6.878485e-05
3.812167e-04
2.105398e-03
1.144924e-02
5.827373e-02
2.500181e-01
8.756405e-01
2.633820e+00
6.089236e+00
8.891926e+00
9.780303e+00
9.960371e+00
9.992985e+00
9.998762e+00
9.999781e+00
9.999961e+00
9.999993e+00
9.999999e+00
1.000000e+01
1.000000e+01
1.000000e+01
1.000000e+01
1.000000e+01
1.000000e+01
1.000000e+01
1.000000e+01
1.000000e+01
1.000000e+01
1.000000e+01
1.000000e+01
1.000000e+01
1.000000e+01
1.000000e+01
1.000000e+01
1.000000e+01
1.000000e+01
1.000000e+01
1.000000e+01
1.000000e+01
1.000000e+01
1.000000e+01
1.000000e+01
1.000000e+01
1.000000e+01
1.000000e+01
1.000000e+01
1.000000e+01
9.999999e+00
9.999993e+00
9.999961e+00
9.999781e+00
9.998762e+00
9.992985e+00
9.960371e+00
9.780303e+00
8.891926e+00
6.089236e+00
2.633820e+00
8.756405e-01
2.500181e-01
5.827373e-02
1.144924e-02
2.105398e-03
3.812167e-04
6.878485e-05
1.239658e-05
2.232521e-06
4.018113e-07
7.227728e-08
1.299417e-08
2.334934e-09
4.193641e-10
7.528503e-11
1.350939e-11
2.423138e-12
4.344467e-13
7.784687e-14
1.393327e-14
2.480816e-15
4.271340e-16
1.062594e-16
8.915690e-17
6.880417e-17
5.966321e-17
1.052325e-16
4.964149e-16
2.828723e-15
1.587802e-14
8.892869e-14
4.975885e-13
2.782296e-12
1.555127e-11
8.689326e-11
4.853574e-10
2.710104e-09
1.512696e-08
8.440168e-08
4.707337e-07
2.624303e-06
1.462347e-05
8.143967e-05
4.530530e-04
2.510851e-03
1.367015e-02
6.904839e-02
2.909089e-01
1.003795e+00
2.972296e+00
6.551750e+00
9.092389e+00
9.825184e+00
9.968853e+00
9.994535e+00
9.999044e+00
9.999832e+00
9.999970e+00
9.999995e+00
9.999999e+00
1.000000e+01
1.000000e+01
1.000000e+01
1.000000e+01
1.000000e+01
1.000000e+01
1.000000e+01
1.000000e+01
1.000000e+01
1.000000e+01
1.000000e+01
1.000000e+01
1.000000e+01
1.000000e+01
1.000000e+01
1.000000e+01
1.000000e+01
1.000000e+01
1.000000e+01
1.000000e+01
1.000000e+01
1.000000e+01
1.000000e+01
1.000000e+01
1.000000e+01
1.000000e+01
1.000000e+01
1.000000e+01
1.000000e+01
9.999999e+00
9.999995e+00
9.999970e+00
9.999832e+00
9.999044e+00
9.994535e+00
9.968853e+00
9.825184e+00
9.092389e+00
6.551750e+00
2.972296e+00
1.003795e+00
2.909089e-01
6.904839e-02
1.367015e-02
2.510851e-03
4.530530e-04
8.143967e-05
1.462347e-05
2.624303e-06
4.707337e-07
8.440168e-08
1.512696e-08
2.710104e-09
4.853574e-10
8.689326e-11
1.555127e-11
2.782296e-12
4.975841e-13
8.892220e-14
1.586377e-14
2.806001e-15
4.714737e-16
1.061342e-16
7.796945e-17
5.707064e-17
5.010973e-17
1.169876e-16
5.656971e-16
3.113232e-15
1.746816e-14
9.784479e-14
5.482328e-13
3.070623e-12
1.719372e-11
9.625082e-11
5.386750e-10
3.013921e-09
1.685831e-08
9.426882e-08
5.269719e-07
2.944858e-06
1.645071e-05
9.185401e-05
5.123449e-04
2.846262e-03
1.550414e-02
7.782240e-02
3.235541e-01
1.105113e+00
3.231727e+00
6.868016e+00
9.214706e+00
9.851444e+00
9.973743e+00
9.995420e+00
9.999203e+00
9.999861e+00
9.999976e+00
9.999996e+00
9.999999e+00
1.000000e+01
1.000000e+01
1.000000e+01
1.000000e+01
1.000000e+01
1.000000e+01
1.000000e+01
1.000000e+01
1.000000e+01
1.000000e+01
1.000000e+01
1.000000e+01
1.000000e+01
1.000000e+01
1.000000e+01
1.000000e+01
1.000000e+01
1.000000e+01
1.000000e+01
1.000000e+01
1.000000e+01
1.000000e+01
1.000000e+01
1.000000e+01
1.000000e+01
1.000000e+01
1.000000e+01
1.000000e+01
1.000000e+01
9.999999e+00
9.999996e+00
9.999976e+00
9.999861e+00
9.999203e+00
9.995420e+00
9.973743e+00
9.851444e+00
9.214706e+00
6.868016e+00
3.231727e+00
1.105113e+00
3.235541e-01
7.782240e-02
1.550414e-02
2.846262e-03
5.123449e-04
9.185401e-05
1.645071e-05
2.944858e-06
5.269719e-07
9.426882e-08
1.685831e-08
3.013921e-09
5.386750e-10
9.625081e-11
1.719372e-11
3.070627e-12
5.482294e-13
9.783872e-14
1.745031e-14
3.081218e-15
5.298862e-16
1.093691e-16
5.661278e-17
5.121969e-17
4.767893e-17
1.274943e-16
6.249325e-16
3.324829e-15
1.850383e-14
1.036452e-13
5.810570e-13
3.257600e-12
1.826025e-11
1.023360e-10
5.733985e-10
3.212089e-09
1.798942e-08
1.007259e-07
5.638380e-07
3.155374e-06
1.765295e-05
9.871954e-05
5.515075e-04
3.068114e-03
1.671529e-02
8.355891e-02
3.446237e-01
1.170093e+00
3.394175e+00
7.050838e+00
9.280521e+00
9.865229e+00
9.976285e+00
9.995878e+00
9.999285e+00
9.999876e+00
9.999978e+00
9.999996e+00
9.999999e+00
1.000000e+01
1.000000e+01
1.000000e+01
1.000000e+01
1.000000e+01
1.000000e+01
1.000000e+01
1.000000e+01
1.000000e+01
1.000000e+01
1.000000e+01
1.000000e+01
1.000000e+01
1.000000e+01
1.000000e+01
1.000000e+01
1.000000e+01
1.000000e+01
1.000000e+01
1.000000e+01
1.000000e+01
1.000000e+01
1.000000e+01
1.000000e+01
1.000000e+01
1.000000e+01
1.000000e+01
1.000000e+01
1.000000e+01
9.999999e+00
9.999996e+00
9.999978e+00
9.999876e+00
9.999285e+00
9.995878e+00
9.976285e+00
9.865229e+00
9.280521e+00
7.050838e+00
3.394175e+00
1.170093e+00
3.446237e-01
8.355891e-02
1.671529e-02
3.068114e-03
5.515075e-04
9.871954e-05
1.765295e-05
3.155374e-06
5.638380e-07
1.007259e-07
1.798942e-08
3.212089e-09
5.733984e-10
1.023359e-10
1.826023e-11
3.257578e-12
5.810462e-13
1.036386e-13
1.849101e-14
3.308468e-15
6.151947e-16
1.274361e-16
4.911598e-17
5.110809e-17
4.819747e-17
1.339006e-16
6.620537e-16
3.418549e-15
1.885454e-14
1.056549e-13
5.924305e-13
3.322384e-12
1.863006e-11
1.044475e-10
5.854567e-10
3.280958e-09
1.838283e-08
1.029735e-07
5.766821e-07
3.228783e-06
1.807258e-05
1.011182e-04
5.652029e-04
3.145750e-03
1.713873e-02
8.555407e-02
3.519053e-01
1.192479e+00
3.449416e+00
7.110515e+00
9.301277e+00
9.869527e+00
9.977074e+00
9.996019e+00
9.999310e+00
9.999880e+00
9.999979e+00
9.999996e+00
9.999999e+00
1.000000e+01
1.000000e+01
1.000000e+01
1.000000e+01
1.000000e+01
1.000000e+01
1.000000e+01
1.000000e+01
1.000000e+01
1.000000e+01
1.000000e+01
1.000000e+01
1.000000e+01
1.000000e+01
1.000000e+01
1.000000e+01
1.000000e+01
1.000000e+01
1.000000e+01
1.000000e+01
1.000000e+01
1.000000e+01
1.000000e+01
1.000000e+01
1.000000e+01
1.000000e+01
1.000000e+01
1.000000e+01
1.000000e+01
9.999999e+00
9.999996e+00
9.999979e+00
9.999880e+00
9.999310e+00
9.996019e+00
9.977074e+00
9.869527e+00
9.301277e+00
7.110515e+00
3.449416e+00
1.192479e+00
3.519053e-01
8.555407e-02
1.713873e-02
3.145750e-03
5.652029e-04
1.011182e-04
1.807258e-05
3.228783e-06
5.766821e-07
1.029735e-07
1.838283e-08
3.280958e-09
5.854567e-10
1.044475e-10
1.863003e-11
3.322342e-12
5.924097e-13
1.056479e-13
1.885386e-14
3.421188e-15
6.669053e-16
1.383828e-16
4.957986e-17
5.550656e-17
5.351873e-17
1.310296e-16
6.103066e-16
3.294474e-15
1.847607e-14
1.036367e-13
5.810608e-13
3.257591e-12
1.826023e-11
1.023359e-10
5.733984e-10
3.212089e-09
1.798942e-08
1.007259e-07
5.638380e-07
3.155374e-06
1.765295e-05
9.871954e-05
5.515075e-04
3.068114e-03
1.671529e-02
8.355891e-02
3.446237e-01
1.170093e+00
3.394175e+00
7.050838e+00
9.280521e+00
9.865229e+00
9.976285e+00
9.995878e+00
9.999285e+00
9.999876e+00
9.999978e+00
9.999996e+00
9.999999e+00
1.000000e+01
1.000000e+01
1.000000e+01
1.000000e+01
1.000000e+01
1.000000e+01
1.000000e+01
1.000000e+01
1.000000e+01
1.000000e+01
1.000000e+01
1.000000e+01
1.000000e+01
1.000000e+01
1.000000e+01
1.000000e+01
1.000000e+01
1.000000e+01
1.000000e+01
1.000000e+01
1.000000e+01
1.000000e+01
1.000000e+01
1.000000e+01
1.000000e+01
1.000000e+01
1.000000e+01
1.000000e+01
1.000000e+01
9.999999e+00
9.999996e+00
9.999978e+00
9.999876e+00
9.999285e+00
9.995878e+00
9.976285e+00
9.865229e+00
9.280521e+00
7.050838e+00
3.394175e+00
1.170093e+00
3.446237e-01
8.355891e-02
1.671529e-02
3.068114e-03
5.515075e-04
9.871954e-05
1.765295e-05
3.155374e-06
5.638380e-07
1.007259e-07
1.798942e-08
3.212089e-09
5.733984e-10
1.023359e-10
1.826023e-11
3.257582e-12
5.810440e-13
1.036268e-13
1.848104e-14
3.302746e-15
6.126484e-16
1.310231e-16
5.383448e-17
6.383242e-17
6.156003e-17
1.039944e-16
5.140305e-16
3.060657e-15
1.743860e-14
9.782859e-14
5.482050e-13
3.070596e-12
1.719369e-11
9.625079e-11
5.386750e-10
3.013921e-09
1.685831e-08
9.426882e-08
5.269719e-07
2.944858e-06
1.645071e-05
9.185401e-05
5.123449e-04
2.846262e-03
1.550414e-02
7.782240e-02
3.235541e-01
1.105113e+00
3.231727e+00
6.868016e+00
9.214706e+00
9.851444e+00
9.973743e+00
9.995420e+00
9.999203e+00
9.999861e+00
9.999976e+00
9.999996e+00
9.999999e+00
1.000000e+01
1.000000e+01
1.000000e+01
1.000000e+01
1.000000e+01
1.000000e+01
1.000000e+01
1.000000e+01
1.000000e+01
1.000000e+01
1.000000e+01
1.000000e+01
1.000000e+01
1.000000e+01
1.000000e+01
1.000000e+01
1.000000e+01
1.000000e+01
1.000000e+01
1.000000e+01
1.000000e+01
1.000000e+01
1.000000e+01
1.000000e+01
1.000000e+01
1.000000e+01
1.000000e+01
1.000000e+01
1.000000e+01
9.999999e+00
9.999996e+00
9.999976e+00
9.999861e+00
9.999203e+00
9.995420e+00
9.973743e+00
9.851444e+00
9.214706e+00
6.868016e+00
3.231727e+00
1.105113e+00
3.235541e-01
7.782240e-02
1.550414e-02
2.846262e-03
5.123449e-04
9.185401e-05
1.645071e-05
2.944858e-06
5.269719e-07
9.426882e-08
1.685831e-08
3.013921e-09
5.386750e-10
9.625078e-11
1.719369e-11
3.070601e-12
5.481998e-13
9.781878e-14
1.743075e-14
3.058263e-15
5.146263e-16
1.036662e-16
6.161952e-17
7.548971e-17
7.611406e-17
9.188113e-17
4.537132e-16
2.777772e-15
1.582403e-14
8.887725e-14
4.975476e-13
2.782266e-12
1.555125e-11
8.689325e-11
4.853574e-10
2.710104e-09
1.512696e-08
8.440168e-08
4.707337e-07
2.624303e-06
1.462347e-05
8.143967e-05
4.530530e-04
2.510851e-03
1.367015e-02
6.904839e-02
2.909089e-01
1.003795e+00
2.972296e+00
6.551750e+00
9.092389e+00
9.825184e+00
9.968853e+00
9.994535e+00
9.999044e+00
9.999832e+00
9.999970e+00
9.999995e+00
9.999999e+00
1.000000e+01
1.000000e+01
1.000000e+01
1.000000e+01
1.000000e+01
1.000000e+01
1.000000e+01
1.000000e+01
1.000000e+01
1.000000e+01
1.000000e+01
1.000000e+01
1.000000e+01
1.000000e+01
1.000000e+01
1.000000e+01
1.000000e+01
1.000000e+01
1.000000e+01
1.000000e+01
1.000000e+01
1.000000e+01
1.000000e+01
1.000000e+01
1.000000e+01
1.000000e+01
1.000000e+01
1.000000e+01
1.000000e+01
9.999999e+00
9.999995e+00
9.999970e+00
9.999832e+00
9.999044e+00
9.994535e+00
9.968853e+00
9.825184e+00
9.092389e+00
6.551750e+00
2.972296e+00
1.003795e+00
2.909089e-01
6.904839e-02
1.367015e-02
2.510851e-03
4.530530e-04
8.143967e-05
1.462347e-05
2.624303e-06
4.707337e-07
8.440168e-08
1.512696e-08
2.710104e-09
4.853574e-10
8.689324e-11
1.555124e-11
2.782258e-12
4.975381e-13
8.886200e-14
1.580237e-14
2.758343e-15
4.503080e-16
9.229693e-17
7.647822e-17
8.561848e-17
8.877695e-17
1.009539e-16
4.111424e-16
2.438935e-15
1.386977e-14
7.779485e-14
4.344076e-13
2.423114e-12
1.350937e-11
7.528503e-11
4.193641e-10
2.334934e-09
1.299417e-08
7.227728e-08
4.018113e-07
2.232521e-06
1.239658e-05
6.878485e-05
3.812167e-04
2.105398e-03
1.144924e-02
5.827373e-02
2.500181e-01
8.756405e-01
2.633820e+00
6.089236e+00
8.891926e+00
9.780303e+00
9.960371e+00
9.992985e+00
9.998762e+00
9.999781e+00
9.999961e+00
9.999993e+00
9.999999e+00
1.000000e+01
1.000000e+01
1.000000e+01
1.000000e+01
1.000000e+01
1.000000e+01
1.000000e+01
1.000000e+01
1.000000e+01
1.000000e+01
1.000000e+01
1.000000e+01
1.000000e+01
1.000000e+01
1.000000e+01
1.000000e+01
1.000000e+01
1.000000e+01
1.000000e+01
1.000000e+01
1.000000e+01
1.000000e+01
1.000000e+01
1.000000e+01
1.000000e+01
1.000000e+01
1.000000e+01
1.000000e+01
1.000000e+01
9.999999e+00
9.999993e+00
9.999961e+00
9.999781e+00
9.998762e+00
9.992985e+00
9.960371e+00
9.780303e+00
8.891926e+00
6.089236e+00
2.633820e+00
8.756405e-01
2.500181e-01
5.827373e-02
1.144924e-02
2.105398e-03
3.812167e-04
6.878485e-05
1.239658e-05
2.232521e-06
4.018113e-07
7.227728e-08
1.299417e-08
2.334934e-09
4.193641e-10
7.528503e-11
1.350937e-11
2.423109e-12
4.344089e-13
7.779901e-14
1.386710e-14
2.434932e-15
4.133641e-16
1.027864e-16
8.966519e-17
8.968160e-17
9.204089e-17
9.957694e-17
3.695323e-16
2.117749e-15
1.180173e-14
6.560266e-14
3.647899e-13
2.028052e-12
1.126946e-11
6.258768e-11
3.473967e-10
1.927085e-09
1.068317e-08
5.918445e-08
3.276472e-07
1.812497e-06
1.001833e-05
5.532380e-05
3.051098e-04
1.677247e-03
9.100798e-03
4.668947e-02
2.048575e-01
7.321255e-01
2.241905e+00
5.473856e+00
8.578329e+00
9.705230e+00
9.945859e+00
9.990296e+00
9.998267e+00
9.999690e+00
9.999944e+00
9.999990e+00
9.999998e+00
1.000000e+01
1.000000e+01
1.000000e+01
1.000000e+01
1.000000e+01
1.000000e+01
1.000000e+01
1.000000e+01
1.000000e+01
1.000000e+01
1.000000e+01
1.000000e+01
1.000000e+01
1.000000e+01
1.000000e+01
1.000000e+01
1.000000e+01
1.000000e+01
1.000000e+01
1.000000e+01
1.000000e+01
1.000000e+01
1.000000e+01
1.000000e+01
1.000000e+01
1.000000e+01
1.000000e+01
1.000000e+01
1.000000e+01
9.999998e+00
9.999990e+00
9.999944e+00
9.999690e+00
9.998267e+00
9.990296e+00
9.945859e+00
9.705230e+00
8.578329e+00
5.473856e+00
2.241905e+00
7.321255e-01
2.048575e-01
4.668947e-02
9.100798e-03
1.677247e-03
3.051098e-04
5.532380e-05
1.001833e-05
1.812497e-06
3.276472e-07
5.918445e-08
1.068317e-08
1.927085e-09
3.473967e-10
6.258767e-11
1.126945e-11
2.028057e-12
3.647993e-13
6.561383e-14
1.181614e-14
2.133878e-15
3.809791e-16
1.031738e-16
9.328225e-17
8.786703e-17
8.957719e-17
9.592659e-17
3.342599e-16
1.779202e-15
9.630423e-15
5.318186e-14
2.945298e-13
1.630923e-12
9.025734e-12
4.991538e-11
2.758459e-10
1.523208e-09
8.404131e-09
4.632827e-08
2.551502e-07
1.403836e-06
7.715722e-06
4.235701e-05
2.321746e-04
1.268766e-03
6.859614e-03
3.543872e-02
1.594968e-01
5.851609e-01
1.827722e+00
4.718727e+00
8.101519e+00
9.578531e+00
9.920531e+00
9.985515e+00
9.997372e+00
9.999522e+00
9.999913e+00
9.999984e+00
9.999997e+00
9.999999e+00
1.000000e+01
1.000000e+01
1.000000e+01
1.000000e+01
1.000000e+01
1.000000e+01
1.000000e+01
1.000000e+01
1.000000e+01
1.000000e+01
1.000000e+01
1.000000e+01
1.000000e+01
1.000000e+01
1.000000e+01
1.000000e+01
1.000000e+01
1.000000e+01
1.000000e+01
1.000000e+01
1.000000e+01
1.000000e+01
1.000000e+01
1.000000e+01
1.000000e+01
1.000000e+01
1.000000e+01
9.999999e+00
9.999997e+00
9.999984e+00
9.999913e+00
9.999522e+00
9.997372e+00
9.985515e+00
9.920531e+00
9.578531e+00
8.101519e+00
4.718727e+00
1.827722e+00
5.851609e-01
1.594968e-01
3.543872e-02
6.859614e-03
1.268766e-03
2.321746e-04
4.235701e-05
7.715722e-06
1.403836e-06
2.551502e-07
4.632827e-08
8.404131e-09
1.523208e-09
2.758459e-10
4.991537e-11
9.025716e-12
1.630920e-12
2.945333e-13
5.318746e-14
9.645119e-15
1.794844e-15
3.399630e-16
9.778106e-17
9.037714e-17
8.197080e-17
8.273314e-17
8.604217e-17
2.721448e-16
1.389325e-15
7.528275e-15
4.145960e-14
2.285879e-13
1.259889e-12
6.938817e-12
3.818186e-11
2.099037e-10
1.152788e-09
6.324403e-09
3.465792e-08
1.897001e-07
1.037005e-06
5.661133e-06
3.085880e-05
1.679104e-04
9.109300e-04
4.899037e-03
2.543317e-02
1.175431e-01
4.455544e-01
1.423424e+00
3.868730e+00
7.402003e+00
9.360813e+00
9.874704e+00
9.976643e+00
9.995677e+00
9.999197e+00
9.999850e+00
9.999972e+00
9.999995e+00
9.999999e+00
1.000000e+01
1.000000e+01
1.000000e+01
1.000000e+01
1.000000e+01
1.000000e+01
1.000000e+01
1.000000e+01
1.000000e+01
1.000000e+01
1.000000e+01
1.000000e+01
1.000000e+01
1.000000e+01
1.000000e+01
1.000000e+01
1.000000e+01
1.000000e+01
1.000000e+01
1.000000e+01
1.000000e+01
1.000000e+01
1.000000e+01
1.000000e+01
1.000000e+01
1.000000e+01
1.000000e+01
9.999999e+00
9.999995e+00
9.999972e+00
9.999850e+00
9.999197e+00
9.995677e+00
9.976643e+00
9.874704e+00
9.360813e+00
7.402003e+00
3.868730e+00
1.423424e+00
4.455544e-01
1.175431e-01
2.543317e-02
4.899037e-03
9.109300e-04
1.679104e-04
3.085880e-05
5.661133e-06
1.037005e-06
1.897001e-07
3.465792e-08
6.324403e-09
1.152788e-09
2.099037e-10
3.818188e-11
6.938828e-12
1.259895e-12
2.285947e-13
4.146777e-14
7.538516e-15
1.396535e-15
2.698772e-16
8.557141e-17
8.285550e-17
7.451337e-17
7.383789e-17
7.064108e-17
1.964248e-16
1.037964e-15
5.682920e-15
3.109808e-14
1.705293e-13
9.348270e-13
5.119775e-12
2.800840e-11
1.530427e-10
8.352062e-10
4.551955e-09
2.477361e-08
1.346258e-07
7.304182e-07
3.956121e-06
2.138745e-05
1.153775e-04
6.205282e-04
3.313510e-03
1.723194e-02
8.166620e-02
3.217664e-01
1.056374e+00
2.998480e+00
6.436209e+00
8.982931e+00
9.788255e+00
9.959328e+00
9.992283e+00
9.998530e+00
9.999718e+00
9.999945e+00
9.999990e+00
9.999998e+00
1.000000e+01
1.000000e+01
1.000000e+01
1.000000e+01
1.000000e+01
1.000000e+01
1.000000e+01
1.000000e+01
1.000000e+01
1.000000e+01
1.000000e+01
1.000000e+01
1.000000e+01
1.000000e+01
1.000000e+01
1.000000e+01
1.000000e+01
1.000000e+01
1.000000e+01
1.000000e+01
1.000000e+01
1.000000e+01
1.000000e+01
1.000000e+01
1.000000e+01
1.000000e+01
1.000000e+01
9.999998e+00
9.999990e+00
9.999945e+00
9.999718e+00
9.998530e+00
9.992283e+00
9.959328e+00
9.788255e+00
8.982931e+00
6.436209e+00
2.998480e+00
1.056374e+00
3.217664e-01
8.166620e-02
1.723194e-02
3.313510e-03
6.205282e-04
1.153775e-04
2.138745e-05
3.956121e-06
7.304182e-07
1.346258e-07
2.477361e-08
4.551955e-09
8.352062e-10
1.530428e-10
2.800843e-11
5.119816e-12
9.348471e-13
1.705365e-13
3.110382e-14
5.687352e-15
1.037650e-15
1.943659e-16
7.028829e-17
7.374508e-17
6.821543e-17
6.683348e-17
6.164184e-17
1.490125e-16
7.498117e-16
4.091159e-15
2.239385e-14
1.222549e-13
6.661912e-13
3.625284e-12
1.970105e-11
1.069068e-10
5.792300e-10
3.133178e-09
1.691849e-08
9.118660e-08
4.904993e-07
2.632827e-06
1.409966e-05
7.531512e-05
4.009949e-04
2.121914e-03
1.101314e-02
5.329787e-02
2.191832e-01
7.447823e-01
2.190863e+00
5.229089e+00
8.338003e+00
9.618767e+00
9.923656e+00
9.985064e+00
9.997069e+00
9.999419e+00
9.999883e+00
9.999977e+00
9.999995e+00
9.999999e+00
1.000000e+01
1.000000e+01
1.000000e+01
1.000000e+01
1.000000e+01
1.000000e+01
1.000000e+01
1.000000e+01
1.000000e+01
1.000000e+01
1.000000e+01
1.000000e+01
1.000000e+01
1.000000e+01
1.000000e+01
1.000000e+01
1.000000e+01
1.000000e+01
1.000000e+01
1.000000e+01
1.000000e+01
1.000000e+01
1.000000e+01
1.000000e+01
1.000000e+01
9.999999e+00
9.999995e+00
9.999977e+00
9.999883e+00
9.999419e+00
9.997069e+00
9.985064e+00
9.923656e+00
9.618767e+00
8.338003e+00
5.229089e+00
2.190863e+00
7.447823e-01
2.191832e-01
5.329787e-02
1.101314e-02
2.121914e-03
4.009949e-04
7.531512e-05
1.409966e-05
2.632827e-06
4.904993e-07
9.118660e-08
1.691849e-08
3.133178e-09
5.792301e-10
1.069068e-10
1.970107e-11
3.625301e-12
6.661990e-13
1.222546e-13
2.239658e-14
4.092531e-15
7.477177e-16
1.475241e-16
6.145112e-17
6.676525e-17
6.442237e-17
6.328226e-17
5.917911e-17
1.021661e-16
4.963075e-16
2.819043e-15
1.551490e-14
8.423228e-14
4.559363e-13
2.463502e-12
1.328809e-11
7.154867e-11
3.845267e-10
2.062466e-09
1.103891e-08
5.894991e-08
3.140432e-07
1.668665e-06
8.841685e-06
4.670550e-05
2.458231e-04
1.286591e-03
6.638542e-03
3.259000e-02
1.399522e-01
4.965633e-01
1.508829e+00
3.915743e+00
7.305447e+00
9.279251e+00
9.846224e+00
9.968750e+00
9.993650e+00
9.998694e+00
9.999727e+00
9.999942e+00
9.999988e+00
9.999998e+00
1.000000e+01
1.000000e+01
1.000000e+01
1.000000e+01
1.000000e+01
1.000000e+01
1.000000e+01
1.000000e+01
1.000000e+01
1.000000e+01
1.000000e+01
1.000000e+01
1.000000e+01
1.000000e+01
1.000000e+01
1.000000e+01
1.000000e+01
1.000000e+01
1.000000e+01
1.000000e+01
1.000000e+01
1.000000e+01
1.000000e+01
1.000000e+01
1.000000e+01
9.999998e+00
9.999988e+00
9.999942e+00
9.999727e+00
9.998694e+00
9.993650e+00
9.968750e+00
9.846224e+00
9.279251e+00
7.305447e+00
3.915743e+00
1.508829e+00
4.965633e-01
1.399522e-01
3.259000e-02
6.638542e-03
1.286591e-03
2.458231e-04
4.670550e-05
8.841685e-06
1.668665e-06
3.140432e-07
5.894991e-08
1.103891e-08
2.062466e-09
3.845267e-10
7.154868e-11
1.328810e-11
2.463508e-12
4.559447e-13
8.423676e-14
1.551787e-14
2.821356e-15
4.998237e-16
1.026067e-16
5.922515e-17
6.330131e-17
6.269166e-17
6.239586e-17
6.176789e-17
7.346447e-17
3.437104e-16
1.934569e-15
1.038273e-14
5.579860e-14
2.997451e-13
1.606762e-12
8.595281e-12
4.588316e-11
2.443852e-10
1.298559e-09
6.882483e-09
3.637893e-08
1.917313e-07
1.007355e-06
5.274898e-06
2.752060e-05
1.429883e-04
7.388352e-04
3.776029e-03
1.865407e-02
8.326070e-02
3.109917e-01
9.796376e-01
2.695182e+00
5.855852e+00
8.612314e+00
9.670974e+00
9.929658e+00
9.985122e+00
9.996812e+00
9.999303e+00
9.999844e+00
9.999965e+00
9.999992e+00
9.999999e+00
1.000000e+01
1.000000e+01
1.000000e+01
1.000000e+01
1.000000e+01
1.000000e+01
1.000000e+01
1.000000e+01
1.000000e+01
1.000000e+01
1.000000e+01
1.000000e+01
1.000000e+01
1.000000e+01
1.000000e+01
1.000000e+01
1.000000e+01
1.000000e+01
1.000000e+01
1.000000e+01
1.000000e+01
1.000000e+01
1.000000e+01
9.999999e+00
9.999992e+00
9.999965e+00
9.999844e+00
9.999303e+00
9.996812e+00
9.985122e+00
9.929658e+00
9.670974e+00
8.612314e+00
5.855852e+00
2.695182e+00
9.796376e-01
3.109917e-01
8.326070e-02
1.865407e-02
3.776029e-03
7.388352e-04
1.429883e-04
2.752060e-05
5.274898e-06
1.007355e-06
1.917313e-07
3.637893e-08
6.882483e-09
1.298559e-09
2.443852e-10
4.588316e-11
8.595286e-12
1.606770e-12
2.997571e-13
5.580909e-14
1.038751e-14
1.933950e-15
3.457815e-16
7.466593e-17
6.207153e-17
6.248510e-17
6.153945e-17
6.189971e-17
6.420390e-17
7.216972e-17
2.572936e-16
1.285034e-15
6.674307e-15
3.556566e-14
1.893725e-13
1.006068e-12
5.333034e-12
2.820074e-11
1.487311e-10
7.822064e-10
4.101439e-09
2.143663e-08
1.116561e-07
5.794334e-07
2.994995e-06
1.541396e-05
7.895056e-05
4.020554e-04
2.028799e-03
1.000457e-02
4.595934e-02
1.814154e-01
5.982046e-01
1.716253e+00
4.191822e+00
7.418109e+00
9.269496e+00
9.831178e+00
9.962535e+00
9.991612e+00
9.998078e+00
9.999547e+00
9.999890e+00
9.999973e+00
9.999993e+00
9.999999e+00
1.000000e+01
1.000000e+01
1.000000e+01
1.000000e+01
1.000000e+01
1.000000e+01
1.000000e+01
1.000000e+01
1.000000e+01
1.000000e+01
1.000000e+01
1.000000e+01
1.000000e+01
1.000000e+01
1.000000e+01
1.000000e+01
1.000000e+01
1.000000e+01
1.000000e+01
1.000000e+01
1.000000e+01
9.999999e+00
9.999993e+00
9.999973e+00
9.999890e+00
9.999547e+00
9.998078e+00
9.991612e+00
9.962535e+00
9.831178e+00
9.269496e+00
7.418109e+00
4.191822e+00
1.716253e+00
5.982046e-01
1.814154e-01
4.595934e-02
1.000457e-02
2.028799e-03
4.020554e-04
7.895056e-05
1.541396e-05
2.994995e-06
5.794334e-07
1.116561e-07
2.143663e-08
4.101439e-09
7.822064e-10
1.487311e-10
2.820073e-11
5.333033e-12
1.006066e-12
1.893743e-13
3.556926e-14
6.682941e-15
1.289563e-15
2.550917e-16
7.216942e-17
6.436140e-17
6.197236e-17
5.986703e-17
6.007491e-17
6.080335e-17
6.157271e-17
1.646479e-16
7.736627e-16
4.111503e-15
2.182008e-14
1.149741e-13
6.048614e-13
3.174927e-12
1.661763e-11
8.670909e-11
4.509549e-10
2.337105e-09
1.206684e-08
6.205286e-08
3.177260e-07
1.619276e-06
8.211079e-06
4.140780e-05
2.075015e-04
1.031073e-03
5.040105e-03
2.351998e-02
9.772958e-02
3.411596e-01
1.018927e+00
2.677915e+00
5.659990e+00
8.397708e+00
9.576043e+00
9.899520e+00
9.976375e+00
9.994321e+00
9.998590e+00
9.999636e+00
9.999902e+00
9.999973e+00
9.999992e+00
9.999998e+00
9.999999e+00
1.000000e+01
1.000000e+01
1.000000e+01
1.000000e+01
1.000000e+01
1.000000e+01
1.000000e+01
1.000000e+01
1.000000e+01
1.000000e+01
1.000000e+01
1.000000e+01
1.000000e+01
1.000000e+01
1.000000e+01
1.000000e+01
1.000000e+01
9.999999e+00
9.999998e+00
9.999992e+00
9.999973e+00
9.999902e+00
9.999636e+00
9.998590e+00
9.994321e+00
9.976375e+00
9.899520e+00
9.576043e+00
8.397708e+00
5.659990e+00
2.677915e+00
1.018927e+00
3.411596e-01
9.772958e-02
2.351998e-02
5.040105e-03
1.031073e-03
2.075015e-04
4.140780e-05
8.211079e-06
1.619276e-06
3.177260e-07
6.205286e-08
1.206684e-08
2.337105e-09
4.509549e-10
8.670910e-11
1.661764e-11
3.174927e-12
6.048580e-13
1.149690e-13
2.181854e-14
4.114609e-15
7.847271e-16
1.668272e-16
6.168692e-17
6.085681e-17
6.010214e-17
5.780914e-17
5.768793e-17
5.690436e-17
5.327738e-17
9.140305e-17
4.443081e-16
2.448997e-15
1.285053e-14
6.704203e-14
3.492990e-13
1.814390e-12
9.392490e-12
4.844814e-11
2.489577e-10
1.274138e-09
6.492712e-09
3.293204e-08
1.662045e-07
8.343154e-07
4.163813e-06
2.064911e-05
1.016835e-04
4.964887e-04
2.392904e-03
1.119305e-02
4.834361e-02
1.797380e-01
5.646433e-01
1.555241e+00
3.720288e+00
6.797785e+00
8.933248e+00
9.717778e+00
9.929451e+00
9.982163e+00
9.995339e+00
9.998729e+00
9.999636e+00
9.999890e+00
9.999965e+00
9.999988e+00
9.999995e+00
9.999998e+00
9.999999e+00
9.999999e+00
1.000000e+01
1.000000e+01
1.000000e+01
1.000000e+01
1.000000e+01
1.000000e+01
1.000000e+01
1.000000e+01
1.000000e+01
1.000000e+01
1.000000e+01
9.999999e+00
9.999999e+00
9.999998e+00
9.999995e+00
9.999988e+00
9.999965e+00
9.999890e+00
9.999636e+00
9.998729e+00
9.995339e+00
9.982163e+00
9.929451e+00
9.717778e+00
8.933248e+00
6.797785e+00
3.720288e+00
1.555241e+00
5.646433e-01
1.797380e-01
4.834361e-02
1.119305e-02
2.392904e-03
4.964887e-04
1.016835e-04
2.064911e-05
4.163813e-06
8.343154e-07
1.662045e-07
3.293204e-08
6.492712e-09
1.274138e-09
2.489577e-10
4.844814e-11
9.392491e-12
1.814388e-12
3.492930e-13
6.703727e-14
1.284124e-14
2.435354e-15
4.418946e-16
9.286440e-17
5.325655e-17
5.686473e-17
5.766850e-17
5.591828e-17
5.574422e-17
5.502842e-17
5.349704e-17
6.233322e-17
2.720099e-16
1.423178e-15
7.275151e-15
3.759742e-14
1.939111e-13
9.959529e-13
5.095179e-12
2.596063e-11
1.317027e-10
6.650747e-10
3.341955e-09
1.670434e-08
8.302017e-08
4.100827e-07
2.012227e-06
9.802847e-06
4.737944e-05
2.269373e-04
1.074343e-03
4.982207e-03
2.196368e-02
8.651380e-02
2.896617e-01
8.349124e-01
2.138489e+00
4.642317e+00
7.530157e+00
9.202133e+00
9.780250e+00
9.941015e+00
9.983769e+00
9.995339e+00
9.998590e+00
9.999547e+00
9.999844e+00
9.999942e+00
9.999977e+00
9.999990e+00
9.999995e+00
9.999997e+00
9.999998e+00
9.999999e+00
9.999999e+00
9.999999e+00
9.999999e+00
9.999999e+00
9.999999e+00
9.999999e+00
9.999999e+00
9.999999e+00
9.999998e+00
9.999997e+00
9.999995e+00
9.999990e+00
9.999977e+00
9.999942e+00
9.999844e+00
9.999547e+00
9.998590e+00
9.995339e+00
9.983769e+00
9.941015e+00
9.780250e+00
9.202133e+00
7.530157e+00
4.642317e+00
2.138489e+00
8.349124e-01
2.896617e-01
8.651380e-02
2.196368e-02
4.982207e-03
1.074343e-03
2.269373e-04
4.737944e-05
9.802847e-06
2.012227e-06
4.100827e-07
8.302017e-08
1.670434e-08
3.341955e-09
6.650747e-10
1.317027e-10
2.596063e-11
5.095177e-12
9.959618e-13
1.939111e-13
3.758909e-14
7.266654e-15
1.415089e-15
2.648179e-16
6.143319e-17
5.316551e-17
5.487983e-17
5.568322e-17
5.438511e-17
5.429450e-17
5.405633e-17
5.448891e-17
5.753994e-17
1.708283e-16
7.971360e-16
3.990800e-15
2.034117e-14
1.035695e-13
5.254666e-13
2.654726e-12
1.335116e-11
6.682018e-11
3.326880e-10
1.647199e-09
8.106967e-09
3.964413e-08
1.925264e-07
9.280035e-07
4.436914e-06
2.102617e-05
9.866375e-05
4.576194e-04
2.088084e-03
9.226420e-03
3.783751e-02
1.356124e-01
4.147357e-01
1.112643e+00
2.662299e+00
5.297842e+00
7.920497e+00
9.313371e+00
9.798017e+00
9.941015e+00
9.982163e+00
9.994321e+00
9.998078e+00
9.999303e+00
9.999727e+00
9.999883e+00
9.999945e+00
9.999972e+00
9.999984e+00
9.999990e+00
9.999993e+00
9.999995e+00
9.999996e+00
9.999996e+00
9.999996e+00
9.999996e+00
9.999996e+00
9.999995e+00
9.999993e+00
9.999990e+00
9.999984e+00
9.999972e+00
9.999945e+00
9.999883e+00
9.999727e+00
9.999303e+00
9.998078e+00
9.994321e+00
9.982163e+00
9.941015e+00
9.798017e+00
9.313371e+00
7.920497e+00
5.297842e+00
2.662299e+00
1.112643e+00
4.147357e-01
1.356124e-01
3.783751e-02
9.226420e-03
2.088084e-03
4.576194e-04
9.866375e-05
2.102617e-05
4.436914e-06
9.280035e-07
1.925264e-07
3.964413e-08
8.106967e-09
1.647199e-09
3.326880e-10
6.682017e-11
1.335115e-11
2.654718e-12
5.254706e-13
1.035746e-13
2.033421e-14
3.986729e-15
7.977035e-16
1.692747e-16
5.687792e-17
5.411951e-17
5.386799e-17
5.421451e-17
5.312539e-17
5.306084e-17
5.281659e-17
5.229695e-17
5.002702e-17
9.252964e-17
4.204748e-16
2.114207e-15
1.059309e-14
5.322965e-14
2.666576e-13
1.329632e-12
6.596167e-12
3.254617e-11
1.596561e-10
7.783370e-10
3.769205e-09
1.812233e-08
8.646055e-08
4.090633e-07
1.917901e-06
8.903780e-06
4.088951e-05
1.854966e-04
8.289962e-04
3.621386e-03
1.510328e-02
5.726490e-02
1.880485e-01
5.328354e-01
1.343316e+00
3.022305e+00
5.629941e+00
8.041399e+00
9.313371e+00
9.780250e+00
9.929451e+00
9.976375e+00
9.991612e+00
9.996812e+00
9.998694e+00
9.999419e+00
9.999718e+00
9.999850e+00
9.999913e+00
9.999944e+00
9.999961e+00
9.999970e+00
9.999976e+00
9.999978e+00
9.999979e+00
9.999978e+00
9.999976e+00
9.999970e+00
9.999961e+00
9.999944e+00
9.999913e+00
9.999850e+00
9.999718e+00
9.999419e+00
9.998694e+00
9.996812e+00
9.991612e+00
9.976375e+00
9.929451e+00
9.780250e+00
9.313371e+00
8.041399e+00
5.629941e+00
3.022305e+00
1.343316e+00
5.328354e-01
1.880485e-01
5.726490e-02
1.510328e-02
3.621386e-03
8.289962e-04
1.854966e-04
4.088951e-05
8.903780e-06
1.917901e-06
4.090633e-07
8.646055e-08
1.812233e-08
3.769205e-09
7.783370e-10
1.596561e-10
3.254617e-11
6.596151e-12
1.329614e-12
2.666501e-13
5.322708e-14
1.058788e-14
2.107557e-15
4.175483e-16
9.215496e-17
4.964887e-17
5.202857e-17
5.265647e-17
5.298744e-17
5.207225e-17
5.200570e-17
5.171682e-17
5.100276e-17
4.927114e-17
5.629552e-17
2.115465e-16
1.044226e-15
5.274567e-15
2.633458e-14
1.302959e-13
6.407885e-13
3.133935e-12
1.523586e-11
7.359482e-11
3.530489e-10
1.681177e-09
7.942242e-09
3.720118e-08
1.726457e-07
7.932410e-07
3.605166e-06
1.619106e-05
7.176397e-05
3.133190e-04
1.341985e-03
5.574746e-03
2.180604e-02
7.652427e-02
2.327075e-01
6.179759e-01
1.474507e+00
3.149897e+00
5.629941e+00
7.920497e+00
9.202133e+00
9.717778e+00
9.899520e+00
9.962535e+00
9.985122e+00
9.993650e+00
9.997069e+00
9.998530e+00
9.999197e+00
9.999522e+00
9.999690e+00
9.999781e+00
9.999832e+00
9.999861e+00
9.999876e+00
9.999880e+00
9.999876e+00
9.999861e+00
9.999832e+00
9.999781e+00
9.999690e+00
9.999522e+00
9.999197e+00
9.998530e+00
9.997069e+00
9.993650e+00
9.985122e+00
9.962535e+00
9.899520e+00
9.717778e+00
9.202133e+00
7.920497e+00
5.629941e+00
3.149897e+00
1.474507e+00
6.179759e-01
2.327075e-01
7.652427e-02
2.180604e-02
5.574746e-03
1.341985e-03
3.133190e-04
7.176397e-05
1.619106e-05
3.605166e-06
7.932410e-07
1.726457e-07
3.720118e-08
7.942242e-09
1.681177e-09
3.530489e-10
7.359482e-11
1.523586e-11
3.133925e-12
6.407717e-13
1.302836e-13
2.633583e-14
5.274748e-15
1.040366e-15
2.085874e-16
5.610839e-17
4.910362e-17
5.084961e-17
5.161029e-17
5.195254e-17
5.119432e-17
5.114804e-17
5.096606e-17
5.064786e-17
5.049857e-17
5.024035e-17
1.001993e-16
4.899353e-16
2.541344e-15
1.256589e-14
6.133021e-14
2.974303e-13
1.433598e-12
6.863713e-12
3.262922e-11
1.539463e-10
7.204645e-10
3.342530e-09
1.536266e-08
6.989749e-08
3.145557e-07
1.398831e-06
6.140423e-06
2.657350e-05
1.131920e-04
4.733601e-04
1.932693e-03
7.593023e-03
2.779823e-02
9.081445e-02
2.585037e-01
6.490627e-01
1.474507e+00
3.022305e+00
5.297842e+00
7.530157e+00
8.933248e+00
9.576043e+00
9.831178e+00
9.929658e+00
9.968750e+00
9.985064e+00
9.992283e+00
9.995677e+00
9.997372e+00
9.998267e+00
9.998762e+00
9.999044e+00
9.999203e+00
9.999285e+00
9.999310e+00
9.999285e+00
9.999203e+00
9.999044e+00
9.998762e+00
9.998267e+00
9.997372e+00
9.995677e+00
9.992283e+00
9.985064e+00
9.968750e+00
9.929658e+00
9.831178e+00
9.576043e+00
8.933248e+00
7.530157e+00
5.297842e+00
3.022305e+00
1.474507e+00
6.490627e-01
2.585037e-01
9.081445e-02
2.779823e-02
7.593023e-03
1.932693e-03
4.733601e-04
1.131920e-04
2.657350e-05
6.140423e-06
1.398831e-06
3.145557e-07
6.989749e-08
1.536266e-08
3.342530e-09
7.204645e-10
1.539463e-10
3.262923e-11
6.863726e-12
1.433602e-12
2.974212e-13
6.131874e-14
1.256379e-14
2.546051e-15
4.925734e-16
1.010562e-16
5.026129e-17
5.045833e-17
5.058342e-17
5.090931e-17
5.111639e-17
5.043367e-17
5.042002e-17
5.037153e-17
5.033510e-17
5.036984e-17
5.020691e-17
6.023349e-17
2.451045e-16
1.189399e-15
5.759665e-15
2.781697e-14
1.331593e-13
6.322846e-13
2.979700e-12
1.393433e-11
6.462973e-11
2.971337e-10
1.353200e-09
6.100281e-09
2.719988e-08
1.198462e-07
5.212969e-07
2.235916e-06
9.444299e-06
3.922462e-05
1.598650e-04
6.373234e-04
2.468434e-03
9.139751e-03
3.136056e-02
9.610187e-02
2.585037e-01
6.179759e-01
1.343316e+00
2.662299e+00
4.642317e+00
6.797785e+00
8.397708e+00
9.269496e+00
9.670974e+00
9.846224e+00
9.923656e+00
9.959328e+00
9.976643e+00
9.985515e+00
9.990296e+00
9.992985e+00
9.994535e+00
9.995420e+00
9.995878e+00
9.996019e+00
9.995878e+00
9.995420e+00
9.994535e+00
9.992985e+00
9.990296e+00
9.985515e+00
9.976643e+00
9.959328e+00
9.923656e+00
9.846224e+00
9.670974e+00
9.269496e+00
8.397708e+00
6.797785e+00
4.642317e+00
2.662299e+00
1.343316e+00
6.179759e-01
2.585037e-01
9.610187e-02
3.136056e-02
9.139751e-03
2.468434e-03
6.373234e-04
1.598650e-04
3.922462e-05
9.444299e-06
2.235916e-06
5.212969e-07
1.198462e-07
2.719988e-08
6.100281e-09
1.353200e-09
2.971337e-10
6.462973e-11
1.393434e-11
2.979711e-12
6.323008e-13
1.331637e-13
2.781444e-14
5.762591e-15
1.198414e-15
2.461842e-16
6.095626e-17
5.040885e-17
5.041663e-17
5.032568e-17
5.034839e-17
5.040409e-17
4.971550e-17
4.972854e-17
4.977326e-17
4.990597e-17
5.026334e-17
5.137057e-17
5.349990e-17
1.146079e-16
5.173687e-16
2.550341e-15
1.222154e-14
5.762733e-14
2.692424e-13
1.248251e-12
5.740288e-12
2.616466e-11
1.181312e-10
5.279377e-10
2.333652e-09
1.019425e-08
4.396704e-08
1.870212e-07
7.836581e-07
3.230335e-06
1.307917e-05
5.191903e-05
2.015814e-04
7.626489e-04
2.790754e-03
9.722067e-03
3.136056e-02
9.081445e-02
2.327075e-01
5.328354e-01
1.112643e+00
2.138489e+00
3.720288e+00
5.659990e+00
7.418109e+00
8.612314e+00
9.279251e+00
9.618767e+00
9.788255e+00
9.874704e+00
9.920531e+00
9.945859e+00
9.960371e+00
9.968853e+00
9.973743e+00
9.976285e+00
9.977074e+00
9.976285e+00
9.973743e+00
9.968853e+00
9.960371e+00
9.945859e+00
9.920531e+00
9.874704e+00
9.788255e+00
9.618767e+00
9.279251e+00
8.612314e+00
7.418109e+00
5.659990e+00
3.720288e+00
2.138489e+00
1.112643e+00
5.328354e-01
2.327075e-01
9.081445e-02
3.136056e-02
9.722067e-03
2.790754e-03
7.626489e-04
2.015814e-04
5.191903e-05
1.307917e-05
3.230335e-06
7.836581e-07
1.870212e-07
4.396704e-08
1.019425e-08
2.333652e-09
5.279376e-10
1.181312e-10
2.616465e-11
5.740288e-12
1.248260e-12
2.692571e-13
5.764143e-14
1.222515e-14
2.550193e-15
5.240049e-16
1.179214e-16
5.375823e-17
5.151979e-17
5.031691e-17
4.991288e-17
4.976408e-17
4.972019e-17
4.898067e-17
4.900774e-17
4.909322e-17
4.928119e-17
4.965188e-17
5.023242e-17
5.033175e-17
5.962518e-17
2.333691e-16
1.117564e-15
5.232760e-15
2.415342e-14
1.108125e-13
5.053186e-13
2.284685e-12
1.023120e-11
4.535235e-11
1.988519e-10
8.617172e-10
3.687359e-09
1.556500e-08
6.474159e-08
2.650192e-07
1.066164e-06
4.208599e-06
1.627172e-05
6.148769e-05
2.264773e-04
8.098216e-04
2.790754e-03
9.139751e-03
2.779823e-02
7.652427e-02
1.880485e-01
4.147357e-01
8.349124e-01
1.555241e+00
2.677915e+00
4.191822e+00
5.855852e+00
7.305447e+00
8.338003e+00
8.982931e+00
9.360813e+00
9.578531e+00
9.705230e+00
9.780303e+00
9.825184e+00
9.851444e+00
9.865229e+00
9.869527e+00
9.865229e+00
9.851444e+00
9.825184e+00
9.780303e+00
9.705230e+00
9.578531e+00
9.360813e+00
8.982931e+00
8.338003e+00
7.305447e+00
5.855852e+00
4.191822e+00
2.677915e+00
1.555241e+00
8.349124e-01
4.147357e-01
1.880485e-01
7.652427e-02
2.779823e-02
9.139751e-03
2.790754e-03
8.098216e-04
2.264773e-04
6.148769e-05
1.627172e-05
4.208599e-06
1.066164e-06
2.650192e-07
6.474159e-08
1.556500e-08
3.687359e-09
8.617172e-10
1.988519e-10
4.535234e-11
1.023119e-11
2.284679e-12
5.053219e-13
1.108265e-13
2.416839e-14
5.241310e-15
1.120042e-15
2.299087e-16
5.960571e-17
5.035521e-17
5.026389e-17
4.966242e-17
4.927511e-17
4.908180e-17
4.899978e-17
4.819981e-17
4.822921e-17
4.831302e-17
4.847487e-17
4.874784e-17
4.916781e-17
5.003397e-17
5.136771e-17
1.074553e-16
4.767543e-16
2.186597e-15
9.779853e-15
4.410321e-14
1.979893e-13
8.799293e-13
3.870601e-12
1.684262e-11
7.244298e-11
3.077308e-10
1.289817e-09
5.328667e-09
2.167415e-08
8.668444e-08
3.404029e-07
1.310391e-06
4.936044e-06
1.815673e-05
6.506438e-05
2.264773e-04
7.626489e-04
2.468434e-03
7.593023e-03
2.180604e-02
5.726490e-02
1.356124e-01
2.896617e-01
5.646433e-01
1.018927e+00
1.716253e+00
2.695182e+00
3.915743e+00
5.229089e+00
6.436209e+00
7.402003e+00
8.101519e+00
8.578329e+00
8.891926e+00
9.092389e+00
9.214706e+00
9.280521e+00
9.301277e+00
9.280521e+00
9.214706e+00
9.092389e+00
8.891926e+00
8.578329e+00
8.101519e+00
7.402003e+00
6.436209e+00
5.229089e+00
3.915743e+00
2.695182e+00
1.716253e+00
1.018927e+00
5.646433e-01
2.896617e-01
1.356124e-01
5.726490e-02
2.180604e-02
7.593023e-03
2.468434e-03
7.626489e-04
2.264773e-04
6.506438e-05
1.815673e-05
4.936044e-06
1.310391e-06
3.404029e-07
8.668444e-08
2.167415e-08
5.328667e-09
1.289817e-09
3.077308e-10
7.244298e-11
1.684262e-11
3.870598e-12
8.799201e-13
1.979798e-13
4.410703e-14
9.794100e-15
2.190969e-15
4.789259e-16
1.089382e-16
5.111476e-17
4.991455e-17
4.910430e-17
4.870633e-17
4.844346e-17
4.829040e-17
4.821716e-17
4.737043e-17
4.739456e-17
4.745251e-17
4.755211e-17
4.770010e-17
4.789241e-17
4.802971e-17
4.732952e-17
5.476711e-17
2.105071e-16
8.764522e-16
3.792289e-15
1.699990e-14
7.520850e-14
3.284425e-13
1.419009e-12
6.060957e-12
2.557193e-11
1.064813e-10
4.371716e-10
1.767809e-09
7.032508e-09
2.748569e-08
1.053880e-07
3.957847e-07
1.453197e-06
5.206086e-06
1.815673e-05
6.148769e-05
2.015814e-04
6.373234e-04
1.932693e-03
5.574746e-03
1.510328e-02
3.783751e-02
8.651380e-02
1.797380e-01
3.411596e-01
5.982046e-01
9.796376e-01
1.508829e+00
2.190863e+00
2.998480e+00
3.868730e+00
4.718727e+00
5.473856e+00
6.089236e+00
6.551750e+00
6.868016e+00
7.050838e+00
7.110515e+00
7.050838e+00
6.868016e+00
6.551750e+00
6.089236e+00
5.473856e+00
4.718727e+00
3.868730e+00
2.998480e+00
2.190863e+00
1.508829e+00
9.796376e-01
5.982046e-01
3.411596e-01
1.797380e-01
8.651380e-02
3.783751e-02
1.510328e-02
5.574746e-03
1.932693e-03
6.373234e-04
2.015814e-04
6.148769e-05
1.815673e-05
5.206086e-06
1.453197e-06
3.957847e-07
1.053880e-07
2.748569e-08
7.032508e-09
1.767809e-09
4.371716e-10
1.064813e-10
2.557192e-11
6.060951e-12
1.419005e-12
3.284369e-13
7.520245e-14
1.699499e-14
3.796815e-15
8.806259e-16
2.056327e-16
5.421582e-17
4.701862e-17
4.783194e-17
4.776628e-17
4.761639e-17
4.749552e-17
4.741645e-17
4.737681e-17
4.650713e-17
4.652255e-17
4.654603e-17
4.657543e-17
4.660064e-17
4.659183e-17
4.649152e-17
4.646470e-17
4.646000e-17
9.504307e-17
3.200112e-16
1.413420e-15
6.378003e-15
2.774353e-14
1.190118e-13
5.049652e-13
2.117001e-12
8.761750e-12
3.576557e-11
1.438512e-10
5.694579e-10
2.216083e-09
8.466585e-09
3.170947e-08
1.162306e-07
4.162178e-07
1.453197e-06
4.936044e-06
1.627172e-05
5.191903e-05
1.598650e-04
4.733601e-04
1.341985e-03
3.621386e-03
9.226420e-03
2.196368e-02
4.834361e-02
9.772958e-02
1.814154e-01
3.109917e-01
4.965633e-01
7.447823e-01
1.056374e+00
1.423424e+00
1.827722e+00
2.241905e+00
2.633820e+00
2.972296e+00
3.231727e+00
3.394175e+00
3.449416e+00
3.394175e+00
3.231727e+00
2.972296e+00
2.633820e+00
2.241905e+00
1.827722e+00
1.423424e+00
1.056374e+00
7.447823e-01
4.965633e-01
3.109917e-01
1.814154e-01
9.772958e-02
4.834361e-02
2.196368e-02
9.226420e-03
3.621386e-03
1.341985e-03
4.733601e-04
1.598650e-04
5.191903e-05
1.627172e-05
4.936044e-06
1.453197e-06
4.162178e-07
1.162306e-07
3.170947e-08
8.466585e-09
2.216083e-09
5.694579e-10
1.438512e-10
3.576556e-11
8.761738e-12
2.116993e-12
5.049621e-13
1.190061e-13
2.774115e-14
6.378171e-15
1.417315e-15
3.253279e-16
9.484010e-17
4.592363e-17
4.612987e-17
4.626208e-17
4.643173e-17
4.648914e-17
4.649955e-17
4.649839e-17
4.649947e-17
4.563166e-17
4.563791e-17
4.562835e-17
4.559626e-17
4.552531e-17
4.538177e-17
4.509985e-17
4.446987e-17
4.238531e-17
4.459922e-17
1.057372e-16
5.195402e-16
2.351768e-15
9.973907e-15
4.193603e-14
1.746576e-13
7.188272e-13
2.918826e-12
1.168169e-11
4.603641e-11
1.784492e-10
6.795406e-10
2.538754e-09
9.291561e-09
3.325936e-08
1.162306e-07
3.957847e-07
1.310391e-06
4.208599e-06
1.307917e-05
3.922462e-05
1.131920e-04
3.133190e-04
8.289962e-04
2.088084e-03
4.982207e-03
1.119305e-02
2.351998e-02
4.595934e-02
8.326070e-02
1.399522e-01
2.191832e-01
3.217664e-01
4.455544e-01
5.851609e-01
7.321255e-01
8.756405e-01
1.003795e+00
1.105113e+00
1.170093e+00
1.192479e+00
1.170093e+00
1.105113e+00
1.003795e+00
8.756405e-01
7.321255e-01
5.851609e-01
4.455544e-01
3.217664e-01
2.191832e-01
1.399522e-01
8.326070e-02
4.595934e-02
2.351998e-02
1.119305e-02
4.982207e-03
2.088084e-03
8.289962e-04
3.133190e-04
1.131920e-04
3.922462e-05
1.307917e-05
4.208599e-06
1.310391e-06
3.957847e-07
1.162306e-07
3.325936e-08
9.291560e-09
2.538754e-09
6.795406e-10
1.784492e-10
4.603640e-11
1.168169e-11
2.918822e-12
7.188231e-13
1.746522e-13
4.192754e-14
9.965142e-15
2.342742e-15
5.172481e-16
1.085659e-16
4.465635e-17
4.211908e-17
4.418389e-17
4.486962e-17
4.520803e-17
4.539875e-17
4.550818e-17
4.557263e-17
4.561088e-17
4.476604e-17
4.476426e-17
4.472788e-17
4.464963e-17
4.451469e-17
4.429735e-17
4.395568e-17
4.343556e-17
4.294013e-17
4.296937e-17
5.235299e-17
2.106792e-16
8.693174e-16
3.497359e-15
1.434982e-14
5.875496e-14
2.376479e-13
9.469379e-13
3.716366e-12
1.435366e-11
5.449588e-11
2.031375e-10
7.424317e-10
2.656580e-09
9.291561e-09
3.170947e-08
1.053880e-07
3.404029e-07
1.066164e-06
3.230335e-06
9.444299e-06
2.657350e-05
7.176397e-05
1.854966e-04
4.576194e-04
1.074343e-03
2.392904e-03
5.040105e-03
1.000457e-02
1.865407e-02
3.259000e-02
5.329787e-02
8.166620e-02
1.175431e-01
1.594968e-01
2.048575e-01
2.500181e-01
2.909089e-01
3.235541e-01
3.446237e-01
3.519053e-01
3.446237e-01
3.235541e-01
2.909089e-01
2.500181e-01
2.048575e-01
1.594968e-01
1.175431e-01
8.166620e-02
5.329787e-02
3.259000e-02
1.865407e-02
1.000457e-02
5.040105e-03
2.392904e-03
1.074343e-03
4.576194e-04
1.854966e-04
7.176397e-05
2.657350e-05
9.444299e-06
3.230335e-06
1.066164e-06
3.404029e-07
1.053880e-07
3.170947e-08
9.291560e-09
2.656580e-09
7.424317e-10
2.031374e-10
5.449586e-11
1.435364e-11
3.716366e-12
9.469455e-13
2.376543e-13
5.875893e-14
1.434540e-14
3.490063e-15
8.606072e-16
2.018986e-16
5.143378e-17
4.255909e-17
4.262926e-17
4.316259e-17
4.372997e-17
4.412048e-17
4.438203e-17
4.455552e-17
4.466768e-17
4.473491e-17
4.392884e-17
4.392068e-17
4.386455e-17
4.375471e-17
4.358107e-17
4.333059e-17
4.299532e-17
4.260755e-17
4.232966e-17
4.264158e-17
4.347250e-17
9.142294e-17
3.065879e-16
1.165973e-15
4.726967e-15
1.925225e-14
7.666344e-14
2.996786e-13
1.153458e-12
4.367168e-12
1.624527e-11
5.929877e-11
2.121131e-10
7.424317e-10
2.538754e-09
8.466585e-09
2.748569e-08
8.668444e-08
2.650192e-07
7.836581e-07
2.235916e-06
6.140423e-06
1.619106e-05
4.088951e-05
9.866375e-05
2.269373e-04
4.964887e-04
1.031073e-03
2.028799e-03
3.776029e-03
6.638542e-03
1.101314e-02
1.723194e-02
2.543317e-02
3.543872e-02
4.668947e-02
5.827373e-02
6.904839e-02
7.782240e-02
8.355891e-02
8.555407e-02
8.355891e-02
7.782240e-02
6.904839e-02
5.827373e-02
4.668947e-02
3.543872e-02
2.543317e-02
1.723194e-02
1.101314e-02
6.638542e-03
3.776029e-03
2.028799e-03
1.031073e-03
4.964887e-04
2.269373e-04
9.866375e-05
4.088951e-05
1.619106e-05
6.140423e-06
2.235916e-06
7.836581e-07
2.650192e-07
8.668444e-08
2.748569e-08
8.466585e-09
2.538754e-09
7.424317e-10
2.121131e-10
5.929876e-11
1.624526e-11
4.367156e-12
1.153449e-12
2.996821e-13
7.667568e-14
1.926462e-14
4.734364e-15
1.167993e-15
3.057548e-16
8.962348e-17
4.258588e-17
4.213209e-17
4.197814e-17
4.233255e-17
4.277423e-17
4.315613e-17
4.344831e-17
4.365930e-17
4.380297e-17
4.389050e-17
4.313419e-17
4.312112e-17
4.305107e-17
4.292008e-17
4.272203e-17
4.245103e-17
4.210742e-17
4.170702e-17
4.126977e-17
4.064023e-17
3.861970e-17
4.034621e-17
9.520037e-17
3.532144e-16
1.501624e-15
6.204234e-15
2.421411e-14
9.266212e-14
3.497715e-13
1.298553e-12
4.734480e-12
1.693026e-11
5.929877e-11
2.031374e-10
6.795406e-10
2.216083e-09
7.032508e-09
2.167415e-08
6.474159e-08
1.870212e-07
5.212969e-07
1.398831e-06
3.605166e-06
8.903780e-06
2.102617e-05
4.737944e-05
1.016835e-04
2.075015e-04
4.020554e-04
7.388352e-04
1.286591e-03
2.121914e-03
3.313510e-03
4.899037e-03
6.859614e-03
9.100798e-03
1.144924e-02
1.367015e-02
1.550414e-02
1.671529e-02
1.713873e-02
1.671529e-02
1.550414e-02
1.367015e-02
1.144924e-02
9.100798e-03
6.859614e-03
4.899037e-03
3.313510e-03
2.121914e-03
1.286591e-03
7.388352e-04
4.020554e-04
2.075015e-04
1.016835e-04
4.737944e-05
2.102617e-05
8.903780e-06
3.605166e-06
1.398831e-06
5.212969e-07
1.870212e-07
6.474159e-08
2.167415e-08
7.032508e-09
2.216083e-09
6.795406e-10
2.031374e-10
5.929876e-11
1.693025e-11
4.734461e-12
1.298533e-12
3.497534e-13
9.264491e-14
2.420730e-14
6.204845e-15
1.507664e-15
3.575519e-16
9.565178e-17
4.005315e-17
3.819433e-17
4.023635e-17
4.094467e-17
4.144576e-17
4.189681e-17
4.228384e-17
4.259366e-17
4.282701e-17
4.299059e-17
4.309135e-17
4.239211e-17
4.237523e-17
4.229546e-17
4.214998e-17
4.193459e-17
4.164500e-17
4.127822e-17
4.082969e-17
4.027281e-17
3.951321e-17
3.855031e-17
3.728314e-17
4.121252e-17
1.022516e-16
4.844929e-16
1.997972e-15
7.496577e-15
2.799087e-14
1.037273e-13
3.778662e-13
1.350880e-12
4.734466e-12
1.624525e-11
5.449585e-11
1.784492e-10
5.694579e-10
1.767809e-09
5.328667e-09
1.556500e-08
4.396704e-08
1.198462e-07
3.145557e-07
7.932410e-07
1.917901e-06
4.436914e-06
9.802847e-06
2.064911e-05
4.140780e-05
7.895056e-05
1.429883e-04
2.458231e-04
4.009949e-04
6.205282e-04
9.109300e-04
1.268766e-03
1.677247e-03
2.105398e-03
2.510851e-03
2.846262e-03
3.068114e-03
3.145750e-03
3.068114e-03
2.846262e-03
2.510851e-03
2.105398e-03
1.677247e-03
1.268766e-03
9.109300e-04
6.205282e-04
4.009949e-04
2.458231e-04
1.429883e-04
7.895056e-05
4.140780e-05
2.064911e-05
9.802847e-06
4.436914e-06
1.917901e-06
7.932410e-07
3.145557e-07
1.198462e-07
4.396704e-08
1.556500e-08
5.328667e-09
1.767809e-09
5.694579e-10
1.784492e-10
5.449587e-11
1.624526e-11
4.734461e-12
1.350869e-12
3.778492e-13
1.037120e-13
2.797783e-14
7.483905e-15
1.989689e-15
4.825626e-16
1.050753e-16
4.140877e-17
3.711116e-17
3.825887e-17
3.920546e-17
3.999576e-17
4.059495e-17
4.108472e-17
4.148954e-17
4.181414e-17
4.206202e-17
4.223799e-17
4.234685e-17
4.170941e-17
4.168954e-17
4.160306e-17
4.144768e-17
4.121977e-17
4.091476e-17
4.052699e-17
4.004759e-17
3.946143e-17
3.876118e-17
3.801327e-17
3.754107e-17
3.747362e-17
4.491633e-17
1.719264e-16
6.432233e-16
2.252004e-15
8.251842e-15
3.014515e-14
1.077713e-13
3.778511e-13
1.298529e-12
4.367142e-12
1.435363e-11
4.603640e-11
1.438512e-10
4.371716e-10
1.289817e-09
3.687359e-09
1.019425e-08
2.719988e-08
6.989749e-08
1.726457e-07
4.090633e-07
9.280035e-07
2.012227e-06
4.163813e-06
8.211079e-06
1.541396e-05
2.752060e-05
4.670550e-05
7.531512e-05
1.153775e-04
1.679104e-04
2.321746e-04
3.051098e-04
3.812167e-04
4.530530e-04
5.123449e-04
5.515075e-04
5.652029e-04
5.515075e-04
5.123449e-04
4.530530e-04
3.812167e-04
3.051098e-04
2.321746e-04
1.679104e-04
1.153775e-04
7.531512e-05
4.670550e-05
2.752060e-05
1.541396e-05
8.211079e-06
4.163813e-06
2.012227e-06
9.280035e-07
4.090633e-07
1.726457e-07
6.989749e-08
2.719988e-08
1.019425e-08
3.687359e-09
1.289817e-09
4.371716e-10
1.438512e-10
4.603640e-11
1.435365e-11
4.367165e-12
1.298539e-12
3.778531e-13
1.077685e-13
3.014140e-14
8.249607e-15
2.250052e-15
6.375341e-16
1.667042e-16
4.427921e-17
3.720067e-17
3.730677e-17
3.775801e-17
3.850525e-17
3.922554e-17
3.984187e-17
4.035406e-17
4.077408e-17
4.110984e-17
4.136689e-17
4.155004e-17
4.166329e-17
4.109047e-17
4.106829e-17
4.097754e-17
4.081610e-17
4.058042e-17
4.026558e-17
3.986508e-17
3.937082e-17
3.877546e-17
3.808374e-17
3.733711e-17
3.662671e-17
3.613567e-17
3.531506e-17
6.757280e-17
1.989992e-16
6.569022e-16
2.402632e-15
8.622460e-15
3.014276e-14
1.037081e-13
3.497439e-13
1.153440e-12
3.716365e-12
1.168169e-11
3.576556e-11
1.064813e-10
3.077308e-10
8.617172e-10
2.333652e-09
6.100281e-09
1.536266e-08
3.720118e-08
8.646055e-08
1.925264e-07
4.100827e-07
8.343154e-07
1.619276e-06
2.994995e-06
5.274898e-06
8.841685e-06
1.409966e-05
2.138745e-05
3.085880e-05
4.235701e-05
5.532380e-05
6.878485e-05
8.143967e-05
9.185401e-05
9.871954e-05
1.011182e-04
9.871954e-05
9.185401e-05
8.143967e-05
6.878485e-05
5.532380e-05
4.235701e-05
3.085880e-05
2.138745e-05
1.409966e-05
8.841685e-06
5.274898e-06
2.994995e-06
1.619276e-06
8.343154e-07
4.100827e-07
1.925264e-07
8.646055e-08
3.720118e-08
1.536266e-08
6.100281e-09
2.333652e-09
8.617172e-10
3.077308e-10
1.064813e-10
3.576556e-11
1.168169e-11
3.716366e-12
1.153451e-12
3.497560e-13
1.037165e-13
3.014426e-14
8.620765e-15
2.403285e-15
6.569813e-16
1.969101e-16
6.588844e-17
3.459091e-17
3.573442e-17
3.634130e-17
3.709026e-17
3.785780e-17
3.857152e-17
3.919227e-17
3.971364e-17
4.014134e-17
4.048269e-17
4.074391e-17
4.092999e-17
4.104469e-17
4.053775e-17
4.051387e-17
4.042105e-17
4.025724e-17
4.001885e-17
3.970075e-17
3.929605e-17
3.879614e-17
3.819145e-17
3.747242e-17
3.662321e-17
3.558022e-17
3.404919e-17
3.081980e-17
2.928433e-17
5.896740e-17
1.938787e-16
6.959592e-16
2.406524e-15
8.249796e-15
2.797118e-14
9.263861e-14
2.996791e-13
9.469485e-13
2.918824e-12
8.761741e-12
2.557193e-11
7.244298e-11
1.988519e-10
5.279376e-10
1.353200e-09
3.342530e-09
7.942242e-09
1.812233e-08
3.964413e-08
8.302017e-08
1.662045e-07
3.177260e-07
5.794334e-07
1.007355e-06
1.668665e-06
2.632827e-06
3.956121e-06
5.661133e-06
7.715722e-06
1.001833e-05
1.239658e-05
1.462347e-05
1.645071e-05
1.765295e-05
1.807258e-05
1.765295e-05
1.645071e-05
1.462347e-05
1.239658e-05
1.001833e-05
7.715722e-06
5.661133e-06
3.956121e-06
2.632827e-06
1.668665e-06
1.007355e-06
5.794334e-07
3.177260e-07
1.662045e-07
8.302017e-08
3.964413e-08
1.812233e-08
7.942242e-09
3.342530e-09
1.353200e-09
5.279377e-10
1.988519e-10
7.244299e-11
2.557192e-11
8.761743e-12
2.918824e-12
9.469462e-13
2.996801e-13
9.264167e-14
2.798076e-14
8.251827e-15
2.402488e-15
6.962077e-16
1.935319e-16
5.850359e-17
2.888964e-17
3.042718e-17
3.370918e-17
3.530952e-17
3.639567e-17
3.727308e-17
3.801562e-17
3.864321e-17
3.916615e-17
3.959378e-17
3.993435e-17
4.019460e-17
4.037968e-17
4.049331e-17
4.005200e-17
4.002704e-17
3.993428e-17
3.977172e-17
3.953586e-17
3.922151e-17
3.882149e-17
3.832600e-17
3.772134e-17
3.698585e-17
3.607727e-17
3.490055e-17
3.325727e-17
3.097192e-17
2.784468e-17
2.712150e-17
5.763241e-17
1.940409e-16
6.591512e-16
2.248981e-15
7.476655e-15
2.420715e-14
7.667625e-14
2.376562e-13
7.188263e-13
2.116995e-12
6.060952e-12
1.684261e-11
4.535232e-11
1.181312e-10
2.971337e-10
7.204645e-10
1.681177e-09
3.769205e-09
8.106967e-09
1.670434e-08
3.293204e-08
6.205286e-08
1.116561e-07
1.917313e-07
3.140432e-07
4.904993e-07
7.304182e-07
1.037005e-06
1.403836e-06
1.812497e-06
2.232521e-06
2.624303e-06
2.944858e-06
3.155374e-06
3.228783e-06
3.155374e-06
2.944858e-06
2.624303e-06
2.232521e-06
1.812497e-06
1.403836e-06
1.037005e-06
7.304182e-07
4.904993e-07
3.140432e-07
1.917313e-07
1.116561e-07
6.205286e-08
3.293204e-08
1.670434e-08
8.106967e-09
3.769205e-09
1.681177e-09
7.204645e-10
2.971337e-10
1.181312e-10
4.535235e-11
1.684262e-11
6.060951e-12
2.116997e-12
7.188290e-13
2.376589e-13
7.667686e-14
2.420382e-14
7.487437e-15
2.255117e-15
6.566449e-16
1.934879e-16
5.744643e-17
2.694767e-17
2.760104e-17
3.069767e-17
3.299907e-17
3.467519e-17
3.588289e-17
3.681668e-17
3.757374e-17
3.819840e-17
3.871329e-17
3.913231e-17
3.946525e-17
3.971926e-17
3.989957e-17
4.000977e-17
3.963244e-17
3.960701e-17
3.951633e-17
3.935857e-17
3.913045e-17
3.882708e-17
3.844147e-17
3.796369e-17
3.737910e-17
3.666457e-17
3.578124e-17
3.466574e-17
3.323696e-17
3.144722e-17
2.939456e-17
2.694751e-17
2.709436e-17
5.884764e-17
1.981820e-16
6.376756e-16
1.990570e-15
6.210626e-15
1.926940e-14
5.876186e-14
1.746559e-13
5.049580e-13
1.418998e-12
3.870587e-12
1.023117e-11
2.616463e-11
6.462972e-11
1.539463e-10
3.530489e-10
7.783370e-10
1.647199e-09
3.341955e-09
6.492712e-09
1.206684e-08
2.143663e-08
3.637893e-08
5.894991e-08
9.118660e-08
1.346258e-07
1.897001e-07
2.551502e-07
3.276472e-07
4.018113e-07
4.707337e-07
5.269719e-07
5.638380e-07
5.766821e-07
5.638380e-07
5.269719e-07
4.707337e-07
4.018113e-07
3.276472e-07
2.551502e-07
1.897001e-07
1.346258e-07
9.118660e-08
5.894991e-08
3.637893e-08
2.143663e-08
1.206684e-08
6.492712e-09
3.341955e-09
1.647199e-09
7.783370e-10
3.530489e-10
1.539463e-10
6.462972e-11
2.616465e-11
1.023120e-11
3.870603e-12
1.419003e-12
5.049624e-13
1.746579e-13
5.876750e-14
1.927085e-14
6.205352e-15
1.992526e-15
6.411297e-16
1.971152e-16
5.850642e-17
2.694857e-17
2.678750e-17
2.920804e-17
3.124877e-17
3.304475e-17
3.449085e-17
3.562656e-17
3.652905e-17
3.726107e-17
3.786195e-17
3.835533e-17
3.875607e-17
3.907419e-17
3.931672e-17
3.948861e-17
3.959320e-17
3.927684e-17
3.925151e-17
3.916479e-17
3.901509e-17
3.879963e-17
3.851418e-17
3.815273e-17
3.770681e-17
3.716434e-17
3.650787e-17
3.571297e-17
3.474978e-17
3.359497e-17
3.225828e-17
3.080297e-17
2.937258e-17
2.779424e-17
2.917835e-17
6.705959e-17
1.707760e-16
4.860914e-16
1.518629e-15
4.741743e-15
1.434765e-14
4.192730e-14
1.189981e-13
3.284334e-13
8.799096e-13
2.284664e-12
5.740281e-12
1.393435e-11
3.262924e-11
7.359483e-11
1.596561e-10
3.326879e-10
6.650747e-10
1.274138e-09
2.337105e-09
4.101439e-09
6.882483e-09
1.103891e-08
1.691849e-08
2.477361e-08
3.465792e-08
4.632827e-08
5.918445e-08
7.227728e-08
8.440168e-08
9.426882e-08
1.007259e-07
1.029735e-07
1.007259e-07
9.426882e-08
8.440168e-08
7.227728e-08
5.918445e-08
4.632827e-08
3.465792e-08
2.477361e-08
1.691849e-08
1.103891e-08
6.882483e-09
4.101439e-09
2.337105e-09
1.274138e-09
6.650747e-10
3.326880e-10
1.596561e-10
7.359483e-11
3.262923e-11
1.393433e-11
5.740287e-12
2.284680e-12
8.799224e-13
3.284352e-13
1.190018e-13
4.192554e-14
1.434727e-14
4.739751e-15
1.511125e-15
4.849147e-16
1.688921e-16
6.517854e-17
2.884627e-17
2.761183e-17
2.922184e-17
3.065797e-17
3.211502e-17
3.345778e-17
3.462335e-17
3.559958e-17
3.640781e-17
3.707703e-17
3.763160e-17
3.808909e-17
3.846171e-17
3.875805e-17
3.898414e-17
3.914427e-17
3.924129e-17
3.898168e-17
3.895694e-17
3.887578e-17
3.873696e-17
3.853835e-17
3.827678e-17
3.794786e-17
3.754567e-17
3.706247e-17
3.648864e-17
3.581383e-17
3.503111e-17
3.414633e-17
3.319211e-17
3.224101e-17
3.140926e-17
3.090827e-17
3.072505e-17
3.515384e-17
4.464871e-17
1.062109e-16
3.638572e-16
1.162106e-15
3.480656e-15
9.955081e-15
2.773626e-14
7.519858e-14
1.979740e-13
5.053191e-13
1.248267e-12
2.979722e-12
6.863727e-12
1.523585e-11
3.254612e-11
6.682014e-11
1.317027e-10
2.489577e-10
4.509549e-10
7.822064e-10
1.298559e-09
2.062466e-09
3.133178e-09
4.551955e-09
6.324403e-09
8.404131e-09
1.068317e-08
1.299417e-08
1.512696e-08
1.685831e-08
1.798942e-08
1.838283e-08
1.798942e-08
1.685831e-08
1.512696e-08
1.299417e-08
1.068317e-08
8.404131e-09
6.324403e-09
4.551955e-09
3.133178e-09
2.062466e-09
1.298559e-09
7.822064e-10
4.509549e-10
2.489577e-10
1.317027e-10
6.682017e-11
3.254617e-11
1.523586e-11
6.863727e-12
2.979709e-12
1.248260e-12
5.053224e-13
1.979799e-13
7.520349e-14
2.774172e-14
9.964723e-15
3.485343e-15
1.165897e-15
3.589758e-16
1.065386e-16
4.460701e-17
3.475626e-17
3.050099e-17
3.075131e-17
3.129071e-17
3.213918e-17
3.309840e-17
3.405905e-17
3.495098e-17
3.574168e-17
3.642471e-17
3.700658e-17
3.749750e-17
3.790710e-17
3.824317e-17
3.851169e-17
3.871711e-17
3.886261e-17
3.895038e-17
3.874233e-17
3.871857e-17
3.864420e-17
3.851840e-17
3.833982e-17
3.810654e-17
3.781606e-17
3.746536e-17
3.705122e-17
3.657105e-17
3.602486e-17
3.541932e-17
3.477429e-17
3.413149e-17
3.356379e-17
3.318767e-17
3.318843e-17
3.396120e-17
3.604025e-17
3.745503e-17
4.160208e-17
9.550407e-17
2.961264e-16
8.529563e-16
2.342938e-15
6.383499e-15
1.699471e-14
4.410609e-14
1.108279e-13
2.692674e-13
6.322974e-13
1.433586e-12
3.133896e-12
6.596117e-12
1.335114e-11
2.596064e-11
4.844816e-11
8.670912e-11
1.487311e-10
2.443852e-10
3.845267e-10
5.792300e-10
8.352062e-10
1.152788e-09
1.523208e-09
1.927085e-09
2.334934e-09
2.710104e-09
3.013921e-09
3.212089e-09
3.280958e-09
3.212089e-09
3.013921e-09
2.710104e-09
2.334934e-09
1.927085e-09
1.523208e-09
1.152788e-09
8.352062e-10
5.792300e-10
3.845267e-10
2.443852e-10
1.487311e-10
8.670910e-11
4.844814e-11
2.596063e-11
1.335115e-11
6.596159e-12
3.133935e-12
1.433607e-12
6.322988e-13
2.692543e-13
1.108221e-13
4.410221e-14
1.699344e-14
6.383770e-15
2.352271e-15
8.595416e-16
3.019439e-16
9.536492e-17
4.159963e-17
3.739215e-17
3.590169e-17
3.383520e-17
3.309728e-17
3.312181e-17
3.351263e-17
3.408822e-17
3.473579e-17
3.538460e-17
3.599374e-17
3.654347e-17
3.702709e-17
3.744454e-17
3.779841e-17
3.809197e-17
3.832825e-17
3.850976e-17
3.863846e-17
3.871571e-17
3.855329e-17
3.853079e-17
3.846401e-17
3.835260e-17
3.819601e-17
3.799356e-17
3.774460e-17
3.744878e-17
3.710666e-17
3.672080e-17
3.629772e-17
3.585098e-17
3.540556e-17
3.500295e-17
3.470649e-17
3.460681e-17
3.482650e-17
3.549486e-17
3.654300e-17
3.748642e-17
3.722888e-17
4.003299e-17
8.903562e-17
2.051241e-16
5.252977e-16
1.420456e-15
3.790207e-15
9.783349e-15
2.416544e-14
5.764499e-14
1.331498e-13
2.974055e-13
6.407573e-13
1.329612e-12
2.654724e-12
5.095195e-12
9.392525e-12
1.661766e-11
2.820074e-11
4.588316e-11
7.154865e-11
1.069068e-10
1.530428e-10
2.099037e-10
2.758459e-10
3.473967e-10
4.193641e-10
4.853574e-10
5.386750e-10
5.733985e-10
5.854567e-10
5.733984e-10
5.386750e-10
4.853574e-10
4.193641e-10
3.473967e-10
2.758459e-10
2.099037e-10
1.530428e-10
1.069068e-10
7.154867e-11
4.588316e-11
2.820073e-11
1.661764e-11
9.392495e-12
5.095171e-12
2.654713e-12
1.329622e-12
6.407849e-13
2.974316e-13
1.331690e-13
5.764277e-14
2.416306e-14
9.783882e-15
3.786438e-15
1.416004e-15
5.241074e-16
2.042314e-16
8.776444e-17
3.988184e-17
3.719615e-17
3.746858e-17
3.651411e-17
3.546793e-17
3.481229e-17
3.460502e-17
3.471265e-17
3.501288e-17
3.541658e-17
3.586172e-17
3.630762e-17
3.672967e-17
3.711442e-17
3.745544e-17
3.775018e-17
3.799810e-17
3.819956e-17
3.835521e-17
3.846573e-17
3.853164e-17
3.840850e-17
3.838739e-17
3.832858e-17
3.823214e-17
3.809826e-17
3.792736e-17
3.772038e-17
3.747908e-17
3.720676e-17
3.690924e-17
3.659642e-17
3.628441e-17
3.599800e-17
3.577311e-17
3.565816e-17
3.571240e-17
3.599509e-17
3.652951e-17
3.723391e-17
3.789358e-17
3.837142e-17
3.829863e-17
4.281326e-17
5.138428e-17
1.088381e-16
3.183575e-16
8.701960e-16
2.181939e-15
5.245187e-15
1.222613e-14
2.780949e-14
6.131846e-14
1.302836e-13
2.666543e-13
5.254777e-13
9.959760e-13
1.814407e-12
3.174936e-12
5.333039e-12
8.595265e-12
1.328807e-11
1.970106e-11
2.800845e-11
3.818191e-11
4.991541e-11
6.258769e-11
7.528504e-11
8.689326e-11
9.625081e-11
1.023359e-10
1.044475e-10
1.023359e-10
9.625078e-11
8.689324e-11
7.528503e-11
6.258767e-11
4.991537e-11
3.818188e-11
2.800843e-11
1.970106e-11
1.328809e-11
8.595280e-12
5.333036e-12
3.174937e-12
1.814393e-12
9.959555e-13
5.254621e-13
2.666473e-13
1.302897e-13
6.132801e-14
2.782131e-14
1.222976e-14
5.243639e-15
2.188256e-15
8.717240e-16
3.191763e-16
1.097538e-16
5.161276e-17
4.262014e-17
3.825674e-17
3.839284e-17
3.794401e-17
3.729195e-17
3.659053e-17
3.605964e-17
3.577973e-17
3.572594e-17
3.583882e-17
3.605975e-17
3.634109e-17
3.664750e-17
3.695458e-17
3.724641e-17
3.751318e-17
3.774913e-17
3.795096e-17
3.811688e-17
3.824595e-17
3.833771e-17
3.839193e-17
3.830163e-17
3.828190e-17
3.823103e-17
3.814940e-17
3.803784e-17
3.789767e-17
3.773100e-17
3.754112e-17
3.733304e-17
3.711432e-17
3.689611e-17
3.669445e-17
3.653138e-17
3.643560e-17
3.644155e-17
3.658516e-17
3.689367e-17
3.736729e-17
3.796286e-17
3.861382e-17
3.931438e-17
4.035292e-17
4.225165e-17
4.262124e-17
4.465322e-17
9.414158e-17
2.067020e-16
4.800854e-16
1.127207e-15
2.554757e-15
5.762331e-15
1.256779e-14
2.633928e-14
5.323006e-14
1.035787e-13
1.939131e-13
3.492957e-13
6.048585e-13
1.006062e-12
1.606753e-12
2.463481e-12
3.625283e-12
5.119831e-12
6.938854e-12
9.025742e-12
1.126948e-11
1.350939e-11
1.555127e-11
1.719372e-11
1.826024e-11
1.863005e-11
1.826023e-11
1.719370e-11
1.555125e-11
1.350937e-11
1.126945e-11
9.025717e-12
6.938829e-12
5.119817e-12
3.625289e-12
2.463493e-12
1.606764e-12
1.006070e-12
6.048677e-13
3.493009e-13
1.939135e-13
1.035721e-13
5.322025e-14
2.633453e-14
1.256776e-14
5.763242e-15
2.552400e-15
1.122739e-15
4.794385e-16
2.048426e-16
9.217369e-17
4.457877e-17
4.269046e-17
4.230672e-17
4.043396e-17
3.943239e-17
3.875310e-17
3.810978e-17
3.751445e-17
3.703774e-17
3.672409e-17
3.657348e-17
3.655892e-17
3.664490e-17
3.679750e-17
3.698846e-17
3.719604e-17
3.740440e-17
3.760246e-17
3.778271e-17
3.794011e-17
3.807136e-17
3.817429e-17
3.824749e-17
3.829010e-17
3.822633e-17
3.820790e-17
3.816455e-17
3.809698e-17
3.800645e-17
3.789495e-17
3.776543e-17
3.762210e-17
3.747090e-17
3.732002e-17
3.718061e-17
3.706733e-17
3.699877e-17
3.699704e-17
3.708623e-17
3.728871e-17
3.761897e-17
3.807674e-17
3.864612e-17
3.931165e-17
4.009341e-17
4.105526e-17
4.209803e-17
4.275049e-17
4.225885e-17
4.616873e-17
5.409002e-17
1.102572e-16
2.318434e-16
5.216703e-16
1.196780e-15
2.543090e-15
5.274084e-15
1.059053e-14
2.032913e-14
3.759175e-14
6.703610e-14
1.149646e-13
1.893686e-13
2.997387e-13
4.559204e-13
6.661936e-13
9.348648e-13
1.259915e-12
1.630940e-12
2.028085e-12
2.423141e-12
2.782299e-12
3.070624e-12
3.257589e-12
3.322370e-12
3.257588e-12
3.070600e-12
2.782263e-12
2.423107e-12
2.028053e-12
1.630920e-12
1.259897e-12
9.348493e-13
6.661955e-13
4.559330e-13
2.997473e-13
1.893750e-13
1.149752e-13
6.704498e-14
3.759972e-14
2.034138e-14
1.058738e-14
5.270482e-15
2.545195e-15
1.198016e-15
5.221957e-16
2.310638e-16
1.091109e-16
5.400878e-17
4.586299e-17
4.226921e-17
4.288416e-17
4.228241e-17
4.126735e-17
4.032541e-17
3.955362e-17
3.888843e-17
3.831259e-17
3.784425e-17
3.750096e-17
3.728388e-17
3.717907e-17
3.716464e-17
3.721692e-17
3.731409e-17
3.743782e-17
3.757358e-17
3.771028e-17
3.783972e-17
3.795591e-17
3.805458e-17
3.813270e-17
3.818819e-17
3.821966e-17
3.817650e-17
3.815919e-17
3.812271e-17
3.806795e-17
3.799651e-17
3.791080e-17
3.781429e-17
3.771168e-17
3.760924e-17
3.751518e-17
3.743994e-17
3.739643e-17
3.739994e-17
3.746751e-17
3.761645e-17
3.786187e-17
3.821354e-17
3.867374e-17
3.923866e-17
3.990546e-17
4.067846e-17
4.155288e-17
4.246705e-17
4.333050e-17
4.439816e-17
4.639156e-17
4.732505e-17
5.175376e-17
5.969808e-17
1.188857e-16
2.482355e-16
4.911759e-16
1.046408e-15
2.107940e-15
3.989470e-15
7.271104e-15
1.284329e-14
2.181965e-14
3.556572e-14
5.579854e-14
8.423276e-14
1.222604e-13
1.705444e-13
2.286057e-13
2.945444e-13
3.648223e-13
4.344490e-13
4.975852e-13
5.482332e-13
5.810558e-13
5.924264e-13
5.810544e-13
5.482037e-13
4.975423e-13
4.344049e-13
3.647948e-13
2.945334e-13
2.285975e-13
1.705384e-13
1.222537e-13
8.423594e-14
5.580219e-14
3.556603e-14
2.182340e-14
1.284710e-14
7.274487e-15
3.994779e-15
2.112827e-15
1.042736e-15
4.911760e-16
2.456968e-16
1.176757e-16
5.982489e-17
5.161121e-17
4.737195e-17
4.648282e-17
4.459061e-17
4.360899e-17
4.279271e-17
4.190102e-17
4.103474e-17
4.025960e-17
3.958264e-17
3.900181e-17
3.852206e-17
3.814874e-17
3.788065e-17
3.770868e-17
3.761821e-17
3.759227e-17
3.761407e-17
3.766847e-17
3.774261e-17
3.782606e-17
3.791056e-17
3.798975e-17
3.805882e-17
3.811419e-17
3.815330e-17
3.817441e-17
3.814650e-17
3.813008e-17
3.809960e-17
3.805608e-17
3.800133e-17
3.793801e-17
3.786985e-17
3.780173e-17
3.773993e-17
3.769226e-17
3.766825e-17
3.767907e-17
3.773733e-17
3.785640e-17
3.804932e-17
3.832729e-17
3.869815e-17
3.916568e-17
3.973048e-17
4.039227e-17
4.115005e-17
4.199684e-17
4.291853e-17
4.393062e-17
4.514079e-17
4.661782e-17
4.829378e-17
5.048200e-17
5.093127e-17
5.456707e-17
6.110836e-17
1.018098e-16
2.131236e-16
4.201944e-16
7.973305e-16
1.418015e-15
2.441976e-15
4.118934e-15
6.686053e-15
1.038442e-14
1.552224e-14
2.239691e-14
3.110275e-14
4.146316e-14
5.318348e-14
6.562727e-14
7.784908e-14
8.892604e-14
9.784801e-14
1.036473e-13
1.056591e-13
1.036359e-13
9.782346e-14
8.886786e-14
7.779393e-14
6.560690e-14
5.318721e-14
4.146901e-14
3.110335e-14
2.239394e-14
1.552098e-14
1.038764e-14
6.680155e-15
4.118040e-15
2.440496e-15
1.419186e-15
7.995273e-16
4.215620e-16
2.119675e-16
1.018095e-16
6.107578e-17
5.443363e-17
5.109746e-17
5.070992e-17
4.859145e-17
4.697769e-17
4.555823e-17
4.439414e-17
4.340774e-17
4.249314e-17
4.163983e-17
4.086591e-17
4.018122e-17
3.958903e-17
3.909152e-17
3.868949e-17
3.838017e-17
3.815639e-17
3.800738e-17
3.792035e-17
3.788210e-17
3.788006e-17
3.790302e-17
3.794142e-17
3.798730e-17
3.803426e-17
3.807725e-17
3.811240e-17
3.813685e-17
3.814861e-17
3.813128e-17
3.811548e-17
3.809001e-17
3.805595e-17
3.801521e-17
3.797061e-17
3.792594e-17
3.788608e-17
3.785709e-17
3.784629e-17
3.786224e-17
3.791464e-17
3.801402e-17
3.817120e-17
3.839651e-17
3.869890e-17
3.908516e-17
3.955963e-17
4.012461e-17
4.078109e-17
4.152900e-17
4.236727e-17
4.329812e-17
4.433880e-17
4.552297e-17
4.686450e-17
4.833520e-17
4.981321e-17
5.110194e-17
5.245661e-17
5.133339e-17
5.136716e-17
5.731474e-17
9.343050e-17
1.725759e-16
2.696384e-16
4.432948e-16
7.837871e-16
1.297284e-15
1.939386e-15
2.821358e-15
4.090182e-15
5.679480e-15
7.520389e-15
9.622678e-15
1.181990e-14
1.392863e-14
1.586923e-14
1.745828e-14
1.850065e-14
1.886592e-14
1.848932e-14
1.743798e-14
1.580897e-14
1.386851e-14
1.180746e-14
9.638641e-15
7.535269e-15
5.685023e-15
4.091909e-15
2.821237e-15
1.939088e-15
1.290659e-15
7.848964e-16
4.426339e-16
2.679474e-16
1.723531e-16
9.343976e-17
5.768474e-17
5.156678e-17
5.160626e-17
5.278254e-17
5.153678e-17
5.033223e-17
4.891360e-17
4.748705e-17
4.617623e-17
4.500837e-17
4.396829e-17
4.302371e-17
4.216057e-17
4.137995e-17
4.068571e-17
4.008016e-17
3.956399e-17
3.913617e-17
3.879322e-17
3.852888e-17
3.833451e-17
3.819993e-17
3.811435e-17
3.806717e-17
3.804859e-17
3.804987e-17
3.806352e-17
3.808327e-17
3.810404e-17
3.812181e-17
3.813355e-17
3.813714e-17
3.812649e-17
3.811102e-17
3.808949e-17
3.806299e-17
3.803348e-17
3.800381e-17
3.797777e-17
3.796011e-17
3.795661e-17
3.797406e-17
3.802019e-17
3.810350e-17
3.823298e-17
3.841768e-17
3.866615e-17
3.898594e-17
3.938312e-17
3.986215e-17
4.042608e-17
4.107694e-17
4.181624e-17
4.264584e-17
4.357006e-17
4.459740e-17
4.573585e-17
4.697830e-17
4.828632e-17
4.957848e-17
5.074643e-17
5.160617e-17
5.189820e-17
5.213791e-17
5.090287e-17
5.159170e-17
5.919857e-17
6.242910e-17
9.325812e-17
1.699427e-16
2.597468e-16
3.442610e-16
4.989152e-16
7.485577e-16
1.032727e-15
1.383488e-15
1.775000e-15
2.135316e-15
2.473577e-15
2.804799e-15
3.083233e-15
3.318503e-15
3.438338e-15
3.315594e-15
3.067585e-15
2.763621e-15
2.436769e-15
2.130987e-15
1.787204e-15
1.392757e-15
1.037863e-15
7.517531e-16
4.994172e-16
3.440653e-16
2.576601e-16
1.696331e-16
9.337871e-17
6.271894e-17
5.941655e-17
5.183556e-17
5.135099e-17
5.266592e-17
5.249866e-17
5.228502e-17
5.150612e-17
5.040504e-17
4.915790e-17
4.787398e-17
4.663694e-17
4.548718e-17
4.443389e-17
4.347187e-17
4.259587e-17
4.180476e-17
4.109932e-17
4.048011e-17
3.994661e-17
3.949677e-17
3.912678e-17
3.883090e-17
3.860172e-17
3.843064e-17
3.830850e-17
3.822612e-17
3.817477e-17
3.814647e-17
3.813415e-17
3.813178e-17
3.813432e-17
3.813773e-17
3.813889e-17
3.813560e-17
3.812853e-17
3.811313e-17
3.809442e-17
3.807353e-17
3.805242e-17
3.803391e-17
3.802173e-17
3.802048e-17
3.803566e-17
3.807358e-17
3.814130e-17
3.824640e-17
3.839676e-17
3.860018e-17
3.886406e-17
3.919497e-17
3.959841e-17
4.007876e-17
4.063938e-17
4.128292e-17
4.201174e-17
4.282851e-17
4.373666e-17
4.473955e-17
4.583650e-17
4.701531e-17
4.824432e-17
4.946846e-17
5.061106e-17
5.158085e-17
5.233084e-17
5.291010e-17
5.345161e-17
5.484503e-17
5.698351e-17
5.571328e-17
5.562783e-17
6.429125e-17
7.333021e-17
7.463721e-17
1.044297e-16
1.529521e-16
1.977268e-16
2.673962e-16
3.325322e-16
3.776164e-16
4.211480e-16
4.640579e-16
5.268384e-16
6.273230e-16
6.849414e-16
6.292822e-16
5.243651e-16
4.535537e-16
4.136949e-16
3.771797e-16
3.335099e-16
2.677573e-16
1.977553e-16
1.524396e-16
1.044816e-16
7.485447e-17
7.378819e-17
6.452353e-17
5.584006e-17
5.609091e-17
5.745150e-17
5.541043e-17
5.415112e-17
5.373137e-17
5.325776e-17
5.260149e-17
5.170981e-17
5.062263e-17
4.942691e-17
4.819970e-17
4.699929e-17
4.586170e-17
4.480375e-17
4.383061e-17
4.294300e-17
4.214087e-17
4.142417e-17
4.079234e-17
4.024394e-17
3.977630e-17
3.938538e-17
3.906572e-17
3.881061e-17
3.861246e-17
3.846312e-17
3.835440e-17
3.827835e-17
3.822755e-17
3.819534e-17
3.817589e-17
3.816425e-17
3.815639e-17
3.814918e-17
3.814036e-17
3.813464e-17
3.811902e-17
3.810204e-17
3.808480e-17
3.806925e-17
3.805818e-17
3.805525e-17
3.806490e-17
3.809239e-17
3.814368e-17
3.822531e-17
3.834421e-17
3.850747e-17
3.872208e-17
3.899459e-17
3.933088e-17
3.973600e-17
4.021407e-17
4.076847e-17
4.140204e-17
4.211744e-17
4.291751e-17
4.380520e-17
4.478263e-17
4.584855e-17
4.699435e-17
4.820004e-17
4.943253e-17
5.064837e-17
5.180552e-17
5.288873e-17
5.393615e-17
5.506847e-17
5.644487e-17
5.783026e-17
5.884389e-17
6.075222e-17
6.454569e-17
6.751558e-17
6.476575e-17
6.202012e-17
6.441228e-17
7.130801e-17
8.445445e-17
9.608600e-17
1.024561e-16
1.047414e-16
9.643235e-17
1.110832e-16
1.448946e-16
1.541491e-16
1.442275e-16
1.104953e-16
9.529078e-17
1.043080e-16
1.026328e-16
9.606903e-17
8.472580e-17
7.157695e-17
6.432269e-17
6.206300e-17
6.502791e-17
6.790919e-17
6.496720e-17
6.121949e-17
5.941516e-17
5.852340e-17
5.727313e-17
5.604596e-17
5.506200e-17
5.414944e-17
5.317927e-17
5.210583e-17
5.093841e-17
4.971695e-17
4.848738e-17
4.728873e-17
4.614844e-17
4.508261e-17
4.409900e-17
4.320061e-17
4.238817e-17
4.166133e-17
4.101890e-17
4.045878e-17
3.997784e-17
3.957184e-17
3.923543e-17
3.896231e-17
3.874543e-17
3.857730e-17
3.845031e-17
3.835704e-17
3.829048e-17
3.824425e-17
3.821266e-17
3.819088e-17
3.817490e-17
3.816158e-17
3.814863e-17
3.814287e-17
3.812678e-17
3.811042e-17
3.809488e-17
3.808209e-17
3.807482e-17
3.807665e-17
3.809193e-17
3.812574e-17
3.818380e-17
3.827232e-17
3.839781e-17
3.856686e-17
3.878591e-17
3.906097e-17
3.939741e-17
3.979983e-17
4.027201e-17
4.081706e-17
4.143767e-17
4.213644e-17
4.291627e-17
4.378053e-17
4.473269e-17
4.577515e-17
4.690728e-17
4.812299e-17
4.940886e-17
5.074480e-17
5.210940e-17
5.349088e-17
5.489880e-17
5.636498e-17
5.790674e-17
5.947918e-17
6.112022e-17
6.311134e-17
6.539438e-17
6.702155e-17
6.732821e-17
6.790290e-17
7.068664e-17
7.632523e-17
8.418100e-17
9.138955e-17
9.520293e-17
9.354258e-17
8.259261e-17
7.004870e-17
6.484936e-17
6.220836e-17
6.450758e-17
6.958751e-17
8.203544e-17
9.312243e-17
9.501849e-17
9.133794e-17
8.426763e-17
7.647592e-17
7.083469e-17
6.813217e-17
6.769229e-17
6.750251e-17
6.595790e-17
6.375761e-17
6.187872e-17
6.038112e-17
5.897695e-17
5.761965e-17
5.633989e-17
5.510325e-17
5.386165e-17
5.259260e-17
5.130028e-17
5.000539e-17
4.873405e-17
4.751030e-17
4.635246e-17
4.527241e-17
4.427657e-17
4.336764e-17
4.254608e-17
4.181104e-17
4.116075e-17
4.059260e-17
4.010308e-17
3.968776e-17
3.934128e-17
3.905749e-17
3.882961e-17
3.865046e-17
3.851276e-17
3.840938e-17
3.833352e-17
3.827895e-17
3.824011e-17
3.821220e-17
3.819125e-17
3.817409e-17
3.815845e-17
