-4.406198e-16
-4.302114e-16
-4.926615e-16
-5.759282e-16
-6.765422e-16
-6.973588e-16
-6.696033e-16
-6.696033e-16
-6.591949e-16
-6.418477e-16
-6.453171e-16
-7.598089e-16
-7.875645e-16
-7.459311e-16
-6.140921e-16
-4.926615e-16
-4.406198e-16
-4.232725e-16
-4.996004e-16
-5.134781e-16
-4.649059e-16
-5.412337e-16
-5.308254e-16
-5.724587e-16
-5.793976e-16
-6.557255e-16
-7.077672e-16
-6.904199e-16
-6.661338e-16
-6.314393e-16
-6.279699e-16
-5.863365e-16
-5.238865e-16
-4.440892e-16
-3.365364e-16
-3.087808e-16
-2.151057e-16
-2.081668e-16
-1.734723e-16
-1.561251e-16
-1.804112e-16
-1.387779e-16
-7.632783e-17
-1.006140e-16
-5.204170e-17
3.816392e-17
1.734723e-16
1.908196e-16
3.920475e-16
4.614364e-16
5.030698e-16
5.585810e-16
5.551115e-16
5.377643e-16
5.689893e-16
5.967449e-16
6.904199e-16
6.626644e-16
7.147061e-16
8.014422e-16
8.361367e-16
8.083811e-16
7.320533e-16
7.077672e-16
6.626644e-16
6.453171e-16
7.320533e-16
7.424616e-16
7.598089e-16
8.187895e-16
8.430756e-16
7.736867e-16
7.355228e-16
7.147061e-16
6.140921e-16
4.718448e-16
3.191891e-16
2.914335e-16
2.359224e-16
1.977585e-16
1.734723e-16
1.249001e-16
1.526557e-16
1.422473e-16
8.326673e-17
6.938894e-17
6.938894e-17
7.632783e-17
5.898060e-17
2.081668e-17
-1.387779e-17
5.551115e-17
5.898060e-17
1.734723e-17
3.469447e-17
1.630640e-16
2.012279e-16
1.665335e-16
1.630640e-16
1.804112e-16
1.873501e-16
1.977585e-16
1.838807e-16
2.428613e-16
2.844947e-16
2.671474e-16
3.053113e-16
3.122502e-16
3.642919e-16
4.718448e-16
5.238865e-16
6.140921e-16
5.759282e-16
5.308254e-16
5.481726e-16
5.516421e-16
5.793976e-16
5.620504e-16
5.724587e-16
5.828671e-16
6.106227e-16
5.689893e-16
6.002143e-16
5.447032e-16
5.342948e-16
5.238865e-16
5.169476e-16
5.169476e-16
5.308254e-16
5.724587e-16
5.655199e-16
5.342948e-16
4.579670e-16
2.775558e-16
1.942890e-16
2.671474e-16
2.775558e-16
3.087808e-16
2.740863e-16
2.428613e-16
2.046974e-16
1.942890e-16
1.769418e-16
1.491862e-16
8.326673e-17
3.816392e-17
3.122502e-17
1.040834e-17
1.040834e-17
-5.898060e-17
-8.326673e-17
-1.318390e-16
-2.255141e-16
-2.983724e-16
-3.365364e-16
-4.475587e-16
-4.579670e-16
-4.926615e-16
-5.342948e-16
-4.614364e-16
-3.885781e-16
-3.573530e-16
-3.712308e-16
-4.302114e-16
-5.238865e-16
-5.724587e-16
-6.210310e-16
-6.591949e-16
-7.008283e-16
-6.869505e-16
-6.800116e-16
-7.042977e-16
-6.696033e-16
-5.689893e-16
-5.377643e-16
-5.065393e-16
-4.198031e-16
-4.093947e-16
-4.093947e-16
-3.885781e-16
-4.510281e-16
-5.065393e-16
-4.961309e-16
-4.718448e-16
-5.134781e-16
-5.655199e-16
-6.487866e-16
-6.696033e-16
-6.591949e-16
-6.418477e-16
-6.036838e-16
-5.100087e-16
-5.516421e-16
-4.857226e-16
-4.024558e-16
-3.191891e-16
-1.908196e-16
-1.491862e-16
-1.873501e-16
-1.977585e-16
-1.283695e-16
-1.179612e-16
-2.116363e-16
-1.561251e-16
-5.898060e-17
3.122502e-17
1.908196e-16
3.157197e-16
4.336809e-16
4.891920e-16
5.342948e-16
6.036838e-16
6.557255e-16
6.349088e-16
6.418477e-16
6.904199e-16
7.459311e-16
7.598089e-16
8.118506e-16
8.777701e-16
8.569534e-16
8.430756e-16
7.528700e-16
6.938894e-16
7.077672e-16
7.112366e-16
7.355228e-16
7.945034e-16
8.118506e-16
7.528700e-16
6.557255e-16
6.869505e-16
6.973588e-16
7.528700e-16
7.424616e-16
6.453171e-16
5.308254e-16
4.198031e-16
3.434752e-16
3.018419e-16
2.463307e-16
1.769418e-16
2.810252e-16
2.914335e-16
2.602085e-16
2.359224e-16
1.838807e-16
1.283695e-16
9.367507e-17
2.081668e-17
3.469447e-17
9.020562e-17
1.214306e-16
1.942890e-16
2.046974e-16
1.595946e-16
1.700029e-16
1.387779e-16
2.185752e-16
3.018419e-16
3.712308e-16
4.544976e-16
4.857226e-16
4.718448e-16
4.718448e-16
4.163336e-16
4.302114e-16
3.851086e-16
4.614364e-16
4.961309e-16
5.204170e-16
5.342948e-16
5.447032e-16
5.412337e-16
5.585810e-16
5.551115e-16
6.071532e-16
5.793976e-16
5.724587e-16
5.516421e-16
6.071532e-16
6.349088e-16
6.904199e-16
7.181755e-16
6.730727e-16
6.800116e-16
7.667478e-16
7.945034e-16
7.771561e-16
7.216450e-16
5.863365e-16
5.898060e-16
4.683753e-16
3.053113e-16
2.046974e-16
1.595946e-16
2.185752e-16
2.532696e-16
2.602085e-16
2.255141e-16
2.220446e-16
2.671474e-16
2.671474e-16
1.734723e-16
1.144917e-16
4.510281e-17
3.469447e-18
2.081668e-17
6.245005e-17
-3.469447e-17
-3.816392e-17
-1.838807e-16
-2.428613e-16
-3.330669e-16
-4.857226e-16
-4.718448e-16
-4.718448e-16
-4.579670e-16
-3.885781e-16
-3.955170e-16
-2.185752e-16
-1.977585e-16
-1.977585e-16
-2.116363e-16
-2.740863e-16
-3.330669e-16
-4.753142e-16
-4.891920e-16
-5.481726e-16
-5.551115e-16
-5.308254e-16
-4.406198e-16
-4.579670e-16
-4.163336e-16
-4.267420e-16
-4.163336e-16
-4.024558e-16
-3.712308e-16
-4.093947e-16
-4.718448e-16
-5.828671e-16
-6.626644e-16
-6.661338e-16
-6.834810e-16
-6.522560e-16
-6.626644e-16
-7.008283e-16
-6.904199e-16
-6.800116e-16
-6.383782e-16
-5.655199e-16
-5.100087e-16
-4.787837e-16
-3.989864e-16
-3.851086e-16
-2.324529e-16
-2.567391e-16
-1.283695e-16
-8.673617e-17
-1.873501e-16
-1.561251e-16
-1.630640e-16
-2.255141e-16
-1.006140e-16
3.469447e-18
7.979728e-17
2.046974e-16
3.018419e-16
3.538836e-16
4.302114e-16
5.273559e-16
6.349088e-16
7.042977e-16
7.528700e-16
7.528700e-16
7.459311e-16
7.181755e-16
7.771561e-16
8.014422e-16
8.673617e-16
8.916479e-16
8.534840e-16
8.153200e-16
7.389922e-16
8.118506e-16
7.875645e-16
8.187895e-16
8.500145e-16
8.049117e-16
8.465451e-16
8.083811e-16
7.910339e-16
7.806256e-16
7.632783e-16
7.875645e-16
7.181755e-16
6.106227e-16
4.926615e-16
3.712308e-16
2.775558e-16
2.671474e-16
1.977585e-16
1.665335e-16
1.491862e-16
1.353084e-16
1.595946e-16
1.249001e-16
1.214306e-16
8.673617e-17
1.075529e-16
1.249001e-16
1.977585e-16
2.046974e-16
2.012279e-16
1.804112e-16
1.734723e-16
1.491862e-16
2.046974e-16
2.636780e-16
4.163336e-16
5.481726e-16
5.377643e-16
6.106227e-16
7.042977e-16
6.314393e-16
6.002143e-16
6.245005e-16
6.557255e-16
6.591949e-16
6.279699e-16
6.245005e-16
5.689893e-16
5.655199e-16
6.071532e-16
5.967449e-16
6.106227e-16
5.967449e-16
6.314393e-16
5.828671e-16
5.689893e-16
6.106227e-16
6.730727e-16
6.765422e-16
7.216450e-16
7.736867e-16
8.118506e-16
8.465451e-16
8.881784e-16
8.638923e-16
8.118506e-16
5.724587e-16
4.649059e-16
4.128642e-16
3.261280e-16
2.428613e-16
2.810252e-16
2.740863e-16
2.671474e-16
3.191891e-16
2.914335e-16
2.740863e-16
2.706169e-16
2.081668e-16
2.289835e-16
1.804112e-16
1.318390e-16
1.387779e-17
6.938894e-18
3.469447e-17
-6.245005e-17
-1.283695e-16
-1.700029e-16
-2.046974e-16
-2.498002e-16
-3.851086e-16
-3.538836e-16
-2.949030e-16
-2.012279e-16
-1.457168e-16
-1.630640e-16
-1.838807e-16
-2.220446e-16
-2.602085e-16
-1.491862e-16
-1.665335e-16
-2.671474e-16
-3.018419e-16
-3.573530e-16
-3.920475e-16
-4.579670e-16
-4.579670e-16
-3.989864e-16
-4.093947e-16
-4.059253e-16
-4.232725e-16
-4.440892e-16
-5.065393e-16
-4.996004e-16
-5.724587e-16
-6.071532e-16
-6.349088e-16
-6.071532e-16
-5.689893e-16
-5.724587e-16
-5.863365e-16
-5.169476e-16
-5.620504e-16
-5.932754e-16
-6.522560e-16
-6.140921e-16
-6.175616e-16
-5.481726e-16
-4.510281e-16
-3.955170e-16
-4.163336e-16
-3.573530e-16
-2.706169e-16
-2.463307e-16
-2.012279e-16
-1.942890e-16
-1.769418e-16
-1.734723e-16
-1.179612e-16
-4.163336e-17
7.632783e-17
2.012279e-16
2.359224e-16
2.810252e-16
3.469447e-16
4.163336e-16
4.336809e-16
5.655199e-16
6.487866e-16
6.938894e-16
7.147061e-16
7.702172e-16
7.285839e-16
7.875645e-16
8.187895e-16
7.945034e-16
8.500145e-16
8.257284e-16
8.049117e-16
8.118506e-16
8.569534e-16
8.083811e-16
8.187895e-16
8.083811e-16
7.910339e-16
8.014422e-16
7.875645e-16
7.494005e-16
7.181755e-16
7.910339e-16
8.430756e-16
8.153200e-16
6.834810e-16
5.724587e-16
5.169476e-16
4.753142e-16
3.851086e-16
2.671474e-16
2.151057e-16
2.185752e-16
2.255141e-16
2.393918e-16
2.532696e-16
2.116363e-16
2.220446e-16
2.879641e-16
3.295975e-16
3.816392e-16
4.024558e-16
3.261280e-16
2.810252e-16
2.740863e-16
3.365364e-16
3.712308e-16
4.996004e-16
5.169476e-16
6.245005e-16
6.904199e-16
6.834810e-16
7.320533e-16
6.765422e-16
7.008283e-16
7.632783e-16
8.153200e-16
8.049117e-16
7.494005e-16
6.696033e-16
5.932754e-16
6.071532e-16
6.279699e-16
5.828671e-16
5.863365e-16
6.210310e-16
5.759282e-16
5.898060e-16
6.418477e-16
6.591949e-16
6.938894e-16
7.459311e-16
8.118506e-16
9.055257e-16
9.298118e-16
9.575674e-16
9.610368e-16
9.783840e-16
8.569534e-16
7.563394e-16
6.904199e-16
5.828671e-16
4.544976e-16
3.747003e-16
3.781697e-16
2.359224e-16
2.567391e-16
2.324529e-16
2.567391e-16
2.428613e-16
2.359224e-16
1.700029e-16
1.630640e-16
7.979728e-17
6.245005e-17
3.816392e-17
7.979728e-17
-4.163336e-17
-9.714451e-17
-1.804112e-16
-1.942890e-16
-1.665335e-16
-1.977585e-16
-1.595946e-16
-2.220446e-16
-1.804112e-16
-1.491862e-16
-1.353084e-16
-1.318390e-16
-1.665335e-16
-1.630640e-16
-1.006140e-16
-7.979728e-17
-3.469447e-17
-1.526557e-16
-1.908196e-16
-1.873501e-16
-2.393918e-16
-2.914335e-16
-3.191891e-16
-3.122502e-16
-3.434752e-16
-4.267420e-16
-5.273559e-16
-5.169476e-16
-5.620504e-16
-5.238865e-16
-5.204170e-16
-6.696033e-16
-6.661338e-16
-6.557255e-16
-6.418477e-16
-6.210310e-16
-6.487866e-16
-5.793976e-16
-6.245005e-16
-5.932754e-16
-6.036838e-16
-5.759282e-16
-5.342948e-16
-5.134781e-16
-4.926615e-16
-4.302114e-16
-3.573530e-16
-3.400058e-16
-2.498002e-16
-2.151057e-16
-2.359224e-16
-1.977585e-16
-1.457168e-16
-9.020562e-17
3.469447e-17
9.367507e-17
1.526557e-16
2.046974e-16
2.879641e-16
2.949030e-16
2.775558e-16
3.018419e-16
3.157197e-16
4.718448e-16
6.696033e-16
8.638923e-16
8.396062e-16
8.569534e-16
8.569534e-16
8.708312e-16
8.465451e-16
8.222589e-16
9.332812e-16
9.575674e-16
8.361367e-16
8.500145e-16
8.500145e-16
9.298118e-16
9.263423e-16
8.985868e-16
8.708312e-16
8.743006e-16
8.569534e-16
8.153200e-16
7.979728e-16
8.291978e-16
9.089951e-16
9.089951e-16
8.777701e-16
7.528700e-16
5.204170e-16
4.510281e-16
3.781697e-16
2.775558e-16
2.151057e-16
1.595946e-16
2.359224e-16
2.463307e-16
3.434752e-16
3.816392e-16
5.134781e-16
5.100087e-16
5.481726e-16
5.308254e-16
4.614364e-16
3.504141e-16
4.024558e-16
3.330669e-16
3.712308e-16
4.440892e-16
4.649059e-16
5.620504e-16
6.626644e-16
8.291978e-16
9.471590e-16
9.367507e-16
9.749146e-16
1.023487e-15
9.367507e-16
9.263423e-16
8.569534e-16
8.049117e-16
7.806256e-16
6.973588e-16
6.591949e-16
6.140921e-16
6.383782e-16
6.765422e-16
6.730727e-16
6.730727e-16
6.869505e-16
7.320533e-16
7.355228e-16
7.598089e-16
8.118506e-16
8.187895e-16
8.881784e-16
9.714451e-16
9.887924e-16
1.009609e-15
9.575674e-16
7.875645e-16
7.042977e-16
6.383782e-16
4.683753e-16
4.544976e-16
4.198031e-16
3.538836e-16
2.289835e-16
2.775558e-16
2.879641e-16
2.810252e-16
2.602085e-16
2.289835e-16
1.630640e-16
1.144917e-16
2.775558e-17
-4.857226e-17
-7.979728e-17
-1.214306e-16
-1.942890e-16
-2.151057e-16
-2.949030e-16
-2.671474e-16
-2.185752e-16
-1.769418e-16
-1.110223e-16
-7.285839e-17
3.122502e-17
3.469447e-17
-2.081668e-17
-9.367507e-17
-8.673617e-17
6.938894e-18
3.469447e-17
6.245005e-17
3.469447e-17
-2.428613e-17
-1.075529e-16
-1.561251e-16
-2.012279e-16
-1.838807e-16
-2.393918e-16
-3.469447e-16
-3.642919e-16
-4.093947e-16
-5.447032e-16
-5.516421e-16
-6.349088e-16
-6.800116e-16
-6.973588e-16
-7.910339e-16
-7.910339e-16
-8.083811e-16
-7.181755e-16
-6.383782e-16
-4.926615e-16
-3.677614e-16
-3.400058e-16
-4.302114e-16
-4.336809e-16
-4.198031e-16
-3.955170e-16
-4.093947e-16
-4.267420e-16
-4.614364e-16
-3.885781e-16
-3.400058e-16
-3.087808e-16
-2.810252e-16
-2.879641e-16
-2.255141e-16
-1.804112e-16
-5.204170e-17
3.122502e-17
1.075529e-16
1.700029e-16
2.220446e-16
2.740863e-16
2.046974e-16
2.740863e-16
2.706169e-16
3.226586e-16
3.920475e-16
6.071532e-16
7.979728e-16
8.708312e-16
8.569534e-16
9.367507e-16
8.847090e-16
8.777701e-16
8.396062e-16
8.187895e-16
7.875645e-16
7.910339e-16
8.708312e-16
8.430756e-16
9.367507e-16
9.749146e-16
9.783840e-16
9.853229e-16
9.992007e-16
9.610368e-16
8.708312e-16
8.326673e-16
8.430756e-16
8.777701e-16
9.020562e-16
9.228729e-16
8.916479e-16
7.598089e-16
6.661338e-16
5.551115e-16
5.169476e-16
4.649059e-16
4.128642e-16
4.579670e-16
4.961309e-16
5.342948e-16
6.696033e-16
7.702172e-16
8.534840e-16
8.604228e-16
8.014422e-16
7.112366e-16
7.251144e-16
7.424616e-16
7.598089e-16
7.077672e-16
7.945034e-16
8.153200e-16
8.673617e-16
1.026956e-15
1.172673e-15
1.228184e-15
1.158795e-15
1.183081e-15
1.210837e-15
1.085937e-15
1.044304e-15
9.922618e-16
9.367507e-16
9.089951e-16
9.540979e-16
1.013079e-15
9.159340e-16
8.951173e-16
7.875645e-16
7.077672e-16
7.459311e-16
8.326673e-16
8.916479e-16
9.228729e-16
9.540979e-16
9.228729e-16
9.610368e-16
9.367507e-16
1.016548e-15
9.887924e-16
9.506285e-16
9.055257e-16
8.604228e-16
7.355228e-16
6.036838e-16
4.649059e-16
4.302114e-16
4.128642e-16
3.538836e-16
3.226586e-16
2.671474e-16
2.463307e-16
2.740863e-16
1.977585e-16
1.179612e-16
6.591949e-17
2.775558e-17
-4.857226e-17
-1.561251e-16
-2.359224e-16
-2.810252e-16
-2.775558e-16
-2.532696e-16
-2.949030e-16
-2.775558e-16
-2.185752e-16
-1.179612e-16
-5.551115e-17
-6.938894e-18
2.081668e-17
6.938894e-18
3.469447e-18
-1.214306e-16
6.938894e-17
1.353084e-16
1.595946e-16
1.665335e-16
1.318390e-16
1.179612e-16
4.163336e-17
-2.081668e-17
-1.318390e-16
-1.700029e-16
-2.324529e-16
-3.642919e-16
-3.920475e-16
-4.336809e-16
-5.134781e-16
-5.724587e-16
-5.932754e-16
-6.834810e-16
-8.396062e-16
-8.743006e-16
-9.020562e-16
-8.396062e-16
-7.251144e-16
-5.620504e-16
-4.302114e-16
-3.816392e-16
-3.885781e-16
-3.608225e-16
-3.053113e-16
-2.463307e-16
-2.636780e-16
-3.157197e-16
-3.434752e-16
-4.024558e-16
-3.712308e-16
-2.844947e-16
-2.116363e-16
-1.561251e-16
-4.857226e-17
-2.775558e-17
1.387779e-17
2.775558e-17
1.006140e-16
1.318390e-16
1.353084e-16
2.081668e-16
2.220446e-16
2.602085e-16
2.532696e-16
2.498002e-16
3.400058e-16
3.816392e-16
4.857226e-16
6.210310e-16
7.632783e-16
8.673617e-16
8.777701e-16
8.534840e-16
8.049117e-16
8.777701e-16
8.743006e-16
8.326673e-16
8.673617e-16
8.604228e-16
8.847090e-16
9.679757e-16
1.085937e-15
1.148387e-15
1.228184e-15
1.203898e-15
1.172673e-15
1.117162e-15
1.016548e-15
9.783840e-16
9.818535e-16
9.887924e-16
9.610368e-16
9.540979e-16
9.436896e-16
9.159340e-16
8.049117e-16
7.910339e-16
6.557255e-16
6.626644e-16
6.765422e-16
7.216450e-16
7.563394e-16
8.361367e-16
8.326673e-16
8.430756e-16
8.534840e-16
8.534840e-16
8.500145e-16
9.957313e-16
9.367507e-16
9.540979e-16
9.679757e-16
1.020017e-15
1.127570e-15
1.210837e-15
1.325329e-15
1.370432e-15
1.342676e-15
1.269818e-15
1.259409e-15
1.294104e-15
1.221245e-15
1.193490e-15
1.190020e-15
1.228184e-15
1.266348e-15
1.328798e-15
1.307982e-15
1.217776e-15
1.148387e-15
1.016548e-15
9.228729e-16
8.708312e-16
8.881784e-16
9.020562e-16
8.396062e-16
8.638923e-16
8.673617e-16
8.881784e-16
9.089951e-16
9.055257e-16
9.367507e-16
9.124645e-16
7.979728e-16
6.557255e-16
5.724587e-16
4.926615e-16
4.232725e-16
4.128642e-16
3.469447e-16
3.157197e-16
2.879641e-16
1.977585e-16
2.844947e-16
2.810252e-16
2.602085e-16
1.387779e-16
4.163336e-17
-4.163336e-17
-1.387779e-16
-2.463307e-16
-3.365364e-16
-3.885781e-16
-3.885781e-16
-3.226586e-16
-2.775558e-16
-2.706169e-16
-2.255141e-16
-1.387779e-16
2.775558e-17
1.630640e-16
1.491862e-16
1.249001e-16
3.816392e-17
-1.734723e-17
1.214306e-16
1.422473e-16
1.804112e-16
1.942890e-16
1.942890e-16
1.457168e-16
3.122502e-17
-6.591949e-17
-1.318390e-16
-1.804112e-16
-2.428613e-16
-3.504141e-16
-4.822531e-16
-5.932754e-16
-6.349088e-16
-6.938894e-16
-7.251144e-16
-8.430756e-16
-9.089951e-16
-8.465451e-16
-8.812395e-16
-7.667478e-16
-5.793976e-16
-3.920475e-16
-3.122502e-16
-3.087808e-16
-2.081668e-16
-1.457168e-16
-1.422473e-16
-1.804112e-16
-2.498002e-16
-2.879641e-16
-3.191891e-16
-2.879641e-16
-3.226586e-16
-2.949030e-16
-2.567391e-16
-1.353084e-16
-2.775558e-17
3.122502e-17
9.020562e-17
1.249001e-16
1.318390e-16
1.804112e-16
2.255141e-16
2.775558e-16
2.081668e-16
2.393918e-16
2.220446e-16
2.740863e-16
3.330669e-16
4.336809e-16
4.024558e-16
4.787837e-16
6.487866e-16
7.389922e-16
7.424616e-16
7.771561e-16
7.632783e-16
7.112366e-16
7.494005e-16
8.118506e-16
8.257284e-16
8.743006e-16
8.673617e-16
8.881784e-16
9.228729e-16
9.992007e-16
1.068590e-15
1.092876e-15
1.068590e-15
1.058181e-15
1.047773e-15
1.037365e-15
9.818535e-16
1.002670e-15
1.002670e-15
9.957313e-16
1.054712e-15
1.051242e-15
1.065120e-15
1.068590e-15
1.058181e-15
1.009609e-15
9.263423e-16
8.812395e-16
8.708312e-16
8.534840e-16
8.396062e-16
8.396062e-16
9.124645e-16
1.092876e-15
1.176143e-15
1.193490e-15
1.190020e-15
1.224715e-15
1.245531e-15
1.294104e-15
1.412065e-15
1.502271e-15
1.436351e-15
1.443290e-15
1.502271e-15
1.575129e-15
1.568190e-15
1.484923e-15
1.419004e-15
1.301043e-15
1.276756e-15
1.422473e-15
1.471046e-15
1.474515e-15
1.398187e-15
1.325329e-15
1.203898e-15
1.103284e-15
1.082467e-15
1.065120e-15
9.957313e-16
9.645063e-16
9.506285e-16
9.540979e-16
9.263423e-16
8.708312e-16
9.194034e-16
9.055257e-16
8.257284e-16
7.216450e-16
6.696033e-16
5.655199e-16
4.926615e-16
4.822531e-16
3.885781e-16
3.295975e-16
3.087808e-16
2.879641e-16
2.671474e-16
2.671474e-16
2.567391e-16
1.804112e-16
1.908196e-16
1.040834e-16
1.387779e-17
-9.714451e-17
-2.116363e-16
-3.157197e-16
-3.955170e-16
-4.510281e-16
-3.989864e-16
-4.128642e-16
-3.226586e-16
-2.671474e-16
-1.838807e-16
-9.714451e-17
1.353084e-16
1.457168e-16
9.714451e-17
1.734723e-16
1.283695e-16
1.006140e-16
2.151057e-16
1.942890e-16
2.706169e-16
2.983724e-16
2.567391e-16
2.046974e-16
7.979728e-17
-8.326673e-17
-1.353084e-16
-2.289835e-16
-3.087808e-16
-4.267420e-16
-5.342948e-16
-6.487866e-16
-7.736867e-16
-8.951173e-16
-9.506285e-16
-8.985868e-16
-8.291978e-16
-8.257284e-16
-6.973588e-16
-5.967449e-16
-4.614364e-16
-4.198031e-16
-4.267420e-16
-4.059253e-16
-3.434752e-16
-2.532696e-16
-2.532696e-16
-2.428613e-16
-2.775558e-16
-2.949030e-16
-3.434752e-16
-3.608225e-16
-3.261280e-16
-2.428613e-16
-2.463307e-16
-9.020562e-17
-1.734723e-17
7.285839e-17
7.632783e-17
1.630640e-16
1.318390e-16
1.769418e-16
1.838807e-16
2.498002e-16
2.289835e-16
2.949030e-16
3.920475e-16
4.406198e-16
5.204170e-16
5.724587e-16
5.655199e-16
6.210310e-16
7.042977e-16
7.216450e-16
7.910339e-16
8.187895e-16
8.083811e-16
7.979728e-16
7.702172e-16
7.771561e-16
8.673617e-16
9.436896e-16
9.263423e-16
9.506285e-16
9.020562e-16
9.783840e-16
1.009609e-15
1.092876e-15
1.106754e-15
1.089406e-15
1.016548e-15
9.992007e-16
9.645063e-16
9.992007e-16
9.783840e-16
1.030426e-15
1.113692e-15
1.144917e-15
1.172673e-15
1.110223e-15
1.089406e-15
1.092876e-15
1.020017e-15
9.020562e-16
8.361367e-16
8.014422e-16
8.257284e-16
8.812395e-16
1.065120e-15
1.099815e-15
1.148387e-15
1.158795e-15
1.255940e-15
1.339207e-15
1.360023e-15
1.443290e-15
1.488393e-15
1.505740e-15
1.498801e-15
1.491862e-15
1.516148e-15
1.543904e-15
1.516148e-15
1.484923e-15
1.415534e-15
1.405126e-15
1.394718e-15
1.471046e-15
1.550843e-15
1.467576e-15
1.387779e-15
1.269818e-15
1.203898e-15
1.155326e-15
1.120631e-15
1.106754e-15
9.749146e-16
9.992007e-16
9.436896e-16
8.916479e-16
9.089951e-16
8.777701e-16
9.263423e-16
8.569534e-16
7.424616e-16
6.140921e-16
5.100087e-16
4.579670e-16
3.469447e-16
3.226586e-16
3.157197e-16
3.573530e-16
3.469447e-16
2.810252e-16
2.289835e-16
2.949030e-16
2.428613e-16
2.220446e-16
1.561251e-16
6.245005e-17
4.510281e-17
-2.775558e-17
-1.387779e-16
-2.532696e-16
-3.469447e-16
-3.434752e-16
-4.024558e-16
-4.024558e-16
-3.434752e-16
-3.295975e-16
-2.324529e-16
-5.898060e-17
6.591949e-17
9.714451e-17
1.561251e-16
1.630640e-16
1.457168e-16
2.046974e-16
1.353084e-16
1.908196e-16
3.018419e-16
2.810252e-16
2.116363e-16
1.595946e-16
1.040834e-16
-8.673617e-17
-2.151057e-16
-3.226586e-16
-4.683753e-16
-5.620504e-16
-6.696033e-16
-7.875645e-16
-9.194034e-16
-9.645063e-16
-9.575674e-16
-9.055257e-16
-7.875645e-16
-6.522560e-16
-5.447032e-16
-5.169476e-16
-4.093947e-16
-2.844947e-16
-2.740863e-16
-2.844947e-16
-2.810252e-16
-2.428613e-16
-2.220446e-16
-2.463307e-16
-2.671474e-16
-2.949030e-16
-2.602085e-16
-3.053113e-16
-3.608225e-16
-3.538836e-16
-3.677614e-16
-2.914335e-16
-1.769418e-16
-5.551115e-17
7.632783e-17
1.353084e-16
1.873501e-16
2.289835e-16
2.671474e-16
3.330669e-16
4.336809e-16
4.857226e-16
5.793976e-16
6.036838e-16
6.730727e-16
6.904199e-16
6.696033e-16
7.077672e-16
7.598089e-16
7.632783e-16
7.806256e-16
8.396062e-16
8.673617e-16
9.540979e-16
9.367507e-16
9.055257e-16
9.575674e-16
9.332812e-16
9.402201e-16
9.645063e-16
1.020017e-15
1.131040e-15
1.162265e-15
1.127570e-15
1.099815e-15
1.065120e-15
1.013079e-15
9.679757e-16
1.040834e-15
1.047773e-15
1.082467e-15
1.127570e-15
1.117162e-15
1.176143e-15
1.165734e-15
1.203898e-15
1.158795e-15
1.120631e-15
1.078998e-15
1.033895e-15
9.228729e-16
8.951173e-16
9.679757e-16
1.078998e-15
1.183081e-15
1.304512e-15
1.356554e-15
1.360023e-15
1.481454e-15
1.481454e-15
1.533496e-15
1.481454e-15
1.439820e-15
1.429412e-15
1.422473e-15
1.391248e-15
1.471046e-15
1.592476e-15
1.582068e-15
1.505740e-15
1.543904e-15
1.530026e-15
1.512679e-15
1.481454e-15
1.477984e-15
1.432882e-15
1.387779e-15
1.259409e-15
1.249001e-15
1.179612e-15
1.158795e-15
1.075529e-15
1.037365e-15
9.645063e-16
9.055257e-16
8.604228e-16
8.673617e-16
8.222589e-16
8.604228e-16
7.667478e-16
7.008283e-16
6.106227e-16
4.718448e-16
3.712308e-16
3.608225e-16
3.781697e-16
3.434752e-16
2.949030e-16
2.151057e-16
1.942890e-16
2.220446e-16
2.046974e-16
1.353084e-16
1.110223e-16
9.367507e-17
7.632783e-17
3.469447e-17
3.469447e-18
-5.551115e-17
-1.804112e-16
-3.226586e-16
-3.538836e-16
-4.510281e-16
-4.198031e-16
-4.475587e-16
-3.573530e-16
-2.636780e-16
-2.081668e-16
-1.387779e-16
-5.204170e-17
-2.775558e-17
-3.469447e-17
6.938894e-17
1.110223e-16
1.353084e-16
1.457168e-16
1.283695e-16
1.214306e-16
7.632783e-17
7.979728e-17
3.816392e-17
-5.898060e-17
-2.393918e-16
-3.434752e-16
-5.100087e-16
-6.383782e-16
-7.771561e-16
-8.708312e-16
-9.298118e-16
-9.089951e-16
-8.569534e-16
-6.696033e-16
-6.279699e-16
-5.481726e-16
-4.510281e-16
-3.989864e-16
-4.406198e-16
-4.406198e-16
-3.504141e-16
-2.532696e-16
-2.706169e-16
-2.949030e-16
-2.498002e-16
-1.942890e-16
-1.942890e-16
-2.671474e-16
-2.636780e-16
-3.226586e-16
-4.267420e-16
-4.579670e-16
-4.198031e-16
-3.538836e-16
-1.526557e-16
-4.510281e-17
6.245005e-17
1.734723e-16
2.255141e-16
3.365364e-16
4.371503e-16
5.204170e-16
6.696033e-16
6.522560e-16
7.598089e-16
8.534840e-16
9.089951e-16
9.714451e-16
1.013079e-15
1.061651e-15
9.679757e-16
9.402201e-16
9.540979e-16
9.818535e-16
1.065120e-15
1.044304e-15
1.051242e-15
1.044304e-15
1.075529e-15
1.033895e-15
1.054712e-15
1.190020e-15
1.172673e-15
1.172673e-15
1.210837e-15
1.183081e-15
1.203898e-15
1.144917e-15
1.068590e-15
9.992007e-16
1.016548e-15
1.047773e-15
1.124101e-15
1.124101e-15
1.179612e-15
1.228184e-15
1.304512e-15
1.290634e-15
1.238593e-15
1.117162e-15
1.044304e-15
9.957313e-16
1.016548e-15
9.957313e-16
9.887924e-16
1.061651e-15
1.196959e-15
1.318390e-15
1.391248e-15
1.450229e-15
1.457168e-15
1.599415e-15
1.658396e-15
1.644518e-15
1.543904e-15
1.484923e-15
1.439820e-15
1.443290e-15
1.536965e-15
1.613293e-15
1.509209e-15
1.509209e-15
1.547373e-15
1.609823e-15
1.609823e-15
1.585537e-15
1.453698e-15
1.380840e-15
1.394718e-15
1.366962e-15
1.249001e-15
1.172673e-15
1.183081e-15
1.058181e-15
9.922618e-16
8.569534e-16
7.840950e-16
7.355228e-16
7.598089e-16
7.216450e-16
6.661338e-16
6.071532e-16
5.308254e-16
5.169476e-16
4.232725e-16
3.053113e-16
2.810252e-16
3.191891e-16
2.532696e-16
1.353084e-16
1.318390e-16
1.387779e-16
2.081668e-16
1.283695e-16
8.673617e-17
3.816392e-17
2.081668e-17
6.938894e-18
-3.469447e-17
-7.285839e-17
-1.422473e-16
-2.393918e-16
-2.636780e-16
-3.365364e-16
-4.440892e-16
-4.406198e-16
-4.232725e-16
-4.787837e-16
-3.851086e-16
-3.573530e-16
-3.053113e-16
-1.630640e-16
-8.326673e-17
-2.428613e-17
3.122502e-17
1.387779e-16
-2.775558e-17
-1.734723e-17
6.938894e-18
1.040834e-17
3.122502e-17
7.632783e-17
3.816392e-17
-5.898060e-17
-1.665335e-16
-2.775558e-16
-3.955170e-16
-5.342948e-16
-6.140921e-16
-7.216450e-16
-7.598089e-16
-7.112366e-16
-6.522560e-16
-5.898060e-16
-5.308254e-16
-4.683753e-16
-4.336809e-16
-3.469447e-16
-3.122502e-16
-3.018419e-16
-2.081668e-16
-1.665335e-16
-1.214306e-16
-8.673617e-17
-3.816392e-17
-9.714451e-17
-1.075529e-16
-1.700029e-16
-2.949030e-16
-3.851086e-16
-4.649059e-16
-5.273559e-16
-4.961309e-16
-4.024558e-16
-2.220446e-16
-1.075529e-16
5.898060e-17
1.769418e-16
2.844947e-16
3.538836e-16
5.377643e-16
6.591949e-16
7.147061e-16
7.459311e-16
8.118506e-16
9.194034e-16
9.540979e-16
1.044304e-15
1.075529e-15
1.068590e-15
1.113692e-15
1.131040e-15
1.085937e-15
1.099815e-15
1.148387e-15
1.172673e-15
1.172673e-15
1.148387e-15
1.179612e-15
1.148387e-15
1.186551e-15
1.221245e-15
1.231654e-15
1.221245e-15
1.196959e-15
1.224715e-15
1.287165e-15
1.276756e-15
1.193490e-15
1.172673e-15
1.210837e-15
1.224715e-15
1.224715e-15
1.266348e-15
1.325329e-15
1.273287e-15
1.328798e-15
1.311451e-15
1.217776e-15
1.162265e-15
1.117162e-15
1.089406e-15
1.224715e-15
1.266348e-15
1.283695e-15
1.290634e-15
1.304512e-15
1.439820e-15
1.523087e-15
1.644518e-15
1.561251e-15
1.686151e-15
1.814521e-15
1.748601e-15
1.689621e-15
1.585537e-15
1.554312e-15
1.637579e-15
1.682682e-15
1.759010e-15
1.831868e-15
1.817990e-15
1.734723e-15
1.759010e-15
1.679212e-15
1.592476e-15
1.471046e-15
1.342676e-15
1.207368e-15
1.242062e-15
1.214306e-15
1.113692e-15
1.044304e-15
9.922618e-16
9.124645e-16
8.153200e-16
7.945034e-16
7.563394e-16
7.147061e-16
6.591949e-16
5.620504e-16
5.585810e-16
5.412337e-16
5.169476e-16
4.336809e-16
4.579670e-16
3.642919e-16
2.844947e-16
2.393918e-16
1.561251e-16
1.318390e-16
1.214306e-16
1.353084e-16
7.285839e-17
6.245005e-17
6.245005e-17
-6.938894e-18
-8.326673e-17
-1.006140e-16
-1.491862e-16
-1.769418e-16
-2.081668e-16
-2.671474e-16
-3.087808e-16
-4.267420e-16
-4.232725e-16
-3.226586e-16
-3.226586e-16
-3.955170e-16
-3.504141e-16
-2.810252e-16
-2.255141e-16
-1.006140e-16
-3.122502e-17
-9.714451e-17
-7.632783e-17
-1.040834e-16
-7.632783e-17
-7.979728e-17
3.469447e-17
6.591949e-17
3.469447e-17
1.040834e-17
-3.469447e-18
-9.020562e-17
-1.526557e-16
-1.457168e-16
-2.498002e-16
-3.330669e-16
-4.787837e-16
-5.585810e-16
-5.308254e-16
-5.377643e-16
-5.863365e-16
-5.134781e-16
-4.267420e-16
-3.747003e-16
-4.232725e-16
-4.024558e-16
-3.504141e-16
-2.879641e-16
-1.873501e-16
-1.942890e-16
-1.387779e-16
-1.353084e-16
-1.700029e-16
-2.289835e-16
-2.324529e-16
-3.434752e-16
-4.128642e-16
-4.996004e-16
-5.342948e-16
-4.614364e-16
-3.504141e-16
-2.532696e-16
-1.769418e-16
-3.469447e-18
8.326673e-17
2.844947e-16
3.885781e-16
4.857226e-16
6.418477e-16
7.945034e-16
8.187895e-16
9.020562e-16
9.298118e-16
1.009609e-15
1.099815e-15
1.113692e-15
1.078998e-15
1.110223e-15
1.155326e-15
1.110223e-15
1.196959e-15
1.266348e-15
1.311451e-15
1.318390e-15
1.384309e-15
1.380840e-15
1.318390e-15
1.259409e-15
1.207368e-15
1.245531e-15
1.214306e-15
1.193490e-15
1.186551e-15
1.158795e-15
1.165734e-15
1.162265e-15
1.137979e-15
1.092876e-15
1.179612e-15
1.262879e-15
1.366962e-15
1.370432e-15
1.290634e-15
1.262879e-15
1.262879e-15
1.183081e-15
1.200429e-15
1.179612e-15
1.193490e-15
1.235123e-15
1.287165e-15
1.325329e-15
1.380840e-15
1.401657e-15
1.523087e-15
1.592476e-15
1.585537e-15
1.661865e-15
1.772887e-15
1.804112e-15
1.828399e-15
1.908196e-15
1.883910e-15
1.866562e-15
1.835337e-15
1.849215e-15
1.852685e-15
1.870032e-15
1.852685e-15
1.838807e-15
1.762479e-15
1.682682e-15
1.602884e-15
1.491862e-15
1.425943e-15
1.269818e-15
1.120631e-15
1.033895e-15
1.054712e-15
1.006140e-15
1.026956e-15
9.714451e-16
8.708312e-16
8.465451e-16
7.771561e-16
6.730727e-16
5.447032e-16
4.579670e-16
3.747003e-16
4.440892e-16
4.475587e-16
4.336809e-16
3.400058e-16
2.046974e-16
1.838807e-16
1.422473e-16
1.249001e-16
1.075529e-16
1.006140e-16
2.081668e-17
1.734723e-17
5.898060e-17
2.428613e-17
-3.816392e-17
-1.006140e-16
-1.422473e-16
-1.595946e-16
-1.422473e-16
-2.532696e-16
-3.365364e-16
-3.504141e-16
-2.879641e-16
-2.914335e-16
-3.642919e-16
-3.608225e-16
-3.781697e-16
-3.157197e-16
-2.775558e-16
-1.353084e-16
-6.245005e-17
-7.979728e-17
-6.245005e-17
-7.285839e-17
-1.838807e-16
-2.324529e-16
-1.977585e-16
-8.326673e-17
1.734723e-17
7.285839e-17
5.898060e-17
-6.938894e-18
-8.673617e-17
-1.249001e-16
-1.491862e-16
-1.769418e-16
-1.491862e-16
-2.324529e-16
-3.712308e-16
-4.614364e-16
-5.516421e-16
-6.071532e-16
-5.793976e-16
-4.822531e-16
-4.198031e-16
-4.024558e-16
-3.400058e-16
-2.949030e-16
-3.538836e-16
-3.608225e-16
-4.198031e-16
-4.232725e-16
-4.267420e-16
-3.434752e-16
-3.989864e-16
-4.302114e-16
-4.718448e-16
-5.377643e-16
-5.620504e-16
-5.585810e-16
-4.440892e-16
-3.400058e-16
-2.289835e-16
-9.020562e-17
3.469447e-17
1.595946e-16
2.636780e-16
4.406198e-16
5.273559e-16
6.210310e-16
7.806256e-16
8.257284e-16
9.159340e-16
1.016548e-15
1.089406e-15
1.103284e-15
1.058181e-15
1.030426e-15
1.085937e-15
1.200429e-15
1.273287e-15
1.311451e-15
1.346145e-15
1.373901e-15
1.457168e-15
1.429412e-15
1.450229e-15
1.481454e-15
1.412065e-15
1.287165e-15
1.269818e-15
1.148387e-15
1.120631e-15
1.131040e-15
1.099815e-15
1.096345e-15
1.113692e-15
1.144917e-15
1.155326e-15
1.245531e-15
1.294104e-15
1.297573e-15
1.335737e-15
1.266348e-15
1.203898e-15
1.207368e-15
1.228184e-15
1.179612e-15
1.231654e-15
1.273287e-15
1.294104e-15
1.363493e-15
1.474515e-15
1.557782e-15
1.679212e-15
1.693090e-15
1.689621e-15
1.772887e-15
1.897787e-15
1.960238e-15
1.977585e-15
2.046974e-15
2.119832e-15
2.105954e-15
2.140649e-15
2.126771e-15
2.053913e-15
1.949829e-15
1.859624e-15
1.866562e-15
1.849215e-15
1.797174e-15
1.790235e-15
1.620232e-15
1.561251e-15
1.446759e-15
1.245531e-15
1.096345e-15
1.009609e-15
1.002670e-15
9.853229e-16
9.367507e-16
8.777701e-16
8.708312e-16
8.326673e-16
7.216450e-16
6.140921e-16
5.100087e-16
4.475587e-16
4.302114e-16
4.059253e-16
3.504141e-16
3.712308e-16
2.879641e-16
2.220446e-16
2.324529e-16
2.012279e-16
2.393918e-16
1.700029e-16
1.040834e-16
1.387779e-17
0.000000e+00
-1.387779e-17
-1.387779e-17
-4.510281e-17
-1.561251e-16
-3.053113e-16
-3.330669e-16
-3.400058e-16
-3.573530e-16
-3.677614e-16
-3.885781e-16
-3.538836e-16
-3.191891e-16
-3.712308e-16
-3.920475e-16
-3.920475e-16
-3.504141e-16
-3.157197e-16
-2.220446e-16
-1.387779e-16
-6.938894e-17
-8.673617e-17
-9.367507e-17
-2.012279e-16
-2.012279e-16
-1.804112e-16
-1.144917e-16
-6.591949e-17
-9.714451e-17
-7.632783e-17
-5.898060e-17
-4.510281e-17
-6.938894e-18
-3.469447e-17
-5.551115e-17
-8.673617e-17
-9.020562e-17
-1.908196e-16
-3.157197e-16
-3.747003e-16
-4.163336e-16
-4.614364e-16
-4.649059e-16
-4.996004e-16
-4.267420e-16
-4.267420e-16
-3.851086e-16
-4.232725e-16
-5.655199e-16
-6.522560e-16
-7.008283e-16
-6.557255e-16
-6.418477e-16
-6.071532e-16
-5.620504e-16
-5.100087e-16
-4.891920e-16
-4.614364e-16
-3.885781e-16
-2.602085e-16
-2.151057e-16
-7.979728e-17
-3.122502e-17
4.857226e-17
1.873501e-16
2.844947e-16
4.093947e-16
4.857226e-16
5.967449e-16
7.702172e-16
9.228729e-16
9.818535e-16
1.023487e-15
1.106754e-15
1.144917e-15
1.172673e-15
1.155326e-15
1.151856e-15
1.249001e-15
1.325329e-15
1.290634e-15
1.335737e-15
1.443290e-15
1.491862e-15
1.516148e-15
1.509209e-15
1.484923e-15
1.460637e-15
1.360023e-15
1.280226e-15
1.242062e-15
1.155326e-15
1.131040e-15
1.137979e-15
1.176143e-15
1.165734e-15
1.165734e-15
1.249001e-15
1.290634e-15
1.242062e-15
1.301043e-15
1.294104e-15
1.245531e-15
1.183081e-15
1.203898e-15
1.252470e-15
1.190020e-15
1.228184e-15
1.259409e-15
1.301043e-15
1.380840e-15
1.488393e-15
1.637579e-15
1.755540e-15
1.720846e-15
1.783296e-15
1.922074e-15
2.067790e-15
2.043504e-15
2.081668e-15
2.109424e-15
2.178813e-15
2.223915e-15
2.203099e-15
2.081668e-15
2.005340e-15
1.873501e-15
1.786765e-15
1.786765e-15
1.800643e-15
1.811051e-15
1.759010e-15
1.672273e-15
1.557782e-15
1.471046e-15
1.307982e-15
1.228184e-15
1.113692e-15
9.992007e-16
9.367507e-16
9.263423e-16
8.916479e-16
8.222589e-16
7.320533e-16
6.591949e-16
6.140921e-16
5.030698e-16
4.614364e-16
3.885781e-16
3.295975e-16
2.428613e-16
2.289835e-16
2.255141e-16
1.873501e-16
2.081668e-16
2.046974e-16
1.804112e-16
1.318390e-16
1.179612e-16
1.249001e-16
-6.938894e-18
-7.979728e-17
-6.591949e-17
-1.387779e-16
-1.838807e-16
-3.365364e-16
-4.787837e-16
-5.377643e-16
-4.787837e-16
-4.440892e-16
-4.440892e-16
-4.440892e-16
-4.163336e-16
-3.330669e-16
-3.816392e-16
-3.920475e-16
-3.573530e-16
-2.636780e-16
-2.602085e-16
-1.977585e-16
-1.838807e-16
-1.283695e-16
-1.630640e-16
-9.367507e-17
-9.714451e-17
-1.526557e-16
-1.422473e-16
-7.285839e-17
-6.591949e-17
-5.204170e-17
1.387779e-17
-2.081668e-17
0.000000e+00
4.510281e-17
5.551115e-17
1.734723e-17
6.938894e-18
3.816392e-17
-1.179612e-16
-2.983724e-16
-4.059253e-16
-4.753142e-16
-4.406198e-16
-4.753142e-16
-4.371503e-16
-4.336809e-16
-4.857226e-16
-5.620504e-16
-6.834810e-16
-7.216450e-16
-6.626644e-16
-5.793976e-16
-5.481726e-16
-5.481726e-16
-5.481726e-16
-4.302114e-16
-3.677614e-16
-2.879641e-16
-2.428613e-16
-2.012279e-16
-1.006140e-16
-4.510281e-17
5.898060e-17
1.353084e-16
2.289835e-16
4.406198e-16
5.238865e-16
6.314393e-16
7.042977e-16
7.979728e-16
9.471590e-16
1.117162e-15
1.162265e-15
1.186551e-15
1.235123e-15
1.325329e-15
1.363493e-15
1.370432e-15
1.394718e-15
1.446759e-15
1.457168e-15
1.436351e-15
1.484923e-15
1.550843e-15
1.630640e-15
1.523087e-15
1.471046e-15
1.436351e-15
1.408595e-15
1.346145e-15
1.384309e-15
1.366962e-15
1.328798e-15
1.314920e-15
1.290634e-15
1.301043e-15
1.353084e-15
1.398187e-15
1.339207e-15
1.318390e-15
1.328798e-15
1.287165e-15
1.294104e-15
1.273287e-15
1.332268e-15
1.318390e-15
1.342676e-15
1.408595e-15
1.419004e-15
1.464107e-15
1.488393e-15
1.661865e-15
1.821460e-15
1.918604e-15
2.088607e-15
2.157996e-15
2.220446e-15
2.310652e-15
2.331468e-15
2.352285e-15
2.269018e-15
2.189221e-15
2.230854e-15
2.168404e-15
2.133710e-15
2.088607e-15
1.984524e-15
1.911665e-15
1.873501e-15
1.866562e-15
1.779826e-15
1.759010e-15
1.800643e-15
1.592476e-15
1.443290e-15
1.332268e-15
1.235123e-15
1.120631e-15
9.992007e-16
9.159340e-16
8.812395e-16
8.743006e-16
8.222589e-16
7.251144e-16
6.210310e-16
5.412337e-16
4.336809e-16
4.302114e-16
3.261280e-16
2.844947e-16
2.185752e-16
1.665335e-16
1.595946e-16
1.838807e-16
2.185752e-16
2.463307e-16
2.185752e-16
1.838807e-16
1.249001e-16
7.979728e-17
1.734723e-17
-1.006140e-16
-1.665335e-16
-2.255141e-16
-3.087808e-16
-3.816392e-16
-3.920475e-16
-4.753142e-16
-4.891920e-16
-4.406198e-16
-3.400058e-16
-2.775558e-16
-2.116363e-16
-1.561251e-16
-2.567391e-16
-2.185752e-16
-2.081668e-16
-2.324529e-16
-2.463307e-16
-2.393918e-16
-1.838807e-16
-1.561251e-16
-1.630640e-16
-3.816392e-17
-9.020562e-17
-1.075529e-16
-9.367507e-17
-1.040834e-16
-1.387779e-17
3.469447e-18
3.816392e-17
7.285839e-17
9.714451e-17
1.595946e-16
1.075529e-16
8.673617e-17
8.326673e-17
6.245005e-17
-1.491862e-16
-2.983724e-16
-4.510281e-16
-4.579670e-16
-4.753142e-16
-4.649059e-16
-5.238865e-16
-6.349088e-16
-7.494005e-16
-7.736867e-16
-7.112366e-16
-5.689893e-16
-4.857226e-16
-4.718448e-16
-4.024558e-16
-3.920475e-16
-2.983724e-16
-1.977585e-16
-1.179612e-16
2.081668e-17
1.006140e-16
1.214306e-16
1.595946e-16
5.898060e-17
1.006140e-16
2.081668e-16
3.642919e-16
4.544976e-16
4.787837e-16
5.585810e-16
7.320533e-16
8.396062e-16
9.957313e-16
1.117162e-15
1.228184e-15
1.335737e-15
1.405126e-15
1.526557e-15
1.536965e-15
1.585537e-15
1.571659e-15
1.592476e-15
1.661865e-15
1.675743e-15
1.682682e-15
1.706968e-15
1.752071e-15
1.748601e-15
1.693090e-15
1.623701e-15
1.547373e-15
1.488393e-15
1.391248e-15
1.370432e-15
1.412065e-15
1.356554e-15
1.370432e-15
1.394718e-15
1.346145e-15
1.314920e-15
1.276756e-15
1.262879e-15
1.297573e-15
1.342676e-15
1.412065e-15
1.384309e-15
1.363493e-15
1.332268e-15
1.356554e-15
1.446759e-15
1.498801e-15
1.509209e-15
1.571659e-15
1.720846e-15
1.845746e-15
1.960238e-15
2.147588e-15
2.237793e-15
2.380041e-15
2.480655e-15
2.508410e-15
2.480655e-15
2.466777e-15
2.442491e-15
2.397388e-15
2.293304e-15
2.230854e-15
2.126771e-15
2.074729e-15
1.977585e-15
1.901257e-15
1.904726e-15
1.852685e-15
1.835337e-15
1.783296e-15
1.634110e-15
1.509209e-15
1.460637e-15
1.373901e-15
1.283695e-15
1.183081e-15
1.044304e-15
9.714451e-16
8.916479e-16
7.945034e-16
6.557255e-16
4.926615e-16
3.747003e-16
3.261280e-16
2.116363e-16
2.012279e-16
2.151057e-16
1.353084e-16
1.249001e-16
8.673617e-17
8.673617e-17
1.630640e-16
1.977585e-16
2.255141e-16
1.838807e-16
1.977585e-16
9.367507e-17
1.387779e-17
-1.734723e-16
-2.879641e-16
-3.504141e-16
-4.440892e-16
-4.614364e-16
-4.753142e-16
-5.169476e-16
-4.996004e-16
-4.440892e-16
-4.232725e-16
-3.434752e-16
-2.498002e-16
-1.630640e-16
-1.249001e-16
-7.979728e-17
-8.673617e-17
-1.457168e-16
-7.979728e-17
-1.214306e-16
-1.804112e-16
-1.769418e-16
-7.979728e-17
-1.630640e-16
-1.526557e-16
-1.110223e-16
-5.551115e-17
-6.938894e-17
-6.938894e-18
1.387779e-17
3.469447e-17
1.144917e-16
2.012279e-16
2.081668e-16
1.283695e-16
8.673617e-17
3.122502e-17
1.387779e-17
2.775558e-17
-9.020562e-17
-2.393918e-16
-4.024558e-16
-4.891920e-16
-5.169476e-16
-6.314393e-16
-7.008283e-16
-8.049117e-16
-7.598089e-16
-6.626644e-16
-6.279699e-16
-5.342948e-16
-3.504141e-16
-2.220446e-16
-1.353084e-16
-5.551115e-17
1.387779e-17
5.204170e-17
1.526557e-16
1.838807e-16
1.595946e-16
1.040834e-16
1.040834e-16
1.942890e-16
3.157197e-16
4.371503e-16
5.620504e-16
6.418477e-16
7.112366e-16
8.049117e-16
8.534840e-16
9.228729e-16
1.117162e-15
1.235123e-15
1.332268e-15
1.464107e-15
1.575129e-15
1.654926e-15
1.713907e-15
1.807582e-15
1.922074e-15
1.890849e-15
1.842276e-15
1.793704e-15
1.727785e-15
1.748601e-15
1.856154e-15
1.915135e-15
1.856154e-15
1.759010e-15
1.630640e-15
1.585537e-15
1.536965e-15
1.523087e-15
1.505740e-15
1.564721e-15
1.519618e-15
1.477984e-15
1.460637e-15
1.429412e-15
1.477984e-15
1.477984e-15
1.578598e-15
1.675743e-15
1.686151e-15
1.564721e-15
1.599415e-15
1.727785e-15
1.679212e-15
1.693090e-15
1.731254e-15
1.790235e-15
1.890849e-15
1.981054e-15
2.140649e-15
2.255141e-15
2.386980e-15
2.553513e-15
2.595146e-15
2.619432e-15
2.678413e-15
2.744333e-15
2.654127e-15
2.525757e-15
2.376571e-15
2.296774e-15
2.213507e-15
2.123302e-15
2.119832e-15
2.050443e-15
1.974115e-15
1.852685e-15
1.828399e-15
1.703498e-15
1.682682e-15
1.609823e-15
1.526557e-15
1.419004e-15
1.311451e-15
1.217776e-15
1.096345e-15
1.033895e-15
8.569534e-16
7.494005e-16
6.349088e-16
5.551115e-16
4.753142e-16
4.024558e-16
3.018419e-16
2.255141e-16
9.020562e-17
2.081668e-17
2.775558e-17
6.245005e-17
3.816392e-17
9.714451e-17
1.873501e-16
1.838807e-16
1.838807e-16
1.387779e-16
1.075529e-16
0.000000e+00
-1.353084e-16
-2.671474e-16
-3.885781e-16
-4.406198e-16
-4.857226e-16
-4.718448e-16
-4.579670e-16
-4.857226e-16
-3.851086e-16
-3.122502e-16
-1.769418e-16
-3.469447e-18
-5.898060e-17
-3.816392e-17
-1.040834e-17
-3.816392e-17
-8.673617e-17
-1.561251e-16
-2.359224e-16
-2.740863e-16
-2.498002e-16
-2.116363e-16
-2.636780e-16
-2.289835e-16
-1.422473e-16
-9.367507e-17
-5.204170e-17
-2.428613e-17
5.204170e-17
1.214306e-16
1.977585e-16
2.220446e-16
1.491862e-16
1.318390e-16
7.632783e-17
1.040834e-17
-1.179612e-16
-1.734723e-16
-1.838807e-16
-2.775558e-16
-4.406198e-16
-5.273559e-16
-6.453171e-16
-7.702172e-16
-9.124645e-16
-9.020562e-16
-9.055257e-16
-7.945034e-16
-6.383782e-16
-3.816392e-16
-2.185752e-16
-1.006140e-16
1.734723e-17
8.673617e-17
1.491862e-16
1.838807e-16
2.393918e-16
2.879641e-16
2.706169e-16
2.532696e-16
2.185752e-16
3.191891e-16
3.573530e-16
5.204170e-16
6.140921e-16
7.424616e-16
7.251144e-16
8.257284e-16
8.638923e-16
9.957313e-16
1.089406e-15
1.287165e-15
1.471046e-15
1.602884e-15
1.641048e-15
1.856154e-15
1.901257e-15
1.953299e-15
1.908196e-15
1.939421e-15
1.984524e-15
1.956768e-15
1.987993e-15
1.987993e-15
2.040035e-15
2.102485e-15
2.088607e-15
1.870032e-15
1.745132e-15
1.741662e-15
1.654926e-15
1.623701e-15
1.585537e-15
1.575129e-15
1.474515e-15
1.457168e-15
1.464107e-15
1.488393e-15
1.533496e-15
1.578598e-15
1.609823e-15
1.706968e-15
1.790235e-15
1.821460e-15
1.759010e-15
1.800643e-15
1.866562e-15
1.859624e-15
1.883910e-15
1.880440e-15
1.956768e-15
2.092077e-15
2.230854e-15
2.327999e-15
2.466777e-15
2.501471e-15
2.591677e-15
2.654127e-15
2.747802e-15
2.792905e-15
2.747802e-15
2.605555e-15
2.504941e-15
2.362693e-15
2.241263e-15
2.154527e-15
2.119832e-15
2.060851e-15
1.956768e-15
1.845746e-15
1.807582e-15
1.783296e-15
1.731254e-15
1.665335e-15
1.602884e-15
1.481454e-15
1.349615e-15
1.297573e-15
1.196959e-15
1.113692e-15
1.013079e-15
8.326673e-16
6.973588e-16
5.655199e-16
4.579670e-16
3.816392e-16
2.740863e-16
1.665335e-16
2.428613e-17
-6.591949e-17
-7.285839e-17
-1.734723e-17
1.040834e-17
4.857226e-17
1.075529e-16
1.387779e-16
1.838807e-16
1.422473e-16
5.898060e-17
1.734723e-17
-1.040834e-16
-2.393918e-16
-3.330669e-16
-4.683753e-16
-5.030698e-16
-5.308254e-16
-4.371503e-16
-3.400058e-16
-2.949030e-16
-2.532696e-16
-2.428613e-16
-1.838807e-16
-8.326673e-17
1.040834e-17
6.938894e-17
3.816392e-17
-7.285839e-17
-1.665335e-16
-2.879641e-16
-3.504141e-16
-3.885781e-16
-3.226586e-16
-2.844947e-16
-2.498002e-16
-1.491862e-16
-9.714451e-17
-1.734723e-17
6.938894e-18
1.110223e-16
1.838807e-16
2.879641e-16
2.775558e-16
1.700029e-16
7.285839e-17
-3.469447e-17
-7.285839e-17
-1.283695e-16
-1.353084e-16
-1.942890e-16
-3.573530e-16
-4.406198e-16
-5.620504e-16
-7.216450e-16
-8.777701e-16
-9.124645e-16
-8.951173e-16
-8.534840e-16
-7.910339e-16
-5.863365e-16
-3.781697e-16
-1.457168e-16
-2.775558e-17
1.249001e-16
1.422473e-16
1.977585e-16
2.498002e-16
3.191891e-16
3.226586e-16
3.053113e-16
2.567391e-16
2.636780e-16
3.157197e-16
3.989864e-16
5.932754e-16
6.834810e-16
8.326673e-16
9.055257e-16
9.194034e-16
1.002670e-15
1.183081e-15
1.304512e-15
1.453698e-15
1.547373e-15
1.665335e-15
1.790235e-15
1.880440e-15
1.925543e-15
1.967176e-15
1.956768e-15
1.987993e-15
2.019218e-15
2.060851e-15
2.036565e-15
2.036565e-15
2.085138e-15
2.157996e-15
2.060851e-15
1.922074e-15
1.859624e-15
1.727785e-15
1.609823e-15
1.620232e-15
1.717376e-15
1.727785e-15
1.654926e-15
1.599415e-15
1.661865e-15
1.724315e-15
1.811051e-15
1.876971e-15
1.977585e-15
2.026157e-15
2.046974e-15
2.105954e-15
2.130240e-15
2.060851e-15
2.081668e-15
2.123302e-15
2.074729e-15
2.026157e-15
2.130240e-15
2.269018e-15
2.300243e-15
2.376571e-15
2.480655e-15
2.539635e-15
2.674944e-15
2.723516e-15
2.779027e-15
2.744333e-15
2.681882e-15
2.563921e-15
2.463307e-15
2.327999e-15
2.223915e-15
2.203099e-15
2.168404e-15
2.026157e-15
1.960238e-15
1.866562e-15
1.797174e-15
1.741662e-15
1.703498e-15
1.693090e-15
1.595946e-15
1.488393e-15
1.412065e-15
1.294104e-15
1.165734e-15
1.085937e-15
9.957313e-16
7.320533e-16
5.932754e-16
4.683753e-16
3.365364e-16
2.567391e-16
1.977585e-16
1.283695e-16
6.938894e-18
-1.179612e-16
-1.630640e-16
-1.040834e-16
2.081668e-17
6.591949e-17
4.857226e-17
9.367507e-17
8.673617e-17
5.204170e-17
-2.081668e-17
-7.979728e-17
-9.367507e-17
-1.838807e-16
-2.636780e-16
-3.261280e-16
-3.573530e-16
-4.024558e-16
-3.642919e-16
-3.365364e-16
-3.226586e-16
-2.116363e-16
-1.040834e-16
-9.367507e-17
-4.857226e-17
2.428613e-17
8.673617e-17
4.510281e-17
-1.144917e-16
-2.359224e-16
-3.330669e-16
-3.538836e-16
-3.885781e-16
-3.122502e-16
-1.595946e-16
-9.367507e-17
-3.469447e-18
4.163336e-17
1.075529e-16
2.220446e-16
2.393918e-16
3.053113e-16
3.642919e-16
3.191891e-16
2.671474e-16
1.908196e-16
7.632783e-17
-6.938894e-17
-1.353084e-16
-1.804112e-16
-2.289835e-16
-3.504141e-16
-4.822531e-16
-6.279699e-16
-7.459311e-16
-8.083811e-16
-8.326673e-16
-7.875645e-16
-7.285839e-16
-6.349088e-16
-4.649059e-16
-3.608225e-16
-1.422473e-16
1.734723e-17
1.561251e-16
2.879641e-16
2.532696e-16
3.087808e-16
3.608225e-16
3.989864e-16
4.475587e-16
4.302114e-16
4.579670e-16
4.753142e-16
6.314393e-16
7.736867e-16
8.430756e-16
9.540979e-16
1.096345e-15
1.179612e-15
1.283695e-15
1.311451e-15
1.460637e-15
1.547373e-15
1.644518e-15
1.731254e-15
1.821460e-15
1.863093e-15
1.946360e-15
1.984524e-15
2.008810e-15
1.991463e-15
2.019218e-15
2.105954e-15
2.067790e-15
2.022688e-15
2.105954e-15
2.130240e-15
1.998401e-15
1.849215e-15
1.706968e-15
1.651457e-15
1.672273e-15
1.720846e-15
1.734723e-15
1.710437e-15
1.706968e-15
1.668804e-15
1.759010e-15
1.828399e-15
1.856154e-15
1.883910e-15
2.046974e-15
2.182282e-15
2.182282e-15
2.216977e-15
2.178813e-15
2.171874e-15
2.223915e-15
2.269018e-15
2.251671e-15
2.199629e-15
2.137179e-15
2.210038e-15
2.182282e-15
2.234324e-15
2.338407e-15
2.463307e-15
2.567391e-15
2.636780e-15
2.723516e-15
2.692291e-15
2.643719e-15
2.494532e-15
2.331468e-15
2.213507e-15
2.102485e-15
1.984524e-15
1.918604e-15
1.890849e-15
1.842276e-15
1.783296e-15
1.717376e-15
1.682682e-15
1.713907e-15
1.696560e-15
1.668804e-15
1.585537e-15
1.498801e-15
1.311451e-15
1.190020e-15
1.016548e-15
8.396062e-16
7.077672e-16
5.655199e-16
4.128642e-16
3.087808e-16
1.942890e-16
1.075529e-16
5.898060e-17
-3.122502e-17
-7.632783e-17
-1.353084e-16
-1.700029e-16
-3.816392e-17
-2.081668e-17
-3.469447e-18
-6.245005e-17
-8.326673e-17
-9.714451e-17
-9.020562e-17
-1.491862e-16
-1.526557e-16
-2.151057e-16
-2.393918e-16
-2.255141e-16
-2.220446e-16
-2.046974e-16
-1.595946e-16
-1.665335e-16
-1.526557e-16
-1.040834e-16
-1.422473e-16
-1.006140e-16
-6.938894e-17
6.938894e-18
-2.428613e-17
-7.285839e-17
-1.110223e-16
-2.671474e-16
-3.122502e-16
-2.914335e-16
-2.810252e-16
-2.498002e-16
-1.040834e-16
-1.040834e-17
-3.816392e-17
6.591949e-17
7.979728e-17
1.700029e-16
2.220446e-16
2.359224e-16
1.908196e-16
2.289835e-16
2.393918e-16
2.428613e-16
1.318390e-16
-1.040834e-17
-1.491862e-16
-1.734723e-16
-2.324529e-16
-2.706169e-16
-3.642919e-16
-4.649059e-16
-5.169476e-16
-5.863365e-16
-6.071532e-16
-6.696033e-16
-5.759282e-16
-4.440892e-16
-3.816392e-16
-2.914335e-16
-1.040834e-16
3.122502e-17
1.040834e-16
2.879641e-16
3.157197e-16
3.400058e-16
4.198031e-16
4.961309e-16
5.169476e-16
6.036838e-16
6.210310e-16
6.834810e-16
8.569534e-16
9.783840e-16
1.044304e-15
1.096345e-15
1.231654e-15
1.377370e-15
1.412065e-15
1.464107e-15
1.575129e-15
1.654926e-15
1.727785e-15
1.748601e-15
1.845746e-15
1.897787e-15
1.987993e-15
1.970646e-15
2.005340e-15
1.984524e-15
1.970646e-15
2.022688e-15
2.095546e-15
2.095546e-15
2.144118e-15
1.984524e-15
2.015749e-15
1.977585e-15
1.842276e-15
1.769418e-15
1.644518e-15
1.654926e-15
1.710437e-15
1.720846e-15
1.863093e-15
1.901257e-15
1.981054e-15
2.022688e-15
2.092077e-15
2.185752e-15
2.303713e-15
2.373102e-15
2.407796e-15
2.414735e-15
2.432082e-15
2.473716e-15
2.449430e-15
2.411266e-15
2.449430e-15
2.300243e-15
2.310652e-15
2.189221e-15
2.196160e-15
2.279427e-15
2.307182e-15
2.484124e-15
2.588207e-15
2.657596e-15
2.654127e-15
2.609024e-15
2.550044e-15
2.390449e-15
2.269018e-15
2.071260e-15
1.852685e-15
1.769418e-15
1.793704e-15
1.863093e-15
1.942890e-15
1.935951e-15
1.828399e-15
1.776357e-15
1.665335e-15
1.644518e-15
1.658396e-15
1.595946e-15
1.471046e-15
1.325329e-15
1.203898e-15
1.040834e-15
8.153200e-16
6.557255e-16
5.169476e-16
4.544976e-16
3.157197e-16
2.151057e-16
7.285839e-17
-5.551115e-17
-1.283695e-16
-1.283695e-16
-1.630640e-16
-1.561251e-16
-1.214306e-16
-1.387779e-17
-2.775558e-17
-8.326673e-17
-5.898060e-17
-6.245005e-17
-7.979728e-17
-7.979728e-17
-5.898060e-17
-2.428613e-17
-2.775558e-17
-4.510281e-17
-5.204170e-17
-9.714451e-17
-1.249001e-16
-1.249001e-16
-1.561251e-16
-1.942890e-16
-1.526557e-16
-7.979728e-17
-6.938894e-18
-5.551115e-17
-1.353084e-16
-1.804112e-16
-2.012279e-16
-3.157197e-16
-2.810252e-16
-3.053113e-16
-2.393918e-16
-1.457168e-16
-5.898060e-17
-1.387779e-17
-1.387779e-17
5.898060e-17
7.285839e-17
1.110223e-16
2.012279e-16
2.116363e-16
2.740863e-16
3.504141e-16
2.949030e-16
2.671474e-16
2.324529e-16
1.838807e-16
6.938894e-18
-6.938894e-17
-1.457168e-16
-1.457168e-16
-2.012279e-16
-3.781697e-16
-4.093947e-16
-3.851086e-16
-3.989864e-16
-3.573530e-16
-3.642919e-16
-3.955170e-16
-3.330669e-16
-3.018419e-16
-1.700029e-16
-2.081668e-17
6.591949e-17
1.665335e-16
2.949030e-16
3.989864e-16
4.753142e-16
6.487866e-16
7.251144e-16
8.083811e-16
8.534840e-16
9.749146e-16
1.016548e-15
1.106754e-15
1.179612e-15
1.221245e-15
1.269818e-15
1.380840e-15
1.457168e-15
1.491862e-15
1.595946e-15
1.727785e-15
1.738193e-15
1.724315e-15
1.817990e-15
1.953299e-15
2.001871e-15
2.026157e-15
1.974115e-15
1.987993e-15
2.119832e-15
2.168404e-15
2.216977e-15
2.310652e-15
2.338407e-15
2.206568e-15
2.137179e-15
1.974115e-15
1.790235e-15
1.668804e-15
1.533496e-15
1.509209e-15
1.502271e-15
1.557782e-15
1.641048e-15
1.759010e-15
1.863093e-15
2.015749e-15
2.085138e-15
2.216977e-15
2.300243e-15
2.314121e-15
2.331468e-15
2.397388e-15
2.428613e-15
2.498002e-15
2.508410e-15
2.518818e-15
2.463307e-15
2.501471e-15
2.439021e-15
2.289835e-15
2.324529e-15
2.369632e-15
2.369632e-15
2.390449e-15
2.546574e-15
2.556982e-15
2.612494e-15
2.563921e-15
2.491063e-15
2.317591e-15
2.088607e-15
1.946360e-15
1.748601e-15
1.679212e-15
1.720846e-15
1.783296e-15
1.797174e-15
1.769418e-15
1.720846e-15
1.641048e-15
1.585537e-15
1.595946e-15
1.571659e-15
1.606354e-15
1.585537e-15
1.467576e-15
1.318390e-15
1.113692e-15
8.291978e-16
6.245005e-16
5.169476e-16
3.538836e-16
2.324529e-16
1.144917e-16
1.040834e-17
-3.816392e-17
-1.561251e-16
-1.734723e-16
-1.942890e-16
-1.942890e-16
-1.387779e-16
-7.632783e-17
3.469447e-18
8.326673e-17
1.179612e-16
6.245005e-17
2.428613e-17
9.714451e-17
1.734723e-16
2.498002e-16
2.428613e-16
1.526557e-16
1.006140e-16
4.510281e-17
-4.857226e-17
-7.632783e-17
-1.110223e-16
-1.665335e-16
-1.318390e-16
-1.734723e-16
-1.283695e-16
-8.673617e-17
-1.700029e-16
-2.636780e-16
-2.428613e-16
-2.012279e-16
-9.020562e-17
-2.428613e-17
-2.081668e-17
-3.122502e-17
1.734723e-16
1.665335e-16
4.857226e-17
8.326673e-17
1.665335e-16
1.526557e-16
1.769418e-16
2.185752e-16
2.740863e-16
2.810252e-16
2.706169e-16
2.081668e-16
2.012279e-16
1.942890e-16
1.318390e-16
5.204170e-17
3.816392e-17
-1.387779e-17
-3.469447e-18
-2.775558e-17
-2.046974e-16
-2.879641e-16
-3.677614e-16
-3.712308e-16
-3.677614e-16
-3.330669e-16
-2.983724e-16
-1.422473e-16
-9.714451e-17
-3.469447e-18
1.595946e-16
2.567391e-16
3.261280e-16
3.851086e-16
4.198031e-16
5.134781e-16
6.696033e-16
8.049117e-16
8.881784e-16
9.714451e-16
1.026956e-15
1.113692e-15
1.169204e-15
1.273287e-15
1.332268e-15
1.429412e-15
1.526557e-15
1.582068e-15
1.637579e-15
1.693090e-15
1.755540e-15
1.731254e-15
1.817990e-15
1.922074e-15
1.960238e-15
2.050443e-15
1.991463e-15
1.887379e-15
1.991463e-15
2.085138e-15
2.203099e-15
2.373102e-15
2.418205e-15
2.203099e-15
2.112893e-15
1.981054e-15
1.852685e-15
1.672273e-15
1.623701e-15
1.512679e-15
1.536965e-15
1.703498e-15
1.759010e-15
1.897787e-15
1.963707e-15
2.140649e-15
2.248202e-15
2.359224e-15
2.411266e-15
2.487593e-15
2.452899e-15
2.511880e-15
2.622902e-15
2.671474e-15
2.681882e-15
2.720046e-15
2.730455e-15
2.674944e-15
2.553513e-15
2.511880e-15
2.414735e-15
2.459838e-15
2.470246e-15
2.487593e-15
2.609024e-15
2.709638e-15
2.640249e-15
2.487593e-15
2.473716e-15
2.352285e-15
2.046974e-15
1.908196e-15
1.783296e-15
1.665335e-15
1.741662e-15
1.804112e-15
1.859624e-15
1.883910e-15
1.786765e-15
1.724315e-15
1.717376e-15
1.609823e-15
1.526557e-15
1.464107e-15
1.415534e-15
1.328798e-15
1.183081e-15
9.645063e-16
7.632783e-16
6.383782e-16
5.204170e-16
3.642919e-16
1.804112e-16
7.632783e-17
-4.510281e-17
-6.591949e-17
-1.214306e-16
-1.665335e-16
-2.324529e-16
-2.081668e-16
-1.942890e-16
-5.204170e-17
1.040834e-16
1.249001e-16
1.595946e-16
1.526557e-16
1.214306e-16
2.463307e-16
3.955170e-16
4.718448e-16
4.961309e-16
4.232725e-16
2.428613e-16
1.873501e-16
1.318390e-16
-1.040834e-17
-7.285839e-17
-1.700029e-16
-2.151057e-16
-2.116363e-16
-2.740863e-16
-2.879641e-16
-3.053113e-16
-3.157197e-16
-2.567391e-16
-1.179612e-16
-6.938894e-18
9.367507e-17
1.769418e-16
1.838807e-16
2.532696e-16
2.567391e-16
3.295975e-16
3.191891e-16
3.191891e-16
3.330669e-16
3.573530e-16
3.816392e-16
3.261280e-16
2.810252e-16
3.191891e-16
3.642919e-16
3.400058e-16
2.983724e-16
2.151057e-16
7.979728e-17
5.551115e-17
2.081668e-17
4.510281e-17
3.469447e-18
-1.422473e-16
-2.185752e-16
-2.081668e-16
-2.671474e-16
-3.226586e-16
-2.498002e-16
-2.532696e-16
-2.810252e-16
-1.873501e-16
-5.204170e-17
1.214306e-16
2.567391e-16
2.914335e-16
3.504141e-16
4.544976e-16
5.065393e-16
6.696033e-16
7.459311e-16
8.985868e-16
9.922618e-16
1.040834e-15
1.134509e-15
1.210837e-15
1.283695e-15
1.311451e-15
1.408595e-15
1.481454e-15
1.561251e-15
1.571659e-15
1.613293e-15
1.682682e-15
1.765948e-15
1.863093e-15
1.949829e-15
1.967176e-15
1.935951e-15
1.849215e-15
1.817990e-15
1.897787e-15
2.074729e-15
2.282896e-15
2.383510e-15
2.321060e-15
2.161465e-15
2.088607e-15
1.991463e-15
1.890849e-15
1.745132e-15
1.630640e-15
1.540434e-15
1.592476e-15
1.738193e-15
1.786765e-15
1.859624e-15
1.994932e-15
2.085138e-15
2.227385e-15
2.237793e-15
2.314121e-15
2.369632e-15
2.470246e-15
2.567391e-15
2.633310e-15
2.661066e-15
2.681882e-15
2.720046e-15
2.681882e-15
2.643719e-15
2.515349e-15
2.515349e-15
2.407796e-15
2.352285e-15
2.404327e-15
2.491063e-15
2.619432e-15
2.664535e-15
2.595146e-15
2.522288e-15
2.518818e-15
2.459838e-15
2.196160e-15
1.863093e-15
1.696560e-15
1.568190e-15
1.727785e-15
1.755540e-15
1.790235e-15
1.797174e-15
1.769418e-15
1.738193e-15
1.665335e-15
1.585537e-15
1.530026e-15
1.488393e-15
1.342676e-15
1.318390e-15
1.214306e-15
1.020017e-15
7.979728e-16
6.661338e-16
5.620504e-16
3.642919e-16
2.498002e-16
1.040834e-16
-3.122502e-17
-3.469447e-17
0.000000e+00
-1.040834e-17
0.000000e+00
0.000000e+00
1.734723e-17
1.734723e-16
2.498002e-16
2.671474e-16
2.498002e-16
1.977585e-16
2.151057e-16
2.983724e-16
4.336809e-16
4.857226e-16
4.718448e-16
4.371503e-16
3.538836e-16
2.463307e-16
1.457168e-16
1.353084e-16
6.938894e-18
-5.898060e-17
-1.491862e-16
-1.977585e-16
-2.393918e-16
-2.289835e-16
-2.116363e-16
-1.908196e-16
-1.491862e-16
3.469447e-17
1.283695e-16
2.185752e-16
3.087808e-16
2.879641e-16
4.406198e-16
3.747003e-16
4.683753e-16
4.891920e-16
4.857226e-16
5.342948e-16
5.412337e-16
4.857226e-16
4.475587e-16
3.400058e-16
2.914335e-16
3.226586e-16
3.747003e-16
3.261280e-16
2.983724e-16
2.463307e-16
1.804112e-16
1.387779e-16
1.769418e-16
1.387779e-16
8.326673e-17
-1.318390e-16
-2.289835e-16
-2.949030e-16
-3.157197e-16
-2.602085e-16
-2.324529e-16
-2.289835e-16
-1.144917e-16
1.040834e-17
1.422473e-16
2.255141e-16
2.949030e-16
3.538836e-16
4.683753e-16
5.655199e-16
6.591949e-16
7.702172e-16
8.222589e-16
9.124645e-16
1.020017e-15
1.117162e-15
1.155326e-15
1.190020e-15
1.255940e-15
1.342676e-15
1.436351e-15
1.505740e-15
1.498801e-15
1.509209e-15
1.568190e-15
1.741662e-15
1.828399e-15
1.911665e-15
1.946360e-15
1.769418e-15
1.689621e-15
1.700029e-15
1.804112e-15
2.071260e-15
2.286366e-15
2.338407e-15
2.175343e-15
2.133710e-15
2.210038e-15
2.241263e-15
2.182282e-15
2.102485e-15
1.991463e-15
1.835337e-15
1.772887e-15
1.894318e-15
1.977585e-15
2.112893e-15
2.282896e-15
2.352285e-15
2.334938e-15
2.390449e-15
2.428613e-15
2.494532e-15
2.602085e-15
2.688821e-15
2.792905e-15
2.876172e-15
2.848416e-15
2.886580e-15
2.810252e-15
2.799844e-15
2.716577e-15
2.622902e-15
2.452899e-15
2.484124e-15
2.612494e-15
2.695760e-15
2.726985e-15
2.674944e-15
2.626371e-15
2.619432e-15
2.668005e-15
2.591677e-15
2.327999e-15
1.981054e-15
1.748601e-15
1.668804e-15
1.675743e-15
1.752071e-15
1.828399e-15
1.866562e-15
1.863093e-15
1.807582e-15
1.686151e-15
1.623701e-15
1.564721e-15
1.505740e-15
1.450229e-15
1.321859e-15
1.120631e-15
9.367507e-16
8.118506e-16
6.245005e-16
4.961309e-16
3.816392e-16
2.949030e-16
1.561251e-16
9.714451e-17
1.457168e-16
1.249001e-16
1.110223e-16
1.561251e-16
1.769418e-16
2.567391e-16
2.949030e-16
3.504141e-16
3.781697e-16
3.087808e-16
2.636780e-16
3.573530e-16
4.371503e-16
4.857226e-16
5.585810e-16
5.551115e-16
4.787837e-16
4.267420e-16
3.330669e-16
3.191891e-16
2.498002e-16
1.804112e-16
4.163336e-17
3.469447e-17
-1.387779e-17
-9.714451e-17
-1.179612e-16
-1.526557e-16
-1.110223e-16
-3.816392e-17
6.591949e-17
2.220446e-16
3.538836e-16
4.579670e-16
4.961309e-16
5.481726e-16
5.169476e-16
5.516421e-16
5.863365e-16
6.036838e-16
5.967449e-16
5.898060e-16
5.412337e-16
5.273559e-16
5.412337e-16
5.100087e-16
4.232725e-16
3.434752e-16
3.816392e-16
3.816392e-16
2.289835e-16
1.387779e-16
1.387779e-16
1.110223e-16
9.020562e-17
5.551115e-17
-7.285839e-17
-1.942890e-16
-2.706169e-16
-3.226586e-16
-3.538836e-16
-3.365364e-16
-3.295975e-16
-2.428613e-16
-1.144917e-16
-1.387779e-17
1.249001e-16
2.532696e-16
3.642919e-16
4.579670e-16
6.279699e-16
7.285839e-16
7.112366e-16
7.736867e-16
8.985868e-16
9.783840e-16
1.120631e-15
1.193490e-15
1.162265e-15
1.269818e-15
1.363493e-15
1.491862e-15
1.547373e-15
1.509209e-15
1.519618e-15
1.575129e-15
1.717376e-15
1.842276e-15
1.922074e-15
1.904726e-15
1.779826e-15
1.738193e-15
1.762479e-15
1.821460e-15
1.939421e-15
2.033096e-15
2.168404e-15
2.102485e-15
2.130240e-15
2.227385e-15
2.293304e-15
2.293304e-15
2.300243e-15
2.189221e-15
2.015749e-15
1.925543e-15
1.963707e-15
2.116363e-15
2.262079e-15
2.334938e-15
2.397388e-15
2.293304e-15
2.418205e-15
2.463307e-15
2.536166e-15
2.553513e-15
2.695760e-15
2.737394e-15
2.789435e-15
2.782496e-15
2.761680e-15
2.792905e-15
2.754741e-15
2.702699e-15
2.629841e-15
2.560452e-15
2.560452e-15
2.647188e-15
2.713108e-15
2.688821e-15
2.609024e-15
2.577799e-15
2.529227e-15
2.473716e-15
2.418205e-15
2.341877e-15
2.074729e-15
1.811051e-15
1.741662e-15
1.634110e-15
1.665335e-15
1.807582e-15
1.811051e-15
1.925543e-15
1.821460e-15
1.759010e-15
1.706968e-15
1.668804e-15
1.630640e-15
1.561251e-15
1.412065e-15
1.242062e-15
1.020017e-15
8.638923e-16
7.320533e-16
5.342948e-16
4.232725e-16
4.024558e-16
2.844947e-16
2.567391e-16
2.046974e-16
2.046974e-16
2.393918e-16
3.295975e-16
3.157197e-16
3.295975e-16
3.573530e-16
3.955170e-16
4.475587e-16
4.059253e-16
4.406198e-16
5.030698e-16
4.961309e-16
4.649059e-16
4.787837e-16
4.787837e-16
3.885781e-16
3.851086e-16
3.747003e-16
3.608225e-16
3.642919e-16
3.157197e-16
2.775558e-16
1.942890e-16
1.249001e-16
8.673617e-17
1.700029e-16
1.700029e-16
1.144917e-16
1.283695e-16
1.942890e-16
3.330669e-16
4.822531e-16
5.100087e-16
4.996004e-16
6.904199e-16
6.834810e-16
6.245005e-16
5.898060e-16
6.140921e-16
6.036838e-16
5.516421e-16
5.689893e-16
5.655199e-16
5.169476e-16
5.516421e-16
5.377643e-16
4.475587e-16
4.198031e-16
4.267420e-16
3.989864e-16
2.879641e-16
1.942890e-16
7.285839e-17
1.700029e-16
1.665335e-16
7.979728e-17
-4.163336e-17
-1.075529e-16
-1.526557e-16
-2.289835e-16
-2.498002e-16
-2.324529e-16
-2.255141e-16
-1.491862e-16
-4.163336e-17
4.857226e-17
2.289835e-16
3.816392e-16
5.030698e-16
5.308254e-16
6.349088e-16
7.181755e-16
8.083811e-16
8.777701e-16
9.159340e-16
9.089951e-16
1.013079e-15
1.106754e-15
1.144917e-15
1.318390e-15
1.425943e-15
1.550843e-15
1.589007e-15
1.647987e-15
1.713907e-15
1.741662e-15
1.887379e-15
1.883910e-15
1.849215e-15
1.741662e-15
1.724315e-15
1.786765e-15
1.821460e-15
1.922074e-15
1.974115e-15
1.994932e-15
2.071260e-15
2.210038e-15
2.369632e-15
2.449430e-15
2.439021e-15
2.445960e-15
2.282896e-15
2.289835e-15
2.262079e-15
2.296774e-15
2.383510e-15
2.463307e-15
2.456368e-15
2.619432e-15
2.629841e-15
2.654127e-15
2.744333e-15
2.831069e-15
2.865763e-15
2.890049e-15
3.021888e-15
3.035766e-15
2.997602e-15
2.966377e-15
2.900458e-15
2.886580e-15
2.886580e-15
2.869233e-15
2.827599e-15
2.751271e-15
2.751271e-15
2.761680e-15
2.761680e-15
2.695760e-15
2.595146e-15
2.532696e-15
2.449430e-15
2.369632e-15
2.321060e-15
2.164935e-15
2.022688e-15
1.904726e-15
1.811051e-15
1.793704e-15
1.842276e-15
1.828399e-15
1.922074e-15
1.786765e-15
1.880440e-15
1.849215e-15
1.776357e-15
1.693090e-15
1.523087e-15
1.387779e-15
1.176143e-15
9.402201e-16
8.049117e-16
7.008283e-16
6.036838e-16
5.342948e-16
3.989864e-16
4.093947e-16
4.371503e-16
3.642919e-16
3.226586e-16
2.949030e-16
2.983724e-16
3.261280e-16
3.434752e-16
3.191891e-16
3.608225e-16
4.024558e-16
4.544976e-16
4.996004e-16
5.134781e-16
5.342948e-16
5.030698e-16
5.273559e-16
5.481726e-16
5.551115e-16
5.134781e-16
5.516421e-16
4.440892e-16
4.579670e-16
4.163336e-16
4.267420e-16
4.024558e-16
4.267420e-16
4.093947e-16
3.816392e-16
3.538836e-16
3.573530e-16
3.608225e-16
3.677614e-16
4.232725e-16
4.961309e-16
5.793976e-16
6.453171e-16
6.591949e-16
6.661338e-16
6.834810e-16
6.106227e-16
5.551115e-16
5.308254e-16
4.891920e-16
5.204170e-16
4.891920e-16
4.718448e-16
4.024558e-16
4.128642e-16
5.134781e-16
5.308254e-16
5.447032e-16
5.655199e-16
3.538836e-16
2.081668e-16
9.714451e-17
5.204170e-17
9.020562e-17
1.040834e-16
2.081668e-17
-2.081668e-17
-2.428613e-17
-6.938894e-17
-6.938894e-17
-1.214306e-16
-1.110223e-16
-1.075529e-16
6.938894e-18
1.110223e-16
2.185752e-16
3.261280e-16
4.475587e-16
5.724587e-16
6.626644e-16
6.973588e-16
6.904199e-16
7.355228e-16
8.049117e-16
8.291978e-16
9.402201e-16
1.054712e-15
1.162265e-15
1.245531e-15
1.405126e-15
1.419004e-15
1.547373e-15
1.738193e-15
1.817990e-15
1.838807e-15
1.870032e-15
1.814521e-15
1.762479e-15
1.793704e-15
1.824929e-15
1.845746e-15
1.849215e-15
1.987993e-15
2.046974e-15
2.095546e-15
2.151057e-15
2.178813e-15
2.279427e-15
2.331468e-15
2.393918e-15
2.383510e-15
2.418205e-15
2.373102e-15
2.331468e-15
2.258610e-15
2.373102e-15
2.511880e-15
2.546574e-15
2.681882e-15
2.772088e-15
2.827599e-15
2.900458e-15
2.959438e-15
2.990663e-15
3.042705e-15
3.035766e-15
3.035766e-15
2.987194e-15
2.994133e-15
2.879641e-15
2.879641e-15
2.886580e-15
2.810252e-15
2.806783e-15
2.720046e-15
2.726985e-15
2.678413e-15
2.615963e-15
2.491063e-15
2.400857e-15
2.352285e-15
2.345346e-15
2.300243e-15
2.248202e-15
2.175343e-15
2.033096e-15
1.981054e-15
1.894318e-15
1.814521e-15
1.856154e-15
1.946360e-15
1.849215e-15
1.831868e-15
1.901257e-15
1.859624e-15
1.720846e-15
1.606354e-15
1.589007e-15
1.436351e-15
1.144917e-15
9.610368e-16
8.743006e-16
7.840950e-16
7.216450e-16
6.036838e-16
5.585810e-16
5.273559e-16
4.718448e-16
4.753142e-16
3.747003e-16
3.330669e-16
3.226586e-16
3.642919e-16
3.573530e-16
3.122502e-16
3.226586e-16
3.677614e-16
4.961309e-16
5.377643e-16
5.863365e-16
6.557255e-16
6.418477e-16
6.140921e-16
5.481726e-16
5.308254e-16
4.544976e-16
4.961309e-16
6.002143e-16
6.279699e-16
6.314393e-16
6.245005e-16
5.481726e-16
4.996004e-16
4.926615e-16
4.475587e-16
4.440892e-16
4.996004e-16
5.447032e-16
5.447032e-16
5.342948e-16
4.891920e-16
5.655199e-16
5.689893e-16
6.453171e-16
6.800116e-16
6.730727e-16
7.008283e-16
6.245005e-16
5.308254e-16
5.377643e-16
5.030698e-16
5.030698e-16
5.342948e-16
4.857226e-16
4.822531e-16
4.267420e-16
5.342948e-16
6.071532e-16
5.620504e-16
4.614364e-16
4.093947e-16
2.949030e-16
1.630640e-16
2.081668e-16
2.498002e-16
2.359224e-16
1.769418e-16
1.526557e-16
1.595946e-16
1.526557e-16
9.020562e-17
9.020562e-17
-6.938894e-18
2.428613e-17
1.110223e-16
2.185752e-16
3.538836e-16
4.787837e-16
5.238865e-16
5.967449e-16
5.655199e-16
5.898060e-16
6.349088e-16
6.904199e-16
8.014422e-16
8.534840e-16
9.124645e-16
1.065120e-15
1.176143e-15
1.276756e-15
1.401657e-15
1.568190e-15
1.734723e-15
1.838807e-15
1.842276e-15
1.831868e-15
1.769418e-15
1.755540e-15
1.849215e-15
1.925543e-15
1.963707e-15
2.008810e-15
2.012279e-15
2.043504e-15
2.105954e-15
2.178813e-15
2.324529e-15
2.359224e-15
2.435552e-15
2.508410e-15
2.543105e-15
2.584738e-15
2.498002e-15
2.546574e-15
2.525757e-15
2.532696e-15
2.633310e-15
2.685352e-15
2.844947e-15
3.063522e-15
3.125972e-15
3.160666e-15
3.247402e-15
3.289036e-15
3.257811e-15
3.219647e-15
3.216177e-15
3.167605e-15
3.094747e-15
3.080869e-15
3.060052e-15
2.955969e-15
2.851885e-15
2.844947e-15
2.772088e-15
2.702699e-15
2.664535e-15
2.609024e-15
2.532696e-15
2.487593e-15
2.407796e-15
2.369632e-15
2.380041e-15
2.432082e-15
2.345346e-15
2.227385e-15
2.088607e-15
2.085138e-15
2.112893e-15
2.057382e-15
2.026157e-15
2.005340e-15
2.081668e-15
1.987993e-15
1.883910e-15
1.776357e-15
1.700029e-15
1.516148e-15
1.335737e-15
1.134509e-15
9.992007e-16
8.638923e-16
7.632783e-16
7.389922e-16
6.314393e-16
5.585810e-16
4.961309e-16
4.267420e-16
4.232725e-16
3.677614e-16
3.851086e-16
3.747003e-16
3.955170e-16
3.504141e-16
3.642919e-16
5.030698e-16
5.238865e-16
5.793976e-16
5.655199e-16
6.210310e-16
6.626644e-16
6.765422e-16
6.487866e-16
6.591949e-16
6.314393e-16
6.002143e-16
6.175616e-16
7.008283e-16
7.181755e-16
7.216450e-16
7.494005e-16
8.430756e-16
7.424616e-16
6.973588e-16
6.973588e-16
6.938894e-16
7.216450e-16
7.563394e-16
7.077672e-16
7.042977e-16
6.522560e-16
6.279699e-16
6.557255e-16
6.696033e-16
7.042977e-16
6.626644e-16
6.591949e-16
6.487866e-16
6.002143e-16
5.828671e-16
5.065393e-16
4.544976e-16
3.504141e-16
3.226586e-16
3.469447e-16
5.169476e-16
6.036838e-16
6.453171e-16
6.210310e-16
5.342948e-16
4.024558e-16
4.024558e-16
3.642919e-16
3.538836e-16
3.920475e-16
4.406198e-16
3.226586e-16
1.804112e-16
1.457168e-16
1.179612e-16
1.179612e-16
4.510281e-17
5.898060e-17
1.006140e-16
1.700029e-16
2.255141e-16
3.087808e-16
3.989864e-16
4.996004e-16
5.516421e-16
5.759282e-16
5.377643e-16
5.898060e-16
6.626644e-16
7.632783e-16
8.951173e-16
9.575674e-16
1.009609e-15
1.165734e-15
1.360023e-15
1.471046e-15
1.654926e-15
1.772887e-15
1.779826e-15
1.752071e-15
1.783296e-15
1.807582e-15
1.786765e-15
1.776357e-15
1.880440e-15
1.942890e-15
2.001871e-15
2.026157e-15
2.161465e-15
2.144118e-15
2.230854e-15
2.369632e-15
2.435552e-15
2.546574e-15
2.702699e-15
2.647188e-15
2.671474e-15
2.657596e-15
2.640249e-15
2.588207e-15
2.560452e-15
2.668005e-15
2.699230e-15
2.799844e-15
3.032297e-15
3.122502e-15
3.205769e-15
3.202300e-15
3.236994e-15
3.223116e-15
3.289036e-15
3.240463e-15
3.160666e-15
3.105155e-15
3.046174e-15
2.973316e-15
2.841477e-15
2.765149e-15
2.661066e-15
2.726985e-15
2.685352e-15
2.602085e-15
2.647188e-15
2.563921e-15
2.449430e-15
2.393918e-15
2.303713e-15
2.293304e-15
2.286366e-15
2.296774e-15
2.286366e-15
2.157996e-15
2.033096e-15
2.092077e-15
2.064321e-15
2.123302e-15
2.119832e-15
2.064321e-15
1.967176e-15
1.915135e-15
1.859624e-15
1.654926e-15
1.519618e-15
1.349615e-15
1.193490e-15
1.092876e-15
9.540979e-16
8.291978e-16
6.869505e-16
6.973588e-16
6.765422e-16
5.689893e-16
5.481726e-16
4.996004e-16
5.620504e-16
5.342948e-16
5.204170e-16
4.579670e-16
4.891920e-16
5.308254e-16
4.926615e-16
4.996004e-16
5.863365e-16
5.412337e-16
5.793976e-16
6.106227e-16
6.487866e-16
6.661338e-16
6.175616e-16
5.481726e-16
6.418477e-16
6.661338e-16
7.598089e-16
7.736867e-16
7.563394e-16
7.632783e-16
8.257284e-16
8.118506e-16
8.187895e-16
8.326673e-16
8.777701e-16
9.887924e-16
9.610368e-16
8.951173e-16
8.673617e-16
7.355228e-16
6.487866e-16
6.730727e-16
8.985868e-16
8.430756e-16
7.702172e-16
6.938894e-16
6.383782e-16
6.522560e-16
6.071532e-16
5.620504e-16
5.551115e-16
5.204170e-16
4.996004e-16
4.475587e-16
5.238865e-16
6.175616e-16
6.036838e-16
5.551115e-16
5.481726e-16
5.342948e-16
5.516421e-16
5.238865e-16
4.718448e-16
4.822531e-16
5.724587e-16
5.065393e-16
4.059253e-16
2.775558e-16
1.942890e-16
2.324529e-16
1.769418e-16
2.220446e-16
1.873501e-16
2.359224e-16
2.116363e-16
2.081668e-16
2.220446e-16
2.844947e-16
3.504141e-16
3.365364e-16
3.261280e-16
4.336809e-16
5.273559e-16
6.140921e-16
7.424616e-16
7.945034e-16
9.124645e-16
1.110223e-15
1.217776e-15
1.439820e-15
1.627171e-15
1.672273e-15
1.682682e-15
1.668804e-15
1.686151e-15
1.762479e-15
1.797174e-15
1.856154e-15
1.883910e-15
1.946360e-15
2.026157e-15
2.109424e-15
2.251671e-15
2.289835e-15
2.376571e-15
2.393918e-15
2.529227e-15
2.615963e-15
2.709638e-15
2.758210e-15
2.848416e-15
2.917805e-15
2.858824e-15
2.740863e-15
2.716577e-15
2.747802e-15
2.907397e-15
2.949030e-15
3.205769e-15
3.327200e-15
3.302913e-15
3.257811e-15
3.327200e-15
3.400058e-15
3.403527e-15
3.393119e-15
3.389650e-15
3.313322e-15
3.299444e-15
3.153727e-15
3.063522e-15
3.018419e-15
2.969847e-15
2.966377e-15
2.869233e-15
2.740863e-15
2.671474e-15
2.647188e-15
2.550044e-15
2.487593e-15
2.435552e-15
2.359224e-15
2.296774e-15
2.373102e-15
2.373102e-15
2.307182e-15
2.300243e-15
2.293304e-15
2.262079e-15
2.279427e-15
2.203099e-15
2.119832e-15
2.033096e-15
2.043504e-15
2.078199e-15
1.894318e-15
1.720846e-15
1.536965e-15
1.363493e-15
1.203898e-15
1.078998e-15
9.332812e-16
7.528700e-16
6.626644e-16
6.904199e-16
7.112366e-16
6.696033e-16
6.661338e-16
7.251144e-16
7.216450e-16
6.661338e-16
5.620504e-16
5.447032e-16
5.828671e-16
5.516421e-16
5.100087e-16
5.828671e-16
6.314393e-16
6.175616e-16
6.453171e-16
6.522560e-16
6.036838e-16
5.030698e-16
5.342948e-16
6.279699e-16
7.008283e-16
7.771561e-16
8.153200e-16
8.673617e-16
9.783840e-16
9.957313e-16
9.679757e-16
9.679757e-16
9.992007e-16
1.078998e-15
1.106754e-15
1.148387e-15
1.117162e-15
1.026956e-15
9.540979e-16
9.436896e-16
8.916479e-16
1.047773e-15
9.436896e-16
8.604228e-16
7.910339e-16
7.077672e-16
6.591949e-16
6.453171e-16
6.765422e-16
6.869505e-16
7.042977e-16
7.147061e-16
7.216450e-16
6.002143e-16
6.418477e-16
6.696033e-16
7.251144e-16
7.216450e-16
7.355228e-16
6.591949e-16
7.147061e-16
6.834810e-16
6.522560e-16
6.591949e-16
6.626644e-16
6.175616e-16
5.065393e-16
4.614364e-16
3.885781e-16
3.677614e-16
3.400058e-16
2.775558e-16
2.914335e-16
3.018419e-16
2.255141e-16
1.908196e-16
2.706169e-16
2.983724e-16
2.567391e-16
2.983724e-16
3.330669e-16
3.989864e-16
5.238865e-16
6.383782e-16
7.251144e-16
8.500145e-16
1.013079e-15
1.183081e-15
1.415534e-15
1.561251e-15
1.609823e-15
1.637579e-15
1.595946e-15
1.654926e-15
1.665335e-15
1.811051e-15
1.831868e-15
1.824929e-15
1.922074e-15
2.040035e-15
2.164935e-15
2.199629e-15
2.355754e-15
2.473716e-15
2.609024e-15
2.657596e-15
2.779027e-15
2.817191e-15
2.782496e-15
2.841477e-15
2.879641e-15
2.900458e-15
2.924744e-15
2.872702e-15
2.848416e-15
2.928213e-15
3.004541e-15
3.105155e-15
3.112094e-15
3.191891e-15
3.282097e-15
3.275158e-15
3.313322e-15
3.257811e-15
3.247402e-15
3.285566e-15
3.257811e-15
3.289036e-15
3.181483e-15
3.091277e-15
3.018419e-15
3.035766e-15
3.032297e-15
3.001072e-15
2.858824e-15
2.824130e-15
2.723516e-15
2.664535e-15
2.612494e-15
2.508410e-15
2.428613e-15
2.331468e-15
2.303713e-15
2.317591e-15
2.383510e-15
2.373102e-15
2.293304e-15
2.230854e-15
2.237793e-15
2.210038e-15
2.105954e-15
2.116363e-15
2.137179e-15
2.095546e-15
1.956768e-15
1.866562e-15
1.731254e-15
1.547373e-15
1.405126e-15
1.273287e-15
1.020017e-15
8.187895e-16
7.494005e-16
7.736867e-16
8.049117e-16
7.840950e-16
8.396062e-16
8.708312e-16
8.812395e-16
8.430756e-16
7.528700e-16
6.730727e-16
6.765422e-16
6.210310e-16
6.245005e-16
6.210310e-16
6.314393e-16
5.620504e-16
5.204170e-16
5.655199e-16
5.204170e-16
5.065393e-16
5.412337e-16
6.210310e-16
7.042977e-16
8.014422e-16
8.708312e-16
9.471590e-16
9.610368e-16
9.818535e-16
1.113692e-15
1.110223e-15
1.224715e-15
1.294104e-15
1.203898e-15
1.228184e-15
1.217776e-15
1.231654e-15
1.242062e-15
1.169204e-15
1.075529e-15
1.349615e-15
1.269818e-15
1.207368e-15
1.169204e-15
1.092876e-15
9.298118e-16
8.430756e-16
8.743006e-16
9.020562e-16
1.030426e-15
1.002670e-15
9.957313e-16
9.645063e-16
8.534840e-16
8.326673e-16
7.979728e-16
7.563394e-16
8.604228e-16
9.436896e-16
9.853229e-16
9.679757e-16
9.783840e-16
8.743006e-16
8.951173e-16
8.604228e-16
8.153200e-16
7.459311e-16
6.487866e-16
5.967449e-16
5.273559e-16
4.857226e-16
3.504141e-16
3.400058e-16
3.018419e-16
2.879641e-16
2.220446e-16
2.220446e-16
2.289835e-16
1.457168e-16
4.163336e-17
2.359224e-16
4.579670e-16
6.314393e-16
7.251144e-16
8.569534e-16
1.047773e-15
1.179612e-15
1.255940e-15
1.335737e-15
1.405126e-15
1.311451e-15
1.370432e-15
1.488393e-15
1.620232e-15
1.706968e-15
1.800643e-15
1.873501e-15
1.883910e-15
2.029626e-15
2.151057e-15
2.227385e-15
2.338407e-15
2.439021e-15
2.574330e-15
2.668005e-15
2.744333e-15
2.740863e-15
2.831069e-15
2.792905e-15
2.910866e-15
3.108624e-15
3.157197e-15
3.191891e-15
3.112094e-15
3.021888e-15
3.056583e-15
3.112094e-15
3.230055e-15
3.299444e-15
3.351486e-15
3.417405e-15
3.372302e-15
3.382711e-15
3.295975e-15
3.254341e-15
3.285566e-15
3.226586e-15
3.209238e-15
3.257811e-15
3.254341e-15
3.167605e-15
3.119033e-15
3.115563e-15
3.073930e-15
3.008011e-15
2.869233e-15
2.869233e-15
2.733924e-15
2.626371e-15
2.508410e-15
2.498002e-15
2.484124e-15
2.470246e-15
2.435552e-15
2.435552e-15
2.393918e-15
2.341877e-15
2.352285e-15
2.421674e-15
2.324529e-15
2.293304e-15
2.286366e-15
2.185752e-15
2.119832e-15
2.088607e-15
1.987993e-15
1.755540e-15
1.585537e-15
1.408595e-15
1.141448e-15
8.638923e-16
8.153200e-16
8.500145e-16
8.708312e-16
9.783840e-16
9.540979e-16
9.922618e-16
9.020562e-16
8.951173e-16
8.708312e-16
7.702172e-16
7.112366e-16
5.932754e-16
6.487866e-16
6.626644e-16
6.800116e-16
6.106227e-16
5.204170e-16
4.961309e-16
4.891920e-16
4.996004e-16
5.863365e-16
6.383782e-16
7.563394e-16
9.020562e-16
9.645063e-16
9.540979e-16
1.075529e-15
1.082467e-15
1.162265e-15
1.301043e-15
1.332268e-15
1.280226e-15
1.269818e-15
1.318390e-15
1.384309e-15
1.373901e-15
1.412065e-15
1.363493e-15
1.401657e-15
1.554312e-15
1.491862e-15
1.401657e-15
1.297573e-15
1.151856e-15
1.068590e-15
9.957313e-16
9.818535e-16
9.853229e-16
1.092876e-15
1.148387e-15
1.144917e-15
1.078998e-15
1.002670e-15
1.006140e-15
1.044304e-15
1.092876e-15
1.051242e-15
1.040834e-15
1.120631e-15
1.124101e-15
1.075529e-15
1.078998e-15
1.148387e-15
1.124101e-15
1.065120e-15
9.263423e-16
8.951173e-16
7.494005e-16
6.071532e-16
4.683753e-16
3.920475e-16
3.226586e-16
2.810252e-16
1.838807e-16
1.804112e-16
1.838807e-16
2.255141e-16
2.151057e-16
8.673617e-17
7.979728e-17
1.318390e-16
3.920475e-16
6.696033e-16
8.673617e-16
1.061651e-15
1.106754e-15
1.131040e-15
1.224715e-15
1.311451e-15
1.304512e-15
1.353084e-15
1.321859e-15
1.398187e-15
1.457168e-15
1.554312e-15
1.623701e-15
1.779826e-15
1.953299e-15
2.130240e-15
2.258610e-15
2.390449e-15
2.491063e-15
2.543105e-15
2.553513e-15
2.529227e-15
2.612494e-15
2.765149e-15
2.796374e-15
2.893519e-15
2.997602e-15
3.056583e-15
3.001072e-15
2.980255e-15
2.969847e-15
2.886580e-15
2.827599e-15
2.855355e-15
2.949030e-15
3.066991e-15
3.157197e-15
3.167605e-15
3.195361e-15
3.178013e-15
3.240463e-15
3.226586e-15
3.184952e-15
3.178013e-15
3.119033e-15
3.181483e-15
3.184952e-15
3.164136e-15
3.236994e-15
3.226586e-15
3.143319e-15
3.108624e-15
2.994133e-15
2.858824e-15
2.692291e-15
2.584738e-15
2.459838e-15
2.484124e-15
2.376571e-15
2.331468e-15
2.376571e-15
2.376571e-15
2.345346e-15
2.241263e-15
2.258610e-15
2.213507e-15
2.178813e-15
2.255141e-15
2.248202e-15
2.203099e-15
2.216977e-15
2.178813e-15
1.953299e-15
1.682682e-15
1.356554e-15
1.037365e-15
8.847090e-16
8.118506e-16
8.847090e-16
9.124645e-16
9.402201e-16
9.436896e-16
9.367507e-16
9.298118e-16
8.881784e-16
7.910339e-16
7.598089e-16
6.834810e-16
6.904199e-16
7.389922e-16
7.355228e-16
7.632783e-16
7.806256e-16
7.147061e-16
6.696033e-16
5.412337e-16
5.516421e-16
6.071532e-16
7.112366e-16
7.840950e-16
8.847090e-16
1.006140e-15
1.061651e-15
1.169204e-15
1.245531e-15
1.179612e-15
1.363493e-15
1.471046e-15
1.460637e-15
1.464107e-15
1.405126e-15
1.387779e-15
1.446759e-15
1.491862e-15
1.484923e-15
1.512679e-15
1.620232e-15
1.672273e-15
1.665335e-15
1.550843e-15
1.450229e-15
1.394718e-15
1.311451e-15
1.276756e-15
1.346145e-15
1.314920e-15
1.325329e-15
1.280226e-15
1.262879e-15
1.266348e-15
1.249001e-15
1.235123e-15
1.287165e-15
1.290634e-15
1.332268e-15
1.321859e-15
1.290634e-15
1.217776e-15
1.249001e-15
1.259409e-15
1.262879e-15
1.186551e-15
1.068590e-15
9.853229e-16
7.875645e-16
6.696033e-16
4.822531e-16
3.851086e-16
2.844947e-16
1.353084e-16
6.938894e-17
9.714451e-17
1.422473e-16
1.630640e-16
7.285839e-17
-4.510281e-17
-1.491862e-16
-7.632783e-17
1.283695e-16
3.851086e-16
6.383782e-16
9.367507e-16
1.117162e-15
1.113692e-15
1.172673e-15
1.137979e-15
1.200429e-15
1.249001e-15
1.276756e-15
1.380840e-15
1.415534e-15
1.568190e-15
1.731254e-15
1.863093e-15
1.942890e-15
1.981054e-15
2.203099e-15
2.255141e-15
2.373102e-15
2.445960e-15
2.484124e-15
2.563921e-15
2.598616e-15
2.622902e-15
2.747802e-15
2.803313e-15
2.938622e-15
3.046174e-15
3.035766e-15
3.018419e-15
3.025358e-15
3.011480e-15
3.070461e-15
3.129441e-15
3.188422e-15
3.250872e-15
3.351486e-15
3.316791e-15
3.230055e-15
3.160666e-15
3.212708e-15
3.247402e-15
3.278627e-15
3.271688e-15
3.243933e-15
3.271688e-15
3.309852e-15
3.289036e-15
3.292505e-15
3.268219e-15
3.178013e-15
3.098216e-15
2.997602e-15
2.883110e-15
2.779027e-15
2.681882e-15
2.695760e-15
2.588207e-15
2.553513e-15
2.581269e-15
2.515349e-15
2.470246e-15
2.421674e-15
2.466777e-15
2.324529e-15
2.289835e-15
2.251671e-15
2.230854e-15
2.251671e-15
2.227385e-15
2.244732e-15
2.237793e-15
2.005340e-15
1.706968e-15
1.297573e-15
9.540979e-16
8.951173e-16
9.159340e-16
9.645063e-16
9.714451e-16
9.332812e-16
9.749146e-16
9.402201e-16
9.783840e-16
8.777701e-16
8.187895e-16
8.083811e-16
7.979728e-16
8.187895e-16
8.708312e-16
8.985868e-16
9.436896e-16
8.916479e-16
8.187895e-16
7.598089e-16
7.112366e-16
7.181755e-16
7.389922e-16
8.326673e-16
9.471590e-16
1.002670e-15
1.144917e-15
1.280226e-15
1.249001e-15
1.328798e-15
1.405126e-15
1.474515e-15
1.495332e-15
1.547373e-15
1.589007e-15
1.568190e-15
1.568190e-15
1.557782e-15
1.533496e-15
1.547373e-15
1.620232e-15
1.700029e-15
1.720846e-15
1.647987e-15
1.564721e-15
1.512679e-15
1.460637e-15
1.419004e-15
1.394718e-15
1.342676e-15
1.283695e-15
1.342676e-15
1.450229e-15
1.491862e-15
1.491862e-15
1.488393e-15
1.519618e-15
1.484923e-15
1.568190e-15
1.523087e-15
1.471046e-15
1.387779e-15
1.269818e-15
1.266348e-15
1.325329e-15
1.335737e-15
1.262879e-15
1.224715e-15
1.089406e-15
8.396062e-16
6.245005e-16
4.857226e-16
3.365364e-16
2.255141e-16
1.457168e-16
4.857226e-17
-4.510281e-17
8.326673e-17
9.714451e-17
8.326673e-17
6.938894e-18
-1.006140e-16
-5.898060e-17
1.214306e-16
4.440892e-16
6.765422e-16
8.916479e-16
9.922618e-16
1.075529e-15
1.113692e-15
1.124101e-15
1.200429e-15
1.245531e-15
1.262879e-15
1.307982e-15
1.314920e-15
1.429412e-15
1.526557e-15
1.668804e-15
1.769418e-15
1.925543e-15
2.043504e-15
2.230854e-15
2.341877e-15
2.369632e-15
2.421674e-15
2.515349e-15
2.605555e-15
2.577799e-15
2.674944e-15
2.681882e-15
2.768619e-15
2.824130e-15
2.862294e-15
2.841477e-15
2.855355e-15
2.831069e-15
2.886580e-15
2.865763e-15
2.865763e-15
2.883110e-15
2.921274e-15
3.018419e-15
3.014949e-15
3.028827e-15
2.994133e-15
3.001072e-15
3.035766e-15
3.150258e-15
3.150258e-15
3.198830e-15
3.209238e-15
3.160666e-15
3.098216e-15
3.028827e-15
2.976785e-15
2.976785e-15
2.997602e-15
2.914335e-15
2.779027e-15
2.681882e-15
2.640249e-15
2.473716e-15
2.449430e-15
2.366163e-15
2.348816e-15
2.275957e-15
2.262079e-15
2.161465e-15
2.074729e-15
1.991463e-15
1.984524e-15
1.956768e-15
2.012279e-15
2.088607e-15
2.001871e-15
1.942890e-15
1.734723e-15
1.495332e-15
1.210837e-15
9.575674e-16
7.910339e-16
8.812395e-16
9.540979e-16
9.645063e-16
9.853229e-16
9.471590e-16
8.985868e-16
9.124645e-16
9.332812e-16
9.263423e-16
8.985868e-16
8.569534e-16
8.326673e-16
8.049117e-16
8.222589e-16
7.771561e-16
7.528700e-16
8.153200e-16
8.083811e-16
8.222589e-16
8.708312e-16
8.500145e-16
9.020562e-16
1.033895e-15
1.103284e-15
1.200429e-15
1.328798e-15
1.398187e-15
1.453698e-15
1.530026e-15
1.568190e-15
1.675743e-15
1.734723e-15
1.661865e-15
1.630640e-15
1.575129e-15
1.543904e-15
1.505740e-15
1.592476e-15
1.630640e-15
1.863093e-15
1.883910e-15
1.904726e-15
1.842276e-15
1.835337e-15
1.720846e-15
1.554312e-15
1.599415e-15
1.589007e-15
1.585537e-15
1.592476e-15
1.651457e-15
1.717376e-15
1.765948e-15
1.717376e-15
1.599415e-15
1.575129e-15
1.609823e-15
1.609823e-15
1.637579e-15
1.530026e-15
1.450229e-15
1.477984e-15
1.509209e-15
1.498801e-15
1.366962e-15
1.190020e-15
1.078998e-15
9.922618e-16
7.702172e-16
6.557255e-16
4.996004e-16
3.400058e-16
1.838807e-16
2.775558e-17
4.163336e-17
3.469447e-18
6.938894e-17
4.510281e-17
-2.081668e-17
-1.387779e-16
-4.857226e-17
1.457168e-16
4.198031e-16
6.938894e-16
8.326673e-16
9.402201e-16
9.783840e-16
1.075529e-15
1.051242e-15
9.679757e-16
1.020017e-15
1.085937e-15
1.117162e-15
1.255940e-15
1.408595e-15
1.519618e-15
1.620232e-15
1.700029e-15
1.866562e-15
1.953299e-15
2.043504e-15
2.171874e-15
2.275957e-15
2.355754e-15
2.529227e-15
2.647188e-15
2.692291e-15
2.789435e-15
2.890049e-15
2.903927e-15
2.976785e-15
3.028827e-15
3.063522e-15
3.105155e-15
3.080869e-15
3.028827e-15
3.053113e-15
3.049644e-15
3.070461e-15
2.997602e-15
3.094747e-15
3.108624e-15
3.119033e-15
3.087808e-15
3.171075e-15
3.153727e-15
3.094747e-15
3.146788e-15
3.174544e-15
3.167605e-15
3.143319e-15
3.101686e-15
3.025358e-15
2.969847e-15
2.955969e-15
2.883110e-15
2.827599e-15
2.702699e-15
2.692291e-15
2.647188e-15
2.529227e-15
2.432082e-15
2.345346e-15
2.324529e-15
2.321060e-15
2.137179e-15
2.092077e-15
1.987993e-15
1.856154e-15
1.821460e-15
1.800643e-15
1.814521e-15
1.873501e-15
1.866562e-15
1.772887e-15
1.606354e-15
1.363493e-15
1.134509e-15
9.506285e-16
8.500145e-16
8.569534e-16
8.743006e-16
9.367507e-16
8.673617e-16
8.673617e-16
8.361367e-16
9.159340e-16
9.714451e-16
9.332812e-16
9.298118e-16
9.194034e-16
8.534840e-16
8.049117e-16
8.291978e-16
8.361367e-16
7.910339e-16
8.083811e-16
8.569534e-16
9.887924e-16
9.853229e-16
1.103284e-15
1.203898e-15
1.394718e-15
1.380840e-15
1.387779e-15
1.398187e-15
1.457168e-15
1.488393e-15
1.602884e-15
1.668804e-15
1.731254e-15
1.779826e-15
1.811051e-15
1.759010e-15
1.682682e-15
1.620232e-15
1.557782e-15
1.606354e-15
1.755540e-15
1.800643e-15
1.849215e-15
1.894318e-15
1.942890e-15
1.925543e-15
1.870032e-15
1.783296e-15
1.734723e-15
1.651457e-15
1.654926e-15
1.710437e-15
1.817990e-15
1.870032e-15
1.901257e-15
1.870032e-15
1.824929e-15
1.713907e-15
1.682682e-15
1.686151e-15
1.727785e-15
1.703498e-15
1.668804e-15
1.602884e-15
1.519618e-15
1.488393e-15
1.467576e-15
1.283695e-15
1.127570e-15
9.957313e-16
8.777701e-16
7.389922e-16
5.342948e-16
3.781697e-16
1.942890e-16
2.775558e-17
-9.367507e-17
-3.122502e-17
4.857226e-17
1.006140e-16
3.469447e-17
-2.775558e-17
6.591949e-17
1.353084e-16
2.914335e-16
5.967449e-16
7.632783e-16
8.430756e-16
8.153200e-16
8.118506e-16
8.430756e-16
9.506285e-16
1.020017e-15
1.030426e-15
1.020017e-15
1.193490e-15
1.328798e-15
1.387779e-15
1.450229e-15
1.561251e-15
1.637579e-15
1.790235e-15
2.022688e-15
2.095546e-15
2.199629e-15
2.307182e-15
2.397388e-15
2.466777e-15
2.602085e-15
2.720046e-15
2.765149e-15
2.744333e-15
2.799844e-15
2.903927e-15
2.962908e-15
2.921274e-15
2.872702e-15
2.893519e-15
2.848416e-15
2.921274e-15
2.966377e-15
2.931683e-15
2.886580e-15
2.921274e-15
2.955969e-15
2.938622e-15
2.938622e-15
2.910866e-15
2.914335e-15
3.004541e-15
2.955969e-15
2.990663e-15
2.931683e-15
2.858824e-15
2.890049e-15
2.851885e-15
2.768619e-15
2.737394e-15
2.619432e-15
2.560452e-15
2.536166e-15
2.459838e-15
2.397388e-15
2.321060e-15
2.282896e-15
2.085138e-15
2.033096e-15
2.008810e-15
1.974115e-15
1.876971e-15
1.807582e-15
1.703498e-15
1.623701e-15
1.505740e-15
1.446759e-15
1.464107e-15
1.398187e-15
1.325329e-15
1.176143e-15
1.068590e-15
1.044304e-15
9.471590e-16
9.436896e-16
9.194034e-16
8.257284e-16
7.945034e-16
7.563394e-16
7.494005e-16
8.812395e-16
9.263423e-16
9.610368e-16
9.714451e-16
9.055257e-16
8.743006e-16
8.951173e-16
9.436896e-16
1.061651e-15
1.092876e-15
1.089406e-15
1.078998e-15
1.103284e-15
1.158795e-15
1.242062e-15
1.360023e-15
1.443290e-15
1.516148e-15
1.582068e-15
1.543904e-15
1.512679e-15
1.585537e-15
1.703498e-15
1.831868e-15
1.883910e-15
1.890849e-15
1.856154e-15
1.776357e-15
1.724315e-15
1.592476e-15
1.557782e-15
1.658396e-15
1.804112e-15
1.856154e-15
1.852685e-15
1.873501e-15
1.876971e-15
1.942890e-15
2.040035e-15
2.040035e-15
1.960238e-15
1.904726e-15
1.897787e-15
1.929013e-15
1.949829e-15
1.970646e-15
1.987993e-15
1.956768e-15
1.904726e-15
1.821460e-15
1.731254e-15
1.745132e-15
1.772887e-15
1.765948e-15
1.738193e-15
1.689621e-15
1.599415e-15
1.540434e-15
1.481454e-15
1.325329e-15
1.221245e-15
1.103284e-15
9.263423e-16
8.014422e-16
6.175616e-16
4.787837e-16
2.289835e-16
-3.469447e-17
-1.110223e-16
-8.673617e-17
3.816392e-17
2.428613e-17
-1.387779e-17
4.510281e-17
6.938894e-17
1.387779e-16
2.844947e-16
4.787837e-16
4.926615e-16
5.273559e-16
6.140921e-16
5.898060e-16
6.418477e-16
7.528700e-16
7.251144e-16
8.638923e-16
9.714451e-16
1.006140e-15
1.134509e-15
1.325329e-15
1.401657e-15
1.516148e-15
1.644518e-15
1.759010e-15
1.859624e-15
1.981054e-15
2.050443e-15
2.206568e-15
2.258610e-15
2.352285e-15
2.595146e-15
2.716577e-15
2.782496e-15
2.824130e-15
2.862294e-15
2.921274e-15
3.008011e-15
3.066991e-15
3.171075e-15
3.153727e-15
3.157197e-15
3.178013e-15
3.167605e-15
3.136380e-15
3.056583e-15
3.049644e-15
3.039236e-15
3.136380e-15
3.084338e-15
3.014949e-15
3.008011e-15
2.976785e-15
2.994133e-15
2.883110e-15
2.834538e-15
2.789435e-15
2.862294e-15
2.799844e-15
2.740863e-15
2.622902e-15
2.529227e-15
2.577799e-15
2.563921e-15
2.550044e-15
2.501471e-15
2.393918e-15
2.310652e-15
2.220446e-15
1.998401e-15
1.925543e-15
1.873501e-15
1.824929e-15
1.741662e-15
1.703498e-15
1.679212e-15
1.575129e-15
1.498801e-15
1.377370e-15
1.280226e-15
1.196959e-15
1.113692e-15
9.645063e-16
1.002670e-15
9.436896e-16
9.506285e-16
9.714451e-16
9.228729e-16
7.494005e-16
6.938894e-16
7.424616e-16
8.673617e-16
9.679757e-16
1.065120e-15
1.061651e-15
1.030426e-15
1.113692e-15
1.137979e-15
1.196959e-15
1.280226e-15
1.398187e-15
1.419004e-15
1.394718e-15
1.394718e-15
1.460637e-15
1.484923e-15
1.519618e-15
1.516148e-15
1.533496e-15
1.623701e-15
1.627171e-15
1.665335e-15
1.717376e-15
1.863093e-15
1.856154e-15
1.873501e-15
1.859624e-15
1.852685e-15
1.849215e-15
1.817990e-15
1.772887e-15
1.679212e-15
1.731254e-15
1.790235e-15
1.783296e-15
1.779826e-15
1.821460e-15
1.901257e-15
1.967176e-15
2.001871e-15
1.981054e-15
1.925543e-15
1.929013e-15
1.960238e-15
1.981054e-15
2.036565e-15
2.078199e-15
2.102485e-15
2.088607e-15
2.088607e-15
2.036565e-15
1.925543e-15
1.932482e-15
1.859624e-15
1.807582e-15
1.831868e-15
1.828399e-15
1.790235e-15
1.703498e-15
1.616762e-15
1.505740e-15
1.339207e-15
1.179612e-15
9.818535e-16
7.840950e-16
5.863365e-16
3.851086e-16
2.151057e-16
0.000000e+00
-1.700029e-16
-2.289835e-16
-8.673617e-17
6.938894e-17
5.204170e-17
1.214306e-16
1.665335e-16
2.289835e-16
2.220446e-16
2.324529e-16
3.747003e-16
3.573530e-16
4.371503e-16
4.961309e-16
6.071532e-16
6.626644e-16
7.320533e-16
9.402201e-16
1.033895e-15
1.113692e-15
1.176143e-15
1.252470e-15
1.366962e-15
1.415534e-15
1.592476e-15
1.665335e-15
1.793704e-15
1.998401e-15
2.022688e-15
2.102485e-15
2.189221e-15
2.397388e-15
2.529227e-15
2.556982e-15
2.581269e-15
2.661066e-15
2.640249e-15
2.636780e-15
2.799844e-15
2.907397e-15
2.994133e-15
3.025358e-15
3.077399e-15
3.122502e-15
3.181483e-15
3.171075e-15
3.025358e-15
3.004541e-15
3.039236e-15
3.049644e-15
2.990663e-15
2.928213e-15
2.928213e-15
2.872702e-15
2.851885e-15
2.824130e-15
2.831069e-15
2.772088e-15
2.650657e-15
2.577799e-15
2.546574e-15
2.550044e-15
2.487593e-15
2.463307e-15
2.456368e-15
2.338407e-15
2.279427e-15
2.216977e-15
2.130240e-15
2.105954e-15
1.977585e-15
1.762479e-15
1.696560e-15
1.689621e-15
1.658396e-15
1.568190e-15
1.415534e-15
1.339207e-15
1.155326e-15
1.009609e-15
9.298118e-16
9.159340e-16
8.985868e-16
9.124645e-16
9.124645e-16
9.263423e-16
9.679757e-16
9.402201e-16
9.055257e-16
8.430756e-16
7.736867e-16
8.638923e-16
1.026956e-15
1.148387e-15
1.203898e-15
1.165734e-15
1.190020e-15
1.224715e-15
1.203898e-15
1.262879e-15
1.360023e-15
1.505740e-15
1.571659e-15
1.686151e-15
1.609823e-15
1.609823e-15
1.644518e-15
1.616762e-15
1.564721e-15
1.623701e-15
1.609823e-15
1.682682e-15
1.786765e-15
1.852685e-15
1.880440e-15
1.842276e-15
1.873501e-15
1.897787e-15
1.873501e-15
1.915135e-15
1.887379e-15
1.814521e-15
1.786765e-15
1.752071e-15
1.762479e-15
1.845746e-15
1.870032e-15
1.849215e-15
1.911665e-15
1.949829e-15
2.033096e-15
2.112893e-15
2.074729e-15
2.105954e-15
2.133710e-15
2.168404e-15
2.157996e-15
2.171874e-15
2.168404e-15
2.213507e-15
2.269018e-15
2.251671e-15
2.189221e-15
2.130240e-15
2.092077e-15
2.060851e-15
2.067790e-15
1.956768e-15
1.842276e-15
1.731254e-15
1.665335e-15
1.609823e-15
1.401657e-15
1.259409e-15
1.162265e-15
9.263423e-16
6.245005e-16
4.510281e-16
3.157197e-16
1.075529e-16
-5.551115e-17
-1.387779e-16
-1.318390e-16
-6.938894e-17
2.775558e-17
8.673617e-17
9.367507e-17
7.285839e-17
1.422473e-16
1.561251e-16
1.630640e-16
2.116363e-16
2.775558e-16
2.983724e-16
3.712308e-16
4.961309e-16
6.591949e-16
7.563394e-16
9.159340e-16
1.106754e-15
1.231654e-15
1.328798e-15
1.505740e-15
1.557782e-15
1.627171e-15
1.762479e-15
1.866562e-15
1.949829e-15
2.019218e-15
2.105954e-15
2.133710e-15
2.269018e-15
2.411266e-15
2.480655e-15
2.595146e-15
2.657596e-15
2.785966e-15
2.935152e-15
3.042705e-15
3.164136e-15
3.302913e-15
3.365364e-15
3.358425e-15
3.379241e-15
3.479855e-15
3.368833e-15
3.295975e-15
3.285566e-15
3.268219e-15
3.264750e-15
3.153727e-15
3.063522e-15
2.997602e-15
3.011480e-15
2.962908e-15
2.851885e-15
2.796374e-15
2.664535e-15
2.501471e-15
2.473716e-15
2.348816e-15
2.456368e-15
2.494532e-15
2.491063e-15
2.435552e-15
2.366163e-15
2.310652e-15
2.203099e-15
2.154527e-15
2.081668e-15
1.935951e-15
1.835337e-15
1.797174e-15
1.644518e-15
1.602884e-15
1.578598e-15
1.488393e-15
1.398187e-15
1.148387e-15
1.047773e-15
9.957313e-16
9.298118e-16
9.228729e-16
9.402201e-16
9.887924e-16
1.061651e-15
9.228729e-16
8.465451e-16
8.118506e-16
8.257284e-16
9.506285e-16
9.540979e-16
1.030426e-15
1.183081e-15
1.245531e-15
1.262879e-15
1.360023e-15
1.443290e-15
1.512679e-15
1.516148e-15
1.599415e-15
1.752071e-15
1.824929e-15
1.890849e-15
1.918604e-15
1.925543e-15
1.911665e-15
1.911665e-15
1.880440e-15
1.838807e-15
1.797174e-15
1.842276e-15
1.883910e-15
1.897787e-15
1.929013e-15
1.942890e-15
1.935951e-15
1.922074e-15
1.883910e-15
1.804112e-15
1.797174e-15
1.842276e-15
1.935951e-15
1.935951e-15
1.883910e-15
2.053913e-15
1.956768e-15
1.904726e-15
1.873501e-15
1.876971e-15
1.904726e-15
1.994932e-15
2.126771e-15
2.192690e-15
2.185752e-15
2.196160e-15
2.206568e-15
2.223915e-15
2.324529e-15
2.359224e-15
2.439021e-15
2.477185e-15
2.511880e-15
2.421674e-15
2.355754e-15
2.355754e-15
2.282896e-15
2.144118e-15
2.029626e-15
1.929013e-15
1.783296e-15
1.703498e-15
1.477984e-15
1.301043e-15
1.061651e-15
7.806256e-16
5.655199e-16
4.649059e-16
3.642919e-16
2.289835e-16
1.179612e-16
-4.163336e-17
-1.110223e-16
-5.204170e-17
7.632783e-17
2.428613e-16
2.151057e-16
1.804112e-16
1.665335e-16
1.422473e-16
9.020562e-17
1.873501e-16
2.532696e-16
2.983724e-16
3.955170e-16
4.857226e-16
6.591949e-16
7.875645e-16
9.783840e-16
1.033895e-15
1.124101e-15
1.297573e-15
1.394718e-15
1.464107e-15
1.516148e-15
1.672273e-15
1.738193e-15
1.814521e-15
1.918604e-15
1.984524e-15
2.074729e-15
2.199629e-15
2.282896e-15
2.355754e-15
2.432082e-15
2.556982e-15
2.799844e-15
2.896988e-15
2.990663e-15
2.997602e-15
3.014949e-15
2.994133e-15
3.132911e-15
3.143319e-15
3.178013e-15
3.212708e-15
3.289036e-15
3.212708e-15
3.212708e-15
3.112094e-15
2.990663e-15
2.959438e-15
2.834538e-15
2.792905e-15
2.761680e-15
2.699230e-15
2.612494e-15
2.491063e-15
2.390449e-15
2.296774e-15
2.255141e-15
2.275957e-15
2.227385e-15
2.230854e-15
2.255141e-15
2.178813e-15
2.046974e-15
2.015749e-15
1.932482e-15
1.883910e-15
1.804112e-15
1.783296e-15
1.717376e-15
1.644518e-15
1.495332e-15
1.425943e-15
1.366962e-15
1.266348e-15
1.137979e-15
9.818535e-16
8.951173e-16
8.881784e-16
8.743006e-16
9.089951e-16
9.610368e-16
9.610368e-16
8.847090e-16
8.812395e-16
8.257284e-16
8.777701e-16
9.263423e-16
9.471590e-16
9.887924e-16
9.992007e-16
1.120631e-15
1.262879e-15
1.391248e-15
1.460637e-15
1.540434e-15
1.665335e-15
1.748601e-15
1.883910e-15
1.942890e-15
2.026157e-15
2.095546e-15
2.154527e-15
2.220446e-15
2.154527e-15
2.071260e-15
2.015749e-15
2.040035e-15
2.092077e-15
2.102485e-15
2.060851e-15
2.026157e-15
2.092077e-15
2.040035e-15
1.984524e-15
1.956768e-15
1.946360e-15
2.012279e-15
2.102485e-15
2.164935e-15
2.147588e-15
2.092077e-15
2.088607e-15
2.019218e-15
2.022688e-15
1.942890e-15
1.904726e-15
1.901257e-15
1.946360e-15
2.085138e-15
2.216977e-15
2.331468e-15
2.380041e-15
2.359224e-15
2.373102e-15
2.452899e-15
2.498002e-15
2.567391e-15
2.609024e-15
2.768619e-15
2.782496e-15
2.612494e-15
2.539635e-15
2.439021e-15
2.265549e-15
2.147588e-15
2.005340e-15
1.835337e-15
1.734723e-15
1.606354e-15
1.453698e-15
1.183081e-15
9.228729e-16
7.008283e-16
5.412337e-16
5.273559e-16
4.649059e-16
3.018419e-16
8.673617e-17
4.857226e-17
6.938894e-18
9.714451e-17
1.700029e-16
2.393918e-16
1.838807e-16
1.214306e-16
5.551115e-17
6.591949e-17
1.075529e-16
2.324529e-16
3.573530e-16
4.198031e-16
4.649059e-16
6.453171e-16
7.667478e-16
9.194034e-16
1.006140e-15
1.103284e-15
1.158795e-15
1.335737e-15
1.380840e-15
1.453698e-15
1.530026e-15
1.557782e-15
1.720846e-15
1.904726e-15
1.949829e-15
1.991463e-15
2.081668e-15
2.175343e-15
2.230854e-15
2.435552e-15
2.681882e-15
2.855355e-15
2.917805e-15
3.021888e-15
3.070461e-15
3.077399e-15
3.153727e-15
3.160666e-15
3.275158e-15
3.327200e-15
3.358425e-15
3.306383e-15
3.278627e-15
3.278627e-15
3.184952e-15
3.094747e-15
3.049644e-15
3.001072e-15
2.865763e-15
2.779027e-15
2.720046e-15
2.591677e-15
2.581269e-15
2.522288e-15
2.380041e-15
2.383510e-15
2.314121e-15
2.331468e-15
2.317591e-15
2.279427e-15
2.189221e-15
2.144118e-15
2.116363e-15
2.078199e-15
1.974115e-15
1.915135e-15
1.828399e-15
1.682682e-15
1.571659e-15
1.398187e-15
1.380840e-15
1.342676e-15
1.290634e-15
1.304512e-15
1.078998e-15
9.332812e-16
8.812395e-16
8.430756e-16
8.847090e-16
8.985868e-16
8.361367e-16
7.459311e-16
8.014422e-16
9.055257e-16
8.916479e-16
9.194034e-16
1.009609e-15
9.749146e-16
1.020017e-15
1.030426e-15
1.249001e-15
1.457168e-15
1.571659e-15
1.686151e-15
1.755540e-15
1.922074e-15
1.987993e-15
2.092077e-15
2.182282e-15
2.199629e-15
2.230854e-15
2.255141e-15
2.244732e-15
2.286366e-15
2.282896e-15
2.314121e-15
2.303713e-15
2.314121e-15
2.279427e-15
2.216977e-15
2.216977e-15
2.144118e-15
2.088607e-15
2.074729e-15
2.092077e-15
2.178813e-15
2.241263e-15
2.241263e-15
2.244732e-15
2.178813e-15
2.133710e-15
2.071260e-15
2.046974e-15
2.012279e-15
1.981054e-15
1.981054e-15
2.019218e-15
2.126771e-15
2.237793e-15
2.390449e-15
2.411266e-15
2.362693e-15
2.449430e-15
2.504941e-15
2.605555e-15
2.678413e-15
2.733924e-15
2.813721e-15
2.813721e-15
2.747802e-15
2.650657e-15
2.508410e-15
2.352285e-15
2.220446e-15
2.123302e-15
1.998401e-15
1.769418e-15
1.627171e-15
1.464107e-15
1.203898e-15
9.783840e-16
7.285839e-16
6.245005e-16
5.238865e-16
4.544976e-16
2.949030e-16
2.914335e-16
2.602085e-16
1.318390e-16
1.491862e-16
2.255141e-16
2.393918e-16
2.255141e-16
1.006140e-16
1.179612e-16
2.012279e-16
2.324529e-16
2.810252e-16
2.532696e-16
3.573530e-16
5.273559e-16
6.418477e-16
7.528700e-16
8.847090e-16
1.009609e-15
1.078998e-15
1.176143e-15
1.245531e-15
1.283695e-15
1.311451e-15
1.432882e-15
1.502271e-15
1.616762e-15
1.748601e-15
1.922074e-15
2.053913e-15
2.067790e-15
2.109424e-15
2.293304e-15
2.348816e-15
2.525757e-15
2.595146e-15
2.806783e-15
2.952499e-15
2.928213e-15
2.955969e-15
3.060052e-15
3.094747e-15
3.063522e-15
3.063522e-15
3.184952e-15
3.153727e-15
3.205769e-15
3.160666e-15
3.018419e-15
2.928213e-15
2.848416e-15
2.706169e-15
2.692291e-15
2.692291e-15
2.626371e-15
2.539635e-15
2.428613e-15
2.327999e-15
2.272488e-15
2.182282e-15
2.036565e-15
2.147588e-15
2.074729e-15
2.109424e-15
2.095546e-15
2.033096e-15
1.887379e-15
1.807582e-15
1.752071e-15
1.609823e-15
1.578598e-15
1.543904e-15
1.453698e-15
1.325329e-15
1.214306e-15
1.106754e-15
9.957313e-16
9.471590e-16
8.361367e-16
7.389922e-16
7.285839e-16
7.459311e-16
7.320533e-16
7.285839e-16
8.187895e-16
8.465451e-16
8.500145e-16
8.951173e-16
8.187895e-16
8.673617e-16
8.881784e-16
8.049117e-16
8.361367e-16
9.818535e-16
1.224715e-15
1.460637e-15
1.668804e-15
1.797174e-15
1.932482e-15
2.060851e-15
2.171874e-15
2.126771e-15
2.157996e-15
2.189221e-15
2.161465e-15
2.206568e-15
2.269018e-15
2.324529e-15
2.359224e-15
2.373102e-15
2.400857e-15
2.386980e-15
2.404327e-15
2.383510e-15
2.282896e-15
2.293304e-15
2.293304e-15
2.321060e-15
2.338407e-15
2.390449e-15
2.428613e-15
2.341877e-15
2.269018e-15
2.185752e-15
2.216977e-15
2.175343e-15
2.178813e-15
2.275957e-15
2.265549e-15
2.244732e-15
2.272488e-15
2.317591e-15
2.393918e-15
2.480655e-15
2.501471e-15
2.550044e-15
2.609024e-15
2.629841e-15
2.730455e-15
2.779027e-15
2.872702e-15
2.890049e-15
2.900458e-15
2.910866e-15
2.792905e-15
2.730455e-15
2.591677e-15
2.480655e-15
2.269018e-15
2.105954e-15
1.967176e-15
1.835337e-15
1.696560e-15
1.471046e-15
1.096345e-15
8.014422e-16
6.036838e-16
5.689893e-16
6.591949e-16
6.626644e-16
6.071532e-16
4.510281e-16
3.573530e-16
3.608225e-16
2.879641e-16
1.838807e-16
7.979728e-17
5.551115e-17
1.283695e-16
2.185752e-16
2.775558e-16
3.226586e-16
3.712308e-16
4.371503e-16
5.759282e-16
7.042977e-16
7.494005e-16
8.118506e-16
8.985868e-16
9.610368e-16
1.085937e-15
1.040834e-15
1.134509e-15
1.290634e-15
1.297573e-15
1.332268e-15
1.484923e-15
1.613293e-15
1.752071e-15
1.824929e-15
1.915135e-15
1.963707e-15
2.210038e-15
2.355754e-15
2.536166e-15
2.716577e-15
2.876172e-15
2.990663e-15
3.066991e-15
3.119033e-15
3.264750e-15
3.334139e-15
3.375772e-15
3.493733e-15
3.420875e-15
3.393119e-15
3.348016e-15
3.320261e-15
3.164136e-15
3.025358e-15
2.862294e-15
2.865763e-15
2.782496e-15
2.692291e-15
2.588207e-15
2.525757e-15
2.414735e-15
2.331468e-15
2.275957e-15
2.272488e-15
2.189221e-15
2.112893e-15
2.144118e-15
2.012279e-15
1.998401e-15
1.901257e-15
1.800643e-15
1.644518e-15
1.547373e-15
1.457168e-15
1.450229e-15
1.415534e-15
1.384309e-15
1.363493e-15
1.210837e-15
1.165734e-15
1.144917e-15
1.044304e-15
1.058181e-15
9.749146e-16
8.465451e-16
7.459311e-16
6.557255e-16
5.655199e-16
6.765422e-16
7.355228e-16
7.945034e-16
8.153200e-16
9.159340e-16
9.471590e-16
8.534840e-16
7.702172e-16
7.840950e-16
9.714451e-16
1.245531e-15
1.498801e-15
1.679212e-15
1.814521e-15
2.008810e-15
2.099015e-15
2.126771e-15
2.164935e-15
2.168404e-15
2.196160e-15
2.262079e-15
2.279427e-15
2.327999e-15
2.449430e-15
2.477185e-15
2.508410e-15
2.504941e-15
2.563921e-15
2.543105e-15
2.539635e-15
2.445960e-15
2.376571e-15
2.484124e-15
2.491063e-15
2.504941e-15
2.498002e-15
2.491063e-15
2.383510e-15
2.279427e-15
2.230854e-15
2.234324e-15
2.223915e-15
2.206568e-15
2.241263e-15
2.310652e-15
2.397388e-15
2.352285e-15
2.348816e-15
2.341877e-15
2.435552e-15
2.498002e-15
2.615963e-15
2.619432e-15
2.650657e-15
2.796374e-15
2.841477e-15
2.893519e-15
2.966377e-15
2.990663e-15
2.928213e-15
2.768619e-15
2.674944e-15
2.577799e-15
2.550044e-15
2.400857e-15
2.293304e-15
2.185752e-15
2.022688e-15
1.783296e-15
1.582068e-15
1.301043e-15
1.006140e-15
7.077672e-16
6.626644e-16
7.389922e-16
8.222589e-16
7.355228e-16
5.689893e-16
5.169476e-16
4.406198e-16
3.712308e-16
2.844947e-16
3.434752e-16
3.747003e-16
4.024558e-16
4.753142e-16
4.926615e-16
4.649059e-16
4.891920e-16
4.510281e-16
5.863365e-16
7.147061e-16
7.251144e-16
7.355228e-16
8.291978e-16
9.610368e-16
1.099815e-15
1.124101e-15
1.169204e-15
1.228184e-15
1.266348e-15
1.342676e-15
1.512679e-15
1.647987e-15
1.807582e-15
1.866562e-15
1.967176e-15
2.057382e-15
2.140649e-15
2.359224e-15
2.466777e-15
2.602085e-15
2.709638e-15
2.709638e-15
2.844947e-15
3.021888e-15
3.181483e-15
3.243933e-15
3.181483e-15
3.143319e-15
3.212708e-15
3.209238e-15
3.125972e-15
3.091277e-15
3.035766e-15
3.039236e-15
2.820660e-15
2.681882e-15
2.539635e-15
2.525757e-15
2.435552e-15
2.341877e-15
2.300243e-15
2.140649e-15
2.126771e-15
1.967176e-15
1.922074e-15
1.824929e-15
1.717376e-15
1.672273e-15
1.675743e-15
1.769418e-15
1.713907e-15
1.439820e-15
1.307982e-15
1.269818e-15
1.235123e-15
1.193490e-15
1.137979e-15
1.131040e-15
1.054712e-15
1.020017e-15
9.263423e-16
8.847090e-16
9.124645e-16
8.500145e-16
7.840950e-16
7.285839e-16
7.494005e-16
7.598089e-16
7.979728e-16
8.118506e-16
8.430756e-16
9.159340e-16
9.922618e-16
1.040834e-15
9.159340e-16
7.945034e-16
8.743006e-16
1.013079e-15
1.259409e-15
1.536965e-15
1.630640e-15
1.661865e-15
1.804112e-15
1.946360e-15
1.994932e-15
2.088607e-15
2.130240e-15
2.164935e-15
2.258610e-15
2.334938e-15
2.411266e-15
2.459838e-15
2.543105e-15
2.581269e-15
2.692291e-15
2.720046e-15
2.688821e-15
2.695760e-15
2.720046e-15
2.629841e-15
2.640249e-15
2.643719e-15
2.685352e-15
2.622902e-15
2.570860e-15
2.445960e-15
2.348816e-15
2.272488e-15
2.255141e-15
2.227385e-15
2.272488e-15
2.321060e-15
2.418205e-15
2.473716e-15
2.463307e-15
2.369632e-15
2.352285e-15
2.376571e-15
2.543105e-15
2.629841e-15
2.709638e-15
2.720046e-15
2.744333e-15
2.810252e-15
2.914335e-15
2.896988e-15
2.938622e-15
2.890049e-15
2.838008e-15
2.758210e-15
2.730455e-15
2.636780e-15
2.532696e-15
2.407796e-15
2.230854e-15
2.126771e-15
1.991463e-15
1.790235e-15
1.488393e-15
1.085937e-15
9.159340e-16
8.430756e-16
8.049117e-16
8.847090e-16
7.875645e-16
6.800116e-16
6.349088e-16
5.204170e-16
3.816392e-16
2.602085e-16
1.804112e-16
1.977585e-16
3.122502e-16
3.712308e-16
4.024558e-16
4.059253e-16
4.198031e-16
4.440892e-16
4.926615e-16
5.100087e-16
5.620504e-16
6.349088e-16
8.153200e-16
9.124645e-16
9.887924e-16
1.117162e-15
1.193490e-15
1.221245e-15
1.193490e-15
1.307982e-15
1.370432e-15
1.509209e-15
1.613293e-15
1.731254e-15
1.883910e-15
2.057382e-15
2.265549e-15
2.404327e-15
2.508410e-15
2.615963e-15
2.775558e-15
2.872702e-15
2.959438e-15
3.091277e-15
3.264750e-15
3.316791e-15
3.396589e-15
3.396589e-15
3.393119e-15
3.403527e-15
3.334139e-15
3.195361e-15
3.084338e-15
2.924744e-15
2.935152e-15
2.844947e-15
2.695760e-15
2.560452e-15
2.570860e-15
2.491063e-15
2.445960e-15
2.310652e-15
2.178813e-15
1.981054e-15
1.835337e-15
1.759010e-15
1.720846e-15
1.713907e-15
1.824929e-15
1.731254e-15
1.651457e-15
1.477984e-15
1.363493e-15
1.255940e-15
1.158795e-15
1.148387e-15
1.075529e-15
1.072059e-15
9.922618e-16
9.471590e-16
9.402201e-16
9.749146e-16
9.471590e-16
8.361367e-16
7.979728e-16
7.840950e-16
7.320533e-16
7.320533e-16
7.632783e-16
8.291978e-16
8.638923e-16
9.263423e-16
1.051242e-15
1.037365e-15
9.679757e-16
9.020562e-16
8.916479e-16
1.089406e-15
1.370432e-15
1.543904e-15
1.724315e-15
1.696560e-15
1.717376e-15
1.831868e-15
1.946360e-15
2.064321e-15
2.182282e-15
2.289835e-15
2.314121e-15
2.397388e-15
2.529227e-15
2.650657e-15
2.744333e-15
2.779027e-15
2.851885e-15
2.848416e-15
2.848416e-15
2.761680e-15
2.758210e-15
2.716577e-15
2.720046e-15
2.720046e-15
2.716577e-15
2.688821e-15
2.598616e-15
2.498002e-15
2.452899e-15
2.345346e-15
2.341877e-15
2.327999e-15
2.407796e-15
2.445960e-15
2.477185e-15
2.459838e-15
2.574330e-15
2.484124e-15
2.449430e-15
2.359224e-15
2.380041e-15
2.445960e-15
2.605555e-15
2.664535e-15
2.716577e-15
2.765149e-15
2.782496e-15
2.851885e-15
2.844947e-15
2.855355e-15
2.817191e-15
2.779027e-15
2.706169e-15
2.643719e-15
2.539635e-15
2.355754e-15
2.203099e-15
2.092077e-15
1.946360e-15
1.665335e-15
1.394718e-15
1.172673e-15
9.436896e-16
8.604228e-16
8.638923e-16
8.396062e-16
8.985868e-16
8.083811e-16
6.487866e-16
5.828671e-16
5.447032e-16
4.787837e-16
4.232725e-16
4.232725e-16
4.163336e-16
3.920475e-16
4.371503e-16
4.059253e-16
4.232725e-16
3.885781e-16
4.232725e-16
4.614364e-16
5.238865e-16
5.689893e-16
6.591949e-16
7.459311e-16
8.673617e-16
9.992007e-16
1.040834e-15
1.120631e-15
1.203898e-15
1.304512e-15
1.363493e-15
1.439820e-15
1.509209e-15
1.665335e-15
1.811051e-15
2.078199e-15
2.220446e-15
2.352285e-15
2.459838e-15
2.494532e-15
2.563921e-15
2.723516e-15
2.844947e-15
2.994133e-15
3.105155e-15
3.119033e-15
3.122502e-15
3.132911e-15
3.195361e-15
3.143319e-15
3.098216e-15
3.004541e-15
2.966377e-15
2.903927e-15
2.792905e-15
2.640249e-15
2.570860e-15
2.473716e-15
2.466777e-15
2.348816e-15
2.213507e-15
2.133710e-15
1.956768e-15
1.845746e-15
1.682682e-15
1.512679e-15
1.373901e-15
1.384309e-15
1.346145e-15
1.276756e-15
1.301043e-15
1.249001e-15
1.235123e-15
1.120631e-15
1.033895e-15
9.332812e-16
8.708312e-16
8.604228e-16
8.049117e-16
7.840950e-16
7.459311e-16
7.667478e-16
7.840950e-16
7.979728e-16
7.528700e-16
7.216450e-16
7.806256e-16
8.430756e-16
9.298118e-16
9.853229e-16
1.054712e-15
1.044304e-15
1.082467e-15
1.013079e-15
9.089951e-16
8.777701e-16
9.089951e-16
1.113692e-15
1.311451e-15
1.523087e-15
1.654926e-15
1.693090e-15
1.696560e-15
1.745132e-15
1.887379e-15
2.088607e-15
2.210038e-15
2.362693e-15
2.414735e-15
2.480655e-15
2.640249e-15
2.678413e-15
2.799844e-15
2.910866e-15
2.959438e-15
2.994133e-15
2.945560e-15
2.949030e-15
2.935152e-15
2.942091e-15
2.865763e-15
2.758210e-15
2.761680e-15
2.695760e-15
2.661066e-15
2.591677e-15
2.484124e-15
2.411266e-15
2.411266e-15
2.487593e-15
2.539635e-15
2.570860e-15
2.567391e-15
2.560452e-15
2.664535e-15
2.577799e-15
2.508410e-15
2.473716e-15
2.404327e-15
2.445960e-15
2.498002e-15
2.612494e-15
2.695760e-15
2.758210e-15
2.768619e-15
2.872702e-15
2.844947e-15
2.851885e-15
2.817191e-15
2.720046e-15
2.633310e-15
2.543105e-15
2.473716e-15
2.334938e-15
2.206568e-15
2.130240e-15
2.057382e-15
1.863093e-15
1.609823e-15
1.387779e-15
1.162265e-15
1.002670e-15
9.332812e-16
8.812395e-16
8.222589e-16
7.736867e-16
7.147061e-16
5.932754e-16
5.863365e-16
5.828671e-16
4.614364e-16
3.816392e-16
3.018419e-16
3.538836e-16
3.955170e-16
4.163336e-16
3.434752e-16
3.642919e-16
3.989864e-16
4.961309e-16
5.620504e-16
5.585810e-16
6.106227e-16
7.389922e-16
8.604228e-16
9.471590e-16
9.783840e-16
9.818535e-16
1.047773e-15
1.072059e-15
1.217776e-15
1.387779e-15
1.446759e-15
1.519618e-15
1.752071e-15
2.008810e-15
2.175343e-15
2.341877e-15
2.418205e-15
2.525757e-15
2.584738e-15
2.716577e-15
2.844947e-15
2.955969e-15
3.035766e-15
3.247402e-15
3.289036e-15
3.250872e-15
3.236994e-15
3.254341e-15
3.271688e-15
3.261280e-15
3.115563e-15
2.938622e-15
2.872702e-15
2.799844e-15
2.612494e-15
2.452899e-15
2.314121e-15
2.321060e-15
2.099015e-15
2.019218e-15
1.866562e-15
1.717376e-15
1.637579e-15
1.484923e-15
1.342676e-15
1.228184e-15
1.137979e-15
1.144917e-15
1.224715e-15
1.103284e-15
1.002670e-15
9.298118e-16
8.153200e-16
8.812395e-16
8.257284e-16
7.494005e-16
7.112366e-16
7.285839e-16
7.251144e-16
6.730727e-16
6.800116e-16
6.904199e-16
6.036838e-16
6.487866e-16
6.973588e-16
6.973588e-16
7.702172e-16
8.014422e-16
8.777701e-16
9.783840e-16
9.992007e-16
9.992007e-16
9.679757e-16
9.922618e-16
1.030426e-15
1.207368e-15
1.401657e-15
1.554312e-15
1.620232e-15
1.661865e-15
1.682682e-15
1.804112e-15
2.033096e-15
2.206568e-15
2.310652e-15
2.414735e-15
2.473716e-15
2.494532e-15
2.622902e-15
2.733924e-15
2.820660e-15
2.879641e-15
2.896988e-15
2.949030e-15
2.962908e-15
2.955969e-15
2.910866e-15
3.014949e-15
3.001072e-15
2.893519e-15
2.730455e-15
2.674944e-15
2.640249e-15
2.598616e-15
2.518818e-15
2.473716e-15
2.574330e-15
2.539635e-15
2.567391e-15
2.643719e-15
2.657596e-15
2.640249e-15
2.674944e-15
2.681882e-15
2.609024e-15
2.636780e-15
2.584738e-15
2.563921e-15
2.543105e-15
2.570860e-15
2.633310e-15
2.695760e-15
2.765149e-15
2.761680e-15
2.733924e-15
2.692291e-15
2.643719e-15
2.605555e-15
2.612494e-15
2.529227e-15
2.459838e-15
2.303713e-15
2.036565e-15
1.915135e-15
1.866562e-15
1.842276e-15
1.644518e-15
1.391248e-15
1.214306e-15
1.044304e-15
9.263423e-16
8.569534e-16
8.222589e-16
8.014422e-16
7.840950e-16
7.077672e-16
7.077672e-16
7.216450e-16
6.938894e-16
7.008283e-16
5.655199e-16
4.996004e-16
5.377643e-16
5.238865e-16
5.724587e-16
5.516421e-16
5.412337e-16
4.718448e-16
5.065393e-16
6.279699e-16
6.800116e-16
8.083811e-16
8.326673e-16
8.604228e-16
8.638923e-16
9.124645e-16
1.054712e-15
1.238593e-15
1.269818e-15
1.325329e-15
1.460637e-15
1.627171e-15
1.838807e-15
1.970646e-15
2.140649e-15
2.213507e-15
2.192690e-15
2.289835e-15
2.376571e-15
2.518818e-15
2.622902e-15
2.789435e-15
2.903927e-15
2.955969e-15
2.976785e-15
3.021888e-15
2.990663e-15
3.087808e-15
3.098216e-15
3.046174e-15
3.018419e-15
2.931683e-15
2.782496e-15
2.671474e-15
2.494532e-15
2.348816e-15
2.099015e-15
2.001871e-15
1.880440e-15
1.804112e-15
1.630640e-15
1.488393e-15
1.301043e-15
1.137979e-15
1.030426e-15
1.009609e-15
8.049117e-16
8.049117e-16
8.291978e-16
8.153200e-16
7.945034e-16
7.598089e-16
6.938894e-16
6.453171e-16
6.140921e-16
5.655199e-16
4.649059e-16
4.440892e-16
4.718448e-16
5.273559e-16
5.412337e-16
6.071532e-16
6.453171e-16
6.800116e-16
7.216450e-16
8.222589e-16
8.500145e-16
8.951173e-16
9.506285e-16
9.610368e-16
9.298118e-16
9.332812e-16
8.916479e-16
8.673617e-16
1.009609e-15
1.117162e-15
1.304512e-15
1.394718e-15
1.453698e-15
1.481454e-15
1.592476e-15
1.915135e-15
2.151057e-15
2.234324e-15
2.334938e-15
2.456368e-15
2.518818e-15
2.553513e-15
2.633310e-15
2.758210e-15
2.862294e-15
2.949030e-15
3.021888e-15
2.980255e-15
3.008011e-15
3.039236e-15
3.046174e-15
3.091277e-15
2.966377e-15
2.872702e-15
2.785966e-15
2.792905e-15
2.726985e-15
2.730455e-15
2.654127e-15
2.584738e-15
2.661066e-15
2.643719e-15
2.740863e-15
2.723516e-15
2.709638e-15
2.740863e-15
2.782496e-15
2.772088e-15
2.785966e-15
2.772088e-15
2.779027e-15
2.740863e-15
2.716577e-15
2.726985e-15
2.716577e-15
2.692291e-15
2.678413e-15
2.716577e-15
2.789435e-15
2.744333e-15
2.657596e-15
2.622902e-15
2.612494e-15
2.563921e-15
2.518818e-15
2.334938e-15
2.064321e-15
1.804112e-15
1.800643e-15
1.849215e-15
1.783296e-15
1.634110e-15
1.387779e-15
1.262879e-15
1.078998e-15
9.540979e-16
8.604228e-16
8.465451e-16
8.465451e-16
7.806256e-16
6.453171e-16
5.481726e-16
4.579670e-16
5.030698e-16
5.238865e-16
5.169476e-16
5.030698e-16
5.273559e-16
5.759282e-16
4.510281e-16
4.371503e-16
4.787837e-16
5.377643e-16
6.036838e-16
6.418477e-16
6.696033e-16
6.418477e-16
6.696033e-16
6.071532e-16
6.696033e-16
7.459311e-16
9.020562e-16
1.099815e-15
1.252470e-15
1.405126e-15
1.613293e-15
1.741662e-15
1.804112e-15
1.894318e-15
1.987993e-15
2.154527e-15
2.244732e-15
2.428613e-15
2.577799e-15
2.657596e-15
2.824130e-15
2.935152e-15
3.053113e-15
3.098216e-15
3.129441e-15
3.216177e-15
3.261280e-15
3.216177e-15
3.112094e-15
3.025358e-15
2.928213e-15
2.827599e-15
2.747802e-15
2.636780e-15
2.463307e-15
2.262079e-15
2.060851e-15
1.897787e-15
1.759010e-15
1.700029e-15
1.568190e-15
1.429412e-15
1.321859e-15
1.137979e-15
8.916479e-16
8.743006e-16
9.055257e-16
8.708312e-16
7.251144e-16
6.800116e-16
5.793976e-16
5.030698e-16
4.857226e-16
4.198031e-16
4.024558e-16
3.504141e-16
3.712308e-16
3.747003e-16
3.885781e-16
3.781697e-16
5.100087e-16
5.689893e-16
5.932754e-16
6.175616e-16
7.147061e-16
7.216450e-16
8.638923e-16
9.783840e-16
9.436896e-16
9.853229e-16
9.020562e-16
9.887924e-16
1.068590e-15
1.196959e-15
1.342676e-15
1.450229e-15
1.464107e-15
1.488393e-15
1.540434e-15
1.831868e-15
2.046974e-15
2.123302e-15
2.289835e-15
2.355754e-15
2.414735e-15
2.498002e-15
2.626371e-15
2.747802e-15
2.862294e-15
2.949030e-15
2.962908e-15
2.994133e-15
3.049644e-15
3.066991e-15
3.070461e-15
3.063522e-15
3.042705e-15
2.942091e-15
2.931683e-15
2.827599e-15
2.744333e-15
2.792905e-15
2.817191e-15
2.768619e-15
2.685352e-15
2.647188e-15
2.602085e-15
2.688821e-15
2.692291e-15
2.751271e-15
2.817191e-15
2.855355e-15
2.910866e-15
2.851885e-15
2.820660e-15
2.817191e-15
2.792905e-15
2.740863e-15
2.726985e-15
2.688821e-15
2.702699e-15
2.678413e-15
2.685352e-15
2.737394e-15
2.702699e-15
2.674944e-15
2.674944e-15
2.515349e-15
2.362693e-15
2.293304e-15
2.161465e-15
1.956768e-15
1.786765e-15
1.776357e-15
1.717376e-15
1.651457e-15
1.627171e-15
1.377370e-15
1.245531e-15
1.120631e-15
1.040834e-15
9.332812e-16
8.638923e-16
8.118506e-16
7.840950e-16
5.655199e-16
4.787837e-16
4.683753e-16
4.961309e-16
4.614364e-16
3.781697e-16
4.267420e-16
5.308254e-16
5.724587e-16
4.475587e-16
4.649059e-16
4.996004e-16
6.002143e-16
5.932754e-16
6.383782e-16
5.412337e-16
6.245005e-16
5.932754e-16
6.418477e-16
6.973588e-16
8.187895e-16
9.332812e-16
9.714451e-16
1.092876e-15
1.217776e-15
1.425943e-15
1.547373e-15
1.713907e-15
1.817990e-15
1.932482e-15
2.057382e-15
2.140649e-15
2.303713e-15
2.383510e-15
2.498002e-15
2.567391e-15
2.706169e-15
2.834538e-15
2.983724e-15
3.039236e-15
3.101686e-15
3.042705e-15
3.053113e-15
2.976785e-15
2.858824e-15
2.761680e-15
2.629841e-15
2.501471e-15
2.390449e-15
2.227385e-15
2.088607e-15
2.036565e-15
1.908196e-15
1.759010e-15
1.599415e-15
1.477984e-15
1.321859e-15
1.099815e-15
9.887924e-16
7.979728e-16
7.598089e-16
6.661338e-16
5.447032e-16
4.093947e-16
3.608225e-16
3.747003e-16
3.434752e-16
3.920475e-16
3.538836e-16
2.914335e-16
2.012279e-16
1.942890e-16
2.255141e-16
2.706169e-16
2.567391e-16
3.573530e-16
4.440892e-16
5.030698e-16
5.585810e-16
6.314393e-16
7.147061e-16
9.714451e-16
1.026956e-15
9.714451e-16
1.047773e-15
1.058181e-15
1.020017e-15
1.085937e-15
1.231654e-15
1.412065e-15
1.457168e-15
1.495332e-15
1.536965e-15
1.571659e-15
1.866562e-15
2.060851e-15
2.126771e-15
2.213507e-15
2.355754e-15
2.383510e-15
2.525757e-15
2.730455e-15
2.876172e-15
2.962908e-15
2.942091e-15
2.955969e-15
2.987194e-15
3.014949e-15
3.066991e-15
3.063522e-15
3.028827e-15
2.969847e-15
2.924744e-15
2.831069e-15
2.785966e-15
2.744333e-15
2.834538e-15
2.831069e-15
2.785966e-15
2.726985e-15
2.772088e-15
2.855355e-15
2.851885e-15
2.862294e-15
2.872702e-15
2.900458e-15
2.896988e-15
2.886580e-15
2.869233e-15
2.872702e-15
2.810252e-15
2.730455e-15
2.765149e-15
2.699230e-15
2.615963e-15
2.595146e-15
2.560452e-15
2.525757e-15
2.581269e-15
2.615963e-15
2.602085e-15
2.553513e-15
2.470246e-15
2.355754e-15
2.175343e-15
2.071260e-15
1.887379e-15
1.887379e-15
1.897787e-15
1.904726e-15
1.845746e-15
1.720846e-15
1.540434e-15
1.349615e-15
1.242062e-15
1.221245e-15
1.054712e-15
9.055257e-16
8.187895e-16
6.696033e-16
5.551115e-16
5.204170e-16
5.273559e-16
4.475587e-16
4.371503e-16
4.024558e-16
3.608225e-16
3.851086e-16
3.781697e-16
4.753142e-16
5.030698e-16
3.955170e-16
4.649059e-16
4.475587e-16
4.683753e-16
4.996004e-16
4.961309e-16
4.302114e-16
5.585810e-16
6.418477e-16
7.389922e-16
8.465451e-16
1.026956e-15
1.176143e-15
1.269818e-15
1.432882e-15
1.564721e-15
1.700029e-15
1.741662e-15
1.873501e-15
2.046974e-15
2.109424e-15
2.282896e-15
2.491063e-15
2.612494e-15
2.716577e-15
2.834538e-15
2.955969e-15
3.115563e-15
3.119033e-15
3.164136e-15
3.143319e-15
3.084338e-15
2.994133e-15
2.976785e-15
2.893519e-15
2.699230e-15
2.439021e-15
2.300243e-15
2.227385e-15
2.078199e-15
1.994932e-15
1.922074e-15
1.755540e-15
1.613293e-15
1.519618e-15
1.377370e-15
1.127570e-15
9.610368e-16
8.083811e-16
6.730727e-16
5.551115e-16
4.475587e-16
4.406198e-16
4.302114e-16
4.371503e-16
4.371503e-16
3.469447e-16
4.093947e-16
3.226586e-16
3.122502e-16
2.706169e-16
2.602085e-16
2.324529e-16
2.636780e-16
3.816392e-16
4.475587e-16
4.649059e-16
4.336809e-16
5.342948e-16
6.175616e-16
7.528700e-16
8.187895e-16
8.847090e-16
9.506285e-16
1.044304e-15
1.082467e-15
1.196959e-15
1.290634e-15
1.408595e-15
1.568190e-15
1.578598e-15
1.634110e-15
1.634110e-15
1.779826e-15
1.994932e-15
2.119832e-15
2.116363e-15
2.258610e-15
2.487593e-15
2.605555e-15
2.709638e-15
2.782496e-15
2.869233e-15
2.945560e-15
2.973316e-15
3.056583e-15
2.990663e-15
2.931683e-15
2.959438e-15
2.997602e-15
2.893519e-15
2.942091e-15
2.903927e-15
2.831069e-15
2.796374e-15
2.779027e-15
2.751271e-15
2.782496e-15
2.765149e-15
2.747802e-15
2.806783e-15
2.792905e-15
2.817191e-15
2.862294e-15
2.907397e-15
2.976785e-15
2.966377e-15
2.983724e-15
2.945560e-15
2.841477e-15
2.733924e-15
2.699230e-15
2.619432e-15
2.518818e-15
2.449430e-15
2.449430e-15
2.390449e-15
2.341877e-15
2.321060e-15
2.324529e-15
2.227385e-15
2.213507e-15
2.151057e-15
2.064321e-15
1.956768e-15
1.883910e-15
1.842276e-15
1.849215e-15
1.724315e-15
1.686151e-15
1.609823e-15
1.578598e-15
1.474515e-15
1.356554e-15
1.245531e-15
1.103284e-15
9.610368e-16
8.777701e-16
7.251144e-16
7.494005e-16
6.661338e-16
5.134781e-16
4.544976e-16
5.204170e-16
5.655199e-16
5.516421e-16
4.822531e-16
4.961309e-16
5.342948e-16
5.065393e-16
4.926615e-16
5.481726e-16
4.857226e-16
4.926615e-16
5.793976e-16
4.198031e-16
3.885781e-16
4.128642e-16
4.614364e-16
6.557255e-16
7.598089e-16
8.118506e-16
8.847090e-16
1.051242e-15
1.221245e-15
1.356554e-15
1.491862e-15
1.620232e-15
1.769418e-15
1.797174e-15
1.946360e-15
2.144118e-15
2.345346e-15
2.442491e-15
2.581269e-15
2.657596e-15
2.720046e-15
2.883110e-15
2.990663e-15
2.987194e-15
2.959438e-15
2.879641e-15
2.803313e-15
2.650657e-15
2.553513e-15
2.362693e-15
2.223915e-15
2.105954e-15
1.929013e-15
1.831868e-15
1.765948e-15
1.713907e-15
1.682682e-15
1.436351e-15
1.283695e-15
1.141448e-15
9.506285e-16
8.257284e-16
6.626644e-16
5.689893e-16
4.683753e-16
2.879641e-16
2.359224e-16
2.775558e-16
2.844947e-16
3.434752e-16
3.053113e-16
2.983724e-16
2.532696e-16
2.498002e-16
2.255141e-16
1.734723e-16
1.665335e-16
2.463307e-16
3.226586e-16
4.614364e-16
4.128642e-16
3.365364e-16
4.579670e-16
6.106227e-16
7.424616e-16
8.916479e-16
1.006140e-15
1.075529e-15
1.131040e-15
1.224715e-15
1.311451e-15
1.422473e-15
1.519618e-15
1.575129e-15
1.654926e-15
1.800643e-15
1.856154e-15
1.821460e-15
1.828399e-15
2.022688e-15
2.123302e-15
2.192690e-15
2.338407e-15
2.525757e-15
2.674944e-15
2.751271e-15
2.813721e-15
2.851885e-15
2.945560e-15
2.896988e-15
2.824130e-15
2.851885e-15
2.838008e-15
2.796374e-15
2.813721e-15
2.824130e-15
2.744333e-15
2.685352e-15
2.720046e-15
2.737394e-15
2.685352e-15
2.699230e-15
2.751271e-15
2.792905e-15
2.785966e-15
2.768619e-15
2.851885e-15
2.917805e-15
2.900458e-15
2.862294e-15
2.886580e-15
2.921274e-15
2.876172e-15
2.806783e-15
2.747802e-15
2.636780e-15
2.515349e-15
2.400857e-15
2.369632e-15
2.300243e-15
2.272488e-15
2.317591e-15
2.393918e-15
2.400857e-15
2.293304e-15
2.279427e-15
2.331468e-15
2.265549e-15
2.053913e-15
1.998401e-15
1.904726e-15
1.880440e-15
1.793704e-15
1.745132e-15
1.668804e-15
1.627171e-15
1.523087e-15
1.457168e-15
1.353084e-15
1.242062e-15
1.044304e-15
8.812395e-16
8.396062e-16
8.049117e-16
7.528700e-16
6.938894e-16
7.285839e-16
6.279699e-16
6.071532e-16
5.863365e-16
5.204170e-16
5.412337e-16
5.689893e-16
5.724587e-16
6.765422e-16
5.204170e-16
3.712308e-16
2.220446e-16
1.838807e-16
1.942890e-16
2.428613e-16
2.879641e-16
3.608225e-16
4.475587e-16
5.585810e-16
6.800116e-16
7.736867e-16
9.540979e-16
1.072059e-15
1.249001e-15
1.464107e-15
1.602884e-15
1.776357e-15
1.915135e-15
2.171874e-15
2.227385e-15
2.296774e-15
2.442491e-15
2.643719e-15
2.720046e-15
2.848416e-15
2.952499e-15
3.014949e-15
2.994133e-15
3.001072e-15
2.896988e-15
2.730455e-15
2.581269e-15
2.466777e-15
2.248202e-15
2.171874e-15
2.074729e-15
2.005340e-15
1.852685e-15
1.658396e-15
1.651457e-15
1.595946e-15
1.408595e-15
1.207368e-15
1.162265e-15
1.016548e-15
8.777701e-16
7.077672e-16
6.487866e-16
6.106227e-16
5.551115e-16
4.579670e-16
3.920475e-16
3.191891e-16
2.636780e-16
2.532696e-16
1.908196e-16
1.804112e-16
1.179612e-16
1.595946e-16
1.838807e-16
2.775558e-16
3.365364e-16
3.295975e-16
4.024558e-16
3.955170e-16
5.030698e-16
4.544976e-16
5.342948e-16
6.453171e-16
7.494005e-16
9.228729e-16
1.040834e-15
1.176143e-15
1.304512e-15
1.307982e-15
1.398187e-15
1.523087e-15
1.630640e-15
1.738193e-15
1.762479e-15
1.842276e-15
1.821460e-15
1.890849e-15
2.046974e-15
2.151057e-15
2.182282e-15
2.213507e-15
2.355754e-15
2.536166e-15
2.678413e-15
2.733924e-15
2.713108e-15
2.785966e-15
2.768619e-15
2.806783e-15
2.796374e-15
2.806783e-15
2.831069e-15
2.761680e-15
2.720046e-15
2.737394e-15
2.765149e-15
2.692291e-15
2.647188e-15
2.671474e-15
2.733924e-15
2.817191e-15
2.685352e-15
2.730455e-15
2.699230e-15
2.681882e-15
2.772088e-15
2.851885e-15
2.796374e-15
2.799844e-15
2.775558e-15
2.733924e-15
2.772088e-15
2.720046e-15
2.713108e-15
2.553513e-15
2.539635e-15
2.449430e-15
2.314121e-15
2.258610e-15
2.178813e-15
2.206568e-15
2.237793e-15
2.248202e-15
2.230854e-15
2.324529e-15
2.296774e-15
2.192690e-15
2.078199e-15
1.870032e-15
1.800643e-15
1.755540e-15
1.720846e-15
1.616762e-15
1.505740e-15
1.394718e-15
1.325329e-15
1.179612e-15
1.082467e-15
9.714451e-16
8.638923e-16
8.049117e-16
7.771561e-16
8.396062e-16
7.667478e-16
6.696033e-16
6.557255e-16
6.002143e-16
6.245005e-16
6.140921e-16
5.342948e-16
4.163336e-16
4.614364e-16
5.169476e-16
3.712308e-16
2.636780e-16
1.561251e-16
9.714451e-17
6.591949e-17
8.673617e-17
1.353084e-16
2.879641e-16
4.093947e-16
4.857226e-16
5.898060e-16
7.459311e-16
8.049117e-16
9.402201e-16
1.030426e-15
1.207368e-15
1.349615e-15
1.519618e-15
1.738193e-15
1.904726e-15
2.046974e-15
2.137179e-15
2.282896e-15
2.376571e-15
2.532696e-15
2.595146e-15
2.706169e-15
2.754741e-15
2.664535e-15
2.716577e-15
2.720046e-15
2.577799e-15
2.418205e-15
2.223915e-15
2.085138e-15
2.026157e-15
1.953299e-15
1.835337e-15
1.745132e-15
1.582068e-15
1.398187e-15
1.228184e-15
1.162265e-15
1.058181e-15
9.679757e-16
8.361367e-16
7.285839e-16
6.522560e-16
5.481726e-16
4.961309e-16
3.816392e-16
3.504141e-16
3.157197e-16
2.081668e-16
1.804112e-16
2.255141e-16
1.804112e-16
2.081668e-16
2.255141e-16
2.463307e-16
2.636780e-16
2.949030e-16
3.261280e-16
3.851086e-16
3.781697e-16
4.683753e-16
6.279699e-16
6.453171e-16
7.424616e-16
7.840950e-16
9.124645e-16
9.506285e-16
1.044304e-15
1.148387e-15
1.301043e-15
1.370432e-15
1.429412e-15
1.484923e-15
1.637579e-15
1.651457e-15
1.734723e-15
1.720846e-15
1.866562e-15
2.026157e-15
2.171874e-15
2.210038e-15
2.262079e-15
2.331468e-15
2.390449e-15
2.504941e-15
2.654127e-15
2.723516e-15
2.799844e-15
2.768619e-15
2.765149e-15
2.820660e-15
2.831069e-15
2.799844e-15
2.747802e-15
2.730455e-15
2.633310e-15
2.622902e-15
2.685352e-15
2.706169e-15
2.726985e-15
2.699230e-15
2.713108e-15
2.765149e-15
2.765149e-15
2.723516e-15
2.674944e-15
2.685352e-15
2.681882e-15
2.629841e-15
2.643719e-15
2.636780e-15
2.588207e-15
2.619432e-15
2.668005e-15
2.671474e-15
2.619432e-15
2.546574e-15
2.504941e-15
2.463307e-15
2.456368e-15
2.310652e-15
2.289835e-15
2.248202e-15
2.262079e-15
2.244732e-15
2.317591e-15
2.411266e-15
2.376571e-15
2.279427e-15
2.123302e-15
1.946360e-15
1.897787e-15
1.811051e-15
1.745132e-15
1.623701e-15
1.502271e-15
1.436351e-15
1.328798e-15
1.176143e-15
1.044304e-15
9.332812e-16
8.951173e-16
8.708312e-16
8.777701e-16
8.222589e-16
8.049117e-16
7.875645e-16
8.291978e-16
6.557255e-16
5.793976e-16
5.759282e-16
4.926615e-16
4.232725e-16
3.885781e-16
3.365364e-16
2.602085e-16
1.526557e-16
9.714451e-17
1.040834e-17
1.734723e-17
5.898060e-17
1.491862e-16
2.220446e-16
3.781697e-16
5.447032e-16
6.869505e-16
7.389922e-16
8.396062e-16
9.957313e-16
1.144917e-15
1.158795e-15
1.276756e-15
1.425943e-15
1.589007e-15
1.804112e-15
2.033096e-15
2.230854e-15
2.345346e-15
2.442491e-15
2.553513e-15
2.744333e-15
2.841477e-15
2.886580e-15
2.844947e-15
2.806783e-15
2.706169e-15
2.560452e-15
2.338407e-15
2.185752e-15
2.026157e-15
1.904726e-15
1.870032e-15
1.713907e-15
1.502271e-15
1.443290e-15
1.363493e-15
1.242062e-15
1.131040e-15
1.162265e-15
9.436896e-16
9.055257e-16
8.673617e-16
7.285839e-16
5.898060e-16
4.857226e-16
5.134781e-16
4.683753e-16
3.226586e-16
3.053113e-16
3.157197e-16
2.879641e-16
2.289835e-16
1.665335e-16
2.532696e-16
2.844947e-16
2.151057e-16
2.706169e-16
4.059253e-16
5.100087e-16
5.689893e-16
6.314393e-16
6.279699e-16
6.730727e-16
6.418477e-16
6.661338e-16
8.049117e-16
8.881784e-16
8.951173e-16
1.020017e-15
1.169204e-15
1.252470e-15
1.387779e-15
1.509209e-15
1.630640e-15
1.627171e-15
1.602884e-15
1.654926e-15
1.915135e-15
2.112893e-15
2.210038e-15
2.258610e-15
2.293304e-15
2.397388e-15
2.466777e-15
2.563921e-15
2.650657e-15
2.789435e-15
2.831069e-15
2.754741e-15
2.688821e-15
2.720046e-15
2.782496e-15
2.720046e-15
2.751271e-15
2.720046e-15
2.626371e-15
2.654127e-15
2.740863e-15
2.775558e-15
2.775558e-15
2.674944e-15
2.643719e-15
2.678413e-15
2.744333e-15
2.681882e-15
2.674944e-15
2.598616e-15
2.584738e-15
2.536166e-15
2.560452e-15
2.626371e-15
2.640249e-15
2.730455e-15
2.768619e-15
2.747802e-15
2.636780e-15
2.584738e-15
2.491063e-15
2.494532e-15
2.432082e-15
2.418205e-15
2.338407e-15
2.265549e-15
2.234324e-15
2.230854e-15
2.303713e-15
2.338407e-15
2.279427e-15
2.112893e-15
2.008810e-15
1.748601e-15
1.634110e-15
1.568190e-15
1.484923e-15
1.321859e-15
1.158795e-15
1.127570e-15
9.922618e-16
8.326673e-16
7.355228e-16
7.008283e-16
6.800116e-16
7.459311e-16
7.528700e-16
6.522560e-16
7.008283e-16
8.153200e-16
7.771561e-16
7.494005e-16
6.175616e-16
4.926615e-16
4.787837e-16
3.989864e-16
2.983724e-16
3.157197e-16
3.573530e-16
4.232725e-16
3.885781e-16
2.359224e-16
1.422473e-16
1.110223e-16
1.075529e-16
2.324529e-16
3.400058e-16
4.198031e-16
5.308254e-16
5.377643e-16
6.175616e-16
7.945034e-16
8.985868e-16
9.471590e-16
1.065120e-15
1.172673e-15
1.408595e-15
1.550843e-15
1.731254e-15
1.935951e-15
2.109424e-15
2.300243e-15
2.477185e-15
2.605555e-15
2.695760e-15
2.709638e-15
2.740863e-15
2.643719e-15
2.550044e-15
2.449430e-15
2.334938e-15
2.182282e-15
1.911665e-15
1.783296e-15
1.654926e-15
1.526557e-15
1.342676e-15
1.117162e-15
1.009609e-15
9.540979e-16
9.332812e-16
8.812395e-16
7.285839e-16
6.591949e-16
6.765422e-16
6.210310e-16
4.267420e-16
3.191891e-16
3.400058e-16
2.983724e-16
2.775558e-16
2.532696e-16
2.949030e-16
3.087808e-16
3.920475e-16
3.712308e-16
3.712308e-16
3.018419e-16
3.469447e-16
3.851086e-16
3.816392e-16
4.753142e-16
5.828671e-16
5.932754e-16
5.828671e-16
6.140921e-16
6.522560e-16
7.216450e-16
8.083811e-16
8.673617e-16
9.645063e-16
1.061651e-15
1.165734e-15
1.252470e-15
1.301043e-15
1.391248e-15
1.516148e-15
1.533496e-15
1.540434e-15
1.613293e-15
1.876971e-15
2.133710e-15
2.282896e-15
2.345346e-15
2.473716e-15
2.518818e-15
2.560452e-15
2.650657e-15
2.737394e-15
2.827599e-15
2.817191e-15
2.796374e-15
2.761680e-15
2.678413e-15
2.636780e-15
2.595146e-15
2.619432e-15
2.619432e-15
2.643719e-15
2.681882e-15
2.761680e-15
2.820660e-15
2.737394e-15
2.720046e-15
2.671474e-15
2.612494e-15
2.730455e-15
2.737394e-15
2.723516e-15
2.619432e-15
2.546574e-15
2.435552e-15
2.366163e-15
2.452899e-15
2.487593e-15
2.615963e-15
2.629841e-15
2.640249e-15
2.622902e-15
2.560452e-15
2.553513e-15
2.529227e-15
2.445960e-15
2.515349e-15
2.466777e-15
2.442491e-15
2.369632e-15
2.286366e-15
2.310652e-15
2.307182e-15
2.300243e-15
2.144118e-15
1.946360e-15
1.769418e-15
1.595946e-15
1.540434e-15
1.349615e-15
1.304512e-15
1.190020e-15
1.110223e-15
1.033895e-15
9.298118e-16
8.326673e-16
8.187895e-16
6.834810e-16
6.557255e-16
7.042977e-16
6.834810e-16
6.245005e-16
6.279699e-16
5.724587e-16
5.551115e-16
5.828671e-16
4.753142e-16
4.857226e-16
4.302114e-16
4.440892e-16
3.157197e-16
2.740863e-16
2.636780e-16
2.324529e-16
1.353084e-16
2.081668e-17
8.673617e-17
1.249001e-16
2.081668e-16
2.706169e-16
3.295975e-16
3.920475e-16
5.065393e-16
6.487866e-16
7.181755e-16
7.528700e-16
8.638923e-16
9.783840e-16
1.075529e-15
1.186551e-15
1.360023e-15
1.530026e-15
1.748601e-15
2.102485e-15
2.421674e-15
2.640249e-15
2.678413e-15
2.782496e-15
2.775558e-15
2.726985e-15
2.654127e-15
2.529227e-15
2.404327e-15
2.258610e-15
2.015749e-15
1.814521e-15
1.585537e-15
1.366962e-15
1.255940e-15
1.127570e-15
1.051242e-15
9.506285e-16
8.812395e-16
8.465451e-16
8.083811e-16
8.396062e-16
7.563394e-16
6.938894e-16
6.418477e-16
5.412337e-16
4.926615e-16
4.718448e-16
4.163336e-16
4.267420e-16
4.128642e-16
4.683753e-16
4.093947e-16
4.059253e-16
3.747003e-16
3.053113e-16
3.365364e-16
2.844947e-16
2.740863e-16
3.851086e-16
4.198031e-16
5.204170e-16
5.724587e-16
6.245005e-16
5.793976e-16
5.793976e-16
6.314393e-16
7.251144e-16
8.708312e-16
8.985868e-16
1.002670e-15
1.037365e-15
1.051242e-15
1.137979e-15
1.210837e-15
1.301043e-15
1.412065e-15
1.502271e-15
1.609823e-15
1.790235e-15
2.012279e-15
2.203099e-15
2.459838e-15
2.536166e-15
2.581269e-15
2.657596e-15
2.671474e-15
2.588207e-15
2.602085e-15
2.668005e-15
2.692291e-15
2.716577e-15
2.695760e-15
2.671474e-15
2.647188e-15
2.546574e-15
2.546574e-15
2.570860e-15
2.629841e-15
2.723516e-15
2.737394e-15
2.668005e-15
2.640249e-15
2.629841e-15
2.674944e-15
2.602085e-15
2.588207e-15
2.615963e-15
2.598616e-15
2.491063e-15
2.380041e-15
2.383510e-15
2.418205e-15
2.525757e-15
2.522288e-15
2.567391e-15
2.556982e-15
2.556982e-15
2.532696e-15
2.539635e-15
2.491063e-15
2.491063e-15
2.407796e-15
2.411266e-15
2.373102e-15
2.296774e-15
2.262079e-15
2.220446e-15
2.099015e-15
1.994932e-15
1.849215e-15
1.623701e-15
1.543904e-15
1.401657e-15
1.242062e-15
1.103284e-15
1.058181e-15
1.040834e-15
9.540979e-16
8.812395e-16
8.291978e-16
6.730727e-16
6.071532e-16
5.620504e-16
5.481726e-16
4.787837e-16
4.198031e-16
4.093947e-16
4.163336e-16
4.232725e-16
4.857226e-16
4.683753e-16
4.406198e-16
4.614364e-16
3.851086e-16
3.608225e-16
2.706169e-16
3.677614e-16
2.844947e-16
1.977585e-16
1.838807e-16
1.144917e-16
1.110223e-16
1.179612e-16
1.700029e-16
2.463307e-16
3.226586e-16
3.157197e-16
4.406198e-16
6.140921e-16
6.765422e-16
6.661338e-16
7.771561e-16
8.985868e-16
9.887924e-16
1.092876e-15
1.228184e-15
1.269818e-15
1.415534e-15
1.790235e-15
2.133710e-15
2.355754e-15
2.501471e-15
2.425143e-15
2.386980e-15
2.359224e-15
2.345346e-15
2.300243e-15
2.286366e-15
2.192690e-15
1.946360e-15
1.637579e-15
1.339207e-15
1.203898e-15
1.124101e-15
9.853229e-16
8.534840e-16
8.396062e-16
7.181755e-16
6.557255e-16
6.973588e-16
8.014422e-16
7.806256e-16
6.210310e-16
5.308254e-16
5.724587e-16
5.724587e-16
5.377643e-16
4.544976e-16
4.336809e-16
4.787837e-16
4.891920e-16
5.065393e-16
3.677614e-16
3.642919e-16
4.093947e-16
4.579670e-16
4.232725e-16
4.614364e-16
4.267420e-16
4.059253e-16
4.822531e-16
5.308254e-16
6.036838e-16
6.626644e-16
8.361367e-16
8.326673e-16
9.020562e-16
9.645063e-16
9.957313e-16
9.853229e-16
9.055257e-16
9.263423e-16
1.016548e-15
1.151856e-15
1.235123e-15
1.370432e-15
1.585537e-15
1.752071e-15
1.873501e-15
2.078199e-15
2.355754e-15
2.588207e-15
2.615963e-15
2.633310e-15
2.678413e-15
2.615963e-15
2.522288e-15
2.456368e-15
2.421674e-15
2.432082e-15
2.563921e-15
2.643719e-15
2.602085e-15
2.584738e-15
2.556982e-15
2.525757e-15
2.581269e-15
2.626371e-15
2.622902e-15
2.605555e-15
2.484124e-15
2.498002e-15
2.522288e-15
2.567391e-15
2.404327e-15
2.338407e-15
2.362693e-15
2.369632e-15
2.369632e-15
2.345346e-15
2.289835e-15
2.265549e-15
2.355754e-15
2.282896e-15
2.314121e-15
2.334938e-15
2.397388e-15
2.484124e-15
2.501471e-15
2.494532e-15
2.435552e-15
2.449430e-15
2.435552e-15
2.425143e-15
2.480655e-15
2.414735e-15
2.265549e-15
2.210038e-15
1.998401e-15
1.800643e-15
1.564721e-15
1.439820e-15
1.328798e-15
1.304512e-15
1.214306e-15
1.044304e-15
1.030426e-15
9.610368e-16
8.326673e-16
7.945034e-16
6.904199e-16
5.065393e-16
5.273559e-16
5.030698e-16
4.683753e-16
5.100087e-16
4.649059e-16
3.330669e-16
3.920475e-16
4.857226e-16
4.753142e-16
4.718448e-16
4.371503e-16
4.198031e-16
3.573530e-16
3.642919e-16
3.747003e-16
2.393918e-16
1.838807e-16
1.491862e-16
9.367507e-17
1.491862e-16
1.873501e-16
1.838807e-16
1.977585e-16
2.498002e-16
2.949030e-16
4.267420e-16
5.065393e-16
5.655199e-16
5.932754e-16
7.216450e-16
8.430756e-16
9.124645e-16
1.155326e-15
1.249001e-15
1.290634e-15
1.450229e-15
1.706968e-15
2.043504e-15
2.390449e-15
2.407796e-15
2.355754e-15
2.303713e-15
2.213507e-15
2.296774e-15
2.275957e-15
2.314121e-15
2.234324e-15
2.005340e-15
1.668804e-15
1.419004e-15
1.224715e-15
1.075529e-15
9.679757e-16
8.291978e-16
7.840950e-16
7.008283e-16
7.008283e-16
7.910339e-16
8.673617e-16
8.638923e-16
8.396062e-16
7.598089e-16
7.320533e-16
7.598089e-16
7.181755e-16
5.898060e-16
5.516421e-16
6.175616e-16
5.447032e-16
5.724587e-16
5.793976e-16
4.649059e-16
3.712308e-16
3.712308e-16
3.816392e-16
4.198031e-16
4.857226e-16
4.579670e-16
4.926615e-16
5.793976e-16
6.591949e-16
6.765422e-16
7.181755e-16
8.083811e-16
8.708312e-16
8.985868e-16
8.673617e-16
8.604228e-16
8.500145e-16
8.951173e-16
9.992007e-16
1.068590e-15
1.200429e-15
1.353084e-15
1.533496e-15
1.727785e-15
1.949829e-15
2.105954e-15
2.317591e-15
2.466777e-15
2.570860e-15
2.615963e-15
2.626371e-15
2.456368e-15
2.355754e-15
2.258610e-15
2.137179e-15
2.196160e-15
2.275957e-15
2.324529e-15
2.459838e-15
2.532696e-15
2.550044e-15
2.491063e-15
2.473716e-15
2.421674e-15
2.421674e-15
2.352285e-15
2.314121e-15
2.314121e-15
2.341877e-15
2.366163e-15
2.130240e-15
2.154527e-15
2.171874e-15
2.178813e-15
2.203099e-15
2.223915e-15
2.213507e-15
2.199629e-15
2.210038e-15
2.251671e-15
2.248202e-15
2.234324e-15
2.265549e-15
2.314121e-15
2.345346e-15
2.341877e-15
2.300243e-15
2.310652e-15
2.373102e-15
2.341877e-15
2.282896e-15
2.220446e-15
2.092077e-15
1.942890e-15
1.700029e-15
1.575129e-15
1.394718e-15
1.200429e-15
1.131040e-15
1.065120e-15
1.054712e-15
9.020562e-16
7.806256e-16
6.869505e-16
6.800116e-16
5.412337e-16
5.585810e-16
4.718448e-16
3.330669e-16
3.851086e-16
3.330669e-16
3.330669e-16
2.879641e-16
3.122502e-16
3.226586e-16
2.983724e-16
2.914335e-16
3.400058e-16
3.885781e-16
3.469447e-16
2.810252e-16
2.983724e-16
2.879641e-16
1.422473e-16
1.179612e-16
1.700029e-16
1.353084e-16
2.255141e-16
2.706169e-16
2.185752e-16
1.457168e-16
1.908196e-16
3.295975e-16
3.573530e-16
3.157197e-16
3.920475e-16
4.198031e-16
4.371503e-16
6.245005e-16
7.494005e-16
9.887924e-16
1.068590e-15
1.207368e-15
1.394718e-15
1.616762e-15
1.922074e-15
2.157996e-15
2.223915e-15
2.164935e-15
2.130240e-15
2.067790e-15
2.053913e-15
2.067790e-15
2.140649e-15
2.109424e-15
1.842276e-15
1.606354e-15
1.294104e-15
1.117162e-15
1.023487e-15
1.002670e-15
8.812395e-16
8.430756e-16
7.320533e-16
6.591949e-16
6.487866e-16
6.696033e-16
7.528700e-16
7.702172e-16
6.973588e-16
6.591949e-16
6.557255e-16
6.002143e-16
5.169476e-16
4.961309e-16
4.961309e-16
4.510281e-16
4.406198e-16
4.649059e-16
3.434752e-16
4.093947e-16
4.371503e-16
4.683753e-16
4.544976e-16
3.504141e-16
2.949030e-16
4.579670e-16
5.377643e-16
6.453171e-16
6.938894e-16
6.834810e-16
7.806256e-16
7.875645e-16
8.465451e-16
8.326673e-16
8.430756e-16
9.089951e-16
9.540979e-16
1.072059e-15
1.179612e-15
1.266348e-15
1.380840e-15
1.637579e-15
1.856154e-15
2.147588e-15
2.303713e-15
2.428613e-15
2.473716e-15
2.529227e-15
2.574330e-15
2.501471e-15
2.369632e-15
2.255141e-15
2.241263e-15
2.147588e-15
2.078199e-15
2.088607e-15
2.147588e-15
2.289835e-15
2.393918e-15
2.432082e-15
2.418205e-15
2.366163e-15
2.293304e-15
2.199629e-15
2.109424e-15
2.164935e-15
2.227385e-15
2.234324e-15
2.154527e-15
2.105954e-15
2.074729e-15
2.088607e-15
2.116363e-15
2.140649e-15
2.126771e-15
2.130240e-15
2.074729e-15
2.022688e-15
2.067790e-15
2.040035e-15
2.067790e-15
2.071260e-15
2.067790e-15
2.105954e-15
2.147588e-15
2.241263e-15
2.199629e-15
2.185752e-15
2.168404e-15
2.126771e-15
2.092077e-15
1.935951e-15
1.856154e-15
1.665335e-15
1.429412e-15
1.318390e-15
1.099815e-15
9.957313e-16
9.645063e-16
1.040834e-15
9.818535e-16
7.875645e-16
7.355228e-16
6.904199e-16
5.655199e-16
5.030698e-16
4.961309e-16
4.198031e-16
3.608225e-16
3.885781e-16
3.018419e-16
2.602085e-16
1.665335e-16
1.214306e-16
2.289835e-16
2.636780e-16
2.532696e-16
3.191891e-16
1.873501e-16
1.387779e-16
1.353084e-16
7.632783e-17
3.816392e-17
2.081668e-17
8.326673e-17
1.353084e-16
1.110223e-16
1.249001e-16
1.283695e-16
1.457168e-16
2.151057e-16
3.157197e-16
4.406198e-16
5.759282e-16
5.308254e-16
4.753142e-16
4.579670e-16
5.932754e-16
6.696033e-16
8.430756e-16
9.783840e-16
1.162265e-15
1.366962e-15
1.543904e-15
1.821460e-15
2.088607e-15
2.175343e-15
2.137179e-15
2.074729e-15
2.116363e-15
2.085138e-15
2.081668e-15
2.078199e-15
1.967176e-15
1.741662e-15
1.540434e-15
1.377370e-15
1.190020e-15
1.078998e-15
1.037365e-15
9.436896e-16
8.985868e-16
7.667478e-16
8.222589e-16
7.632783e-16
7.077672e-16
6.106227e-16
6.765422e-16
7.320533e-16
7.112366e-16
7.251144e-16
5.689893e-16
5.620504e-16
6.071532e-16
6.036838e-16
6.557255e-16
6.349088e-16
5.585810e-16
5.724587e-16
5.481726e-16
4.267420e-16
4.683753e-16
4.371503e-16
4.440892e-16
4.440892e-16
4.649059e-16
5.030698e-16
6.349088e-16
6.938894e-16
6.938894e-16
7.528700e-16
7.667478e-16
7.875645e-16
7.979728e-16
7.945034e-16
9.645063e-16
1.013079e-15
1.006140e-15
1.127570e-15
1.214306e-15
1.412065e-15
1.616762e-15
1.779826e-15
1.987993e-15
2.185752e-15
2.293304e-15
2.341877e-15
2.376571e-15
2.480655e-15
2.359224e-15
2.310652e-15
2.269018e-15
2.206568e-15
2.123302e-15
2.036565e-15
2.029626e-15
1.991463e-15
2.008810e-15
2.078199e-15
2.154527e-15
2.161465e-15
2.137179e-15
2.109424e-15
2.064321e-15
2.092077e-15
2.105954e-15
2.168404e-15
2.140649e-15
2.130240e-15
1.908196e-15
1.901257e-15
1.946360e-15
2.040035e-15
2.116363e-15
2.064321e-15
2.102485e-15
2.001871e-15
1.970646e-15
1.915135e-15
1.904726e-15
1.977585e-15
1.929013e-15
1.894318e-15
1.883910e-15
1.915135e-15
1.967176e-15
2.001871e-15
2.046974e-15
1.956768e-15
1.859624e-15
1.741662e-15
1.710437e-15
1.731254e-15
1.595946e-15
1.349615e-15
1.148387e-15
9.298118e-16
8.326673e-16
7.840950e-16
8.049117e-16
7.771561e-16
7.008283e-16
5.759282e-16
4.059253e-16
3.573530e-16
2.428613e-16
1.422473e-16
1.977585e-16
2.671474e-16
3.642919e-16
2.706169e-16
1.942890e-16
1.595946e-16
1.457168e-16
9.714451e-17
6.591949e-17
-1.387779e-17
5.204170e-17
9.020562e-17
4.510281e-17
9.714451e-17
1.665335e-16
2.532696e-16
1.283695e-16
2.116363e-16
2.081668e-16
1.283695e-16
1.318390e-16
1.595946e-16
2.012279e-16
2.498002e-16
2.844947e-16
4.059253e-16
5.065393e-16
3.989864e-16
4.198031e-16
4.787837e-16
4.926615e-16
6.106227e-16
7.355228e-16
9.159340e-16
1.047773e-15
1.259409e-15
1.401657e-15
1.613293e-15
1.842276e-15
1.915135e-15
1.918604e-15
1.824929e-15
1.859624e-15
1.870032e-15
1.859624e-15
1.887379e-15
1.831868e-15
1.658396e-15
1.373901e-15
1.207368e-15
1.106754e-15
1.068590e-15
9.714451e-16
9.298118e-16
8.812395e-16
8.257284e-16
7.945034e-16
6.904199e-16
6.002143e-16
4.544976e-16
5.100087e-16
5.863365e-16
6.626644e-16
6.730727e-16
5.724587e-16
5.481726e-16
6.279699e-16
6.557255e-16
6.175616e-16
6.661338e-16
7.181755e-16
6.973588e-16
6.591949e-16
5.967449e-16
5.620504e-16
6.002143e-16
6.279699e-16
6.765422e-16
7.389922e-16
8.500145e-16
8.881784e-16
8.361367e-16
8.500145e-16
8.014422e-16
8.153200e-16
8.951173e-16
9.367507e-16
9.228729e-16
9.159340e-16
1.016548e-15
1.006140e-15
1.176143e-15
1.231654e-15
1.360023e-15
1.592476e-15
1.783296e-15
2.029626e-15
2.310652e-15
2.484124e-15
2.525757e-15
2.386980e-15
2.338407e-15
2.355754e-15
2.321060e-15
2.275957e-15
2.192690e-15
2.116363e-15
2.064321e-15
2.012279e-15
1.925543e-15
1.866562e-15
1.894318e-15
1.935951e-15
1.963707e-15
1.932482e-15
1.932482e-15
1.946360e-15
2.057382e-15
2.085138e-15
2.088607e-15
2.085138e-15
1.984524e-15
1.821460e-15
1.745132e-15
1.731254e-15
1.772887e-15
1.904726e-15
1.922074e-15
1.915135e-15
1.883910e-15
1.838807e-15
1.786765e-15
1.814521e-15
1.759010e-15
1.804112e-15
1.887379e-15
1.911665e-15
1.894318e-15
1.901257e-15
1.918604e-15
1.974115e-15
1.994932e-15
1.852685e-15
1.772887e-15
1.661865e-15
1.706968e-15
1.627171e-15
1.457168e-15
1.176143e-15
1.117162e-15
9.159340e-16
8.083811e-16
8.257284e-16
8.396062e-16
7.910339e-16
6.557255e-16
4.926615e-16
3.538836e-16
2.810252e-16
1.700029e-16
1.561251e-16
1.700029e-16
1.526557e-16
1.595946e-16
8.673617e-17
8.673617e-17
4.857226e-17
-1.387779e-17
-2.775558e-17
-3.816392e-17
-2.081668e-17
-2.428613e-17
-4.163336e-17
-3.469447e-18
3.469447e-18
-6.938894e-18
3.816392e-17
1.040834e-16
1.075529e-16
9.367507e-17
5.551115e-17
9.714451e-17
1.040834e-16
7.979728e-17
1.457168e-16
2.185752e-16
3.434752e-16
4.128642e-16
4.718448e-16
5.481726e-16
5.204170e-16
6.210310e-16
6.730727e-16
7.806256e-16
8.812395e-16
1.106754e-15
1.321859e-15
1.498801e-15
1.540434e-15
1.634110e-15
1.651457e-15
1.672273e-15
1.675743e-15
1.651457e-15
1.661865e-15
1.557782e-15
1.533496e-15
1.436351e-15
1.307982e-15
1.203898e-15
1.186551e-15
1.124101e-15
9.540979e-16
8.951173e-16
8.361367e-16
8.673617e-16
7.563394e-16
6.175616e-16
5.585810e-16
4.891920e-16
4.198031e-16
4.961309e-16
5.689893e-16
6.626644e-16
7.042977e-16
7.320533e-16
7.320533e-16
6.765422e-16
6.591949e-16
7.320533e-16
7.112366e-16
7.251144e-16
7.563394e-16
7.736867e-16
7.147061e-16
7.667478e-16
7.181755e-16
8.118506e-16
9.471590e-16
8.777701e-16
8.743006e-16
8.951173e-16
8.812395e-16
8.534840e-16
8.951173e-16
8.881784e-16
8.777701e-16
8.985868e-16
1.002670e-15
1.096345e-15
1.054712e-15
1.203898e-15
1.377370e-15
1.412065e-15
1.592476e-15
1.727785e-15
1.929013e-15
2.237793e-15
2.380041e-15
2.390449e-15
2.248202e-15
2.244732e-15
2.237793e-15
2.196160e-15
2.126771e-15
2.043504e-15
2.005340e-15
2.001871e-15
1.970646e-15
1.994932e-15
1.876971e-15
1.845746e-15
1.811051e-15
1.765948e-15
1.682682e-15
1.793704e-15
1.901257e-15
1.935951e-15
1.991463e-15
2.026157e-15
2.064321e-15
2.005340e-15
1.644518e-15
1.613293e-15
1.620232e-15
1.706968e-15
1.752071e-15
1.800643e-15
1.835337e-15
1.849215e-15
1.786765e-15
1.724315e-15
1.727785e-15
1.703498e-15
1.710437e-15
1.828399e-15
1.790235e-15
1.755540e-15
1.769418e-15
1.783296e-15
1.706968e-15
1.720846e-15
1.748601e-15
1.658396e-15
1.412065e-15
1.432882e-15
1.405126e-15
1.269818e-15
9.679757e-16
8.326673e-16
7.875645e-16
7.285839e-16
6.175616e-16
5.342948e-16
4.440892e-16
4.024558e-16
3.504141e-16
2.567391e-16
1.526557e-16
9.020562e-17
1.006140e-16
1.353084e-16
2.602085e-16
1.283695e-16
5.204170e-17
2.428613e-17
2.775558e-17
-8.673617e-17
-1.595946e-16
-1.908196e-16
-2.151057e-16
-2.359224e-16
-2.220446e-16
-8.326673e-17
1.734723e-17
6.591949e-17
1.491862e-16
2.255141e-16
2.185752e-16
2.151057e-16
1.838807e-16
1.977585e-16
1.491862e-16
6.245005e-17
-1.040834e-17
-5.204170e-17
1.006140e-16
2.116363e-16
2.567391e-16
3.920475e-16
4.093947e-16
4.510281e-16
5.898060e-16
7.355228e-16
8.291978e-16
9.020562e-16
1.033895e-15
1.061651e-15
1.092876e-15
1.131040e-15
1.137979e-15
1.245531e-15
1.221245e-15
1.262879e-15
1.311451e-15
1.245531e-15
1.217776e-15
1.228184e-15
1.255940e-15
1.158795e-15
1.158795e-15
1.103284e-15
9.610368e-16
8.187895e-16
7.979728e-16
7.494005e-16
5.898060e-16
5.793976e-16
4.302114e-16
2.602085e-16
2.289835e-16
3.018419e-16
4.857226e-16
6.626644e-16
6.869505e-16
7.251144e-16
6.591949e-16
5.481726e-16
5.689893e-16
6.730727e-16
7.216450e-16
6.938894e-16
7.702172e-16
8.083811e-16
7.181755e-16
7.424616e-16
7.736867e-16
8.326673e-16
9.020562e-16
9.089951e-16
9.367507e-16
9.922618e-16
1.013079e-15
9.645063e-16
9.055257e-16
9.402201e-16
1.023487e-15
1.016548e-15
1.009609e-15
1.006140e-15
1.054712e-15
1.158795e-15
1.394718e-15
1.477984e-15
1.578598e-15
1.672273e-15
1.793704e-15
1.987993e-15
2.119832e-15
2.168404e-15
2.081668e-15
2.171874e-15
2.161465e-15
2.099015e-15
2.040035e-15
1.890849e-15
1.807582e-15
1.765948e-15
1.790235e-15
1.759010e-15
1.679212e-15
1.571659e-15
1.477984e-15
1.432882e-15
1.436351e-15
1.460637e-15
1.550843e-15
1.668804e-15
1.790235e-15
1.727785e-15
1.710437e-15
1.731254e-15
1.484923e-15
1.509209e-15
1.474515e-15
1.523087e-15
1.474515e-15
1.509209e-15
1.568190e-15
1.578598e-15
1.554312e-15
1.505740e-15
1.491862e-15
1.578598e-15
1.637579e-15
1.644518e-15
1.641048e-15
1.644518e-15
1.613293e-15
1.575129e-15
1.613293e-15
1.568190e-15
1.613293e-15
1.550843e-15
1.467576e-15
1.436351e-15
1.436351e-15
1.214306e-15
9.818535e-16
8.187895e-16
6.869505e-16
6.383782e-16
5.863365e-16
5.863365e-16
5.655199e-16
5.204170e-16
4.510281e-16
4.059253e-16
3.538836e-16
2.706169e-16
1.561251e-16
1.665335e-16
1.804112e-16
1.353084e-16
7.979728e-17
4.510281e-17
-2.428613e-17
-1.040834e-16
-1.700029e-16
-2.220446e-16
-2.220446e-16
-2.012279e-16
-1.700029e-16
-2.185752e-16
-1.526557e-16
3.469447e-18
-1.040834e-17
3.469447e-17
1.595946e-16
1.526557e-16
8.673617e-17
1.214306e-16
1.387779e-17
-7.979728e-17
-1.110223e-16
-4.857226e-17
3.469447e-18
1.838807e-16
2.428613e-16
3.157197e-16
3.677614e-16
4.059253e-16
3.989864e-16
4.961309e-16
6.696033e-16
7.147061e-16
8.187895e-16
8.847090e-16
8.430756e-16
8.569534e-16
8.708312e-16
8.812395e-16
9.610368e-16
1.009609e-15
1.134509e-15
1.162265e-15
1.158795e-15
1.169204e-15
1.169204e-15
1.214306e-15
1.148387e-15
1.026956e-15
9.575674e-16
9.159340e-16
8.396062e-16
7.077672e-16
5.898060e-16
4.163336e-16
2.151057e-16
1.977585e-16
1.075529e-16
1.040834e-16
2.428613e-16
4.961309e-16
5.412337e-16
5.689893e-16
5.516421e-16
5.828671e-16
6.071532e-16
6.106227e-16
6.765422e-16
7.181755e-16
7.840950e-16
8.014422e-16
7.910339e-16
6.904199e-16
7.424616e-16
7.563394e-16
8.743006e-16
8.534840e-16
9.194034e-16
9.575674e-16
9.089951e-16
8.951173e-16
8.743006e-16
8.187895e-16
8.638923e-16
8.743006e-16
9.298118e-16
9.506285e-16
1.033895e-15
1.172673e-15
1.273287e-15
1.380840e-15
1.387779e-15
1.457168e-15
1.592476e-15
1.755540e-15
1.894318e-15
1.929013e-15
1.915135e-15
1.911665e-15
1.987993e-15
1.956768e-15
1.835337e-15
1.672273e-15
1.575129e-15
1.516148e-15
1.471046e-15
1.360023e-15
1.325329e-15
1.228184e-15
1.217776e-15
1.294104e-15
1.311451e-15
1.252470e-15
1.207368e-15
1.311451e-15
1.429412e-15
1.398187e-15
1.380840e-15
1.443290e-15
1.259409e-15
1.328798e-15
1.314920e-15
1.328798e-15
1.346145e-15
1.401657e-15
1.380840e-15
1.370432e-15
1.356554e-15
1.318390e-15
1.280226e-15
1.321859e-15
1.356554e-15
1.353084e-15
1.446759e-15
1.422473e-15
1.366962e-15
1.297573e-15
1.332268e-15
1.370432e-15
1.394718e-15
1.360023e-15
1.335737e-15
1.242062e-15
1.262879e-15
1.110223e-15
9.332812e-16
6.800116e-16
5.759282e-16
4.822531e-16
4.128642e-16
3.469447e-16
2.949030e-16
2.671474e-16
2.740863e-16
2.498002e-16
1.769418e-16
1.665335e-16
4.163336e-17
6.938894e-17
6.591949e-17
5.204170e-17
6.591949e-17
1.734723e-17
2.775558e-17
-3.816392e-17
-2.046974e-16
-2.463307e-16
-1.561251e-16
-5.551115e-17
-6.938894e-18
-9.714451e-17
-3.122502e-17
-4.857226e-17
-3.816392e-17
3.816392e-17
7.632783e-17
5.204170e-17
6.245005e-17
-3.469447e-18
-4.857226e-17
-9.020562e-17
-1.214306e-16
-9.020562e-17
0.000000e+00
2.255141e-16
2.914335e-16
3.400058e-16
2.983724e-16
2.602085e-16
2.914335e-16
3.712308e-16
4.024558e-16
5.447032e-16
6.522560e-16
6.973588e-16
6.904199e-16
6.626644e-16
7.459311e-16
7.459311e-16
7.945034e-16
9.332812e-16
1.040834e-15
1.085937e-15
1.096345e-15
1.068590e-15
1.082467e-15
1.047773e-15
9.540979e-16
8.743006e-16
8.881784e-16
8.743006e-16
8.326673e-16
8.049117e-16
6.487866e-16
4.232725e-16
2.602085e-16
1.249001e-16
1.214306e-16
1.110223e-16
1.491862e-16
2.151057e-16
3.989864e-16
5.238865e-16
6.696033e-16
6.453171e-16
6.140921e-16
5.967449e-16
6.314393e-16
7.563394e-16
7.875645e-16
7.945034e-16
7.806256e-16
6.487866e-16
6.973588e-16
7.320533e-16
6.800116e-16
7.424616e-16
8.326673e-16
9.298118e-16
9.749146e-16
9.367507e-16
8.812395e-16
7.875645e-16
8.534840e-16
9.055257e-16
9.471590e-16
9.679757e-16
1.006140e-15
1.099815e-15
1.179612e-15
1.283695e-15
1.259409e-15
1.370432e-15
1.488393e-15
1.606354e-15
1.710437e-15
1.741662e-15
1.797174e-15
1.859624e-15
1.901257e-15
1.842276e-15
1.748601e-15
1.634110e-15
1.509209e-15
1.370432e-15
1.280226e-15
1.186551e-15
1.072059e-15
1.023487e-15
1.065120e-15
1.058181e-15
1.089406e-15
1.078998e-15
1.131040e-15
1.030426e-15
9.783840e-16
1.044304e-15
1.054712e-15
1.141448e-15
1.276756e-15
1.276756e-15
1.301043e-15
1.186551e-15
1.120631e-15
1.089406e-15
1.013079e-15
9.575674e-16
9.020562e-16
8.812395e-16
8.534840e-16
8.257284e-16
8.638923e-16
9.436896e-16
1.040834e-15
1.117162e-15
1.144917e-15
1.141448e-15
1.131040e-15
1.262879e-15
1.387779e-15
1.356554e-15
1.242062e-15
1.096345e-15
9.992007e-16
8.430756e-16
7.112366e-16
5.793976e-16
5.308254e-16
4.718448e-16
3.920475e-16
3.434752e-16
3.747003e-16
4.128642e-16
4.267420e-16
4.371503e-16
4.232725e-16
2.879641e-16
1.908196e-16
1.457168e-16
9.367507e-17
2.359224e-16
1.630640e-16
1.838807e-16
1.769418e-16
9.714451e-17
1.734723e-17
3.469447e-17
4.857226e-17
4.857226e-17
8.326673e-17
-2.775558e-17
-1.734723e-17
5.551115e-17
5.551115e-17
-3.469447e-17
-1.040834e-17
-4.163336e-17
1.144917e-16
7.979728e-17
3.122502e-17
-9.020562e-17
-1.387779e-16
-1.006140e-16
5.551115e-17
2.463307e-16
2.810252e-16
2.463307e-16
2.116363e-16
2.428613e-16
2.879641e-16
3.330669e-16
3.365364e-16
4.822531e-16
5.377643e-16
6.349088e-16
7.216450e-16
6.869505e-16
7.042977e-16
7.216450e-16
7.494005e-16
8.257284e-16
9.575674e-16
1.026956e-15
1.033895e-15
1.037365e-15
9.367507e-16
8.118506e-16
6.834810e-16
6.522560e-16
7.042977e-16
6.557255e-16
6.869505e-16
6.522560e-16
5.447032e-16
3.573530e-16
1.422473e-16
3.816392e-17
4.163336e-17
9.020562e-17
1.804112e-16
2.428613e-16
4.093947e-16
4.822531e-16
6.279699e-16
6.453171e-16
6.904199e-16
7.077672e-16
7.147061e-16
7.702172e-16
8.396062e-16
8.430756e-16
7.979728e-16
8.014422e-16
7.355228e-16
7.147061e-16
7.702172e-16
7.910339e-16
8.465451e-16
8.014422e-16
7.389922e-16
6.973588e-16
7.112366e-16
7.251144e-16
7.494005e-16
8.014422e-16
8.534840e-16
9.194034e-16
9.540979e-16
9.575674e-16
9.818535e-16
1.061651e-15
1.023487e-15
1.075529e-15
1.179612e-15
1.255940e-15
1.405126e-15
1.488393e-15
1.564721e-15
1.682682e-15
1.734723e-15
1.661865e-15
1.536965e-15
1.436351e-15
1.335737e-15
1.158795e-15
1.061651e-15
1.016548e-15
9.506285e-16
9.402201e-16
9.575674e-16
9.957313e-16
1.072059e-15
1.085937e-15
1.061651e-15
9.159340e-16
8.569534e-16
8.604228e-16
9.263423e-16
1.106754e-15
1.137979e-15
1.099815e-15
1.040834e-15
8.951173e-16
7.008283e-16
6.036838e-16
5.620504e-16
5.412337e-16
5.585810e-16
5.655199e-16
5.204170e-16
4.753142e-16
5.828671e-16
6.453171e-16
6.661338e-16
7.389922e-16
7.667478e-16
8.187895e-16
9.089951e-16
1.037365e-15
1.228184e-15
1.221245e-15
1.089406e-15
9.402201e-16
8.187895e-16
7.147061e-16
5.828671e-16
4.544976e-16
3.747003e-16
2.289835e-16
1.804112e-16
1.006140e-16
1.908196e-16
1.769418e-16
1.873501e-16
1.665335e-16
1.630640e-16
1.769418e-16
1.387779e-16
7.632783e-17
-1.387779e-17
1.040834e-16
4.510281e-17
-6.938894e-18
0.000000e+00
3.122502e-17
6.245005e-17
1.249001e-16
9.020562e-17
6.938894e-17
1.075529e-16
1.249001e-16
1.040834e-16
1.249001e-16
9.714451e-17
1.144917e-16
1.804112e-16
2.012279e-16
1.942890e-16
1.075529e-16
7.285839e-17
-4.163336e-17
-1.561251e-16
-1.977585e-16
-4.857226e-17
1.457168e-16
1.734723e-16
1.110223e-16
1.249001e-16
1.110223e-16
1.422473e-16
2.359224e-16
2.740863e-16
3.087808e-16
3.989864e-16
5.100087e-16
6.106227e-16
6.383782e-16
6.036838e-16
6.349088e-16
6.106227e-16
6.765422e-16
8.361367e-16
9.783840e-16
9.887924e-16
9.124645e-16
7.979728e-16
7.042977e-16
6.696033e-16
6.383782e-16
5.689893e-16
5.898060e-16
5.932754e-16
5.273559e-16
4.059253e-16
2.151057e-16
1.387779e-17
-9.020562e-17
-1.179612e-16
-4.857226e-17
4.510281e-17
1.838807e-16
3.400058e-16
4.163336e-16
5.585810e-16
6.453171e-16
6.765422e-16
6.765422e-16
6.626644e-16
6.730727e-16
6.661338e-16
6.869505e-16
7.320533e-16
7.945034e-16
7.528700e-16
7.702172e-16
7.285839e-16
6.938894e-16
6.522560e-16
6.730727e-16
6.973588e-16
7.251144e-16
6.938894e-16
7.424616e-16
6.904199e-16
7.494005e-16
7.875645e-16
8.534840e-16
9.020562e-16
8.014422e-16
9.436896e-16
9.679757e-16
1.051242e-15
1.016548e-15
1.078998e-15
1.106754e-15
1.120631e-15
1.252470e-15
1.460637e-15
1.602884e-15
1.679212e-15
1.477984e-15
1.259409e-15
1.196959e-15
1.082467e-15
9.922618e-16
9.506285e-16
8.985868e-16
9.332812e-16
9.749146e-16
9.818535e-16
1.020017e-15
1.002670e-15
9.228729e-16
8.049117e-16
7.494005e-16
7.424616e-16
7.840950e-16
9.089951e-16
1.030426e-15
8.916479e-16
8.153200e-16
6.487866e-16
4.996004e-16
3.087808e-16
2.046974e-16
1.977585e-16
1.838807e-16
2.393918e-16
3.053113e-16
3.538836e-16
3.747003e-16
3.920475e-16
3.747003e-16
4.683753e-16
5.828671e-16
6.626644e-16
7.216450e-16
7.632783e-16
9.714451e-16
1.162265e-15
1.099815e-15
1.013079e-15
7.667478e-16
5.308254e-16
4.649059e-16
5.793976e-16
4.232725e-16
3.400058e-16
3.018419e-16
2.775558e-16
1.665335e-16
1.630640e-16
2.046974e-16
2.532696e-16
2.636780e-16
2.255141e-16
2.983724e-16
2.324529e-16
1.318390e-16
6.591949e-17
3.469447e-17
3.122502e-17
-6.938894e-18
9.714451e-17
1.214306e-16
1.665335e-16
2.255141e-16
1.561251e-16
1.734723e-16
2.636780e-16
2.567391e-16
1.908196e-16
2.359224e-16
2.879641e-16
3.087808e-16
2.671474e-16
2.220446e-16
2.116363e-16
1.838807e-16
6.591949e-17
-7.632783e-17
-1.595946e-16
-1.422473e-16
-1.075529e-16
7.632783e-17
6.245005e-17
5.551115e-17
1.214306e-16
1.700029e-16
2.706169e-16
2.081668e-16
2.359224e-16
2.393918e-16
2.810252e-16
3.434752e-16
4.787837e-16
5.030698e-16
5.447032e-16
5.898060e-16
5.551115e-16
5.273559e-16
6.175616e-16
7.702172e-16
7.216450e-16
6.453171e-16
5.967449e-16
5.134781e-16
5.204170e-16
5.030698e-16
4.718448e-16
3.747003e-16
2.602085e-16
1.769418e-16
4.510281e-17
-3.469447e-17
-6.938894e-17
-1.387779e-16
-1.110223e-16
4.510281e-17
1.491862e-16
2.532696e-16
2.983724e-16
3.885781e-16
4.406198e-16
5.551115e-16
6.140921e-16
7.285839e-16
8.083811e-16
7.979728e-16
7.945034e-16
7.979728e-16
8.014422e-16
7.910339e-16
7.216450e-16
7.736867e-16
6.418477e-16
6.418477e-16
5.100087e-16
5.238865e-16
4.822531e-16
5.759282e-16
5.793976e-16
6.800116e-16
6.106227e-16
5.204170e-16
5.516421e-16
6.765422e-16
7.528700e-16
7.563394e-16
7.598089e-16
6.279699e-16
6.696033e-16
7.147061e-16
8.049117e-16
6.973588e-16
7.216450e-16
8.465451e-16
1.099815e-15
1.301043e-15
1.360023e-15
1.169204e-15
9.887924e-16
8.708312e-16
8.361367e-16
8.014422e-16
7.216450e-16
6.765422e-16
6.765422e-16
7.771561e-16
8.049117e-16
8.326673e-16
8.465451e-16
8.187895e-16
7.459311e-16
7.112366e-16
7.424616e-16
7.563394e-16
8.430756e-16
9.471590e-16
6.314393e-16
5.065393e-16
3.330669e-16
1.977585e-16
1.283695e-16
1.179612e-16
1.422473e-16
1.595946e-16
1.422473e-16
1.665335e-16
2.081668e-16
2.359224e-16
2.463307e-16
2.602085e-16
3.122502e-16
4.336809e-16
4.961309e-16
5.342948e-16
6.314393e-16
8.708312e-16
1.075529e-15
9.506285e-16
7.702172e-16
5.551115e-16
4.475587e-16
3.226586e-16
2.810252e-16
2.463307e-16
1.665335e-16
-6.938894e-18
-3.469447e-17
-1.040834e-17
2.428613e-17
5.551115e-17
-6.245005e-17
1.040834e-17
3.469447e-18
2.081668e-17
6.591949e-17
8.673617e-17
1.144917e-16
9.020562e-17
5.898060e-17
3.122502e-17
6.591949e-17
8.326673e-17
8.326673e-17
2.428613e-17
4.163336e-17
8.326673e-17
1.665335e-16
1.838807e-16
2.532696e-16
3.087808e-16
4.267420e-16
5.238865e-16
4.996004e-16
4.475587e-16
4.024558e-16
3.747003e-16
2.359224e-16
3.469447e-18
-2.081668e-16
-2.324529e-16
-9.714451e-17
4.857226e-17
7.632783e-17
8.673617e-17
1.422473e-16
1.561251e-16
2.289835e-16
2.081668e-16
2.428613e-16
1.769418e-16
2.220446e-16
2.706169e-16
3.504141e-16
4.406198e-16
4.961309e-16
4.544976e-16
4.059253e-16
3.400058e-16
3.504141e-16
4.232725e-16
4.787837e-16
5.585810e-16
5.377643e-16
5.273559e-16
5.655199e-16
5.308254e-16
5.100087e-16
4.371503e-16
3.122502e-16
1.908196e-16
7.979728e-17
-1.387779e-17
-5.551115e-17
-1.700029e-16
-1.526557e-16
-5.551115e-17
2.046974e-16
2.879641e-16
2.775558e-16
4.232725e-16
4.891920e-16
5.828671e-16
6.522560e-16
6.661338e-16
6.765422e-16
6.938894e-16
6.904199e-16
7.077672e-16
7.389922e-16
7.910339e-16
6.696033e-16
5.932754e-16
5.065393e-16
5.342948e-16
4.926615e-16
5.169476e-16
5.967449e-16
6.106227e-16
4.996004e-16
5.169476e-16
5.377643e-16
5.134781e-16
4.371503e-16
4.891920e-16
4.336809e-16
4.753142e-16
4.371503e-16
4.475587e-16
4.267420e-16
4.926615e-16
5.551115e-16
4.336809e-16
5.065393e-16
5.551115e-16
7.667478e-16
9.228729e-16
9.749146e-16
8.014422e-16
6.904199e-16
6.765422e-16
6.696033e-16
5.585810e-16
4.302114e-16
4.649059e-16
5.238865e-16
5.204170e-16
4.996004e-16
5.724587e-16
5.412337e-16
5.342948e-16
5.377643e-16
5.100087e-16
4.683753e-16
5.551115e-16
5.759282e-16
6.487866e-16
3.018419e-16
2.220446e-16
1.700029e-16
1.144917e-16
6.938894e-17
7.632783e-17
9.367507e-17
6.938894e-17
1.075529e-16
1.110223e-16
1.318390e-16
1.942890e-16
1.804112e-16
1.804112e-16
2.463307e-16
2.844947e-16
3.330669e-16
4.544976e-16
6.349088e-16
8.014422e-16
8.083811e-16
6.834810e-16
5.204170e-16
4.024558e-16
3.122502e-16
1.734723e-16
1.700029e-16
1.595946e-16
1.734723e-16
7.285839e-17
-2.428613e-17
4.163336e-17
-2.775558e-17
-5.551115e-17
-1.040834e-16
-1.075529e-16
-3.469447e-18
5.898060e-17
4.163336e-17
4.163336e-17
1.249001e-16
1.734723e-16
1.769418e-16
1.769418e-16
2.393918e-16
2.879641e-16
3.677614e-16
3.226586e-16
2.914335e-16
3.191891e-16
4.128642e-16
4.579670e-16
5.689893e-16
5.516421e-16
6.522560e-16
6.557255e-16
6.591949e-16
6.800116e-16
6.002143e-16
6.002143e-16
4.198031e-16
4.510281e-17
-1.422473e-16
-1.387779e-16
-9.020562e-17
-9.714451e-17
4.163336e-17
1.353084e-16
1.457168e-16
1.491862e-16
1.977585e-16
2.567391e-16
2.393918e-16
1.249001e-16
8.673617e-17
7.285839e-17
9.020562e-17
1.838807e-16
2.983724e-16
2.740863e-16
3.191891e-16
2.810252e-16
2.463307e-16
2.567391e-16
2.879641e-16
3.573530e-16
4.371503e-16
4.267420e-16
4.267420e-16
3.365364e-16
3.122502e-16
2.498002e-16
1.526557e-16
5.551115e-17
3.469447e-17
3.469447e-17
0.000000e+00
-9.020562e-17
-7.285839e-17
-4.163336e-17
1.942890e-16
3.053113e-16
3.608225e-16
4.198031e-16
4.232725e-16
4.822531e-16
6.245005e-16
6.938894e-16
7.563394e-16
7.840950e-16
7.736867e-16
7.528700e-16
7.389922e-16
6.904199e-16
6.800116e-16
5.655199e-16
5.169476e-16
4.718448e-16
4.579670e-16
4.371503e-16
4.267420e-16
4.267420e-16
3.989864e-16
4.475587e-16
5.377643e-16
5.342948e-16
4.198031e-16
2.983724e-16
2.012279e-16
1.977585e-16
8.326673e-17
1.214306e-16
2.567391e-16
2.289835e-16
1.595946e-16
2.220446e-16
2.532696e-16
2.949030e-16
4.336809e-16
5.967449e-16
6.765422e-16
6.140921e-16
5.238865e-16
5.204170e-16
4.787837e-16
4.336809e-16
4.267420e-16
3.851086e-16
3.365364e-16
2.671474e-16
2.983724e-16
2.220446e-16
2.393918e-16
2.532696e-16
2.463307e-16
2.393918e-16
2.324529e-16
2.914335e-16
2.740863e-16
2.879641e-16
-3.469447e-17
-3.469447e-17
4.163336e-17
9.367507e-17
1.040834e-16
3.469447e-17
1.734723e-17
-3.469447e-18
1.734723e-17
6.245005e-17
5.898060e-17
2.775558e-17
5.204170e-17
1.179612e-16
1.387779e-16
2.255141e-16
2.393918e-16
3.573530e-16
4.961309e-16
6.487866e-16
6.279699e-16
4.614364e-16
2.463307e-16
1.700029e-16
1.006140e-16
3.469447e-18
0.000000e+00
1.387779e-17
-1.457168e-16
-2.324529e-16
-3.122502e-16
-2.636780e-16
-2.671474e-16
-3.157197e-16
-2.116363e-16
-2.289835e-16
-1.769418e-16
-1.075529e-16
-1.387779e-17
6.591949e-17
1.734723e-17
3.469447e-18
1.630640e-16
2.810252e-16
3.677614e-16
3.191891e-16
2.740863e-16
2.393918e-16
2.498002e-16
3.157197e-16
4.406198e-16
5.447032e-16
5.898060e-16
6.349088e-16
7.077672e-16
7.389922e-16
7.598089e-16
7.771561e-16
8.118506e-16
7.147061e-16
4.787837e-16
9.367507e-17
-1.144917e-16
-8.326673e-17
-9.367507e-17
-1.734723e-17
1.075529e-16
1.942890e-16
1.318390e-16
1.353084e-16
1.838807e-16
2.081668e-16
1.908196e-16
5.551115e-17
-7.285839e-17
-1.075529e-16
-1.387779e-16
0.000000e+00
1.006140e-16
1.526557e-16
1.942890e-16
1.942890e-16
1.908196e-16
1.526557e-16
1.838807e-16
2.706169e-16
3.365364e-16
4.232725e-16
3.781697e-16
3.122502e-16
3.400058e-16
3.538836e-16
2.567391e-16
1.977585e-16
1.457168e-16
8.326673e-17
4.510281e-17
-1.387779e-17
-9.020562e-17
-2.775558e-17
1.908196e-16
3.122502e-16
4.128642e-16
3.226586e-16
4.128642e-16
4.718448e-16
4.996004e-16
5.724587e-16
5.898060e-16
6.245005e-16
7.147061e-16
6.696033e-16
6.730727e-16
6.453171e-16
6.279699e-16
5.932754e-16
5.481726e-16
4.857226e-16
5.065393e-16
5.065393e-16
4.267420e-16
4.406198e-16
4.787837e-16
4.926615e-16
4.683753e-16
4.336809e-16
4.718448e-16
3.365364e-16
2.844947e-16
1.075529e-16
-2.428613e-17
-5.551115e-17
-6.938894e-18
5.204170e-17
4.857226e-17
1.040834e-16
1.179612e-16
1.387779e-16
1.838807e-16
3.573530e-16
4.822531e-16
4.926615e-16
5.065393e-16
4.579670e-16
3.087808e-16
2.532696e-16
3.087808e-16
2.810252e-16
2.602085e-16
2.324529e-16
1.595946e-16
3.469447e-18
-1.387779e-17
-2.775558e-17
-1.040834e-17
-6.938894e-17
-7.979728e-17
-1.734723e-17
1.387779e-17
-2.775558e-17
-2.949030e-16
-2.359224e-16
-1.318390e-16
-6.245005e-17
3.469447e-18
2.081668e-17
6.938894e-18
2.428613e-17
3.122502e-17
6.938894e-18
-2.428613e-17
-9.367507e-17
-4.857226e-17
-3.122502e-17
-2.428613e-17
-1.040834e-17
3.122502e-17
6.245005e-17
2.185752e-16
3.295975e-16
3.400058e-16
2.220446e-16
9.367507e-17
6.245005e-17
0.000000e+00
-4.857226e-17
-6.245005e-17
-9.020562e-17
-1.387779e-16
-1.700029e-16
-2.393918e-16
-2.844947e-16
-2.359224e-16
-2.463307e-16
-2.116363e-16
-1.804112e-16
-1.630640e-16
-9.020562e-17
3.122502e-17
8.326673e-17
1.006140e-16
1.457168e-16
2.151057e-16
2.185752e-16
3.677614e-16
4.163336e-16
4.475587e-16
5.204170e-16
5.273559e-16
5.134781e-16
6.036838e-16
6.349088e-16
7.147061e-16
7.945034e-16
7.598089e-16
8.361367e-16
9.367507e-16
9.575674e-16
9.575674e-16
8.014422e-16
4.059253e-16
1.040834e-16
-6.938894e-18
1.734723e-17
7.285839e-17
1.006140e-16
1.977585e-16
3.053113e-16
3.087808e-16
2.914335e-16
2.740863e-16
2.393918e-16
2.185752e-16
6.245005e-17
-5.551115e-17
-1.630640e-16
-2.671474e-16
-1.561251e-16
-9.020562e-17
8.326673e-17
1.006140e-16
1.353084e-16
1.249001e-16
1.144917e-16
1.387779e-16
1.873501e-16
2.185752e-16
2.220446e-16
2.046974e-16
1.769418e-16
1.942890e-16
2.185752e-16
2.012279e-16
2.012279e-16
1.006140e-16
2.775558e-17
-3.816392e-17
-1.561251e-16
-2.220446e-16
-7.285839e-17
1.353084e-16
4.128642e-16
4.787837e-16
4.371503e-16
4.683753e-16
5.134781e-16
5.932754e-16
7.147061e-16
7.667478e-16
7.910339e-16
7.840950e-16
6.938894e-16
6.522560e-16
6.314393e-16
6.522560e-16
6.557255e-16
6.349088e-16
5.134781e-16
4.614364e-16
3.885781e-16
3.747003e-16
2.428613e-16
1.942890e-16
3.677614e-16
4.302114e-16
4.544976e-16
3.747003e-16
1.977585e-16
1.144917e-16
-6.938894e-18
-3.816392e-17
-6.938894e-17
-1.283695e-16
-1.561251e-16
-1.457168e-16
-1.006140e-16
-1.630640e-16
-8.673617e-17
-4.857226e-17
7.979728e-17
2.428613e-16
2.949030e-16
3.955170e-16
2.463307e-16
1.630640e-16
1.700029e-16
1.665335e-16
1.838807e-16
1.457168e-16
9.714451e-17
-2.775558e-17
-5.551115e-17
-1.387779e-16
-1.526557e-16
-1.734723e-16
-2.393918e-16
-2.393918e-16
-2.046974e-16
-2.393918e-16
-3.053113e-16
-4.093947e-16
-3.330669e-16
-2.740863e-16
-1.353084e-16
-2.081668e-17
-5.898060e-17
-4.510281e-17
-5.204170e-17
-4.510281e-17
-6.938894e-17
-1.665335e-16
-2.463307e-16
-2.428613e-16
-2.879641e-16
-2.914335e-16
-3.434752e-16
-3.885781e-16
-3.573530e-16
-2.116363e-16
-1.110223e-16
-1.283695e-16
-2.532696e-16
-2.671474e-16
-2.706169e-16
-2.810252e-16
-2.498002e-16
-3.469447e-16
-4.198031e-16
-4.475587e-16
-4.163336e-16
-3.712308e-16
-3.261280e-16
-3.226586e-16
-2.463307e-16
-1.873501e-16
-1.630640e-16
-6.938894e-17
-1.318390e-16
-1.457168e-16
-8.673617e-17
-1.144917e-16
0.000000e+00
4.510281e-17
1.942890e-16
2.671474e-16
3.712308e-16
3.642919e-16
4.822531e-16
5.516421e-16
5.898060e-16
6.314393e-16
7.424616e-16
8.153200e-16
8.361367e-16
8.014422e-16
8.743006e-16
8.916479e-16
8.638923e-16
9.298118e-16
8.257284e-16
3.955170e-16
1.353084e-16
3.469447e-17
7.632783e-17
2.393918e-16
2.463307e-16
2.671474e-16
3.053113e-16
3.504141e-16
3.295975e-16
2.983724e-16
2.289835e-16
9.714451e-17
1.040834e-17
-9.367507e-17
-2.185752e-16
-2.428613e-16
-2.393918e-16
-1.873501e-16
6.938894e-18
1.318390e-16
1.353084e-16
1.214306e-16
1.353084e-16
1.422473e-16
1.075529e-16
8.326673e-17
1.838807e-16
2.671474e-16
2.602085e-16
2.081668e-16
1.838807e-16
2.324529e-16
2.151057e-16
1.283695e-16
1.144917e-16
8.326673e-17
6.938894e-18
-1.665335e-16
-9.020562e-17
1.526557e-16
4.787837e-16
5.689893e-16
5.967449e-16
5.793976e-16
6.036838e-16
7.251144e-16
7.910339e-16
8.534840e-16
8.014422e-16
6.765422e-16
6.557255e-16
5.655199e-16
4.857226e-16
4.614364e-16
4.336809e-16
4.544976e-16
4.822531e-16
4.579670e-16
4.163336e-16
4.163336e-16
3.851086e-16
3.989864e-16
3.816392e-16
3.642919e-16
3.608225e-16
3.226586e-16
2.151057e-16
5.204170e-17
2.081668e-17
-1.734723e-17
-1.075529e-16
-2.706169e-16
-3.191891e-16
-3.642919e-16
-2.706169e-16
-3.018419e-16
-2.393918e-16
-2.706169e-16
-1.249001e-16
0.000000e+00
1.075529e-16
1.179612e-16
9.367507e-17
6.938894e-17
3.122502e-17
-1.387779e-17
-2.775558e-17
-6.938894e-17
-2.116363e-16
-3.330669e-16
-2.775558e-16
-2.636780e-16
-3.295975e-16
-3.677614e-16
-3.365364e-16
-3.677614e-16
-4.059253e-16
-4.024558e-16
-3.885781e-16
-6.938894e-16
-5.724587e-16
-4.232725e-16
-3.608225e-16
-2.810252e-16
-2.151057e-16
-2.220446e-16
-2.324529e-16
-2.636780e-16
-2.046974e-16
-2.046974e-16
-2.706169e-16
-3.018419e-16
-2.983724e-16
-4.371503e-16
-5.724587e-16
-5.308254e-16
-3.885781e-16
-3.573530e-16
-3.885781e-16
-3.608225e-16
-5.134781e-16
-5.551115e-16
-5.412337e-16
-5.759282e-16
-4.440892e-16
-4.267420e-16
-4.371503e-16
-4.198031e-16
-3.642919e-16
-3.816392e-16
-3.677614e-16
-3.157197e-16
-3.087808e-16
-2.220446e-16
-8.673617e-17
-6.591949e-17
-3.816392e-17
-1.387779e-17
-7.979728e-17
-8.326673e-17
-3.816392e-17
3.122502e-17
2.602085e-16
4.059253e-16
5.204170e-16
5.481726e-16
6.626644e-16
7.910339e-16
7.459311e-16
7.389922e-16
7.528700e-16
7.563394e-16
8.083811e-16
7.806256e-16
8.812395e-16
8.777701e-16
8.569534e-16
8.534840e-16
6.869505e-16
3.989864e-16
1.006140e-16
1.526557e-16
2.463307e-16
2.879641e-16
3.226586e-16
3.261280e-16
4.059253e-16
4.753142e-16
4.302114e-16
3.365364e-16
2.706169e-16
1.214306e-16
-3.122502e-17
-9.714451e-17
-1.318390e-16
-1.387779e-16
-1.630640e-16
-7.285839e-17
2.081668e-17
1.422473e-16
1.700029e-16
1.665335e-16
1.526557e-16
4.857226e-17
1.040834e-17
-3.469447e-17
-2.775558e-17
0.000000e+00
6.938894e-17
5.898060e-17
4.510281e-17
1.006140e-16
9.714451e-17
1.665335e-16
1.491862e-16
1.040834e-16
1.144917e-16
-5.898060e-17
-1.734723e-16
5.204170e-17
3.747003e-16
4.232725e-16
4.822531e-16
6.002143e-16
5.828671e-16
6.834810e-16
6.938894e-16
7.528700e-16
7.459311e-16
6.487866e-16
5.759282e-16
5.516421e-16
4.649059e-16
3.608225e-16
4.198031e-16
3.504141e-16
2.844947e-16
2.983724e-16
2.046974e-16
3.157197e-16
2.393918e-16
3.018419e-16
2.844947e-16
2.220446e-16
6.591949e-17
2.775558e-17
-3.469447e-18
6.245005e-17
-6.245005e-17
-1.387779e-16
-2.393918e-16
-3.712308e-16
-3.469447e-16
-3.642919e-16
-4.232725e-16
-4.891920e-16
-4.718448e-16
-5.377643e-16
-4.267420e-16
-2.567391e-16
-1.110223e-16
-1.283695e-16
-1.040834e-16
-1.595946e-16
-1.838807e-16
-2.255141e-16
-3.087808e-16
-3.434752e-16
-5.169476e-16
-5.620504e-16
-5.238865e-16
-4.857226e-16
-4.787837e-16
-4.371503e-16
-4.718448e-16
-4.683753e-16
-5.030698e-16
-6.071532e-16
-6.730727e-16
-7.667478e-16
-7.285839e-16
-6.765422e-16
-5.967449e-16
-5.030698e-16
-3.885781e-16
-4.128642e-16
-3.608225e-16
-3.712308e-16
-3.504141e-16
-4.093947e-16
-3.955170e-16
-3.747003e-16
-4.232725e-16
-5.447032e-16
-5.898060e-16
-5.898060e-16
-4.440892e-16
-4.371503e-16
-5.204170e-16
-5.967449e-16
-7.389922e-16
-6.730727e-16
-6.696033e-16
-7.112366e-16
-6.696033e-16
-6.314393e-16
-6.314393e-16
-5.481726e-16
-4.406198e-16
-3.608225e-16
-3.885781e-16
-4.302114e-16
-4.059253e-16
-2.706169e-16
-1.838807e-16
-1.700029e-16
-1.422473e-16
-2.081668e-16
-1.387779e-16
-7.285839e-17
-2.428613e-17
1.075529e-16
1.942890e-16
2.740863e-16
3.920475e-16
5.204170e-16
5.793976e-16
6.557255e-16
6.071532e-16
6.036838e-16
6.314393e-16
6.453171e-16
6.591949e-16
7.702172e-16
8.465451e-16
8.118506e-16
7.598089e-16
7.216450e-16
5.030698e-16
3.261280e-16
9.714451e-17
1.491862e-16
3.261280e-16
2.879641e-16
3.469447e-16
3.642919e-16
3.469447e-16
3.989864e-16
3.642919e-16
3.018419e-16
1.873501e-16
4.857226e-17
-3.469447e-17
-1.179612e-16
-1.040834e-16
-4.857226e-17
-7.285839e-17
-9.020562e-17
-1.734723e-17
6.245005e-17
1.457168e-16
1.353084e-16
9.020562e-17
-1.387779e-17
-3.469447e-18
-3.816392e-17
1.387779e-17
5.898060e-17
-3.469447e-18
-7.285839e-17
2.428613e-17
9.020562e-17
1.595946e-16
2.844947e-16
2.983724e-16
2.706169e-16
1.804112e-16
4.163336e-17
1.040834e-17
1.144917e-16
2.740863e-16
3.573530e-16
3.504141e-16
4.649059e-16
5.447032e-16
5.655199e-16
4.649059e-16
4.822531e-16
5.516421e-16
5.481726e-16
5.308254e-16
4.822531e-16
4.406198e-16
3.747003e-16
3.885781e-16
3.920475e-16
4.128642e-16
3.642919e-16
4.128642e-16
4.059253e-16
3.747003e-16
3.781697e-16
2.983724e-16
1.838807e-16
1.144917e-16
1.075529e-16
2.081668e-17
-3.469447e-17
-7.285839e-17
-1.387779e-16
-1.353084e-16
-2.151057e-16
-3.018419e-16
-3.261280e-16
-4.753142e-16
-4.475587e-16
-4.822531e-16
-4.718448e-16
-5.447032e-16
-3.851086e-16
-3.226586e-16
-2.844947e-16
-2.949030e-16
-3.400058e-16
-3.989864e-16
-5.134781e-16
-5.863365e-16
-6.765422e-16
-7.355228e-16
-8.014422e-16
-8.534840e-16
-8.326673e-16
-7.632783e-16
-6.938894e-16
-7.320533e-16
-7.251144e-16
-7.806256e-16
-8.569534e-16
-8.430756e-16
-9.679757e-16
-9.922618e-16
-9.992007e-16
-9.922618e-16
-8.951173e-16
-8.396062e-16
-7.910339e-16
-6.938894e-16
-6.418477e-16
-6.938894e-16
-6.661338e-16
-5.863365e-16
-6.140921e-16
-6.834810e-16
-7.494005e-16
-7.528700e-16
-6.557255e-16
-5.585810e-16
-5.481726e-16
-6.314393e-16
-7.320533e-16
-8.049117e-16
-7.979728e-16
-7.875645e-16
-6.904199e-16
-6.418477e-16
-5.030698e-16
-4.336809e-16
-4.614364e-16
-3.608225e-16
-2.706169e-16
-2.220446e-16
-2.289835e-16
-2.393918e-16
-1.144917e-16
-1.526557e-16
-1.665335e-16
-1.734723e-16
-1.144917e-16
-6.245005e-17
1.387779e-17
1.040834e-16
1.179612e-16
1.491862e-16
2.775558e-16
3.955170e-16
5.134781e-16
4.787837e-16
5.585810e-16
6.210310e-16
7.042977e-16
6.765422e-16
7.077672e-16
6.349088e-16
7.042977e-16
6.279699e-16
5.759282e-16
4.926615e-16
5.238865e-16
4.649059e-16
3.677614e-16
3.434752e-16
3.365364e-16
4.128642e-16
4.267420e-16
3.538836e-16
3.365364e-16
2.949030e-16
3.157197e-16
2.879641e-16
2.185752e-16
6.591949e-17
-4.510281e-17
-4.857226e-17
-3.122502e-17
-1.734723e-17
-2.775558e-17
-2.081668e-17
-2.428613e-17
4.857226e-17
6.938894e-18
9.020562e-17
6.245005e-17
1.387779e-17
-6.938894e-17
-1.075529e-16
-1.595946e-16
-1.353084e-16
-9.714451e-17
-1.491862e-16
-1.353084e-16
-1.422473e-16
-1.491862e-16
5.551115e-17
2.289835e-16
3.087808e-16
2.671474e-16
1.040834e-16
8.326673e-17
7.632783e-17
1.942890e-16
2.810252e-16
3.261280e-16
2.983724e-16
3.330669e-16
3.504141e-16
3.781697e-16
4.059253e-16
3.955170e-16
3.642919e-16
4.406198e-16
3.851086e-16
3.989864e-16
3.677614e-16
3.816392e-16
2.636780e-16
2.914335e-16
2.393918e-16
2.428613e-16
2.949030e-16
3.573530e-16
3.781697e-16
3.712308e-16
2.949030e-16
1.665335e-16
1.353084e-16
1.075529e-16
7.979728e-17
3.816392e-17
-2.775558e-17
-1.491862e-16
-1.977585e-16
-2.393918e-16
-3.608225e-16
-4.891920e-16
-5.100087e-16
-5.134781e-16
-5.065393e-16
-5.308254e-16
-6.245005e-16
-5.689893e-16
-5.238865e-16
-4.926615e-16
-6.973588e-16
-7.840950e-16
-7.494005e-16
-7.910339e-16
-8.257284e-16
-8.708312e-16
-8.118506e-16
-8.534840e-16
-9.367507e-16
-1.002670e-15
-1.033895e-15
-9.506285e-16
-9.471590e-16
-9.332812e-16
-9.506285e-16
-9.471590e-16
-1.006140e-15
-9.922618e-16
-9.992007e-16
-1.037365e-15
-1.030426e-15
-1.072059e-15
-1.058181e-15
-9.367507e-16
-8.500145e-16
-7.563394e-16
-7.112366e-16
-7.389922e-16
-8.014422e-16
-8.569534e-16
-8.812395e-16
-8.881784e-16
-8.534840e-16
-7.910339e-16
-7.736867e-16
-7.251144e-16
-7.910339e-16
-8.500145e-16
-9.055257e-16
-9.020562e-16
-8.812395e-16
-8.743006e-16
-8.083811e-16
-7.216450e-16
-5.308254e-16
-5.100087e-16
-3.816392e-16
-3.642919e-16
-3.087808e-16
-1.908196e-16
-1.630640e-16
-2.012279e-16
-1.908196e-16
-2.116363e-16
-2.255141e-16
-1.144917e-16
3.469447e-18
1.283695e-16
1.387779e-16
7.632783e-17
6.938894e-17
1.734723e-16
2.498002e-16
2.046974e-16
3.157197e-16
4.059253e-16
4.336809e-16
4.718448e-16
4.406198e-16
4.614364e-16
4.683753e-16
4.371503e-16
4.232725e-16
3.955170e-16
3.504141e-16
3.469447e-16
4.753142e-16
5.238865e-16
4.857226e-16
4.614364e-16
4.822531e-16
3.642919e-16
2.116363e-16
9.367507e-17
1.075529e-16
1.214306e-16
1.040834e-16
1.491862e-16
6.938894e-17
1.040834e-17
-1.734723e-17
1.040834e-17
-4.857226e-17
-3.469447e-17
3.469447e-18
2.081668e-17
-3.469447e-18
2.081668e-17
7.979728e-17
6.938894e-17
-1.734723e-17
-1.006140e-16
-9.367507e-17
-4.857226e-17
-1.110223e-16
-1.665335e-16
-1.734723e-16
-8.326673e-17
-3.816392e-17
-3.816392e-17
4.857226e-17
1.040834e-16
3.816392e-17
1.144917e-16
5.204170e-17
7.285839e-17
1.561251e-16
2.081668e-16
1.526557e-16
1.144917e-16
1.491862e-16
1.977585e-16
2.671474e-16
2.914335e-16
3.365364e-16
3.261280e-16
3.122502e-16
3.295975e-16
2.706169e-16
2.740863e-16
2.289835e-16
2.567391e-16
2.602085e-16
2.463307e-16
2.116363e-16
2.255141e-16
2.185752e-16
3.122502e-16
3.122502e-16
2.116363e-16
2.081668e-16
2.775558e-16
2.567391e-16
2.532696e-16
1.491862e-16
3.469447e-17
3.469447e-17
-5.204170e-17
-1.006140e-16
-2.324529e-16
-3.295975e-16
-4.093947e-16
-4.926615e-16
-5.308254e-16
-6.002143e-16
-6.557255e-16
-6.626644e-16
-6.140921e-16
-6.730727e-16
-6.904199e-16
-7.806256e-16
-8.465451e-16
-9.159340e-16
-9.228729e-16
-9.887924e-16
-9.749146e-16
-9.679757e-16
-9.645063e-16
-1.002670e-15
-1.075529e-15
-1.134509e-15
-1.120631e-15
-1.058181e-15
-9.714451e-16
-9.818535e-16
-9.992007e-16
-1.009609e-15
-1.085937e-15
-1.137979e-15
-1.196959e-15
-1.172673e-15
-1.151856e-15
-1.117162e-15
-1.061651e-15
-1.047773e-15
-1.082467e-15
-1.040834e-15
-1.013079e-15
-1.002670e-15
-1.013079e-15
-1.058181e-15
-1.002670e-15
-9.055257e-16
-8.569534e-16
-9.159340e-16
-9.194034e-16
-8.812395e-16
-9.020562e-16
-9.124645e-16
-1.013079e-15
-1.037365e-15
-9.645063e-16
-8.777701e-16
-7.494005e-16
-6.453171e-16
-4.926615e-16
-3.781697e-16
-3.226586e-16
-1.977585e-16
-1.040834e-16
-4.857226e-17
-1.318390e-16
-4.510281e-17
-8.326673e-17
-1.075529e-16
-1.179612e-16
2.775558e-17
1.387779e-16
9.020562e-17
7.285839e-17
1.110223e-16
1.838807e-16
2.463307e-16
2.914335e-16
2.914335e-16
2.532696e-16
3.226586e-16
3.018419e-16
2.775558e-16
3.157197e-16
3.191891e-16
2.046974e-16
2.393918e-16
2.185752e-16
3.330669e-16
3.400058e-16
3.955170e-16
5.273559e-16
5.481726e-16
5.308254e-16
4.232725e-16
3.261280e-16
2.844947e-16
1.249001e-16
9.367507e-17
6.245005e-17
0.000000e+00
2.081668e-17
3.469447e-17
3.122502e-17
6.591949e-17
4.163336e-17
6.245005e-17
7.285839e-17
9.714451e-17
1.353084e-16
1.561251e-16
1.353084e-16
3.122502e-17
-6.938894e-18
-2.428613e-17
-6.245005e-17
-1.491862e-16
-1.561251e-16
-2.185752e-16
-2.220446e-16
-1.595946e-16
-1.700029e-16
-1.422473e-16
-9.714451e-17
-1.422473e-16
-1.353084e-16
-9.367507e-17
-6.938894e-17
2.775558e-17
1.249001e-16
2.532696e-16
2.046974e-16
7.285839e-17
3.816392e-17
4.857226e-17
-4.857226e-17
-3.469447e-18
2.081668e-17
1.040834e-16
9.714451e-17
1.006140e-16
8.673617e-17
1.353084e-16
1.422473e-16
1.873501e-16
1.769418e-16
1.665335e-16
1.422473e-16
1.179612e-16
4.857226e-17
1.491862e-16
2.602085e-16
3.261280e-16
2.775558e-16
3.053113e-16
2.463307e-16
1.110223e-16
8.326673e-17
2.775558e-17
-3.469447e-17
6.938894e-18
-1.387779e-17
-1.144917e-16
-2.740863e-16
-2.949030e-16
-3.504141e-16
-4.891920e-16
-6.904199e-16
-7.112366e-16
-7.598089e-16
-7.459311e-16
-8.326673e-16
-9.194034e-16
-9.506285e-16
-1.026956e-15
-1.044304e-15
-1.106754e-15
-1.165734e-15
-1.169204e-15
-1.158795e-15
-1.200429e-15
-1.217776e-15
-1.214306e-15
-1.221245e-15
-1.176143e-15
-1.207368e-15
-1.158795e-15
-1.082467e-15
-1.026956e-15
-1.013079e-15
-1.044304e-15
-1.051242e-15
-1.037365e-15
-1.103284e-15
-1.134509e-15
-1.099815e-15
-1.096345e-15
-1.120631e-15
-1.148387e-15
-1.179612e-15
-1.196959e-15
-1.207368e-15
-1.217776e-15
-1.196959e-15
-1.113692e-15
-1.061651e-15
-1.127570e-15
-1.106754e-15
-1.120631e-15
-1.165734e-15
-1.158795e-15
-1.172673e-15
-1.082467e-15
-1.089406e-15
-1.082467e-15
-1.040834e-15
-9.714451e-16
-8.257284e-16
-7.528700e-16
-6.557255e-16
-6.140921e-16
-5.169476e-16
-3.885781e-16
-3.642919e-16
-2.914335e-16
-2.185752e-16
-2.185752e-16
-1.491862e-16
-1.595946e-16
-1.457168e-16
-8.673617e-17
-7.632783e-17
-1.214306e-16
-4.857226e-17
-4.163336e-17
3.816392e-17
6.591949e-17
1.249001e-16
1.734723e-16
2.116363e-16
2.463307e-16
2.498002e-16
1.838807e-16
1.769418e-16
2.255141e-16
1.700029e-16
1.110223e-16
1.006140e-16
1.977585e-16
2.151057e-16
3.365364e-16
5.759282e-16
6.140921e-16
5.134781e-16
3.434752e-16
1.942890e-16
7.632783e-17
8.326673e-17
-1.734723e-17
-4.163336e-17
-2.775558e-17
-2.081668e-17
-1.040834e-17
3.122502e-17
4.163336e-17
5.204170e-17
1.110223e-16
1.040834e-16
1.075529e-16
5.551115e-17
-2.081668e-17
-7.632783e-17
-6.245005e-17
-6.938894e-17
-7.632783e-17
-6.245005e-17
-1.040834e-16
-1.491862e-16
-2.428613e-16
-2.567391e-16
-1.908196e-16
-1.595946e-16
-1.249001e-16
-1.144917e-16
-1.179612e-16
-1.422473e-16
-1.283695e-16
-1.318390e-16
-3.469447e-18
1.804112e-16
2.879641e-16
2.012279e-16
3.469447e-17
-9.714451e-17
-1.526557e-16
-1.561251e-16
-1.075529e-16
-7.979728e-17
2.081668e-17
2.775558e-17
3.122502e-17
3.469447e-17
7.979728e-17
1.006140e-16
1.665335e-16
1.526557e-16
2.046974e-16
2.428613e-16
2.185752e-16
1.110223e-16
1.318390e-16
2.151057e-16
2.463307e-16
2.324529e-16
2.532696e-16
2.081668e-16
1.734723e-17
-1.214306e-16
-9.714451e-17
-3.816392e-17
-4.510281e-17
-3.816392e-17
-1.283695e-16
-1.422473e-16
-2.046974e-16
-3.469447e-16
-4.336809e-16
-6.453171e-16
-6.696033e-16
-7.077672e-16
-6.730727e-16
-8.083811e-16
-9.332812e-16
-1.016548e-15
-1.155326e-15
-1.249001e-15
-1.290634e-15
-1.377370e-15
-1.432882e-15
-1.405126e-15
-1.415534e-15
-1.380840e-15
-1.335737e-15
-1.297573e-15
-1.273287e-15
-1.269818e-15
-1.228184e-15
-1.120631e-15
-1.110223e-15
-1.047773e-15
-1.037365e-15
-1.144917e-15
-1.183081e-15
-1.228184e-15
-1.280226e-15
-1.283695e-15
-1.297573e-15
-1.297573e-15
-1.297573e-15
-1.356554e-15
-1.422473e-15
-1.474515e-15
-1.439820e-15
-1.425943e-15
-1.380840e-15
-1.283695e-15
-1.328798e-15
-1.419004e-15
-1.450229e-15
-1.457168e-15
-1.432882e-15
-1.349615e-15
-1.183081e-15
-1.065120e-15
-1.068590e-15
-1.026956e-15
-9.610368e-16
-8.881784e-16
-8.049117e-16
-6.904199e-16
-6.765422e-16
-5.655199e-16
-4.753142e-16
-4.232725e-16
-3.365364e-16
-2.498002e-16
-2.428613e-16
-2.567391e-16
-2.116363e-16
-1.595946e-16
-1.422473e-16
-1.179612e-16
-8.673617e-17
-1.734723e-17
-1.040834e-17
1.144917e-16
1.283695e-16
1.387779e-16
9.714451e-17
6.245005e-17
1.387779e-16
1.700029e-16
1.457168e-16
3.469447e-17
1.734723e-17
4.857226e-17
-9.020562e-17
-1.318390e-16
-3.816392e-17
-6.938894e-18
1.283695e-16
4.163336e-16
5.238865e-16
4.128642e-16
2.706169e-16
1.838807e-16
1.283695e-16
8.673617e-17
3.122502e-17
1.734723e-17
6.938894e-18
-4.163336e-17
-5.551115e-17
3.469447e-18
-1.734723e-17
3.816392e-17
7.632783e-17
9.020562e-17
6.591949e-17
1.734723e-17
-9.020562e-17
-1.804112e-16
-1.561251e-16
-1.526557e-16
-1.700029e-16
-1.769418e-16
-2.775558e-16
-4.336809e-16
-4.544976e-16
-4.163336e-16
-3.955170e-16
-3.053113e-16
-2.706169e-16
-2.046974e-16
-2.463307e-16
-2.428613e-16
-1.387779e-16
-2.081668e-17
6.591949e-17
2.393918e-16
3.053113e-16
1.214306e-16
-1.526557e-16
-2.602085e-16
-3.157197e-16
-3.781697e-16
-3.677614e-16
-3.053113e-16
-3.642919e-16
-3.122502e-16
-2.012279e-16
-1.769418e-16
-1.491862e-16
-6.938894e-17
1.734723e-17
8.326673e-17
1.873501e-16
1.526557e-16
1.977585e-16
1.804112e-16
2.116363e-16
2.428613e-16
2.428613e-16
2.740863e-16
2.393918e-16
2.012279e-16
1.283695e-16
-8.673617e-17
-9.020562e-17
-9.714451e-17
-1.595946e-16
-2.289835e-16
-2.428613e-16
-3.122502e-16
-4.649059e-16
-5.828671e-16
-6.834810e-16
-6.730727e-16
-7.806256e-16
-8.187895e-16
-8.985868e-16
-1.106754e-15
-1.193490e-15
-1.259409e-15
-1.325329e-15
-1.408595e-15
-1.474515e-15
-1.550843e-15
-1.661865e-15
-1.682682e-15
-1.595946e-15
-1.436351e-15
-1.384309e-15
-1.307982e-15
-1.356554e-15
-1.356554e-15
-1.328798e-15
-1.203898e-15
-1.134509e-15
-1.099815e-15
-1.072059e-15
-1.124101e-15
-1.186551e-15
-1.144917e-15
-1.200429e-15
-1.210837e-15
-1.242062e-15
-1.280226e-15
-1.311451e-15
-1.422473e-15
-1.481454e-15
-1.530026e-15
-1.533496e-15
-1.547373e-15
-1.595946e-15
-1.661865e-15
-1.647987e-15
-1.668804e-15
-1.665335e-15
-1.647987e-15
-1.641048e-15
-1.623701e-15
-1.471046e-15
-1.373901e-15
-1.325329e-15
-1.186551e-15
-1.099815e-15
-1.026956e-15
-8.708312e-16
-7.875645e-16
-7.285839e-16
-6.626644e-16
-6.002143e-16
-5.412337e-16
-5.308254e-16
-4.753142e-16
-3.955170e-16
-3.538836e-16
-3.747003e-16
-3.712308e-16
-3.295975e-16
-3.365364e-16
-2.671474e-16
-2.012279e-16
-1.318390e-16
-1.353084e-16
-5.551115e-17
6.938894e-18
3.816392e-17
5.551115e-17
2.081668e-17
-1.734723e-17
-5.898060e-17
-1.318390e-16
-1.179612e-16
-1.179612e-16
-1.283695e-16
-1.665335e-16
-2.116363e-16
-2.532696e-16
-1.353084e-16
1.734723e-16
3.885781e-16
4.544976e-16
2.983724e-16
1.977585e-16
1.110223e-16
5.551115e-17
7.979728e-17
1.387779e-17
-8.326673e-17
-1.873501e-16
-2.255141e-16
-2.185752e-16
-2.151057e-16
-1.387779e-16
-1.457168e-16
-1.144917e-16
-1.804112e-16
-2.151057e-16
-2.116363e-16
-3.226586e-16
-3.955170e-16
-4.302114e-16
-4.232725e-16
-3.920475e-16
-4.093947e-16
-5.100087e-16
-5.967449e-16
-6.071532e-16
-5.447032e-16
-4.510281e-16
-4.267420e-16
-3.608225e-16
-2.983724e-16
-2.844947e-16
-1.665335e-16
-2.775558e-17
1.040834e-16
2.810252e-16
2.359224e-16
6.938894e-18
-3.365364e-16
-3.989864e-16
-3.434752e-16
-4.128642e-16
-4.059253e-16
-4.544976e-16
-5.134781e-16
-4.891920e-16
-4.718448e-16
-3.504141e-16
-1.977585e-16
-1.526557e-16
-6.938894e-18
5.551115e-17
1.630640e-16
1.387779e-16
1.387779e-16
1.908196e-16
1.977585e-16
2.879641e-16
3.885781e-16
3.781697e-16
2.983724e-16
2.393918e-16
2.289835e-16
1.318390e-16
-2.775558e-17
-9.714451e-17
-1.665335e-16
-2.324529e-16
-3.018419e-16
-3.712308e-16
-5.134781e-16
-6.591949e-16
-6.869505e-16
-6.036838e-16
-7.840950e-16
-8.534840e-16
-1.023487e-15
-1.196959e-15
-1.304512e-15
-1.415534e-15
-1.453698e-15
-1.554312e-15
-1.620232e-15
-1.693090e-15
-1.752071e-15
-1.765948e-15
-1.623701e-15
-1.582068e-15
-1.436351e-15
-1.360023e-15
-1.363493e-15
-1.412065e-15
-1.436351e-15
-1.394718e-15
-1.273287e-15
-1.190020e-15
-1.089406e-15
-1.408595e-15
-1.436351e-15
-1.353084e-15
-1.335737e-15
-1.366962e-15
-1.398187e-15
-1.453698e-15
-1.498801e-15
-1.533496e-15
-1.540434e-15
-1.606354e-15
-1.599415e-15
-1.634110e-15
-1.658396e-15
-1.713907e-15
-1.731254e-15
-1.748601e-15
-1.807582e-15
-1.894318e-15
-1.897787e-15
-1.880440e-15
-1.759010e-15
-1.585537e-15
-1.412065e-15
-1.262879e-15
-1.176143e-15
-1.096345e-15
-1.016548e-15
-9.957313e-16
-8.916479e-16
-7.494005e-16
-6.765422e-16
-6.175616e-16
-5.100087e-16
-5.585810e-16
-5.065393e-16
-4.198031e-16
-4.336809e-16
-3.677614e-16
-3.677614e-16
-3.295975e-16
-1.838807e-16
-1.595946e-16
-1.040834e-16
-1.457168e-16
-1.318390e-16
-9.714451e-17
-3.469447e-17
3.816392e-17
-3.469447e-17
-8.673617e-17
-1.665335e-16
-1.977585e-16
-1.665335e-16
-1.665335e-16
-1.942890e-16
-2.393918e-16
-2.602085e-16
-2.706169e-16
-1.804112e-16
9.367507e-17
3.295975e-16
4.302114e-16
2.671474e-16
1.491862e-16
4.510281e-17
1.734723e-17
-3.122502e-17
-1.734723e-16
-2.636780e-16
-3.295975e-16
-3.157197e-16
-3.191891e-16
-2.983724e-16
-3.122502e-16
-3.295975e-16
-2.983724e-16
-3.504141e-16
-4.336809e-16
-4.440892e-16
-4.544976e-16
-4.787837e-16
-5.793976e-16
-5.724587e-16
-6.591949e-16
-6.938894e-16
-6.349088e-16
-6.245005e-16
-6.800116e-16
-6.071532e-16
-5.377643e-16
-4.406198e-16
-3.400058e-16
-2.949030e-16
-1.804112e-16
-1.144917e-16
-4.163336e-17
1.422473e-16
2.810252e-16
1.318390e-16
-1.318390e-16
-3.330669e-16
-3.226586e-16
-2.844947e-16
-3.851086e-16
-4.579670e-16
-4.753142e-16
-5.377643e-16
-5.204170e-16
-4.822531e-16
-5.169476e-16
-3.469447e-16
-2.289835e-16
-1.491862e-16
-7.979728e-17
-2.775558e-17
6.938894e-18
2.428613e-17
3.469447e-18
5.551115e-17
1.769418e-16
2.116363e-16
2.532696e-16
1.249001e-16
8.326673e-17
5.551115e-17
4.163336e-17
-1.144917e-16
-2.116363e-16
-3.642919e-16
-3.747003e-16
-4.544976e-16
-5.689893e-16
-8.014422e-16
-8.500145e-16
-8.985868e-16
-9.679757e-16
-1.037365e-15
-1.092876e-15
-1.301043e-15
-1.491862e-15
-1.595946e-15
-1.748601e-15
-1.779826e-15
-1.817990e-15
-1.838807e-15
-1.835337e-15
-1.866562e-15
-1.859624e-15
-1.831868e-15
-1.772887e-15
-1.654926e-15
-1.502271e-15
-1.422473e-15
-1.453698e-15
-1.484923e-15
-1.505740e-15
-1.446759e-15
-1.457168e-15
-1.446759e-15
-1.675743e-15
-1.696560e-15
-1.647987e-15
-1.689621e-15
-1.734723e-15
-1.790235e-15
-1.762479e-15
-1.724315e-15
-1.748601e-15
-1.689621e-15
-1.654926e-15
-1.654926e-15
-1.654926e-15
-1.672273e-15
-1.748601e-15
-1.776357e-15
-1.890849e-15
-1.904726e-15
-1.987993e-15
-2.151057e-15
-2.112893e-15
-1.987993e-15
-1.727785e-15
-1.582068e-15
-1.471046e-15
-1.266348e-15
-1.148387e-15
-1.120631e-15
-1.002670e-15
-8.951173e-16
-7.285839e-16
-7.042977e-16
-6.661338e-16
-6.765422e-16
-6.904199e-16
-6.071532e-16
-5.238865e-16
-4.857226e-16
-4.614364e-16
-4.406198e-16
-3.851086e-16
-3.781697e-16
-3.122502e-16
-2.949030e-16
-2.498002e-16
-2.428613e-16
-2.463307e-16
-1.942890e-16
-1.769418e-16
-1.769418e-16
-1.630640e-16
-1.595946e-16
-1.804112e-16
-1.769418e-16
-2.185752e-16
-2.775558e-16
-3.122502e-16
-2.844947e-16
-2.879641e-16
-2.602085e-16
-1.075529e-16
2.463307e-16
3.191891e-16
2.463307e-16
9.367507e-17
0.000000e+00
-8.326673e-17
-1.006140e-16
-2.359224e-16
-3.053113e-16
-4.024558e-16
-5.100087e-16
-5.030698e-16
-5.447032e-16
-6.383782e-16
-6.140921e-16
-6.106227e-16
-6.036838e-16
-6.002143e-16
-6.487866e-16
-6.800116e-16
-7.424616e-16
-7.875645e-16
-7.598089e-16
-7.528700e-16
-6.904199e-16
-6.973588e-16
-6.938894e-16
-6.661338e-16
-6.591949e-16
-5.828671e-16
-5.377643e-16
-4.579670e-16
-3.469447e-16
-2.324529e-16
-9.367507e-17
1.734723e-17
2.081668e-16
2.844947e-16
1.491862e-16
-1.179612e-16
-2.602085e-16
-3.053113e-16
-3.400058e-16
-3.781697e-16
-4.232725e-16
-4.128642e-16
-4.163336e-16
-4.857226e-16
-4.163336e-16
-3.226586e-16
-2.324529e-16
-1.665335e-16
-1.526557e-16
-1.179612e-16
-1.387779e-17
7.632783e-17
0.000000e+00
7.979728e-17
5.551115e-17
6.245005e-17
1.110223e-16
1.249001e-16
1.595946e-16
1.075529e-16
4.510281e-17
-7.285839e-17
-1.491862e-16
-1.942890e-16
-2.810252e-16
-3.018419e-16
-4.336809e-16
-5.655199e-16
-6.661338e-16
-7.216450e-16
-8.708312e-16
-9.992007e-16
-1.127570e-15
-1.398187e-15
-1.606354e-15
-1.835337e-15
-1.897787e-15
-1.932482e-15
-1.859624e-15
-1.814521e-15
-1.828399e-15
-1.849215e-15
-1.849215e-15
-1.831868e-15
-1.876971e-15
-1.797174e-15
-1.717376e-15
-1.589007e-15
-1.450229e-15
-1.526557e-15
-1.557782e-15
-1.599415e-15
-1.630640e-15
-1.637579e-15
-1.689621e-15
-1.890849e-15
-1.981054e-15
-2.036565e-15
-2.043504e-15
-2.036565e-15
-2.071260e-15
-1.984524e-15
-1.935951e-15
-1.880440e-15
-1.876971e-15
-1.797174e-15
-1.765948e-15
-1.762479e-15
-1.762479e-15
-1.762479e-15
-1.762479e-15
-1.838807e-15
-1.922074e-15
-2.064321e-15
-2.154527e-15
-2.203099e-15
-2.033096e-15
-1.752071e-15
-1.495332e-15
-1.436351e-15
-1.318390e-15
-1.203898e-15
-1.155326e-15
-1.044304e-15
-8.847090e-16
-7.147061e-16
-7.528700e-16
-6.106227e-16
-5.932754e-16
-4.822531e-16
-5.065393e-16
-5.065393e-16
-4.059253e-16
-3.677614e-16
-3.053113e-16
-3.295975e-16
-3.851086e-16
-3.747003e-16
-3.677614e-16
-3.434752e-16
-2.844947e-16
-2.949030e-16
-2.983724e-16
-2.532696e-16
-2.706169e-16
-3.712308e-16
-3.261280e-16
-3.122502e-16
-3.781697e-16
-3.608225e-16
-2.879641e-16
-2.498002e-16
-3.191891e-16
-2.706169e-16
-2.393918e-16
-6.591949e-17
2.151057e-16
2.775558e-16
2.428613e-16
3.469447e-17
-9.020562e-17
-2.428613e-16
-3.538836e-16
-3.816392e-16
-3.642919e-16
-4.093947e-16
-4.857226e-16
-4.787837e-16
-4.961309e-16
-5.689893e-16
-6.869505e-16
-7.285839e-16
-7.494005e-16
-7.389922e-16
-7.355228e-16
-7.494005e-16
-8.118506e-16
-8.951173e-16
-1.009609e-15
-9.436896e-16
-8.985868e-16
-8.847090e-16
-8.361367e-16
-7.528700e-16
-7.702172e-16
-7.667478e-16
-6.557255e-16
-5.516421e-16
-4.683753e-16
-3.226586e-16
-1.665335e-16
3.469447e-18
2.012279e-16
3.538836e-16
1.873501e-16
-6.938894e-17
-1.665335e-16
-2.636780e-16
-3.157197e-16
-3.434752e-16
-4.093947e-16
-5.238865e-16
-5.204170e-16
-5.065393e-16
-4.996004e-16
-4.475587e-16
-3.608225e-16
-2.498002e-16
-2.220446e-16
-1.387779e-16
-4.510281e-17
5.204170e-17
-2.775558e-17
-3.469447e-18
-3.469447e-17
6.938894e-18
-2.428613e-17
1.387779e-17
7.979728e-17
-2.081668e-17
-1.422473e-16
-2.185752e-16
-3.087808e-16
-3.400058e-16
-3.573530e-16
-4.198031e-16
-5.620504e-16
-7.008283e-16
-7.008283e-16
-8.326673e-16
-9.506285e-16
-1.172673e-15
-1.415534e-15
-1.727785e-15
-1.960238e-15
-2.119832e-15
-2.099015e-15
-2.026157e-15
-1.987993e-15
-1.880440e-15
-1.765948e-15
-1.783296e-15
-1.811051e-15
-1.821460e-15
-1.918604e-15
-1.963707e-15
-1.929013e-15
-1.835337e-15
-1.793704e-15
-1.752071e-15
-1.797174e-15
-1.828399e-15
-1.918604e-15
-1.932482e-15
-1.929013e-15
-1.949829e-15
-1.932482e-15
-1.908196e-15
-1.967176e-15
-2.012279e-15
-2.001871e-15
-1.991463e-15
-1.925543e-15
-1.883910e-15
-1.873501e-15
-1.908196e-15
-1.894318e-15
-1.915135e-15
-1.939421e-15
-1.786765e-15
-1.814521e-15
-1.831868e-15
-1.974115e-15
-2.099015e-15
-2.237793e-15
-2.390449e-15
-2.119832e-15
-1.835337e-15
-1.706968e-15
-1.471046e-15
-1.356554e-15
-1.252470e-15
-1.141448e-15
-9.887924e-16
-9.159340e-16
-8.534840e-16
-7.910339e-16
-7.112366e-16
-6.938894e-16
-6.279699e-16
-5.759282e-16
-6.279699e-16
-4.961309e-16
-4.198031e-16
-4.024558e-16
-3.608225e-16
-3.400058e-16
-4.544976e-16
-3.642919e-16
-3.747003e-16
-3.885781e-16
-3.365364e-16
-3.504141e-16
-3.885781e-16
-3.573530e-16
-3.157197e-16
-3.469447e-16
-2.602085e-16
-2.567391e-16
-3.434752e-16
-3.989864e-16
-3.920475e-16
-3.955170e-16
-2.810252e-16
-2.602085e-16
-1.040834e-16
9.020562e-17
1.665335e-16
9.714451e-17
-2.081668e-17
-1.942890e-16
-3.469447e-16
-4.475587e-16
-5.169476e-16
-5.342948e-16
-5.342948e-16
-5.898060e-16
-7.008283e-16
-7.494005e-16
-7.563394e-16
-7.077672e-16
-7.840950e-16
-8.222589e-16
-8.743006e-16
-9.194034e-16
-9.749146e-16
-1.016548e-15
-1.051242e-15
-1.061651e-15
-1.040834e-15
-1.044304e-15
-9.679757e-16
-9.020562e-16
-7.563394e-16
-7.563394e-16
-7.598089e-16
-6.557255e-16
-6.418477e-16
-5.967449e-16
-4.267420e-16
-2.498002e-16
-4.857226e-17
1.457168e-16
1.734723e-16
1.214306e-16
1.734723e-17
-7.979728e-17
-1.630640e-16
-2.081668e-16
-2.775558e-16
-3.712308e-16
-4.510281e-16
-5.169476e-16
-4.718448e-16
-4.267420e-16
-3.989864e-16
-3.434752e-16
-3.330669e-16
-3.816392e-16
-3.157197e-16
-2.498002e-16
-1.040834e-16
-4.857226e-17
-4.857226e-17
-5.204170e-17
-1.110223e-16
-1.214306e-16
-9.020562e-17
-2.428613e-17
-4.163336e-17
-1.040834e-16
-2.012279e-16
-2.775558e-16
-4.128642e-16
-5.134781e-16
-5.516421e-16
-6.175616e-16
-7.598089e-16
-8.916479e-16
-9.436896e-16
-1.054712e-15
-1.304512e-15
-1.488393e-15
-1.720846e-15
-1.977585e-15
-2.168404e-15
-2.105954e-15
-1.901257e-15
-1.835337e-15
-1.724315e-15
-1.661865e-15
-1.613293e-15
-1.668804e-15
-1.748601e-15
-1.845746e-15
-1.908196e-15
-1.901257e-15
-1.922074e-15
-1.911665e-15
-1.925543e-15
-2.029626e-15
-2.026157e-15
-2.057382e-15
-2.046974e-15
-1.960238e-15
-2.050443e-15
-2.015749e-15
-1.998401e-15
-2.036565e-15
-2.043504e-15
-2.067790e-15
-2.088607e-15
-2.019218e-15
-1.960238e-15
-1.953299e-15
-1.987993e-15
-1.925543e-15
-1.949829e-15
-1.981054e-15
-1.890849e-15
-1.845746e-15
-1.845746e-15
-1.994932e-15
-2.126771e-15
-2.255141e-15
-2.390449e-15
-2.196160e-15
-2.053913e-15
-1.783296e-15
-1.547373e-15
-1.387779e-15
-1.318390e-15
-1.134509e-15
-9.957313e-16
-8.951173e-16
-8.222589e-16
-7.008283e-16
-7.042977e-16
-6.765422e-16
-5.655199e-16
-4.683753e-16
-4.406198e-16
-4.128642e-16
-3.504141e-16
-2.949030e-16
-2.879641e-16
-3.122502e-16
-3.955170e-16
-3.747003e-16
-4.024558e-16
-3.920475e-16
-2.740863e-16
-2.671474e-16
-3.330669e-16
-3.053113e-16
-1.942890e-16
-1.491862e-16
-2.116363e-16
-2.151057e-16
-2.949030e-16
-3.053113e-16
-2.983724e-16
-2.671474e-16
-3.365364e-16
-3.018419e-16
-2.116363e-16
-3.469447e-17
1.283695e-16
1.110223e-16
-1.040834e-16
-3.191891e-16
-5.065393e-16
-6.175616e-16
-6.522560e-16
-6.973588e-16
-7.598089e-16
-7.702172e-16
-8.326673e-16
-8.500145e-16
-8.187895e-16
-7.771561e-16
-8.604228e-16
-1.013079e-15
-1.026956e-15
-1.141448e-15
-1.193490e-15
-1.262879e-15
-1.200429e-15
-1.190020e-15
-1.151856e-15
-1.110223e-15
-1.013079e-15
-9.853229e-16
-9.506285e-16
-8.638923e-16
-8.465451e-16
-8.604228e-16
-7.424616e-16
-7.008283e-16
-5.967449e-16
-4.232725e-16
-2.185752e-16
-4.510281e-17
6.938894e-18
-6.245005e-17
-1.838807e-16
-2.463307e-16
-2.255141e-16
-2.116363e-16
-2.671474e-16
-3.365364e-16
-3.642919e-16
-4.093947e-16
-4.128642e-16
-4.440892e-16
-4.961309e-16
-4.371503e-16
-3.989864e-16
-4.093947e-16
-3.608225e-16
-3.400058e-16
-2.949030e-16
-2.185752e-16
-2.185752e-16
-2.151057e-16
-2.116363e-16
-2.012279e-16
-2.636780e-16
-2.671474e-16
-2.844947e-16
-3.920475e-16
-4.857226e-16
-5.793976e-16
-7.285839e-16
-8.257284e-16
-8.951173e-16
-9.922618e-16
-1.065120e-15
-1.155326e-15
-1.311451e-15
-1.401657e-15
-1.634110e-15
-1.755540e-15
-2.036565e-15
-2.216977e-15
-2.359224e-15
-2.279427e-15
-2.019218e-15
-1.894318e-15
-1.807582e-15
-1.779826e-15
-1.748601e-15
-1.734723e-15
-1.738193e-15
-1.811051e-15
-1.887379e-15
-1.960238e-15
-2.033096e-15
-2.040035e-15
-2.123302e-15
-2.230854e-15
-2.210038e-15
-2.182282e-15
-2.178813e-15
-2.050443e-15
-2.161465e-15
-2.088607e-15
-1.994932e-15
-1.894318e-15
-1.929013e-15
-1.970646e-15
-2.019218e-15
-2.001871e-15
-1.981054e-15
-1.977585e-15
-1.981054e-15
-2.012279e-15
-2.001871e-15
-1.987993e-15
-1.987993e-15
-1.987993e-15
-1.987993e-15
-2.043504e-15
-2.140649e-15
-2.269018e-15
-2.362693e-15
-2.206568e-15
-2.092077e-15
-1.883910e-15
-1.665335e-15
-1.477984e-15
-1.363493e-15
-1.304512e-15
-1.165734e-15
-1.020017e-15
-8.985868e-16
-7.042977e-16
-6.904199e-16
-5.932754e-16
-5.342948e-16
-4.371503e-16
-3.053113e-16
-3.400058e-16
-3.330669e-16
-3.434752e-16
-3.191891e-16
-4.406198e-16
-5.238865e-16
-4.787837e-16
-4.822531e-16
-4.371503e-16
-4.232725e-16
-4.787837e-16
-4.024558e-16
-3.642919e-16
-2.844947e-16
-3.295975e-16
-3.226586e-16
-3.538836e-16
-3.018419e-16
-3.087808e-16
-3.747003e-16
-4.371503e-16
-4.718448e-16
-3.920475e-16
-3.573530e-16
-1.422473e-16
-7.285839e-17
-5.204170e-17
-2.151057e-16
-3.781697e-16
-5.273559e-16
-6.973588e-16
-7.494005e-16
-8.673617e-16
-9.298118e-16
-1.061651e-15
-1.082467e-15
-1.099815e-15
-1.068590e-15
-1.013079e-15
-1.044304e-15
-1.106754e-15
-1.280226e-15
-1.425943e-15
-1.464107e-15
-1.502271e-15
-1.419004e-15
-1.328798e-15
-1.255940e-15
-1.207368e-15
-1.120631e-15
-1.023487e-15
-9.887924e-16
-9.332812e-16
-9.298118e-16
-9.263423e-16
-8.743006e-16
-7.563394e-16
-6.383782e-16
-5.134781e-16
-4.059253e-16
-2.671474e-16
-2.567391e-16
-2.602085e-16
-3.261280e-16
-3.816392e-16
-3.712308e-16
-3.018419e-16
-3.053113e-16
-2.949030e-16
-3.226586e-16
-3.712308e-16
-4.406198e-16
-4.440892e-16
-4.475587e-16
-4.753142e-16
-3.885781e-16
-3.538836e-16
-3.781697e-16
-2.879641e-16
-2.914335e-16
-3.053113e-16
-2.498002e-16
-2.012279e-16
-2.740863e-16
-3.330669e-16
-3.295975e-16
-3.538836e-16
-3.816392e-16
-4.440892e-16
-4.822531e-16
-6.730727e-16
-8.049117e-16
-8.638923e-16
-1.075529e-15
-1.148387e-15
-1.262879e-15
-1.269818e-15
-1.391248e-15
-1.464107e-15
-1.616762e-15
-1.804112e-15
-2.053913e-15
-2.331468e-15
-2.466777e-15
-2.324529e-15
-2.189221e-15
-2.001871e-15
-1.835337e-15
-1.748601e-15
-1.703498e-15
-1.783296e-15
-1.703498e-15
-1.717376e-15
-1.831868e-15
-1.925543e-15
-2.029626e-15
-2.206568e-15
-2.317591e-15
-2.334938e-15
-2.366163e-15
-2.303713e-15
-2.296774e-15
-2.255141e-15
-2.220446e-15
-2.112893e-15
-2.074729e-15
-2.102485e-15
-2.074729e-15
-2.033096e-15
-2.005340e-15
-1.981054e-15
-2.008810e-15
-2.005340e-15
-1.977585e-15
-2.036565e-15
-1.984524e-15
-1.967176e-15
-1.956768e-15
-1.956768e-15
-2.001871e-15
-1.987993e-15
-2.005340e-15
-2.137179e-15
-2.213507e-15
-2.223915e-15
-2.092077e-15
-1.821460e-15
-1.672273e-15
-1.561251e-15
-1.394718e-15
-1.158795e-15
-1.040834e-15
-9.575674e-16
-8.777701e-16
-7.077672e-16
-6.765422e-16
-5.689893e-16
-4.961309e-16
-3.747003e-16
-2.775558e-16
-2.671474e-16
-2.324529e-16
-2.359224e-16
-2.498002e-16
-3.330669e-16
-4.059253e-16
-4.544976e-16
-4.267420e-16
-4.614364e-16
-3.712308e-16
-3.018419e-16
-2.810252e-16
-2.602085e-16
-2.602085e-16
-2.740863e-16
-2.567391e-16
-2.983724e-16
-2.775558e-16
-2.879641e-16
-3.295975e-16
-3.573530e-16
-3.642919e-16
-2.671474e-16
-1.977585e-16
-1.769418e-16
-1.110223e-16
-1.179612e-16
-1.908196e-16
-4.371503e-16
-6.349088e-16
-8.569534e-16
-9.887924e-16
-1.110223e-15
-1.151856e-15
-1.221245e-15
-1.269818e-15
-1.276756e-15
-1.266348e-15
-1.301043e-15
-1.363493e-15
-1.477984e-15
-1.547373e-15
-1.571659e-15
-1.647987e-15
-1.509209e-15
-1.415534e-15
-1.377370e-15
-1.342676e-15
-1.294104e-15
-1.259409e-15
-1.207368e-15
-1.117162e-15
-1.096345e-15
-1.103284e-15
-1.047773e-15
-1.085937e-15
-9.783840e-16
-8.881784e-16
-8.396062e-16
-6.765422e-16
-5.308254e-16
-4.336809e-16
-4.128642e-16
-3.538836e-16
-3.955170e-16
-4.649059e-16
-4.059253e-16
-4.406198e-16
-4.059253e-16
-3.608225e-16
-3.365364e-16
-2.879641e-16
-3.434752e-16
-4.857226e-16
-5.169476e-16
-4.683753e-16
-4.232725e-16
-4.198031e-16
-4.128642e-16
-4.163336e-16
-4.198031e-16
-3.781697e-16
-4.510281e-16
-4.163336e-16
-4.440892e-16
-4.579670e-16
-6.106227e-16
-6.869505e-16
-7.042977e-16
-8.257284e-16
-9.228729e-16
-1.089406e-15
-1.242062e-15
-1.377370e-15
-1.439820e-15
-1.488393e-15
-1.585537e-15
-1.696560e-15
-1.755540e-15
-1.821460e-15
-1.981054e-15
-2.258610e-15
-2.452899e-15
-2.532696e-15
-2.445960e-15
-2.307182e-15
-2.081668e-15
-1.953299e-15
-1.897787e-15
-1.922074e-15
-1.887379e-15
-1.908196e-15
-1.929013e-15
-2.026157e-15
-2.029626e-15
-2.151057e-15
-2.269018e-15
-2.404327e-15
-2.404327e-15
-2.459838e-15
-2.421674e-15
-2.400857e-15
-2.383510e-15
-2.230854e-15
-2.099015e-15
-2.005340e-15
-1.987993e-15
-1.987993e-15
-2.001871e-15
-1.908196e-15
-1.939421e-15
-2.026157e-15
-2.064321e-15
-2.050443e-15
-2.022688e-15
-1.998401e-15
-1.970646e-15
-1.935951e-15
-1.880440e-15
-1.866562e-15
-1.883910e-15
-1.998401e-15
-2.078199e-15
-2.133710e-15
-2.178813e-15
-2.064321e-15
-1.887379e-15
-1.790235e-15
-1.606354e-15
-1.446759e-15
-1.245531e-15
-1.092876e-15
-9.783840e-16
-8.083811e-16
-7.042977e-16
-6.140921e-16
-5.412337e-16
-3.885781e-16
-2.844947e-16
-2.706169e-16
-2.983724e-16
-3.122502e-16
-3.053113e-16
-2.914335e-16
-3.330669e-16
-2.289835e-16
-2.463307e-16
-2.324529e-16
-2.706169e-16
-2.879641e-16
-3.261280e-16
-3.781697e-16
-3.434752e-16
-3.885781e-16
-4.024558e-16
-4.440892e-16
-4.961309e-16
-3.712308e-16
-3.608225e-16
-4.649059e-16
-4.232725e-16
-4.059253e-16
-3.261280e-16
-2.428613e-16
-2.740863e-16
-2.532696e-16
-2.949030e-16
-4.232725e-16
-6.071532e-16
-8.326673e-16
-9.645063e-16
-1.065120e-15
-1.141448e-15
-1.262879e-15
-1.366962e-15
-1.422473e-15
-1.502271e-15
-1.575129e-15
-1.668804e-15
-1.724315e-15
-1.817990e-15
-1.838807e-15
-1.817990e-15
-1.817990e-15
-1.720846e-15
-1.745132e-15
-1.700029e-15
-1.720846e-15
-1.627171e-15
-1.526557e-15
-1.436351e-15
-1.304512e-15
-1.266348e-15
-1.273287e-15
-1.252470e-15
-1.252470e-15
-1.176143e-15
-1.148387e-15
-9.922618e-16
-8.049117e-16
-7.251144e-16
-6.106227e-16
-4.926615e-16
-4.267420e-16
-4.093947e-16
-3.573530e-16
-3.920475e-16
-4.406198e-16
-4.787837e-16
-4.267420e-16
-4.544976e-16
-3.469447e-16
-3.053113e-16
-3.677614e-16
-4.128642e-16
-4.996004e-16
-5.134781e-16
-5.377643e-16
-4.753142e-16
-4.510281e-16
-4.579670e-16
-4.926615e-16
-5.030698e-16
-4.822531e-16
-5.169476e-16
-4.926615e-16
-5.481726e-16
-6.487866e-16
-7.285839e-16
-8.985868e-16
-9.922618e-16
-9.714451e-16
-1.124101e-15
-1.276756e-15
-1.387779e-15
-1.471046e-15
-1.568190e-15
-1.641048e-15
-1.738193e-15
-1.908196e-15
-2.053913e-15
-2.275957e-15
-2.373102e-15
-2.383510e-15
-2.380041e-15
-2.213507e-15
-2.112893e-15
-2.088607e-15
-1.918604e-15
-1.901257e-15
-1.845746e-15
-1.866562e-15
-1.932482e-15
-2.043504e-15
-2.112893e-15
-2.227385e-15
-2.317591e-15
-2.386980e-15
-2.432082e-15
-2.397388e-15
-2.380041e-15
-2.383510e-15
-2.317591e-15
-2.227385e-15
-2.220446e-15
-2.196160e-15
-2.099015e-15
-2.081668e-15
-2.040035e-15
-2.064321e-15
-2.116363e-15
-2.074729e-15
-2.109424e-15
-2.085138e-15
-1.956768e-15
-1.859624e-15
-1.821460e-15
-1.772887e-15
-1.755540e-15
-1.727785e-15
-1.710437e-15
-1.807582e-15
-1.901257e-15
-2.019218e-15
-2.036565e-15
-1.859624e-15
-1.786765e-15
-1.658396e-15
-1.516148e-15
-1.360023e-15
-1.148387e-15
-8.951173e-16
-8.326673e-16
-7.702172e-16
-7.285839e-16
-6.279699e-16
-4.787837e-16
-2.498002e-16
-1.387779e-16
-7.632783e-17
-1.526557e-16
-2.567391e-16
-2.567391e-16
-2.879641e-16
-2.359224e-16
-1.977585e-16
-2.255141e-16
-1.665335e-16
-1.595946e-16
-1.318390e-16
-1.838807e-16
-1.942890e-16
-1.908196e-16
-2.463307e-16
-2.532696e-16
-2.983724e-16
-2.879641e-16
-2.775558e-16
-3.295975e-16
-3.851086e-16
-4.163336e-16
-4.128642e-16
-4.510281e-16
-3.400058e-16
-2.151057e-16
-3.608225e-16
-4.163336e-16
-5.342948e-16
-7.251144e-16
-9.228729e-16
-1.085937e-15
-1.266348e-15
-1.325329e-15
-1.353084e-15
-1.460637e-15
-1.543904e-15
-1.675743e-15
-1.856154e-15
-1.935951e-15
-1.967176e-15
-2.029626e-15
-2.036565e-15
-1.984524e-15
-1.946360e-15
-1.974115e-15
-1.987993e-15
-1.939421e-15
-1.918604e-15
-1.856154e-15
-1.835337e-15
-1.741662e-15
-1.585537e-15
-1.419004e-15
-1.349615e-15
-1.304512e-15
-1.273287e-15
-1.294104e-15
-1.238593e-15
-1.131040e-15
-9.124645e-16
-7.389922e-16
-6.106227e-16
-5.238865e-16
-5.308254e-16
-5.273559e-16
-5.134781e-16
-5.793976e-16
-5.238865e-16
-4.614364e-16
-4.128642e-16
-3.955170e-16
-3.747003e-16
-3.747003e-16
-4.128642e-16
-4.683753e-16
-5.204170e-16
-4.267420e-16
-4.440892e-16
-5.030698e-16
-5.308254e-16
-5.412337e-16
-6.418477e-16
-5.447032e-16
-5.724587e-16
-5.932754e-16
-6.418477e-16
-7.251144e-16
-7.910339e-16
-8.951173e-16
-9.506285e-16
-1.023487e-15
-1.113692e-15
-1.255940e-15
-1.346145e-15
-1.401657e-15
-1.436351e-15
-1.561251e-15
-1.752071e-15
-1.918604e-15
-2.140649e-15
-2.296774e-15
-2.400857e-15
-2.498002e-15
-2.484124e-15
-2.404327e-15
-2.230854e-15
-2.137179e-15
-2.046974e-15
-2.022688e-15
-1.949829e-15
-1.918604e-15
-1.942890e-15
-2.012279e-15
-2.053913e-15
-2.151057e-15
-2.307182e-15
-2.397388e-15
-2.369632e-15
-2.393918e-15
-2.341877e-15
-2.286366e-15
-2.265549e-15
-2.223915e-15
-2.116363e-15
-2.022688e-15
-1.946360e-15
-1.977585e-15
-1.984524e-15
-1.935951e-15
-1.970646e-15
-2.057382e-15
-2.071260e-15
-1.949829e-15
-1.828399e-15
-1.811051e-15
-1.814521e-15
-1.755540e-15
-1.696560e-15
-1.665335e-15
-1.706968e-15
-1.720846e-15
-1.741662e-15
-1.845746e-15
-1.897787e-15
-1.880440e-15
-1.724315e-15
-1.703498e-15
-1.689621e-15
-1.543904e-15
-1.259409e-15
-1.106754e-15
-9.714451e-16
-8.881784e-16
-8.118506e-16
-6.418477e-16
-5.204170e-16
-4.510281e-16
-3.851086e-16
-2.844947e-16
-1.700029e-16
-1.734723e-16
-1.908196e-16
-3.226586e-16
-3.087808e-16
-2.810252e-16
-2.602085e-16
-2.636780e-16
-1.838807e-16
-1.734723e-16
-2.428613e-16
-2.602085e-16
-2.428613e-16
-3.504141e-16
-4.787837e-16
-4.232725e-16
-4.232725e-16
-3.573530e-16
-3.226586e-16
-3.469447e-16
-3.400058e-16
-4.649059e-16
-4.683753e-16
-4.822531e-16
-4.440892e-16
-3.642919e-16
-3.226586e-16
-4.891920e-16
-7.008283e-16
-8.569534e-16
-9.367507e-16
-1.110223e-15
-1.273287e-15
-1.353084e-15
-1.484923e-15
-1.578598e-15
-1.630640e-15
-1.731254e-15
-1.901257e-15
-2.029626e-15
-2.147588e-15
-2.157996e-15
-2.133710e-15
-2.140649e-15
-2.220446e-15
-2.359224e-15
-2.386980e-15
-2.418205e-15
-2.338407e-15
-2.140649e-15
-2.057382e-15
-1.960238e-15
-1.786765e-15
-1.609823e-15
-1.412065e-15
-1.335737e-15
-1.360023e-15
-1.314920e-15
-1.224715e-15
-1.155326e-15
-9.749146e-16
-7.147061e-16
-5.793976e-16
-5.100087e-16
-5.065393e-16
-6.036838e-16
-6.071532e-16
-5.585810e-16
-4.857226e-16
-4.128642e-16
-3.018419e-16
-2.532696e-16
-3.573530e-16
-4.649059e-16
-5.065393e-16
-5.551115e-16
-4.579670e-16
-4.753142e-16
-4.510281e-16
-4.579670e-16
-4.267420e-16
-4.961309e-16
-5.100087e-16
-4.198031e-16
-3.989864e-16
-3.989864e-16
-4.579670e-16
-5.655199e-16
-5.759282e-16
-7.459311e-16
-8.396062e-16
-8.951173e-16
-1.044304e-15
-1.047773e-15
-1.144917e-15
-1.297573e-15
-1.429412e-15
-1.585537e-15
-1.800643e-15
-2.144118e-15
-2.327999e-15
-2.345346e-15
-2.293304e-15
-2.348816e-15
-2.380041e-15
-2.300243e-15
-2.182282e-15
-2.109424e-15
-2.095546e-15
-2.151057e-15
-2.123302e-15
-2.064321e-15
-2.064321e-15
-2.102485e-15
-2.140649e-15
-2.196160e-15
-2.275957e-15
-2.275957e-15
-2.275957e-15
-2.189221e-15
-2.178813e-15
-2.133710e-15
-2.144118e-15
-2.157996e-15
-2.088607e-15
-2.130240e-15
-2.123302e-15
-2.102485e-15
-2.060851e-15
-2.060851e-15
-2.078199e-15
-2.119832e-15
-1.984524e-15
-1.863093e-15
-1.828399e-15
-1.783296e-15
-1.838807e-15
-1.793704e-15
-1.786765e-15
-1.752071e-15
-1.668804e-15
-1.637579e-15
-1.651457e-15
-1.682682e-15
-1.713907e-15
-1.765948e-15
-1.661865e-15
-1.724315e-15
-1.675743e-15
-1.405126e-15
-1.113692e-15
-1.006140e-15
-9.228729e-16
-8.257284e-16
-7.563394e-16
-7.216450e-16
-5.828671e-16
-5.030698e-16
-3.885781e-16
-2.949030e-16
-2.914335e-16
-2.393918e-16
-2.532696e-16
-3.330669e-16
-3.781697e-16
-3.642919e-16
-2.844947e-16
-2.844947e-16
-2.289835e-16
-1.630640e-16
-1.630640e-16
-7.979728e-17
-1.040834e-16
-2.012279e-16
-2.428613e-16
-2.324529e-16
-3.157197e-16
-3.469447e-16
-3.885781e-16
-4.302114e-16
-4.475587e-16
-4.822531e-16
-4.787837e-16
-6.938894e-16
-6.834810e-16
-7.008283e-16
-5.828671e-16
-6.973588e-16
-9.194034e-16
-1.040834e-15
-1.148387e-15
-1.353084e-15
-1.415534e-15
-1.481454e-15
-1.557782e-15
-1.661865e-15
-1.811051e-15
-1.863093e-15
-1.949829e-15
-2.164935e-15
-2.314121e-15
-2.286366e-15
-2.327999e-15
-2.341877e-15
-2.369632e-15
-2.494532e-15
-2.588207e-15
-2.574330e-15
-2.511880e-15
-2.373102e-15
-2.237793e-15
-2.026157e-15
-1.883910e-15
-1.856154e-15
-1.658396e-15
-1.568190e-15
-1.505740e-15
-1.474515e-15
-1.301043e-15
-1.106754e-15
-1.037365e-15
-9.332812e-16
-7.285839e-16
-6.938894e-16
-7.459311e-16
-7.251144e-16
-6.383782e-16
-5.967449e-16
-5.100087e-16
-3.920475e-16
-3.816392e-16
-4.128642e-16
-3.712308e-16
-3.365364e-16
-2.879641e-16
-3.469447e-16
-3.434752e-16
-4.475587e-16
-3.781697e-16
-4.406198e-16
-4.822531e-16
-4.996004e-16
-4.961309e-16
-4.579670e-16
-4.302114e-16
-5.065393e-16
-5.204170e-16
-5.169476e-16
-6.314393e-16
-6.869505e-16
-7.147061e-16
-8.187895e-16
-9.298118e-16
-9.749146e-16
-1.030426e-15
-1.172673e-15
-1.328798e-15
-1.592476e-15
-1.804112e-15
-2.164935e-15
-2.393918e-15
-2.421674e-15
-2.345346e-15
-2.456368e-15
-2.432082e-15
-2.373102e-15
-2.355754e-15
-2.314121e-15
-2.314121e-15
-2.317591e-15
-2.334938e-15
-2.269018e-15
-2.220446e-15
-2.220446e-15
-2.192690e-15
-2.203099e-15
-2.196160e-15
-2.199629e-15
-2.178813e-15
-2.088607e-15
-2.085138e-15
-2.085138e-15
-2.123302e-15
-2.095546e-15
-2.092077e-15
-2.133710e-15
-2.130240e-15
-2.071260e-15
-1.991463e-15
-1.901257e-15
-1.925543e-15
-1.925543e-15
-1.956768e-15
-1.942890e-15
-1.953299e-15
-1.946360e-15
-1.922074e-15
-1.970646e-15
-1.904726e-15
-1.856154e-15
-1.814521e-15
-1.731254e-15
-1.731254e-15
-1.700029e-15
-1.682682e-15
-1.606354e-15
-1.533496e-15
-1.554312e-15
-1.460637e-15
-1.307982e-15
-1.124101e-15
-1.009609e-15
-9.402201e-16
-8.118506e-16
-7.251144e-16
-6.210310e-16
-4.787837e-16
-4.232725e-16
-3.642919e-16
-3.747003e-16
-3.642919e-16
-3.053113e-16
-3.018419e-16
-2.914335e-16
-3.087808e-16
-3.087808e-16
-2.844947e-16
-3.469447e-16
-3.538836e-16
-2.810252e-16
-2.844947e-16
-3.018419e-16
-2.775558e-16
-3.781697e-16
-4.198031e-16
-4.198031e-16
-4.163336e-16
-4.024558e-16
-4.544976e-16
-4.891920e-16
-5.447032e-16
-5.620504e-16
-6.730727e-16
-7.494005e-16
-7.632783e-16
-8.812395e-16
-8.916479e-16
-8.569534e-16
-1.085937e-15
-1.249001e-15
-1.325329e-15
-1.335737e-15
-1.384309e-15
-1.516148e-15
-1.575129e-15
-1.661865e-15
-1.797174e-15
-1.942890e-15
-2.161465e-15
-2.341877e-15
-2.470246e-15
-2.584738e-15
-2.602085e-15
-2.640249e-15
-2.661066e-15
-2.685352e-15
-2.740863e-15
-2.706169e-15
-2.636780e-15
-2.511880e-15
-2.317591e-15
-2.157996e-15
-2.040035e-15
-1.925543e-15
-1.790235e-15
-1.641048e-15
-1.471046e-15
-1.439820e-15
-1.373901e-15
-1.353084e-15
-1.221245e-15
-1.099815e-15
-9.679757e-16
-8.812395e-16
-8.430756e-16
-7.563394e-16
-6.869505e-16
-5.134781e-16
-4.267420e-16
-3.226586e-16
-3.122502e-16
-3.573530e-16
-3.608225e-16
-3.712308e-16
-3.261280e-16
-2.983724e-16
-3.157197e-16
-3.504141e-16
-3.851086e-16
-3.122502e-16
-3.261280e-16
-4.024558e-16
-3.469447e-16
-3.747003e-16
-3.018419e-16
-2.983724e-16
-2.844947e-16
-3.330669e-16
-4.544976e-16
-4.857226e-16
-5.412337e-16
-6.383782e-16
-6.800116e-16
-8.014422e-16
-8.569534e-16
-9.506285e-16
-1.214306e-15
-1.391248e-15
-1.630640e-15
-1.880440e-15
-2.133710e-15
-2.230854e-15
-2.237793e-15
-2.352285e-15
-2.421674e-15
-2.400857e-15
-2.439021e-15
-2.404327e-15
-2.376571e-15
-2.463307e-15
-2.425143e-15
-2.352285e-15
-2.289835e-15
-2.244732e-15
-2.185752e-15
-2.133710e-15
-2.126771e-15
-2.116363e-15
-2.092077e-15
-2.071260e-15
-2.071260e-15
-2.116363e-15
-2.123302e-15
-2.050443e-15
-2.223915e-15
-2.234324e-15
-2.220446e-15
-2.241263e-15
-2.216977e-15
-2.199629e-15
-2.144118e-15
-2.112893e-15
-2.196160e-15
-2.140649e-15
-2.137179e-15
-2.272488e-15
-2.241263e-15
-2.255141e-15
-2.216977e-15
-2.085138e-15
-1.918604e-15
-1.797174e-15
-1.759010e-15
-1.727785e-15
-1.644518e-15
-1.606354e-15
-1.419004e-15
-1.353084e-15
-1.228184e-15
-1.131040e-15
-1.075529e-15
-1.006140e-15
-9.506285e-16
-8.985868e-16
-8.777701e-16
-8.187895e-16
-6.175616e-16
-5.689893e-16
-4.753142e-16
-3.712308e-16
-3.191891e-16
-2.671474e-16
-3.191891e-16
-2.602085e-16
-2.046974e-16
-2.012279e-16
-1.838807e-16
-2.081668e-16
-2.012279e-16
-2.567391e-16
-1.422473e-16
-1.318390e-16
-9.020562e-17
-1.422473e-16
-1.873501e-16
-2.185752e-16
-2.324529e-16
-2.393918e-16
-3.226586e-16
-4.232725e-16
-5.134781e-16
-5.655199e-16
-7.008283e-16
-7.771561e-16
-8.743006e-16
-1.002670e-15
-1.113692e-15
-1.096345e-15
-1.200429e-15
-1.332268e-15
-1.377370e-15
-1.360023e-15
-1.422473e-15
-1.543904e-15
-1.668804e-15
-1.731254e-15
-1.828399e-15
-2.078199e-15
-2.310652e-15
-2.577799e-15
-2.792905e-15
-2.966377e-15
-2.907397e-15
-2.893519e-15
-2.903927e-15
-2.952499e-15
-2.983724e-15
-3.046174e-15
-2.942091e-15
-2.768619e-15
-2.508410e-15
-2.321060e-15
-2.116363e-15
-1.942890e-15
-1.786765e-15
-1.595946e-15
-1.519618e-15
-1.384309e-15
-1.307982e-15
-1.321859e-15
-1.162265e-15
-9.887924e-16
-9.818535e-16
-9.055257e-16
-7.389922e-16
-6.626644e-16
-5.689893e-16
-5.030698e-16
-4.857226e-16
-3.816392e-16
-3.330669e-16
-3.087808e-16
-2.844947e-16
-2.393918e-16
-2.116363e-16
-2.602085e-16
-3.295975e-16
-3.365364e-16
-3.053113e-16
-2.081668e-16
-1.769418e-16
-2.012279e-16
-2.255141e-16
-3.365364e-16
-3.087808e-16
-3.677614e-16
-3.608225e-16
-3.712308e-16
-4.406198e-16
-4.718448e-16
-6.730727e-16
-7.945034e-16
-8.361367e-16
-9.818535e-16
-1.103284e-15
-1.172673e-15
-1.366962e-15
-1.436351e-15
-1.630640e-15
-1.845746e-15
-2.005340e-15
-2.130240e-15
-2.230854e-15
-2.480655e-15
-2.560452e-15
-2.466777e-15
-2.449430e-15
-2.511880e-15
-2.522288e-15
-2.515349e-15
-2.522288e-15
-2.470246e-15
-2.414735e-15
-2.400857e-15
-2.334938e-15
-2.223915e-15
-2.130240e-15
-2.057382e-15
-2.088607e-15
-2.060851e-15
-2.085138e-15
-2.130240e-15
-2.196160e-15
-2.220446e-15
-2.244732e-15
-2.341877e-15
-2.317591e-15
-2.269018e-15
-2.196160e-15
-2.199629e-15
-2.189221e-15
-2.241263e-15
-2.265549e-15
-2.352285e-15
-2.439021e-15
-2.577799e-15
-2.522288e-15
-2.459838e-15
-2.289835e-15
-2.269018e-15
-2.175343e-15
-2.102485e-15
-1.918604e-15
-1.811051e-15
-1.689621e-15
-1.575129e-15
-1.519618e-15
-1.391248e-15
-1.221245e-15
-1.096345e-15
-1.051242e-15
-9.645063e-16
-9.055257e-16
-8.430756e-16
-7.945034e-16
-7.112366e-16
-7.528700e-16
-6.349088e-16
-5.689893e-16
-5.308254e-16
-4.857226e-16
-3.573530e-16
-3.504141e-16
-3.295975e-16
-3.365364e-16
-2.185752e-16
-1.561251e-16
-1.179612e-16
-1.491862e-16
-1.561251e-16
-1.422473e-16
-1.491862e-16
-2.324529e-16
-2.879641e-16
-3.053113e-16
-4.371503e-16
-3.851086e-16
-2.983724e-16
-3.747003e-16
-5.585810e-16
-6.210310e-16
-7.112366e-16
-7.979728e-16
-8.534840e-16
-9.610368e-16
-9.679757e-16
-1.061651e-15
-1.207368e-15
-1.325329e-15
-1.415534e-15
-1.346145e-15
-1.384309e-15
-1.481454e-15
-1.488393e-15
-1.686151e-15
-1.772887e-15
-1.873501e-15
-2.175343e-15
-2.577799e-15
-2.886580e-15
-3.205769e-15
-3.282097e-15
-3.254341e-15
-3.188422e-15
-3.129441e-15
-3.167605e-15
-3.243933e-15
-3.320261e-15
-3.289036e-15
-3.008011e-15
-2.688821e-15
-2.421674e-15
-2.171874e-15
-2.040035e-15
-1.866562e-15
-1.599415e-15
-1.464107e-15
-1.360023e-15
-1.203898e-15
-1.186551e-15
-1.117162e-15
-1.061651e-15
-1.051242e-15
-8.534840e-16
-7.771561e-16
-7.042977e-16
-5.585810e-16
-4.961309e-16
-4.302114e-16
-3.677614e-16
-3.226586e-16
-3.400058e-16
-2.983724e-16
-2.185752e-16
-1.700029e-16
-5.204170e-17
-1.734723e-17
-5.898060e-17
-1.353084e-16
-1.179612e-16
-7.285839e-17
-1.040834e-16
-9.714451e-17
-2.532696e-16
-2.046974e-16
-2.185752e-16
-3.365364e-16
-3.157197e-16
-3.087808e-16
-3.608225e-16
-4.787837e-16
-5.655199e-16
-7.285839e-16
-7.910339e-16
-9.471590e-16
-1.037365e-15
-1.172673e-15
-1.328798e-15
-1.505740e-15
-1.571659e-15
-1.616762e-15
-1.897787e-15
-2.213507e-15
-2.463307e-15
-2.501471e-15
-2.470246e-15
-2.428613e-15
-2.473716e-15
-2.515349e-15
-2.491063e-15
-2.494532e-15
-2.393918e-15
-2.327999e-15
-2.293304e-15
-2.220446e-15
-2.105954e-15
-2.064321e-15
-2.067790e-15
-1.987993e-15
-2.008810e-15
-2.078199e-15
-2.210038e-15
-2.244732e-15
-2.265549e-15
-2.310652e-15
-2.296774e-15
-2.296774e-15
-2.279427e-15
-2.293304e-15
-2.390449e-15
-2.459838e-15
-2.504941e-15
-2.494532e-15
-2.525757e-15
-2.609024e-15
-2.692291e-15
-2.636780e-15
-2.574330e-15
-2.445960e-15
-2.317591e-15
-2.265549e-15
-2.234324e-15
-2.092077e-15
-2.029626e-15
-1.925543e-15
-1.724315e-15
-1.602884e-15
-1.477984e-15
-1.231654e-15
-1.075529e-15
-1.085937e-15
-9.853229e-16
-9.263423e-16
-9.783840e-16
-9.506285e-16
-8.708312e-16
-9.263423e-16
-8.187895e-16
-7.424616e-16
-6.383782e-16
-5.481726e-16
-5.759282e-16
-4.614364e-16
-3.191891e-16
-2.879641e-16
-2.775558e-16
-2.428613e-16
-2.289835e-16
-1.769418e-16
-1.040834e-16
-1.526557e-16
-1.422473e-16
-8.673617e-17
0.000000e+00
3.122502e-17
-6.938894e-17
-7.632783e-17
-5.204170e-17
-1.491862e-16
-3.365364e-16
-4.753142e-16
-6.661338e-16
-7.806256e-16
-9.402201e-16
-1.061651e-15
-1.047773e-15
-1.110223e-15
-1.255940e-15
-1.384309e-15
-1.432882e-15
-1.460637e-15
-1.526557e-15
-1.658396e-15
-1.741662e-15
-1.925543e-15
-2.033096e-15
-2.265549e-15
-2.515349e-15
-2.785966e-15
-3.105155e-15
-3.396589e-15
-3.514550e-15
-3.552714e-15
-3.452100e-15
-3.427814e-15
-3.386180e-15
-3.427814e-15
-3.434752e-15
-3.396589e-15
-3.122502e-15
-2.789435e-15
-2.484124e-15
-2.272488e-15
-2.019218e-15
-1.873501e-15
-1.686151e-15
-1.464107e-15
-1.273287e-15
-1.224715e-15
-1.162265e-15
-1.124101e-15
-1.103284e-15
-1.037365e-15
-8.985868e-16
-8.396062e-16
-7.320533e-16
-5.134781e-16
-4.371503e-16
-4.093947e-16
-5.273559e-16
-3.955170e-16
-2.949030e-16
-2.567391e-16
-1.873501e-16
-1.491862e-16
-1.734723e-17
-1.387779e-17
3.469447e-18
1.040834e-17
-1.040834e-17
-1.144917e-16
-1.387779e-16
-6.938894e-18
-1.006140e-16
-2.393918e-16
-2.914335e-16
-3.191891e-16
-3.816392e-16
-4.475587e-16
-5.932754e-16
-6.245005e-16
-7.494005e-16
-8.708312e-16
-9.436896e-16
-9.922618e-16
-1.113692e-15
-1.176143e-15
-1.314920e-15
-1.439820e-15
-1.450229e-15
-1.613293e-15
-1.741662e-15
-2.064321e-15
-2.321060e-15
-2.452899e-15
-2.470246e-15
-2.508410e-15
-2.480655e-15
-2.445960e-15
-2.456368e-15
-2.341877e-15
-2.220446e-15
-2.234324e-15
-2.192690e-15
-2.164935e-15
-2.157996e-15
-2.157996e-15
-2.133710e-15
-2.015749e-15
-2.078199e-15
-2.164935e-15
-2.241263e-15
-2.289835e-15
-2.327999e-15
-2.310652e-15
-2.272488e-15
-2.248202e-15
-2.216977e-15
-2.237793e-15
-2.282896e-15
-2.411266e-15
-2.487593e-15
-2.574330e-15
-2.640249e-15
-2.726985e-15
-2.702699e-15
-2.765149e-15
-2.609024e-15
-2.504941e-15
-2.345346e-15
-2.310652e-15
-2.300243e-15
-2.279427e-15
-2.223915e-15
-2.109424e-15
-1.922074e-15
-1.772887e-15
-1.609823e-15
-1.457168e-15
-1.266348e-15
-1.176143e-15
-1.124101e-15
-9.263423e-16
-8.187895e-16
-8.014422e-16
-8.396062e-16
-7.945034e-16
-7.736867e-16
-7.736867e-16
-6.765422e-16
-5.793976e-16
-5.481726e-16
-4.128642e-16
-2.879641e-16
-1.804112e-16
-1.734723e-16
-2.185752e-16
-1.526557e-16
-7.979728e-17
-4.163336e-17
-4.510281e-17
-1.873501e-16
-1.561251e-16
-1.249001e-16
-1.595946e-16
-1.144917e-16
-2.567391e-16
-3.053113e-16
-3.226586e-16
-3.365364e-16
-4.649059e-16
-7.216450e-16
-8.049117e-16
-9.124645e-16
-9.749146e-16
-1.009609e-15
-1.103284e-15
-1.249001e-15
-1.394718e-15
-1.554312e-15
-1.592476e-15
-1.672273e-15
-1.800643e-15
-1.852685e-15
-1.977585e-15
-2.171874e-15
-2.272488e-15
-2.504941e-15
-2.907397e-15
-3.181483e-15
-3.493733e-15
-3.688022e-15
-3.736594e-15
-3.760880e-15
-3.674144e-15
-3.649858e-15
-3.580469e-15
-3.552714e-15
-3.382711e-15
-3.098216e-15
-2.813721e-15
-2.400857e-15
-2.151057e-15
-1.953299e-15
-1.797174e-15
-1.703498e-15
-1.550843e-15
-1.283695e-15
-1.124101e-15
-1.078998e-15
-1.075529e-15
-9.575674e-16
-8.049117e-16
-7.251144e-16
-6.349088e-16
-6.245005e-16
-5.481726e-16
-4.753142e-16
-4.267420e-16
-4.753142e-16
-3.989864e-16
-3.191891e-16
-2.185752e-16
-8.326673e-17
-3.122502e-17
-5.204170e-17
3.469447e-17
8.673617e-17
7.285839e-17
2.428613e-17
-1.006140e-16
-1.283695e-16
-1.734723e-16
-1.595946e-16
-2.255141e-16
-2.914335e-16
-3.538836e-16
-4.406198e-16
-4.683753e-16
-5.724587e-16
-6.800116e-16
-6.834810e-16
-7.945034e-16
-8.569534e-16
-9.367507e-16
-1.068590e-15
-1.096345e-15
-1.228184e-15
-1.290634e-15
-1.415534e-15
-1.582068e-15
-1.672273e-15
-1.901257e-15
-2.116363e-15
-2.275957e-15
-2.293304e-15
-2.355754e-15
-2.400857e-15
-2.362693e-15
-2.293304e-15
-2.244732e-15
-2.185752e-15
-2.161465e-15
-2.092077e-15
-2.015749e-15
-2.109424e-15
-2.067790e-15
-2.119832e-15
-2.133710e-15
-2.196160e-15
-2.275957e-15
-2.286366e-15
-2.303713e-15
-2.327999e-15
-2.449430e-15
-2.432082e-15
-2.359224e-15
-2.334938e-15
-2.355754e-15
-2.411266e-15
-2.487593e-15
-2.543105e-15
-2.609024e-15
-2.723516e-15
-2.751271e-15
-2.730455e-15
-2.726985e-15
-2.629841e-15
-2.602085e-15
-2.518818e-15
-2.480655e-15
-2.463307e-15
-2.400857e-15
-2.334938e-15
-2.182282e-15
-2.053913e-15
-1.939421e-15
-1.779826e-15
-1.613293e-15
-1.429412e-15
-1.210837e-15
-1.106754e-15
-1.006140e-15
-9.714451e-16
-9.228729e-16
-9.124645e-16
-8.083811e-16
-7.840950e-16
-7.112366e-16
-6.210310e-16
-5.342948e-16
-4.926615e-16
-4.024558e-16
-3.920475e-16
-3.469447e-16
-3.365364e-16
-1.838807e-16
-1.144917e-16
-6.245005e-17
6.245005e-17
5.898060e-17
4.163336e-17
5.898060e-17
1.353084e-16
4.510281e-17
4.510281e-17
3.469447e-18
-1.491862e-16
-2.463307e-16
-3.677614e-16
-4.302114e-16
-6.591949e-16
-8.430756e-16
-9.506285e-16
-9.887924e-16
-1.151856e-15
-1.228184e-15
-1.405126e-15
-1.547373e-15
-1.706968e-15
-1.814521e-15
-1.897787e-15
-2.036565e-15
-2.088607e-15
-2.227385e-15
-2.407796e-15
-2.532696e-15
-2.789435e-15
-3.125972e-15
-3.469447e-15
-3.705369e-15
-3.826800e-15
-3.878842e-15
-3.934353e-15
-3.882311e-15
-3.795575e-15
-3.688022e-15
-3.587408e-15
-3.455569e-15
-3.122502e-15
-2.796374e-15
-2.452899e-15
-2.175343e-15
-2.019218e-15
-1.852685e-15
-1.658396e-15
-1.561251e-15
-1.321859e-15
-1.193490e-15
-1.127570e-15
-1.037365e-15
-8.153200e-16
-6.973588e-16
-6.834810e-16
-5.898060e-16
-5.655199e-16
-4.857226e-16
-4.891920e-16
-5.065393e-16
-4.683753e-16
-5.030698e-16
-3.469447e-16
-1.387779e-16
-3.469447e-18
-3.469447e-18
-1.387779e-17
-5.898060e-17
-2.775558e-17
-1.387779e-17
0.000000e+00
-6.938894e-18
-1.040834e-17
-2.012279e-16
-3.087808e-16
-3.642919e-16
-3.747003e-16
-4.163336e-16
-4.718448e-16
-5.100087e-16
-6.800116e-16
-7.598089e-16
-8.569534e-16
-9.159340e-16
-9.402201e-16
-9.506285e-16
-1.044304e-15
-1.144917e-15
-1.245531e-15
-1.415534e-15
-1.661865e-15
-1.821460e-15
-1.942890e-15
-1.956768e-15
-2.015749e-15
-2.067790e-15
-2.171874e-15
-2.258610e-15
-2.300243e-15
-2.321060e-15
-2.255141e-15
-2.185752e-15
-2.196160e-15
-2.109424e-15
-2.060851e-15
-2.019218e-15
-2.081668e-15
-2.154527e-15
-2.258610e-15
-2.296774e-15
-2.275957e-15
-2.324529e-15
-2.369632e-15
-2.355754e-15
-2.400857e-15
-2.501471e-15
-2.432082e-15
-2.425143e-15
-2.439021e-15
-2.386980e-15
-2.348816e-15
-2.442491e-15
-2.574330e-15
-2.615963e-15
-2.622902e-15
-2.598616e-15
-2.633310e-15
-2.674944e-15
-2.640249e-15
-2.588207e-15
-2.518818e-15
-2.518818e-15
-2.484124e-15
-2.407796e-15
-2.321060e-15
-2.230854e-15
-2.154527e-15
-2.071260e-15
-1.994932e-15
-1.835337e-15
-1.623701e-15
-1.349615e-15
-1.155326e-15
-1.054712e-15
-1.033895e-15
-9.089951e-16
-7.389922e-16
-6.973588e-16
-6.279699e-16
-5.655199e-16
-5.238865e-16
-4.614364e-16
-4.649059e-16
-3.365364e-16
-2.359224e-16
-1.769418e-16
-1.040834e-16
-9.714451e-17
-1.110223e-16
-4.510281e-17
1.387779e-17
-3.816392e-17
1.387779e-17
-9.367507e-17
-1.144917e-16
-1.561251e-16
-1.838807e-16
-2.185752e-16
-3.434752e-16
-3.885781e-16
-4.857226e-16
-5.481726e-16
-6.661338e-16
-8.916479e-16
-9.679757e-16
-1.092876e-15
-1.314920e-15
-1.436351e-15
-1.523087e-15
-1.741662e-15
-1.911665e-15
-2.029626e-15
-2.085138e-15
-2.168404e-15
-2.251671e-15
-2.383510e-15
-2.487593e-15
-2.789435e-15
-3.080869e-15
-3.261280e-15
-3.577000e-15
-3.740064e-15
-3.917006e-15
-3.955170e-15
-4.017620e-15
-3.996803e-15
-3.941292e-15
-3.913536e-15
-3.781697e-15
-3.524958e-15
-3.184952e-15
-2.858824e-15
-2.605555e-15
-2.341877e-15
-2.237793e-15
-2.019218e-15
-1.748601e-15
-1.533496e-15
-1.373901e-15
-1.235123e-15
-1.054712e-15
-8.465451e-16
-7.181755e-16
-6.626644e-16
-5.134781e-16
-4.891920e-16
-4.302114e-16
-4.961309e-16
-4.857226e-16
-4.614364e-16
-3.851086e-16
-3.365364e-16
-1.942890e-16
-1.595946e-16
-1.040834e-16
-7.285839e-17
-1.387779e-17
0.000000e+00
2.775558e-17
4.857226e-17
-2.775558e-17
-1.457168e-16
-1.387779e-16
-1.942890e-16
-2.706169e-16
-3.747003e-16
-4.128642e-16
-4.787837e-16
-4.822531e-16
-5.273559e-16
-6.661338e-16
-7.945034e-16
-8.118506e-16
-8.326673e-16
-9.298118e-16
-9.436896e-16
-9.749146e-16
-1.026956e-15
-1.141448e-15
-1.387779e-15
-1.523087e-15
-1.700029e-15
-1.817990e-15
-1.811051e-15
-1.859624e-15
-2.029626e-15
-2.151057e-15
-2.189221e-15
-2.248202e-15
-2.296774e-15
-2.279427e-15
-2.210038e-15
-2.168404e-15
-2.130240e-15
-2.182282e-15
-2.185752e-15
-2.230854e-15
-2.296774e-15
-2.286366e-15
-2.390449e-15
-2.442491e-15
-2.425143e-15
-2.466777e-15
-2.418205e-15
-2.411266e-15
-2.574330e-15
-2.560452e-15
-2.550044e-15
-2.553513e-15
-2.466777e-15
-2.428613e-15
-2.491063e-15
-2.498002e-15
-2.466777e-15
-2.393918e-15
-2.366163e-15
-2.296774e-15
-2.324529e-15
-2.393918e-15
-2.397388e-15
-2.407796e-15
-2.425143e-15
-2.400857e-15
-2.314121e-15
-2.210038e-15
-2.099015e-15
-1.987993e-15
-1.904726e-15
-1.814521e-15
-1.793704e-15
-1.706968e-15
-1.543904e-15
-1.259409e-15
-1.134509e-15
-1.016548e-15
-8.951173e-16
-7.702172e-16
-7.008283e-16
-5.863365e-16
-4.753142e-16
-4.475587e-16
-4.267420e-16
-3.851086e-16
-2.844947e-16
-2.740863e-16
-2.428613e-16
-1.387779e-16
-5.898060e-17
-2.428613e-17
-2.428613e-17
-8.673617e-17
-2.428613e-17
4.510281e-17
2.081668e-17
-1.040834e-17
-9.020562e-17
-9.020562e-17
-9.714451e-17
-1.387779e-16
-3.434752e-16
-4.128642e-16
-4.926615e-16
-6.210310e-16
-8.291978e-16
-1.016548e-15
-1.255940e-15
-1.432882e-15
-1.658396e-15
-1.755540e-15
-1.883910e-15
-2.112893e-15
-2.293304e-15
-2.411266e-15
-2.536166e-15
-2.605555e-15
-2.650657e-15
-2.754741e-15
-2.945560e-15
-3.150258e-15
-3.403527e-15
-3.611694e-15
-3.785167e-15
-3.986395e-15
-4.204970e-15
-4.170275e-15
-4.121703e-15
-4.111295e-15
-3.979456e-15
-3.812922e-15
-3.559653e-15
-3.268219e-15
-2.959438e-15
-2.685352e-15
-2.532696e-15
-2.310652e-15
-2.123302e-15
-1.981054e-15
-1.797174e-15
-1.613293e-15
-1.387779e-15
-1.190020e-15
-9.992007e-16
-8.187895e-16
-7.320533e-16
-6.418477e-16
-5.412337e-16
-5.134781e-16
-6.002143e-16
-4.891920e-16
-4.544976e-16
-3.226586e-16
-2.081668e-16
-1.491862e-16
-3.469447e-17
-2.775558e-17
0.000000e+00
1.387779e-17
5.204170e-17
0.000000e+00
-1.387779e-17
-2.775558e-17
-3.469447e-17
-1.665335e-16
-2.081668e-16
-3.295975e-16
-3.781697e-16
-4.406198e-16
-5.169476e-16
-5.655199e-16
-6.487866e-16
-6.661338e-16
-7.667478e-16
-7.459311e-16
-7.702172e-16
-9.194034e-16
-1.047773e-15
-1.082467e-15
-1.127570e-15
-1.259409e-15
-1.502271e-15
-1.665335e-15
-1.783296e-15
-1.835337e-15
-1.828399e-15
-1.870032e-15
-1.946360e-15
-1.981054e-15
-2.053913e-15
-2.095546e-15
-2.137179e-15
-2.144118e-15
-2.189221e-15
-2.206568e-15
-2.314121e-15
-2.327999e-15
-2.373102e-15
-2.459838e-15
-2.466777e-15
-2.543105e-15
-2.602085e-15
-2.605555e-15
-2.595146e-15
-2.553513e-15
-2.550044e-15
-2.577799e-15
-2.737394e-15
-2.688821e-15
-2.581269e-15
-2.539635e-15
-2.494532e-15
-2.397388e-15
-2.314121e-15
-2.269018e-15
-2.234324e-15
-2.220446e-15
-2.210038e-15
-2.154527e-15
-2.147588e-15
-2.133710e-15
-2.154527e-15
-2.251671e-15
-2.230854e-15
-2.182282e-15
-2.109424e-15
-1.984524e-15
-1.911665e-15
-1.887379e-15
-1.831868e-15
-1.731254e-15
-1.693090e-15
-1.720846e-15
-1.658396e-15
-1.408595e-15
-1.196959e-15
-1.040834e-15
-9.471590e-16
-7.910339e-16
-6.106227e-16
-5.585810e-16
-4.232725e-16
-2.949030e-16
-3.469447e-16
-2.949030e-16
-3.087808e-16
-2.428613e-16
-1.873501e-16
-1.318390e-16
-1.110223e-16
-1.006140e-16
-9.020562e-17
-7.979728e-17
-1.040834e-17
-1.040834e-16
-1.006140e-16
-1.040834e-16
-2.046974e-16
-2.844947e-16
-2.255141e-16
-2.567391e-16
-3.608225e-16
-4.718448e-16
-6.002143e-16
-6.696033e-16
-7.910339e-16
-9.783840e-16
-1.210837e-15
-1.332268e-15
-1.453698e-15
-1.679212e-15
-1.779826e-15
-2.015749e-15
-2.237793e-15
-2.411266e-15
-2.546574e-15
-2.688821e-15
-2.806783e-15
-2.959438e-15
-3.105155e-15
-3.202300e-15
-3.403527e-15
-3.577000e-15
-3.899658e-15
-4.048845e-15
-4.201500e-15
-4.236195e-15
-4.215378e-15
-4.201500e-15
-4.007211e-15
-3.816392e-15
-3.622103e-15
-3.396589e-15
-3.112094e-15
-2.827599e-15
-2.633310e-15
-2.473716e-15
-2.338407e-15
-2.130240e-15
-1.873501e-15
-1.668804e-15
-1.474515e-15
-1.124101e-15
-9.263423e-16
-7.494005e-16
-6.279699e-16
-5.447032e-16
-5.308254e-16
-5.377643e-16
-5.620504e-16
-5.204170e-16
-3.816392e-16
-2.567391e-16
-1.526557e-16
-2.012279e-16
-1.561251e-16
-1.769418e-16
-1.040834e-17
6.591949e-17
1.040834e-16
1.179612e-16
1.318390e-16
3.122502e-17
-7.632783e-17
-1.908196e-16
-1.942890e-16
-2.844947e-16
-3.747003e-16
-4.857226e-16
-5.516421e-16
-5.308254e-16
-5.447032e-16
-5.412337e-16
-5.828671e-16
-6.557255e-16
-6.973588e-16
-8.153200e-16
-9.679757e-16
-9.783840e-16
-1.099815e-15
-1.252470e-15
-1.412065e-15
-1.536965e-15
-1.599415e-15
-1.647987e-15
-1.693090e-15
-1.752071e-15
-1.845746e-15
-1.935951e-15
-1.977585e-15
-1.991463e-15
-2.074729e-15
-2.105954e-15
-2.161465e-15
-2.227385e-15
-2.279427e-15
-2.324529e-15
-2.445960e-15
-2.498002e-15
-2.518818e-15
-2.567391e-15
-2.626371e-15
-2.622902e-15
-2.629841e-15
-2.602085e-15
-2.619432e-15
-2.720046e-15
-2.664535e-15
-2.674944e-15
-2.685352e-15
-2.674944e-15
-2.546574e-15
-2.414735e-15
-2.269018e-15
-2.157996e-15
-1.967176e-15
-1.963707e-15
-1.981054e-15
-1.994932e-15
-1.974115e-15
-1.915135e-15
-1.929013e-15
-2.001871e-15
-2.112893e-15
-2.033096e-15
-2.022688e-15
-1.918604e-15
-1.831868e-15
-1.811051e-15
-1.786765e-15
-1.776357e-15
-1.686151e-15
-1.543904e-15
-1.530026e-15
-1.425943e-15
-1.353084e-15
-1.127570e-15
-9.922618e-16
-8.361367e-16
-6.869505e-16
-5.759282e-16
-4.267420e-16
-4.128642e-16
-3.747003e-16
-3.365364e-16
-2.775558e-16
-2.185752e-16
-1.873501e-16
-1.977585e-16
-1.561251e-16
-4.857226e-17
-5.898060e-17
-1.595946e-16
-1.110223e-16
-8.673617e-17
-7.979728e-17
-3.816392e-17
-8.673617e-17
-1.595946e-16
-2.324529e-16
-2.983724e-16
-2.879641e-16
-3.573530e-16
-5.204170e-16
-6.834810e-16
-7.875645e-16
-8.534840e-16
-1.020017e-15
-1.214306e-15
-1.408595e-15
-1.561251e-15
-1.807582e-15
-2.060851e-15
-2.334938e-15
-2.612494e-15
-2.636780e-15
-2.765149e-15
-2.896988e-15
-3.094747e-15
-3.316791e-15
-3.441691e-15
-3.587408e-15
-3.844147e-15
-3.982925e-15
-4.052314e-15
-4.180684e-15
-4.291706e-15
-4.274359e-15
-4.288236e-15
-4.142520e-15
-3.969047e-15
-3.851086e-15
-3.691492e-15
-3.372302e-15
-3.105155e-15
-2.844947e-15
-2.615963e-15
-2.418205e-15
-2.185752e-15
-2.029626e-15
-1.880440e-15
-1.682682e-15
-1.370432e-15
-1.134509e-15
-9.540979e-16
-7.806256e-16
-6.418477e-16
-5.689893e-16
-5.169476e-16
-4.614364e-16
-3.989864e-16
-3.400058e-16
-1.769418e-16
-5.204170e-17
-5.551115e-17
-1.179612e-16
-1.283695e-16
-1.422473e-16
-7.632783e-17
-2.775558e-17
4.510281e-17
-3.816392e-17
-4.857226e-17
-1.387779e-16
-1.075529e-16
-1.491862e-16
-2.983724e-16
-3.712308e-16
-4.579670e-16
-5.100087e-16
-5.620504e-16
-5.793976e-16
-5.655199e-16
-5.030698e-16
-5.793976e-16
-6.140921e-16
-6.245005e-16
-7.285839e-16
-8.014422e-16
-9.610368e-16
-1.065120e-15
-1.110223e-15
-1.193490e-15
-1.318390e-15
-1.464107e-15
-1.530026e-15
-1.582068e-15
-1.599415e-15
-1.706968e-15
-1.831868e-15
-1.915135e-15
-1.967176e-15
-2.109424e-15
-2.199629e-15
-2.314121e-15
-2.321060e-15
-2.411266e-15
-2.466777e-15
-2.452899e-15
-2.494532e-15
-2.560452e-15
-2.581269e-15
-2.567391e-15
-2.480655e-15
-2.532696e-15
-2.626371e-15
-2.668005e-15
-2.602085e-15
-2.584738e-15
-2.629841e-15
-2.615963e-15
-2.498002e-15
-2.393918e-15
-2.213507e-15
-2.033096e-15
-1.935951e-15
-1.876971e-15
-1.856154e-15
-1.897787e-15
-1.856154e-15
-1.824929e-15
-1.887379e-15
-1.915135e-15
-1.998401e-15
-2.040035e-15
-2.099015e-15
-2.071260e-15
-2.015749e-15
-1.866562e-15
-1.814521e-15
-1.769418e-15
-1.616762e-15
-1.339207e-15
-1.255940e-15
-1.196959e-15
-1.134509e-15
-9.714451e-16
-8.743006e-16
-7.632783e-16
-5.967449e-16
-4.232725e-16
-3.365364e-16
-3.365364e-16
-3.261280e-16
-3.226586e-16
-3.122502e-16
-1.700029e-16
-1.075529e-16
-1.006140e-16
-7.285839e-17
-3.816392e-17
-4.510281e-17
-1.179612e-16
-1.873501e-16
-1.457168e-16
-2.046974e-16
-3.330669e-16
-3.712308e-16
-3.955170e-16
-4.891920e-16
-5.759282e-16
-6.418477e-16
-6.383782e-16
-7.008283e-16
-8.014422e-16
-9.436896e-16
-9.992007e-16
-1.089406e-15
-1.165734e-15
-1.398187e-15
-1.536965e-15
-1.838807e-15
-2.026157e-15
-2.175343e-15
-2.366163e-15
-2.532696e-15
-2.709638e-15
-2.879641e-15
-3.060052e-15
-3.250872e-15
-3.424344e-15
-3.590878e-15
-3.726186e-15
-3.753942e-15
-3.941292e-15
-4.163336e-15
-4.288236e-15
-4.329870e-15
-4.281298e-15
-4.156397e-15
-3.906597e-15
-3.771289e-15
-3.622103e-15
-3.420875e-15
-3.205769e-15
-2.973316e-15
-2.713108e-15
-2.484124e-15
-2.265549e-15
-2.050443e-15
-1.915135e-15
-1.661865e-15
-1.481454e-15
-1.297573e-15
-1.037365e-15
-9.020562e-16
-7.806256e-16
-6.418477e-16
-5.967449e-16
-5.308254e-16
-4.926615e-16
-4.267420e-16
-3.295975e-16
-2.046974e-16
-1.595946e-16
-1.457168e-16
-1.040834e-16
-6.938894e-17
-8.673617e-17
-1.734723e-17
-1.387779e-17
-8.673617e-17
-2.081668e-16
-2.255141e-16
-2.185752e-16
-2.914335e-16
-4.128642e-16
-4.406198e-16
-5.100087e-16
-5.342948e-16
-4.857226e-16
-4.926615e-16
-4.510281e-16
-4.198031e-16
-4.128642e-16
-5.065393e-16
-5.204170e-16
-5.967449e-16
-7.771561e-16
-8.847090e-16
-8.569534e-16
-9.124645e-16
-9.575674e-16
-1.176143e-15
-1.363493e-15
-1.446759e-15
-1.519618e-15
-1.578598e-15
-1.616762e-15
-1.661865e-15
-1.724315e-15
-1.856154e-15
-1.987993e-15
-2.064321e-15
-2.157996e-15
-2.171874e-15
-2.282896e-15
-2.380041e-15
-2.421674e-15
-2.449430e-15
-2.501471e-15
-2.525757e-15
-2.484124e-15
-2.515349e-15
-2.567391e-15
-2.563921e-15
-2.602085e-15
-2.546574e-15
-2.574330e-15
-2.636780e-15
-2.563921e-15
-2.550044e-15
-2.494532e-15
-2.314121e-15
-2.105954e-15
-1.911665e-15
-1.831868e-15
-1.755540e-15
-1.752071e-15
-1.776357e-15
-1.752071e-15
-1.779826e-15
-1.842276e-15
-1.929013e-15
-1.991463e-15
-2.012279e-15
-1.981054e-15
-1.963707e-15
-1.876971e-15
-1.807582e-15
-1.724315e-15
-1.595946e-15
-1.346145e-15
-1.117162e-15
-1.092876e-15
-1.061651e-15
-9.749146e-16
-9.055257e-16
-6.834810e-16
-5.204170e-16
-3.295975e-16
-3.122502e-16
-3.608225e-16
-2.949030e-16
-2.602085e-16
-3.365364e-16
-2.914335e-16
-1.734723e-16
-6.591949e-17
-2.081668e-17
8.673617e-17
1.422473e-16
1.144917e-16
2.081668e-17
-4.510281e-17
-9.020562e-17
-2.567391e-16
-3.573530e-16
-4.440892e-16
-4.718448e-16
-5.551115e-16
-5.030698e-16
-5.551115e-16
-6.661338e-16
-7.459311e-16
-8.916479e-16
-1.075529e-15
-1.131040e-15
-1.290634e-15
-1.477984e-15
-1.665335e-15
-1.929013e-15
-2.071260e-15
-2.216977e-15
-2.435552e-15
-2.643719e-15
-2.754741e-15
-2.962908e-15
-3.122502e-15
-3.400058e-15
-3.570061e-15
-3.670675e-15
-3.840678e-15
-3.958639e-15
-4.083539e-15
-4.184153e-15
-4.253542e-15
-4.305584e-15
-4.243134e-15
-4.132111e-15
-3.982925e-15
-3.785167e-15
-3.663736e-15
-3.521489e-15
-3.313322e-15
-3.098216e-15
-2.827599e-15
-2.598616e-15
-2.393918e-15
-2.220446e-15
-1.977585e-15
-1.720846e-15
-1.571659e-15
-1.464107e-15
-1.269818e-15
-1.058181e-15
-9.020562e-16
-7.875645e-16
-7.008283e-16
-6.210310e-16
-5.238865e-16
-4.891920e-16
-4.163336e-16
-3.157197e-16
-2.914335e-16
-2.081668e-16
-1.353084e-16
-7.285839e-17
-1.249001e-16
-1.040834e-16
-1.908196e-16
-2.602085e-16
-2.671474e-16
-2.046974e-16
-2.498002e-16
-3.018419e-16
-3.712308e-16
-4.475587e-16
-4.787837e-16
-4.198031e-16
-4.371503e-16
-4.336809e-16
-3.989864e-16
-4.371503e-16
-4.336809e-16
-5.238865e-16
-5.932754e-16
-6.487866e-16
-7.042977e-16
-6.765422e-16
-7.736867e-16
-8.257284e-16
-9.645063e-16
-1.106754e-15
-1.290634e-15
-1.405126e-15
-1.460637e-15
-1.589007e-15
-1.543904e-15
-1.540434e-15
-1.602884e-15
-1.713907e-15
-1.845746e-15
-1.929013e-15
-2.154527e-15
-2.248202e-15
-2.310652e-15
-2.393918e-15
-2.439021e-15
-2.407796e-15
-2.449430e-15
-2.432082e-15
-2.466777e-15
-2.504941e-15
-2.515349e-15
-2.536166e-15
-2.529227e-15
-2.612494e-15
-2.629841e-15
-2.626371e-15
-2.567391e-15
-2.511880e-15
-2.445960e-15
-2.348816e-15
-2.265549e-15
-2.133710e-15
-1.890849e-15
-1.835337e-15
-1.800643e-15
-1.817990e-15
-1.779826e-15
-1.790235e-15
-1.845746e-15
-1.873501e-15
-1.863093e-15
-1.904726e-15
-1.911665e-15
-1.883910e-15
-1.876971e-15
-1.720846e-15
-1.589007e-15
-1.481454e-15
-1.325329e-15
-1.092876e-15
-9.506285e-16
-9.749146e-16
-9.506285e-16
-8.951173e-16
-7.840950e-16
-5.447032e-16
-3.538836e-16
-2.740863e-16
-2.324529e-16
-1.873501e-16
-1.561251e-16
-2.081668e-16
-1.700029e-16
-6.245005e-17
-9.020562e-17
-8.326673e-17
-2.428613e-17
-9.020562e-17
-1.353084e-16
-1.006140e-16
-1.630640e-16
-1.942890e-16
-2.949030e-16
-3.677614e-16
-5.689893e-16
-6.626644e-16
-7.251144e-16
-8.222589e-16
-9.645063e-16
-1.061651e-15
-1.092876e-15
-1.144917e-15
-1.290634e-15
-1.335737e-15
-1.509209e-15
-1.561251e-15
-1.724315e-15
-1.991463e-15
-2.182282e-15
-2.300243e-15
-2.445960e-15
-2.643719e-15
-2.803313e-15
-3.001072e-15
-3.226586e-15
-3.327200e-15
-3.518019e-15
-3.708839e-15
-3.774758e-15
-3.903128e-15
-4.034967e-15
-4.142520e-15
-4.128642e-15
-4.222317e-15
-4.149459e-15
-4.003742e-15
-3.920475e-15
-3.774758e-15
-3.583939e-15
-3.403527e-15
-3.247402e-15
-3.157197e-15
-2.962908e-15
-2.702699e-15
-2.491063e-15
-2.251671e-15
-2.001871e-15
-1.790235e-15
-1.689621e-15
-1.578598e-15
-1.425943e-15
-1.276756e-15
-1.082467e-15
-9.957313e-16
-8.014422e-16
-7.077672e-16
-6.591949e-16
-5.447032e-16
-3.920475e-16
-3.955170e-16
-2.914335e-16
-2.081668e-16
-1.006140e-16
-9.020562e-17
-9.020562e-17
-1.526557e-16
-2.636780e-16
-2.706169e-16
-2.706169e-16
-1.561251e-16
-1.769418e-16
-2.844947e-16
-3.191891e-16
-3.885781e-16
-4.753142e-16
-4.822531e-16
-4.163336e-16
-3.816392e-16
-3.226586e-16
-3.434752e-16
-4.128642e-16
-4.198031e-16
-5.204170e-16
-5.759282e-16
-5.967449e-16
-5.655199e-16
-6.071532e-16
-7.736867e-16
-1.016548e-15
-1.103284e-15
-1.158795e-15
-1.325329e-15
-1.436351e-15
-1.477984e-15
-1.464107e-15
-1.432882e-15
-1.526557e-15
-1.627171e-15
-1.724315e-15
-1.866562e-15
-1.946360e-15
-2.067790e-15
-2.175343e-15
-2.296774e-15
-2.380041e-15
-2.373102e-15
-2.390449e-15
-2.470246e-15
-2.484124e-15
-2.491063e-15
-2.518818e-15
-2.581269e-15
-2.609024e-15
-2.546574e-15
-2.518818e-15
-2.470246e-15
-2.459838e-15
-2.362693e-15
-2.275957e-15
-2.241263e-15
-2.178813e-15
-2.060851e-15
-1.908196e-15
-1.800643e-15
-1.772887e-15
-1.779826e-15
-1.786765e-15
-1.786765e-15
-1.852685e-15
-1.814521e-15
-1.762479e-15
-1.755540e-15
-1.790235e-15
-1.759010e-15
-1.748601e-15
-1.668804e-15
-1.543904e-15
-1.360023e-15
-1.325329e-15
-1.183081e-15
-9.749146e-16
-1.013079e-15
-9.957313e-16
-9.298118e-16
-8.708312e-16
-7.077672e-16
-5.724587e-16
-4.891920e-16
-3.642919e-16
-2.879641e-16
-2.810252e-16
-1.977585e-16
-2.185752e-16
-1.838807e-16
-8.326673e-17
2.081668e-17
-1.040834e-17
-1.700029e-16
-1.873501e-16
-2.151057e-16
-1.283695e-16
-2.498002e-16
-3.747003e-16
-4.579670e-16
-5.169476e-16
-5.481726e-16
-6.210310e-16
-7.216450e-16
-8.049117e-16
-8.985868e-16
-9.540979e-16
-1.099815e-15
-1.252470e-15
-1.419004e-15
-1.561251e-15
-1.713907e-15
-1.883910e-15
-2.081668e-15
-2.282896e-15
-2.470246e-15
-2.498002e-15
-2.619432e-15
-2.848416e-15
-3.091277e-15
-3.344547e-15
-3.518019e-15
-3.708839e-15
-3.851086e-15
-4.010681e-15
-4.097417e-15
-4.184153e-15
-4.145989e-15
-4.135581e-15
-4.055783e-15
-4.059253e-15
-4.080070e-15
-4.014150e-15
-3.944761e-15
-3.854556e-15
-3.618633e-15
-3.479855e-15
-3.282097e-15
-3.125972e-15
-2.903927e-15
-2.640249e-15
-2.352285e-15
-2.130240e-15
-1.974115e-15
-1.842276e-15
-1.665335e-15
-1.547373e-15
-1.373901e-15
-1.155326e-15
-8.777701e-16
-7.945034e-16
-7.598089e-16
-5.689893e-16
-5.134781e-16
-4.891920e-16
-4.996004e-16
-4.163336e-16
-3.400058e-16
-2.220446e-16
-2.255141e-16
-1.838807e-16
-1.700029e-16
-2.498002e-16
-3.157197e-16
-2.983724e-16
-3.261280e-16
-2.706169e-16
-2.151057e-16
-2.706169e-16
-3.122502e-16
-3.642919e-16
-3.816392e-16
-3.885781e-16
-4.302114e-16
-4.614364e-16
-4.371503e-16
-4.718448e-16
-4.614364e-16
-6.696033e-16
-7.147061e-16
-6.591949e-16
-5.273559e-16
-4.926615e-16
-7.632783e-16
-9.610368e-16
-1.061651e-15
-1.134509e-15
-1.266348e-15
-1.363493e-15
-1.408595e-15
-1.471046e-15
-1.495332e-15
-1.550843e-15
-1.620232e-15
-1.675743e-15
-1.710437e-15
-1.821460e-15
-1.956768e-15
-2.060851e-15
-2.119832e-15
-2.109424e-15
-2.130240e-15
-2.192690e-15
-2.251671e-15
-2.355754e-15
-2.366163e-15
-2.456368e-15
-2.484124e-15
-2.560452e-15
-2.407796e-15
-2.386980e-15
-2.355754e-15
-2.383510e-15
-2.275957e-15
-2.220446e-15
-2.216977e-15
-2.126771e-15
-2.046974e-15
-1.987993e-15
-1.887379e-15
-1.741662e-15
-1.679212e-15
-1.752071e-15
-1.824929e-15
-1.696560e-15
-1.616762e-15
-1.634110e-15
-1.578598e-15
-1.554312e-15
-1.585537e-15
-1.523087e-15
-1.502271e-15
-1.439820e-15
-1.290634e-15
-1.141448e-15
-1.051242e-15
-8.777701e-16
-8.847090e-16
-9.124645e-16
-8.083811e-16
-6.869505e-16
-6.071532e-16
-5.412337e-16
-4.093947e-16
-4.093947e-16
-4.128642e-16
-4.093947e-16
-3.087808e-16
-2.151057e-16
-1.318390e-16
-1.144917e-16
-1.526557e-16
-2.498002e-16
-2.740863e-16
-2.844947e-16
-3.885781e-16
-3.989864e-16
-4.822531e-16
-5.204170e-16
-5.898060e-16
-6.765422e-16
-7.459311e-16
-8.673617e-16
-9.749146e-16
-1.082467e-15
-1.131040e-15
-1.262879e-15
-1.311451e-15
-1.398187e-15
-1.550843e-15
-1.689621e-15
-1.873501e-15
-2.019218e-15
-2.116363e-15
-2.303713e-15
-2.452899e-15
-2.661066e-15
-2.879641e-15
-3.087808e-15
-3.171075e-15
-3.327200e-15
-3.445161e-15
-3.653328e-15
-3.792106e-15
-3.927414e-15
-4.045375e-15
-4.073131e-15
-4.069661e-15
-4.052314e-15
-4.093947e-15
-4.100886e-15
-4.010681e-15
-3.937822e-15
-3.913536e-15
-3.830269e-15
-3.646389e-15
-3.486794e-15
-3.240463e-15
-3.042705e-15
-2.879641e-15
-2.713108e-15
-2.432082e-15
-2.296774e-15
-2.081668e-15
-1.922074e-15
-1.713907e-15
-1.533496e-15
-1.384309e-15
-1.266348e-15
-1.144917e-15
-9.853229e-16
-8.326673e-16
-6.626644e-16
-5.759282e-16
-5.447032e-16
-5.065393e-16
-4.996004e-16
-3.816392e-16
-2.706169e-16
-1.353084e-16
-1.804112e-16
-1.734723e-16
-2.463307e-16
-2.706169e-16
-2.532696e-16
-2.532696e-16
-2.151057e-16
-1.908196e-16
-2.636780e-16
-2.914335e-16
-3.087808e-16
-3.851086e-16
-4.787837e-16
-5.412337e-16
-5.585810e-16
-5.308254e-16
-5.030698e-16
-5.551115e-16
-6.696033e-16
-7.112366e-16
-6.800116e-16
-6.626644e-16
-5.828671e-16
-6.487866e-16
-7.736867e-16
-9.402201e-16
-1.051242e-15
-1.214306e-15
-1.335737e-15
-1.353084e-15
-1.391248e-15
-1.481454e-15
-1.550843e-15
-1.575129e-15
-1.672273e-15
-1.765948e-15
-1.849215e-15
-1.870032e-15
-1.897787e-15
-1.956768e-15
-1.998401e-15
-2.060851e-15
-2.033096e-15
-2.053913e-15
-2.137179e-15
-2.234324e-15
-2.275957e-15
-2.307182e-15
-2.341877e-15
-2.279427e-15
-2.282896e-15
-2.220446e-15
-2.164935e-15
-2.074729e-15
-1.994932e-15
-2.029626e-15
-2.057382e-15
-2.081668e-15
-1.987993e-15
-1.876971e-15
-1.772887e-15
-1.696560e-15
-1.675743e-15
-1.679212e-15
-1.654926e-15
-1.599415e-15
-1.620232e-15
-1.526557e-15
-1.471046e-15
-1.436351e-15
-1.422473e-15
-1.366962e-15
-1.276756e-15
-1.176143e-15
-1.124101e-15
-1.030426e-15
-9.506285e-16
-9.575674e-16
-9.436896e-16
-8.049117e-16
-6.904199e-16
-5.516421e-16
-5.273559e-16
-4.475587e-16
-5.030698e-16
-5.655199e-16
-5.898060e-16
-4.059253e-16
-2.671474e-16
-1.804112e-16
-1.144917e-16
-1.144917e-16
-1.769418e-16
-1.838807e-16
-3.053113e-16
-2.740863e-16
-5.030698e-16
-6.175616e-16
-6.314393e-16
-6.557255e-16
-7.632783e-16
-8.500145e-16
-8.708312e-16
-9.783840e-16
-9.783840e-16
-1.113692e-15
-1.290634e-15
-1.401657e-15
-1.457168e-15
-1.554312e-15
-1.717376e-15
-1.935951e-15
-2.151057e-15
-2.255141e-15
-2.508410e-15
-2.588207e-15
-2.817191e-15
-3.073930e-15
-3.264750e-15
-3.403527e-15
-3.618633e-15
-3.701900e-15
-3.819861e-15
-3.913536e-15
-4.031497e-15
-4.107825e-15
-4.159867e-15
-4.232725e-15
-4.236195e-15
-4.246603e-15
-4.187622e-15
-4.114764e-15
-4.118234e-15
-3.996803e-15
-3.854556e-15
-3.729655e-15
-3.573530e-15
-3.379241e-15
-3.209238e-15
-2.997602e-15
-2.827599e-15
-2.570860e-15
-2.404327e-15
-2.248202e-15
-2.005340e-15
-1.807582e-15
-1.589007e-15
-1.290634e-15
-1.155326e-15
-1.013079e-15
-9.471590e-16
-8.881784e-16
-8.430756e-16
-8.187895e-16
-7.389922e-16
-7.320533e-16
-7.389922e-16
-5.724587e-16
-4.961309e-16
-4.440892e-16
-3.261280e-16
-2.775558e-16
-2.706169e-16
-2.116363e-16
-2.359224e-16
-2.428613e-16
-1.804112e-16
-1.630640e-16
-2.289835e-16
-2.428613e-16
-2.289835e-16
-3.261280e-16
-4.614364e-16
-5.308254e-16
-5.308254e-16
-4.891920e-16
-4.787837e-16
-5.204170e-16
-6.591949e-16
-7.910339e-16
-8.396062e-16
-7.806256e-16
-6.904199e-16
-6.730727e-16
-7.563394e-16
-8.638923e-16
-9.506285e-16
-1.144917e-15
-1.245531e-15
-1.342676e-15
-1.370432e-15
-1.443290e-15
-1.616762e-15
-1.717376e-15
-1.738193e-15
-1.734723e-15
-1.762479e-15
-1.835337e-15
-1.863093e-15
-1.863093e-15
-1.870032e-15
-1.960238e-15
-2.012279e-15
-2.071260e-15
-2.074729e-15
-2.171874e-15
-2.206568e-15
-2.210038e-15
-2.206568e-15
-2.119832e-15
-2.140649e-15
-2.130240e-15
-2.078199e-15
-2.064321e-15
-2.005340e-15
-1.970646e-15
-1.987993e-15
-2.081668e-15
-2.036565e-15
-1.880440e-15
-1.762479e-15
-1.717376e-15
-1.592476e-15
-1.585537e-15
-1.571659e-15
-1.477984e-15
-1.380840e-15
-1.387779e-15
-1.391248e-15
-1.301043e-15
-1.335737e-15
-1.238593e-15
-1.148387e-15
-1.078998e-15
-1.016548e-15
-9.471590e-16
-9.159340e-16
-9.263423e-16
-9.124645e-16
-8.118506e-16
-6.591949e-16
-4.891920e-16
-4.093947e-16
-4.649059e-16
-5.377643e-16
-5.308254e-16
-5.481726e-16
-5.100087e-16
-4.024558e-16
-4.093947e-16
-3.434752e-16
-3.365364e-16
-3.365364e-16
-4.440892e-16
-4.961309e-16
-5.030698e-16
-5.377643e-16
-6.071532e-16
-7.181755e-16
-7.355228e-16
-7.979728e-16
-9.159340e-16
-1.144917e-15
-1.231654e-15
-1.391248e-15
-1.533496e-15
-1.509209e-15
-1.536965e-15
-1.620232e-15
-1.713907e-15
-1.821460e-15
-1.932482e-15
-2.064321e-15
-2.300243e-15
-2.466777e-15
-2.619432e-15
-2.883110e-15
-3.042705e-15
-3.250872e-15
-3.445161e-15
-3.566591e-15
-3.670675e-15
-3.743533e-15
-3.847617e-15
-3.868433e-15
-3.899658e-15
-3.996803e-15
-4.083539e-15
-4.100886e-15
-4.125172e-15
-4.076600e-15
-3.979456e-15
-3.934353e-15
-3.837208e-15
-3.701900e-15
-3.507611e-15
-3.459039e-15
-3.247402e-15
-3.056583e-15
-2.779027e-15
-2.605555e-15
-2.511880e-15
-2.418205e-15
-2.310652e-15
-2.040035e-15
-1.831868e-15
-1.637579e-15
-1.439820e-15
-1.342676e-15
-1.280226e-15
-1.183081e-15
-1.030426e-15
-9.506285e-16
-8.673617e-16
-8.187895e-16
-7.806256e-16
-7.216450e-16
-6.904199e-16
-6.106227e-16
-6.071532e-16
-5.065393e-16
-3.677614e-16
-3.365364e-16
-2.463307e-16
-1.491862e-16
-1.318390e-16
-2.151057e-16
-2.393918e-16
-2.012279e-16
-2.185752e-16
-2.185752e-16
-2.359224e-16
-3.365364e-16
-4.718448e-16
-4.336809e-16
-3.504141e-16
-3.955170e-16
-5.030698e-16
-6.591949e-16
-7.875645e-16
-8.881784e-16
-8.951173e-16
-8.708312e-16
-7.979728e-16
-8.569534e-16
-8.881784e-16
-1.013079e-15
-1.061651e-15
-1.137979e-15
-1.151856e-15
-1.183081e-15
-1.290634e-15
-1.356554e-15
-1.477984e-15
-1.568190e-15
-1.595946e-15
-1.637579e-15
-1.724315e-15
-1.762479e-15
-1.894318e-15
-1.967176e-15
-2.001871e-15
-2.012279e-15
-2.019218e-15
-2.105954e-15
-2.112893e-15
-2.171874e-15
-2.171874e-15
-2.154527e-15
-2.119832e-15
-2.112893e-15
-2.130240e-15
-2.109424e-15
-2.046974e-15
-1.987993e-15
-1.939421e-15
-1.977585e-15
-1.929013e-15
-1.880440e-15
-1.734723e-15
-1.752071e-15
-1.689621e-15
-1.568190e-15
-1.488393e-15
-1.380840e-15
-1.290634e-15
-1.287165e-15
-1.266348e-15
-1.283695e-15
-1.276756e-15
-1.207368e-15
-1.148387e-15
-1.137979e-15
-1.106754e-15
-1.092876e-15
-1.054712e-15
-1.082467e-15
-1.058181e-15
-9.506285e-16
-8.222589e-16
-6.591949e-16
-4.961309e-16
-4.440892e-16
-5.100087e-16
-5.759282e-16
-5.308254e-16
-4.267420e-16
-4.579670e-16
-4.024558e-16
-3.781697e-16
-3.261280e-16
-3.573530e-16
-4.059253e-16
-4.475587e-16
-5.030698e-16
-5.065393e-16
-5.655199e-16
-5.759282e-16
-7.216450e-16
-8.534840e-16
-9.645063e-16
-1.051242e-15
-1.221245e-15
-1.266348e-15
-1.332268e-15
-1.408595e-15
-1.491862e-15
-1.609823e-15
-1.748601e-15
-1.883910e-15
-2.019218e-15
-2.192690e-15
-2.348816e-15
-2.473716e-15
-2.609024e-15
-2.796374e-15
-2.942091e-15
-3.108624e-15
-3.327200e-15
-3.497203e-15
-3.618633e-15
-3.701900e-15
-3.788636e-15
-3.840678e-15
-3.858025e-15
-3.972517e-15
-4.107825e-15
-4.142520e-15
-4.284767e-15
-4.246603e-15
-4.184153e-15
-4.007211e-15
-3.868433e-15
-3.698430e-15
-3.566591e-15
-3.497203e-15
-3.313322e-15
-3.205769e-15
-3.084338e-15
-2.869233e-15
-2.695760e-15
-2.591677e-15
-2.477185e-15
-2.359224e-15
-2.178813e-15
-1.987993e-15
-1.748601e-15
-1.644518e-15
-1.533496e-15
-1.297573e-15
-1.144917e-15
-1.051242e-15
-1.075529e-15
-1.002670e-15
-9.853229e-16
-1.023487e-15
-9.645063e-16
-8.569534e-16
-7.528700e-16
-6.696033e-16
-6.175616e-16
-5.551115e-16
-3.608225e-16
-2.428613e-16
-2.012279e-16
-2.012279e-16
-1.283695e-16
-6.591949e-17
-9.020562e-17
-1.353084e-16
-1.769418e-16
-2.532696e-16
-3.053113e-16
-4.093947e-16
-3.573530e-16
-3.434752e-16
-3.920475e-16
-5.204170e-16
-6.591949e-16
-8.951173e-16
-1.040834e-15
-1.096345e-15
-1.044304e-15
-1.026956e-15
-1.016548e-15
-1.016548e-15
-1.044304e-15
-9.957313e-16
-9.783840e-16
-1.037365e-15
-1.096345e-15
-1.245531e-15
-1.342676e-15
-1.474515e-15
-1.495332e-15
-1.460637e-15
-1.557782e-15
-1.602884e-15
-1.700029e-15
-1.817990e-15
-1.890849e-15
-1.991463e-15
-2.071260e-15
-2.130240e-15
-2.161465e-15
-2.088607e-15
-2.099015e-15
-2.123302e-15
-2.109424e-15
-2.012279e-15
-2.043504e-15
-2.102485e-15
-2.164935e-15
-2.119832e-15
-2.064321e-15
-1.984524e-15
-1.981054e-15
-1.897787e-15
-1.817990e-15
-1.776357e-15
-1.658396e-15
-1.519618e-15
-1.419004e-15
-1.276756e-15
-1.186551e-15
-1.176143e-15
-1.203898e-15
-1.269818e-15
-1.190020e-15
-1.176143e-15
-1.217776e-15
-1.242062e-15
-1.155326e-15
-1.127570e-15
-1.078998e-15
-1.051242e-15
-1.075529e-15
-1.033895e-15
-9.332812e-16
-8.534840e-16
-5.759282e-16
-4.024558e-16
-4.024558e-16
-4.961309e-16
-5.342948e-16
-5.100087e-16
-4.024558e-16
-5.273559e-16
-6.036838e-16
-6.279699e-16
-5.793976e-16
-6.349088e-16
-6.175616e-16
-6.626644e-16
-6.973588e-16
-8.083811e-16
-8.083811e-16
-8.534840e-16
-8.916479e-16
-9.853229e-16
-1.127570e-15
-1.235123e-15
-1.398187e-15
-1.474515e-15
-1.533496e-15
-1.599415e-15
-1.759010e-15
-1.863093e-15
-1.946360e-15
-2.001871e-15
-2.085138e-15
-2.251671e-15
-2.418205e-15
-2.473716e-15
-2.647188e-15
-2.855355e-15
-2.983724e-15
-3.136380e-15
-3.268219e-15
-3.452100e-15
-3.629042e-15
-3.653328e-15
-3.733125e-15
-3.812922e-15
-3.903128e-15
-3.975986e-15
-3.996803e-15
-4.080070e-15
-4.152928e-15
-4.125172e-15
-4.041906e-15
-4.034967e-15
-3.917006e-15
-3.733125e-15
-3.587408e-15
-3.441691e-15
-3.226586e-15
-3.146788e-15
-3.025358e-15
-2.921274e-15
-2.685352e-15
-2.508410e-15
-2.383510e-15
-2.234324e-15
-2.206568e-15
-2.029626e-15
-1.870032e-15
-1.821460e-15
-1.686151e-15
-1.564721e-15
-1.401657e-15
-1.325329e-15
-1.262879e-15
-1.269818e-15
-1.207368e-15
-1.124101e-15
-1.082467e-15
-9.957313e-16
-8.777701e-16
-6.834810e-16
-5.863365e-16
-5.585810e-16
-3.747003e-16
-3.365364e-16
-2.359224e-16
-1.526557e-16
-1.700029e-16
-1.977585e-16
-8.326673e-17
-8.326673e-17
-1.526557e-16
-1.700029e-16
-1.838807e-16
-3.330669e-16
-4.059253e-16
-3.642919e-16
-2.983724e-16
-3.989864e-16
-5.967449e-16
-8.638923e-16
-1.013079e-15
-1.144917e-15
-1.151856e-15
-1.054712e-15
-1.009609e-15
-1.037365e-15
-1.082467e-15
-1.009609e-15
-1.072059e-15
-1.106754e-15
-1.155326e-15
-1.148387e-15
-1.203898e-15
-1.287165e-15
-1.304512e-15
-1.276756e-15
-1.370432e-15
-1.467576e-15
-1.651457e-15
-1.769418e-15
-1.915135e-15
-2.015749e-15
-2.071260e-15
-2.081668e-15
-2.071260e-15
-2.033096e-15
-2.040035e-15
-2.001871e-15
-2.022688e-15
-1.977585e-15
-1.981054e-15
-2.019218e-15
-2.064321e-15
-2.029626e-15
-1.977585e-15
-1.901257e-15
-1.793704e-15
-1.772887e-15
-1.710437e-15
-1.693090e-15
-1.582068e-15
-1.432882e-15
-1.304512e-15
-1.186551e-15
-1.078998e-15
-1.085937e-15
-1.124101e-15
-1.117162e-15
-1.117162e-15
-1.158795e-15
-1.148387e-15
-1.190020e-15
-1.193490e-15
-1.186551e-15
-1.200429e-15
-1.196959e-15
-1.155326e-15
-1.103284e-15
-1.016548e-15
-7.840950e-16
-5.100087e-16
-3.781697e-16
-3.573530e-16
-4.857226e-16
-5.377643e-16
-5.238865e-16
-5.169476e-16
-4.579670e-16
-4.544976e-16
-4.996004e-16
-4.961309e-16
-5.030698e-16
-5.308254e-16
-6.349088e-16
-7.563394e-16
-8.222589e-16
-9.124645e-16
-1.068590e-15
-1.144917e-15
-1.217776e-15
-1.283695e-15
-1.477984e-15
-1.571659e-15
-1.613293e-15
-1.620232e-15
-1.620232e-15
-1.689621e-15
-1.811051e-15
-1.998401e-15
-2.151057e-15
-2.210038e-15
-2.404327e-15
-2.654127e-15
-2.751271e-15
-2.883110e-15
-2.931683e-15
-3.025358e-15
-3.212708e-15
-3.306383e-15
-3.469447e-15
-3.601286e-15
-3.625572e-15
-3.743533e-15
-3.847617e-15
-3.871903e-15
-3.972517e-15
-4.038436e-15
-4.135581e-15
-4.201500e-15
-4.215378e-15
-4.177214e-15
-4.097417e-15
-3.913536e-15
-3.757411e-15
-3.594347e-15
-3.497203e-15
-3.292505e-15
-3.171075e-15
-3.008011e-15
-2.876172e-15
-2.789435e-15
-2.643719e-15
-2.442491e-15
-2.248202e-15
-2.189221e-15
-2.088607e-15
-1.956768e-15
-1.845746e-15
-1.713907e-15
-1.665335e-15
-1.602884e-15
-1.526557e-15
-1.509209e-15
-1.439820e-15
-1.342676e-15
-1.245531e-15
-1.176143e-15
-1.089406e-15
-9.540979e-16
-8.430756e-16
-8.083811e-16
-7.285839e-16
-6.175616e-16
-5.342948e-16
-3.434752e-16
-1.353084e-16
-5.551115e-17
3.469447e-17
1.075529e-16
7.285839e-17
1.040834e-17
3.469447e-17
-4.163336e-17
-1.734723e-16
-3.053113e-16
-2.567391e-16
-2.081668e-16
-3.261280e-16
-5.516421e-16
-8.222589e-16
-1.099815e-15
-1.210837e-15
-1.214306e-15
-1.176143e-15
-1.124101e-15
-1.078998e-15
-1.061651e-15
-1.026956e-15
-1.037365e-15
-1.061651e-15
-1.127570e-15
-1.165734e-15
-1.228184e-15
-1.245531e-15
-1.269818e-15
-1.332268e-15
-1.349615e-15
-1.360023e-15
-1.519618e-15
-1.734723e-15
-1.842276e-15
-1.929013e-15
-1.942890e-15
-1.876971e-15
-1.935951e-15
-1.970646e-15
-2.036565e-15
-2.060851e-15
-2.005340e-15
-1.793704e-15
-1.786765e-15
-1.790235e-15
-1.793704e-15
-1.831868e-15
-1.842276e-15
-1.863093e-15
-1.772887e-15
-1.700029e-15
-1.623701e-15
-1.519618e-15
-1.543904e-15
-1.401657e-15
-1.307982e-15
-1.190020e-15
-1.162265e-15
-1.151856e-15
-1.127570e-15
-1.099815e-15
-1.013079e-15
-1.026956e-15
-1.137979e-15
-1.183081e-15
-1.200429e-15
-1.196959e-15
-1.179612e-15
-1.183081e-15
-1.186551e-15
-1.089406e-15
-1.006140e-15
-7.979728e-16
-6.522560e-16
-5.204170e-16
-5.585810e-16
-5.585810e-16
-5.065393e-16
-5.308254e-16
-5.793976e-16
-4.718448e-16
-4.891920e-16
-6.071532e-16
-7.285839e-16
-7.251144e-16
-7.494005e-16
-8.361367e-16
-9.575674e-16
-9.783840e-16
-1.037365e-15
-1.120631e-15
-1.242062e-15
-1.380840e-15
-1.505740e-15
-1.679212e-15
-1.745132e-15
-1.800643e-15
-1.779826e-15
-1.814521e-15
-1.935951e-15
-1.963707e-15
-2.008810e-15
-2.192690e-15
-2.334938e-15
-2.477185e-15
-2.598616e-15
-2.820660e-15
-2.855355e-15
-2.969847e-15
-3.202300e-15
-3.302913e-15
-3.396589e-15
-3.535366e-15
-3.642919e-15
-3.740064e-15
-3.823331e-15
-3.830269e-15
-3.826800e-15
-3.934353e-15
-4.017620e-15
-4.080070e-15
-4.021089e-15
-4.052314e-15
-4.045375e-15
-3.982925e-15
-3.889250e-15
-3.736594e-15
-3.507611e-15
-3.379241e-15
-3.323730e-15
-3.205769e-15
-3.046174e-15
-2.803313e-15
-2.591677e-15
-2.515349e-15
-2.359224e-15
-2.230854e-15
-2.019218e-15
-1.887379e-15
-1.824929e-15
-1.762479e-15
-1.793704e-15
-1.849215e-15
-1.807582e-15
-1.658396e-15
-1.543904e-15
-1.457168e-15
-1.432882e-15
-1.346145e-15
-1.131040e-15
-1.044304e-15
-1.009609e-15
-9.575674e-16
-8.881784e-16
-7.598089e-16
-6.036838e-16
-4.996004e-16
-3.400058e-16
-2.914335e-16
-1.214306e-16
-5.898060e-17
-5.551115e-17
-1.283695e-16
-1.144917e-16
-7.632783e-17
-1.318390e-16
-1.561251e-16
-2.116363e-16
-2.671474e-16
-2.324529e-16
-3.504141e-16
-5.134781e-16
-7.528700e-16
-9.714451e-16
-1.127570e-15
-1.127570e-15
-1.092876e-15
-1.061651e-15
-1.103284e-15
-1.051242e-15
-1.072059e-15
-1.072059e-15
-1.068590e-15
-1.131040e-15
-1.214306e-15
-1.190020e-15
-1.165734e-15
-1.255940e-15
-1.304512e-15
-1.394718e-15
-1.571659e-15
-1.679212e-15
-1.724315e-15
-1.762479e-15
-1.797174e-15
-1.713907e-15
-1.741662e-15
-1.817990e-15
-1.911665e-15
-1.890849e-15
-1.894318e-15
-1.831868e-15
-1.647987e-15
-1.661865e-15
-1.637579e-15
-1.571659e-15
-1.589007e-15
-1.616762e-15
-1.623701e-15
-1.661865e-15
-1.602884e-15
-1.582068e-15
-1.547373e-15
-1.523087e-15
-1.460637e-15
-1.366962e-15
-1.339207e-15
-1.311451e-15
-1.238593e-15
-1.148387e-15
-1.110223e-15
-1.068590e-15
-1.092876e-15
-1.110223e-15
-1.131040e-15
-1.144917e-15
-1.231654e-15
-1.203898e-15
-1.162265e-15
-1.172673e-15
-1.134509e-15
-1.020017e-15
-7.598089e-16
-7.008283e-16
-6.140921e-16
-5.898060e-16
-5.342948e-16
-5.412337e-16
-5.169476e-16
-4.857226e-16
-4.232725e-16
-5.724587e-16
-6.522560e-16
-8.361367e-16
-8.153200e-16
-8.396062e-16
-9.402201e-16
-9.922618e-16
-1.037365e-15
-1.200429e-15
-1.314920e-15
-1.446759e-15
-1.398187e-15
-1.488393e-15
-1.599415e-15
-1.654926e-15
-1.783296e-15
-1.915135e-15
-1.987993e-15
-2.102485e-15
-2.157996e-15
-2.262079e-15
-2.373102e-15
-2.560452e-15
-2.654127e-15
-2.761680e-15
-2.921274e-15
-3.073930e-15
-3.129441e-15
-3.212708e-15
-3.250872e-15
-3.379241e-15
-3.490264e-15
-3.601286e-15
-3.764350e-15
-3.906597e-15
-3.923945e-15
-4.028028e-15
-4.087009e-15
-4.125172e-15
-4.090478e-15
-4.083539e-15
-4.069661e-15
-3.993333e-15
-3.906597e-15
-3.788636e-15
-3.625572e-15
-3.434752e-15
-3.299444e-15
-3.250872e-15
-3.119033e-15
-2.914335e-15
-2.806783e-15
-2.733924e-15
-2.629841e-15
-2.425143e-15
-2.223915e-15
-2.060851e-15
-1.963707e-15
-1.922074e-15
-1.811051e-15
-1.835337e-15
-1.831868e-15
-1.849215e-15
-1.835337e-15
-1.675743e-15
-1.578598e-15
-1.495332e-15
-1.366962e-15
-1.221245e-15
-1.148387e-15
-1.016548e-15
-9.610368e-16
-9.610368e-16
-8.985868e-16
-9.194034e-16
-7.945034e-16
-6.071532e-16
-5.065393e-16
-3.920475e-16
-3.191891e-16
-2.671474e-16
-2.428613e-16
-1.491862e-16
-5.551115e-17
-1.006140e-16
-1.179612e-16
-1.665335e-16
-2.983724e-16
-3.573530e-16
-4.128642e-16
-6.453171e-16
-8.708312e-16
-9.783840e-16
-1.144917e-15
-1.176143e-15
-1.124101e-15
-1.009609e-15
-9.575674e-16
-9.575674e-16
-9.887924e-16
-1.103284e-15
-1.106754e-15
-1.127570e-15
-1.106754e-15
-1.117162e-15
-1.172673e-15
-1.269818e-15
-1.304512e-15
-1.425943e-15
-1.554312e-15
-1.585537e-15
-1.644518e-15
-1.693090e-15
-1.713907e-15
-1.679212e-15
-1.731254e-15
-1.793704e-15
-1.824929e-15
-1.738193e-15
-1.682682e-15
-1.682682e-15
-1.516148e-15
-1.484923e-15
-1.474515e-15
-1.450229e-15
-1.349615e-15
-1.377370e-15
-1.460637e-15
-1.512679e-15
-1.436351e-15
-1.439820e-15
-1.387779e-15
-1.332268e-15
-1.366962e-15
-1.321859e-15
-1.231654e-15
-1.217776e-15
-1.155326e-15
-1.082467e-15
-9.714451e-16
-9.783840e-16
-9.471590e-16
-9.506285e-16
-1.016548e-15
-1.096345e-15
-1.068590e-15
-1.106754e-15
-1.082467e-15
-1.068590e-15
-1.099815e-15
-9.298118e-16
-8.222589e-16
-7.459311e-16
-6.140921e-16
-5.620504e-16
-5.689893e-16
-5.724587e-16
-4.440892e-16
-3.677614e-16
-4.857226e-16
-7.147061e-16
-8.743006e-16
-8.985868e-16
-9.020562e-16
-9.540979e-16
-1.006140e-15
-1.137979e-15
-1.249001e-15
-1.328798e-15
-1.387779e-15
-1.460637e-15
-1.564721e-15
-1.654926e-15
-1.693090e-15
-1.831868e-15
-1.863093e-15
-2.033096e-15
-2.178813e-15
-2.338407e-15
-2.491063e-15
-2.598616e-15
-2.695760e-15
-2.723516e-15
-2.765149e-15
-2.838008e-15
-2.949030e-15
-3.094747e-15
-3.139849e-15
-3.236994e-15
-3.368833e-15
-3.379241e-15
-3.479855e-15
-3.688022e-15
-3.851086e-15
-3.899658e-15
-3.906597e-15
-3.958639e-15
-4.080070e-15
-4.087009e-15
-4.017620e-15
-4.000272e-15
-3.927414e-15
-3.823331e-15
-3.747003e-15
-3.629042e-15
-3.486794e-15
-3.382711e-15
-3.216177e-15
-3.073930e-15
-2.935152e-15
-2.831069e-15
-2.706169e-15
-2.654127e-15
-2.553513e-15
-2.435552e-15
-2.317591e-15
-2.275957e-15
-2.123302e-15
-1.991463e-15
-1.994932e-15
-1.949829e-15
-1.953299e-15
-1.887379e-15
-1.824929e-15
-1.752071e-15
-1.689621e-15
-1.540434e-15
-1.353084e-15
-1.242062e-15
-1.131040e-15
-1.065120e-15
-1.009609e-15
-9.332812e-16
-8.534840e-16
-7.840950e-16
-6.557255e-16
-6.418477e-16
-5.828671e-16
-5.620504e-16
-5.238865e-16
-5.828671e-16
-5.065393e-16
-3.781697e-16
-2.983724e-16
-2.046974e-16
-2.428613e-16
-3.747003e-16
-4.336809e-16
-4.406198e-16
-4.614364e-16
-6.834810e-16
-9.020562e-16
-9.922618e-16
-1.058181e-15
-1.085937e-15
-1.141448e-15
-1.085937e-15
-1.033895e-15
-1.047773e-15
-1.002670e-15
-1.033895e-15
-1.033895e-15
-1.124101e-15
-1.103284e-15
-1.120631e-15
-1.186551e-15
-1.304512e-15
-1.353084e-15
-1.436351e-15
-1.432882e-15
-1.471046e-15
-1.512679e-15
-1.602884e-15
-1.582068e-15
-1.651457e-15
-1.717376e-15
-1.755540e-15
-1.682682e-15
-1.616762e-15
-1.540434e-15
-1.540434e-15
-1.398187e-15
-1.342676e-15
-1.245531e-15
-1.172673e-15
-1.214306e-15
-1.231654e-15
-1.203898e-15
-1.249001e-15
-1.255940e-15
-1.242062e-15
-1.224715e-15
-1.158795e-15
-1.252470e-15
-1.207368e-15
-1.054712e-15
-9.228729e-16
-8.014422e-16
-7.112366e-16
-7.077672e-16
-7.494005e-16
-8.326673e-16
-9.055257e-16
-9.610368e-16
-1.030426e-15
-1.061651e-15
-1.047773e-15
-1.082467e-15
-1.047773e-15
-9.818535e-16
-8.708312e-16
-8.014422e-16
-7.736867e-16
-6.904199e-16
-5.689893e-16
-4.371503e-16
-3.851086e-16
-4.059253e-16
-4.649059e-16
-5.655199e-16
-7.147061e-16
-8.500145e-16
-7.598089e-16
-8.291978e-16
-9.540979e-16
-1.020017e-15
-1.134509e-15
-1.321859e-15
-1.412065e-15
-1.457168e-15
-1.464107e-15
-1.519618e-15
-1.509209e-15
-1.658396e-15
-1.703498e-15
-1.856154e-15
-2.053913e-15
-2.230854e-15
-2.425143e-15
-2.529227e-15
-2.678413e-15
-2.796374e-15
-2.962908e-15
-2.990663e-15
-3.046174e-15
-3.073930e-15
-3.240463e-15
-3.386180e-15
-3.507611e-15
-3.538836e-15
-3.615164e-15
-3.701900e-15
-3.802514e-15
-3.868433e-15
-3.962108e-15
-4.010681e-15
-4.021089e-15
-3.982925e-15
-3.944761e-15
-3.878842e-15
-3.858025e-15
-3.854556e-15
-3.837208e-15
-3.750472e-15
-3.694961e-15
-3.594347e-15
-3.504141e-15
-3.386180e-15
-3.178013e-15
-2.983724e-15
-2.900458e-15
-2.792905e-15
-2.633310e-15
-2.536166e-15
-2.518818e-15
-2.428613e-15
-2.369632e-15
-2.255141e-15
-2.112893e-15
-2.210038e-15
-2.137179e-15
-2.071260e-15
-2.022688e-15
-1.918604e-15
-1.821460e-15
-1.720846e-15
-1.616762e-15
-1.446759e-15
-1.294104e-15
-1.193490e-15
-1.196959e-15
-1.158795e-15
-1.155326e-15
-1.016548e-15
-9.228729e-16
-8.881784e-16
-8.743006e-16
-7.979728e-16
-7.632783e-16
-6.487866e-16
-6.210310e-16
-6.245005e-16
-5.134781e-16
-4.024558e-16
-3.885781e-16
-3.504141e-16
-3.330669e-16
-3.538836e-16
-5.412337e-16
-7.112366e-16
-8.465451e-16
-9.263423e-16
-1.061651e-15
-1.131040e-15
-1.158795e-15
-1.127570e-15
-1.127570e-15
-1.082467e-15
-1.051242e-15
-9.957313e-16
-9.887924e-16
-1.002670e-15
-1.023487e-15
-1.082467e-15
-1.089406e-15
-1.190020e-15
-1.252470e-15
-1.328798e-15
-1.335737e-15
-1.377370e-15
-1.439820e-15
-1.457168e-15
-1.498801e-15
-1.477984e-15
-1.512679e-15
-1.589007e-15
-1.675743e-15
-1.682682e-15
-1.589007e-15
-1.484923e-15
-1.481454e-15
-1.290634e-15
-1.134509e-15
-1.047773e-15
-9.089951e-16
-9.818535e-16
-9.402201e-16
-9.853229e-16
-1.037365e-15
-1.072059e-15
-9.922618e-16
-9.992007e-16
-9.957313e-16
-9.679757e-16
-9.818535e-16
-8.951173e-16
-7.771561e-16
-6.696033e-16
-6.383782e-16
-6.661338e-16
-7.008283e-16
-7.355228e-16
-8.014422e-16
-8.500145e-16
-9.263423e-16
-1.006140e-15
-1.002670e-15
-9.540979e-16
-9.575674e-16
-8.430756e-16
-8.014422e-16
-7.736867e-16
-7.424616e-16
-6.973588e-16
-6.245005e-16
-4.683753e-16
-4.302114e-16
-4.510281e-16
-5.793976e-16
-6.904199e-16
-7.389922e-16
-8.604228e-16
-8.847090e-16
-9.194034e-16
-9.575674e-16
-1.124101e-15
-1.297573e-15
-1.439820e-15
-1.502271e-15
-1.613293e-15
-1.661865e-15
-1.717376e-15
-1.769418e-15
-1.866562e-15
-1.981054e-15
-2.095546e-15
-2.213507e-15
-2.289835e-15
-2.407796e-15
-2.480655e-15
-2.622902e-15
-2.775558e-15
-2.942091e-15
-2.987194e-15
-3.073930e-15
-3.143319e-15
-3.184952e-15
-3.295975e-15
-3.462508e-15
-3.559653e-15
-3.615164e-15
-3.726186e-15
-3.781697e-15
-3.837208e-15
-3.878842e-15
-3.830269e-15
-3.774758e-15
-3.840678e-15
-3.830269e-15
-3.812922e-15
-3.778228e-15
-3.656797e-15
-3.639450e-15
-3.653328e-15
-3.663736e-15
-3.590878e-15
-3.483325e-15
-3.330669e-15
-3.136380e-15
-3.014949e-15
-2.893519e-15
-2.782496e-15
-2.605555e-15
-2.484124e-15
-2.452899e-15
-2.452899e-15
-2.366163e-15
-2.296774e-15
-2.210038e-15
-2.161465e-15
-2.130240e-15
-2.026157e-15
-1.838807e-15
-1.717376e-15
-1.693090e-15
-1.627171e-15
-1.464107e-15
-1.446759e-15
-1.457168e-15
-1.453698e-15
-1.346145e-15
-1.172673e-15
-1.127570e-15
-1.047773e-15
-9.887924e-16
-9.610368e-16
-1.030426e-15
-1.016548e-15
-9.749146e-16
-8.638923e-16
-8.049117e-16
-7.979728e-16
-7.320533e-16
-7.147061e-16
-5.932754e-16
-5.100087e-16
-3.538836e-16
-3.816392e-16
-5.273559e-16
-6.765422e-16
-7.910339e-16
-8.777701e-16
-9.436896e-16
-1.026956e-15
-1.179612e-15
-1.169204e-15
-1.165734e-15
-1.169204e-15
-1.047773e-15
-9.957313e-16
-9.575674e-16
-9.922618e-16
-1.016548e-15
-1.037365e-15
-1.078998e-15
-1.089406e-15
-1.190020e-15
-1.311451e-15
-1.356554e-15
-1.356554e-15
-1.370432e-15
-1.446759e-15
-1.432882e-15
-1.432882e-15
-1.401657e-15
-1.349615e-15
-1.391248e-15
-1.377370e-15
-1.373901e-15
-1.394718e-15
-1.394718e-15
-1.016548e-15
-8.985868e-16
-8.569534e-16
-8.708312e-16
-8.291978e-16
-8.396062e-16
-8.951173e-16
-9.194034e-16
-8.743006e-16
-8.638923e-16
-8.430756e-16
-8.257284e-16
-7.979728e-16
-7.598089e-16
-7.285839e-16
-6.730727e-16
-5.898060e-16
-6.279699e-16
-6.765422e-16
-6.626644e-16
-7.181755e-16
-8.569534e-16
-8.708312e-16
-8.430756e-16
-8.847090e-16
-9.332812e-16
-8.881784e-16
-8.361367e-16
-8.222589e-16
-7.736867e-16
-7.771561e-16
-6.696033e-16
-6.175616e-16
-5.238865e-16
-3.747003e-16
-3.989864e-16
-5.342948e-16
-6.696033e-16
-7.494005e-16
-7.251144e-16
-7.945034e-16
-9.159340e-16
-9.367507e-16
-1.065120e-15
-1.297573e-15
-1.526557e-15
-1.658396e-15
-1.703498e-15
-1.762479e-15
-1.769418e-15
-1.901257e-15
-1.939421e-15
-1.953299e-15
-2.074729e-15
-2.095546e-15
-2.171874e-15
-2.244732e-15
-2.324529e-15
-2.456368e-15
-2.581269e-15
-2.733924e-15
-2.945560e-15
-3.143319e-15
-3.254341e-15
-3.250872e-15
-3.289036e-15
-3.406997e-15
-3.500672e-15
-3.646389e-15
-3.747003e-15
-3.816392e-15
-3.854556e-15
-3.871903e-15
-3.847617e-15
-3.851086e-15
-3.858025e-15
-3.847617e-15
-3.868433e-15
-3.844147e-15
-3.771289e-15
-3.722717e-15
-3.708839e-15
-3.611694e-15
-3.542305e-15
-3.521489e-15
-3.368833e-15
-3.348016e-15
-3.268219e-15
-3.153727e-15
-2.949030e-15
-2.806783e-15
-2.674944e-15
-2.612494e-15
-2.560452e-15
-2.522288e-15
-2.477185e-15
-2.432082e-15
-2.369632e-15
-2.269018e-15
-2.137179e-15
-2.043504e-15
-1.897787e-15
-1.769418e-15
-1.627171e-15
-1.575129e-15
-1.512679e-15
-1.505740e-15
-1.450229e-15
-1.377370e-15
-1.283695e-15
-1.276756e-15
-1.190020e-15
-1.242062e-15
-1.262879e-15
-1.217776e-15
-1.196959e-15
-1.162265e-15
-1.082467e-15
-9.922618e-16
-9.714451e-16
-9.263423e-16
-8.881784e-16
-8.534840e-16
-8.153200e-16
-6.383782e-16
-4.718448e-16
-4.406198e-16
-5.342948e-16
-6.314393e-16
-7.702172e-16
-7.945034e-16
-8.083811e-16
-9.089951e-16
-1.047773e-15
-1.203898e-15
-1.203898e-15
-1.155326e-15
-1.085937e-15
-1.016548e-15
-9.645063e-16
-1.047773e-15
-1.030426e-15
-1.044304e-15
-1.072059e-15
-1.065120e-15
-1.165734e-15
-1.325329e-15
-1.332268e-15
-1.318390e-15
-1.363493e-15
-1.425943e-15
-1.401657e-15
-1.339207e-15
-1.304512e-15
-1.273287e-15
-1.210837e-15
-1.186551e-15
-1.200429e-15
-1.148387e-15
-1.113692e-15
-7.736867e-16
-8.083811e-16
-8.326673e-16
-8.534840e-16
-7.702172e-16
-8.083811e-16
-8.049117e-16
-8.291978e-16
-7.806256e-16
-7.528700e-16
-7.389922e-16
-7.910339e-16
-7.494005e-16
-6.765422e-16
-6.036838e-16
-6.071532e-16
-6.071532e-16
-6.245005e-16
-7.147061e-16
-7.251144e-16
-7.320533e-16
-7.008283e-16
-8.083811e-16
-8.638923e-16
-9.159340e-16
-8.812395e-16
-8.951173e-16
-8.673617e-16
-8.604228e-16
-7.910339e-16
-7.563394e-16
-7.251144e-16
-6.522560e-16
-6.071532e-16
-5.516421e-16
-5.898060e-16
-7.528700e-16
-8.361367e-16
-8.638923e-16
-7.945034e-16
-8.361367e-16
-9.471590e-16
-9.506285e-16
-1.141448e-15
-1.380840e-15
-1.512679e-15
-1.658396e-15
-1.831868e-15
-1.866562e-15
-1.873501e-15
-2.001871e-15
-1.994932e-15
-1.953299e-15
-2.074729e-15
-2.199629e-15
-2.331468e-15
-2.380041e-15
-2.511880e-15
-2.685352e-15
-2.730455e-15
-2.827599e-15
-2.980255e-15
-3.164136e-15
-3.160666e-15
-3.195361e-15
-3.316791e-15
-3.427814e-15
-3.531897e-15
-3.611694e-15
-3.674144e-15
-3.733125e-15
-3.736594e-15
-3.774758e-15
-3.747003e-15
-3.701900e-15
-3.653328e-15
-3.712308e-15
-3.722717e-15
-3.802514e-15
-3.684553e-15
-3.698430e-15
-3.660267e-15
-3.556183e-15
-3.549244e-15
-3.417405e-15
-3.264750e-15
-3.129441e-15
-3.098216e-15
-2.917805e-15
-2.820660e-15
-2.789435e-15
-2.744333e-15
-2.609024e-15
-2.439021e-15
-2.376571e-15
-2.338407e-15
-2.289835e-15
-2.289835e-15
-2.203099e-15
-2.088607e-15
-1.876971e-15
-1.876971e-15
-1.859624e-15
-1.793704e-15
-1.637579e-15
-1.536965e-15
-1.464107e-15
-1.394718e-15
-1.335737e-15
-1.217776e-15
-1.193490e-15
-1.238593e-15
-1.297573e-15
-1.287165e-15
-1.231654e-15
-1.228184e-15
-1.200429e-15
-1.040834e-15
-9.749146e-16
-1.002670e-15
-9.124645e-16
-8.604228e-16
-9.055257e-16
-9.749146e-16
-7.598089e-16
-5.447032e-16
-4.787837e-16
-4.926615e-16
-5.759282e-16
-5.689893e-16
-5.967449e-16
-6.938894e-16
-7.181755e-16
-9.506285e-16
-1.068590e-15
-1.172673e-15
-1.165734e-15
-1.196959e-15
-1.131040e-15
-1.096345e-15
-1.078998e-15
-1.044304e-15
-1.106754e-15
-1.044304e-15
-1.089406e-15
-1.151856e-15
-1.269818e-15
-1.342676e-15
-1.332268e-15
-1.304512e-15
-1.301043e-15
-1.276756e-15
-1.249001e-15
-1.214306e-15
-1.162265e-15
-1.124101e-15
-1.092876e-15
-1.061651e-15
-9.645063e-16
-8.569534e-16
-7.389922e-16
-8.049117e-16
-8.916479e-16
-8.985868e-16
-8.951173e-16
-9.159340e-16
-9.055257e-16
-7.459311e-16
-7.251144e-16
-6.279699e-16
-6.140921e-16
-6.349088e-16
-5.724587e-16
-6.002143e-16
-6.106227e-16
-5.377643e-16
-5.655199e-16
-6.036838e-16
-6.765422e-16
-7.632783e-16
-7.806256e-16
-8.118506e-16
-8.465451e-16
-8.326673e-16
-8.500145e-16
-8.014422e-16
-8.500145e-16
-8.638923e-16
-9.020562e-16
-8.361367e-16
-7.528700e-16
-7.285839e-16
-7.008283e-16
-7.008283e-16
-7.251144e-16
-7.840950e-16
-8.430756e-16
-9.575674e-16
-9.575674e-16
-8.396062e-16
-8.014422e-16
-8.569534e-16
-9.124645e-16
-1.162265e-15
-1.366962e-15
-1.516148e-15
-1.658396e-15
-1.703498e-15
-1.769418e-15
-1.783296e-15
-1.807582e-15
-1.967176e-15
-2.046974e-15
-2.147588e-15
-2.341877e-15
-2.373102e-15
-2.487593e-15
-2.584738e-15
-2.629841e-15
-2.758210e-15
-2.820660e-15
-2.942091e-15
-3.101686e-15
-3.132911e-15
-3.205769e-15
-3.323730e-15
-3.479855e-15
-3.556183e-15
-3.632511e-15
-3.674144e-15
-3.712308e-15
-3.840678e-15
-3.819861e-15
-3.816392e-15
-3.819861e-15
-3.802514e-15
-3.708839e-15
-3.587408e-15
-3.573530e-15
-3.653328e-15
-3.573530e-15
-3.573530e-15
-3.639450e-15
-3.531897e-15
-3.372302e-15
-3.219647e-15
-3.087808e-15
-2.994133e-15
-3.001072e-15
-2.886580e-15
-2.817191e-15
-2.754741e-15
-2.598616e-15
-2.435552e-15
-2.355754e-15
-2.352285e-15
-2.269018e-15
-2.140649e-15
-2.053913e-15
-2.033096e-15
-2.060851e-15
-1.963707e-15
-1.946360e-15
-1.967176e-15
-1.821460e-15
-1.734723e-15
-1.668804e-15
-1.543904e-15
-1.398187e-15
-1.373901e-15
-1.311451e-15
-1.360023e-15
-1.339207e-15
-1.387779e-15
-1.415534e-15
-1.377370e-15
-1.228184e-15
-1.068590e-15
-8.743006e-16
-7.424616e-16
-6.973588e-16
-8.049117e-16
-7.875645e-16
-7.910339e-16
-7.077672e-16
-6.071532e-16
-4.961309e-16
-4.440892e-16
-5.065393e-16
-5.169476e-16
-5.793976e-16
-6.071532e-16
-6.696033e-16
-8.187895e-16
-9.471590e-16
-1.030426e-15
-9.957313e-16
-1.078998e-15
-1.131040e-15
-1.190020e-15
-1.155326e-15
-1.203898e-15
-1.179612e-15
-1.134509e-15
-1.058181e-15
-1.082467e-15
-1.065120e-15
-1.172673e-15
-1.183081e-15
-1.158795e-15
-1.141448e-15
-1.169204e-15
-1.217776e-15
-1.228184e-15
-1.200429e-15
-1.085937e-15
-1.037365e-15
-9.228729e-16
-8.396062e-16
-7.736867e-16
-1.020017e-15
-1.040834e-15
-1.026956e-15
-9.055257e-16
-8.985868e-16
-8.361367e-16
-7.910339e-16
-7.875645e-16
-7.632783e-16
-6.938894e-16
-6.279699e-16
-5.967449e-16
-5.863365e-16
-5.724587e-16
-6.418477e-16
-6.036838e-16
-6.349088e-16
-6.591949e-16
-6.626644e-16
-7.736867e-16
-8.118506e-16
-8.049117e-16
-8.118506e-16
-7.875645e-16
-7.494005e-16
-8.049117e-16
-8.916479e-16
-8.777701e-16
-8.534840e-16
-8.638923e-16
-8.604228e-16
-8.222589e-16
-8.465451e-16
-8.638923e-16
-8.396062e-16
-8.777701e-16
-9.194034e-16
-1.002670e-15
-9.506285e-16
-8.257284e-16
-7.979728e-16
-7.389922e-16
-8.361367e-16
-1.068590e-15
-1.203898e-15
-1.377370e-15
-1.530026e-15
-1.599415e-15
-1.668804e-15
-1.911665e-15
-2.036565e-15
-2.112893e-15
-2.237793e-15
-2.359224e-15
-2.411266e-15
-2.511880e-15
-2.678413e-15
-2.754741e-15
-2.747802e-15
-2.820660e-15
-2.872702e-15
-2.931683e-15
-3.042705e-15
-3.066991e-15
-3.198830e-15
-3.295975e-15
-3.417405e-15
-3.448630e-15
-3.524958e-15
-3.556183e-15
-3.535366e-15
-3.580469e-15
-3.608225e-15
-3.618633e-15
-3.615164e-15
-3.601286e-15
-3.556183e-15
-3.490264e-15
-3.375772e-15
-3.393119e-15
-3.396589e-15
-3.455569e-15
-3.406997e-15
-3.302913e-15
-3.240463e-15
-3.178013e-15
-3.077399e-15
-2.928213e-15
-2.838008e-15
-2.765149e-15
-2.668005e-15
-2.498002e-15
-2.435552e-15
-2.303713e-15
-2.251671e-15
-2.227385e-15
-2.203099e-15
-2.050443e-15
-1.942890e-15
-1.908196e-15
-2.008810e-15
-1.942890e-15
-1.866562e-15
-1.800643e-15
-1.668804e-15
-1.620232e-15
-1.568190e-15
-1.526557e-15
-1.436351e-15
-1.474515e-15
-1.443290e-15
-1.436351e-15
-1.387779e-15
-1.467576e-15
-1.526557e-15
-1.467576e-15
-1.401657e-15
-1.255940e-15
-9.436896e-16
-6.696033e-16
-6.349088e-16
-7.979728e-16
-9.124645e-16
-8.743006e-16
-8.187895e-16
-7.285839e-16
-5.967449e-16
-5.759282e-16
-5.412337e-16
-5.828671e-16
-6.591949e-16
-7.806256e-16
-8.222589e-16
-8.604228e-16
-9.089951e-16
-9.263423e-16
-9.610368e-16
-1.023487e-15
-1.072059e-15
-1.172673e-15
-1.165734e-15
-1.172673e-15
-1.089406e-15
-1.006140e-15
-9.263423e-16
-9.194034e-16
-8.951173e-16
-9.471590e-16
-1.013079e-15
-1.016548e-15
-1.002670e-15
-1.065120e-15
-1.144917e-15
-1.210837e-15
-1.151856e-15
-1.058181e-15
-9.402201e-16
-8.257284e-16
-8.257284e-16
-9.367507e-16
-1.134509e-15
-1.099815e-15
-1.023487e-15
-1.002670e-15
-9.402201e-16
-9.575674e-16
-9.506285e-16
-8.812395e-16
-8.291978e-16
-7.806256e-16
-7.112366e-16
-6.765422e-16
-6.418477e-16
-6.106227e-16
-6.349088e-16
-7.147061e-16
-8.049117e-16
-8.014422e-16
-7.459311e-16
-7.806256e-16
-9.194034e-16
-9.714451e-16
-9.332812e-16
-8.847090e-16
-7.632783e-16
-8.569534e-16
-8.361367e-16
-8.118506e-16
-7.910339e-16
-8.673617e-16
-8.985868e-16
-9.089951e-16
-8.326673e-16
-8.291978e-16
-7.563394e-16
-8.153200e-16
-8.847090e-16
-9.575674e-16
-9.159340e-16
-7.910339e-16
-6.800116e-16
-6.557255e-16
-8.361367e-16
-1.068590e-15
-1.269818e-15
-1.377370e-15
-1.450229e-15
-1.533496e-15
-1.630640e-15
-1.731254e-15
-1.845746e-15
-2.008810e-15
-2.248202e-15
-2.411266e-15
-2.470246e-15
-2.602085e-15
-2.699230e-15
-2.688821e-15
-2.688821e-15
-2.713108e-15
-2.886580e-15
-2.890049e-15
-2.935152e-15
-3.004541e-15
-3.119033e-15
-3.223116e-15
-3.289036e-15
-3.455569e-15
-3.459039e-15
-3.507611e-15
-3.514550e-15
-3.566591e-15
-3.660267e-15
-3.698430e-15
-3.712308e-15
-3.660267e-15
-3.570061e-15
-3.455569e-15
-3.379241e-15
-3.313322e-15
-3.243933e-15
-3.285566e-15
-3.216177e-15
-3.132911e-15
-2.997602e-15
-3.001072e-15
-2.987194e-15
-2.987194e-15
-2.966377e-15
-2.896988e-15
-2.838008e-15
-2.664535e-15
-2.602085e-15
-2.452899e-15
-2.383510e-15
-2.317591e-15
-2.182282e-15
-2.071260e-15
-1.991463e-15
-1.911665e-15
-1.981054e-15
-1.929013e-15
-1.915135e-15
-1.845746e-15
-1.817990e-15
-1.752071e-15
-1.668804e-15
-1.668804e-15
-1.644518e-15
-1.589007e-15
-1.550843e-15
-1.616762e-15
-1.658396e-15
-1.658396e-15
-1.665335e-15
-1.675743e-15
-1.533496e-15
-1.318390e-15
-1.051242e-15
-7.910339e-16
-7.285839e-16
-8.187895e-16
-9.714451e-16
-1.044304e-15
-9.228729e-16
-8.500145e-16
-8.257284e-16
-8.153200e-16
-6.869505e-16
-8.083811e-16
-8.153200e-16
-7.840950e-16
-8.847090e-16
-9.020562e-16
-9.471590e-16
-9.575674e-16
-1.026956e-15
-1.020017e-15
-1.047773e-15
-1.082467e-15
-1.162265e-15
-1.120631e-15
-1.072059e-15
-1.037365e-15
-9.749146e-16
-8.881784e-16
-8.569534e-16
-8.951173e-16
-9.055257e-16
-9.055257e-16
-9.159340e-16
-9.783840e-16
-9.957313e-16
-1.026956e-15
-9.818535e-16
-8.847090e-16
-8.465451e-16
-8.916479e-16
-8.881784e-16
-1.020017e-15
-1.040834e-15
-1.054712e-15
-1.089406e-15
-1.054712e-15
-9.992007e-16
-9.749146e-16
-1.033895e-15
-9.783840e-16
-8.951173e-16
-8.257284e-16
-7.459311e-16
-7.181755e-16
-6.730727e-16
-6.869505e-16
-7.528700e-16
-8.187895e-16
-9.055257e-16
-8.569534e-16
-7.702172e-16
-7.736867e-16
-8.743006e-16
-9.089951e-16
-9.367507e-16
-9.402201e-16
-8.638923e-16
-8.291978e-16
-7.632783e-16
-7.528700e-16
-7.806256e-16
-8.361367e-16
-8.881784e-16
-8.847090e-16
-7.389922e-16
-7.147061e-16
-6.730727e-16
-7.528700e-16
-8.083811e-16
-7.875645e-16
-8.326673e-16
-7.528700e-16
-6.869505e-16
-7.806256e-16
-9.714451e-16
-1.196959e-15
-1.349615e-15
-1.398187e-15
-1.398187e-15
-1.453698e-15
-1.613293e-15
-1.824929e-15
-1.925543e-15
-2.227385e-15
-2.428613e-15
-2.480655e-15
-2.539635e-15
-2.629841e-15
-2.695760e-15
-2.713108e-15
-2.723516e-15
-2.765149e-15
-2.862294e-15
-2.865763e-15
-2.855355e-15
-2.893519e-15
-2.966377e-15
-3.035766e-15
-3.122502e-15
-3.153727e-15
-3.268219e-15
-3.282097e-15
-3.341077e-15
-3.320261e-15
-3.198830e-15
-3.132911e-15
-3.174544e-15
-3.223116e-15
-3.212708e-15
-3.230055e-15
-3.174544e-15
-3.077399e-15
-3.008011e-15
-2.973316e-15
-2.969847e-15
-2.990663e-15
-3.035766e-15
-2.955969e-15
-2.858824e-15
-2.858824e-15
-2.758210e-15
-2.747802e-15
-2.779027e-15
-2.716577e-15
-2.550044e-15
-2.452899e-15
-2.334938e-15
-2.203099e-15
-2.137179e-15
-2.022688e-15
-2.015749e-15
-1.925543e-15
-1.845746e-15
-1.831868e-15
-1.811051e-15
-1.759010e-15
-1.731254e-15
-1.713907e-15
-1.738193e-15
-1.641048e-15
-1.658396e-15
-1.703498e-15
-1.651457e-15
-1.814521e-15
-1.894318e-15
-1.817990e-15
-1.765948e-15
-1.686151e-15
-1.595946e-15
-1.419004e-15
-1.231654e-15
-1.155326e-15
-1.016548e-15
-9.540979e-16
-9.853229e-16
-9.887924e-16
-9.957313e-16
-9.645063e-16
-9.402201e-16
-9.506285e-16
-9.506285e-16
-9.714451e-16
-9.679757e-16
-9.298118e-16
-9.159340e-16
-8.812395e-16
-9.228729e-16
-9.610368e-16
-9.818535e-16
-9.922618e-16
-1.061651e-15
-1.051242e-15
-1.075529e-15
-1.065120e-15
-1.058181e-15
-9.783840e-16
-9.228729e-16
-8.014422e-16
-7.494005e-16
-7.355228e-16
-7.042977e-16
-7.147061e-16
-7.598089e-16
-8.500145e-16
-8.743006e-16
-8.777701e-16
-8.916479e-16
-9.228729e-16
-8.014422e-16
-8.743006e-16
-8.604228e-16
-9.714451e-16
-9.610368e-16
-9.332812e-16
-9.749146e-16
-1.009609e-15
-1.006140e-15
-9.853229e-16
-9.957313e-16
-9.575674e-16
-8.291978e-16
-7.702172e-16
-7.736867e-16
-7.355228e-16
-7.389922e-16
-7.945034e-16
-8.118506e-16
-8.465451e-16
-8.291978e-16
-8.569534e-16
-8.881784e-16
-9.159340e-16
-9.298118e-16
-9.471590e-16
-9.575674e-16
-9.506285e-16
-8.916479e-16
-8.743006e-16
-7.424616e-16
-7.424616e-16
-7.563394e-16
-7.598089e-16
-7.459311e-16
-6.696033e-16
-6.245005e-16
-5.967449e-16
-6.661338e-16
-6.904199e-16
-6.869505e-16
-6.453171e-16
-6.938894e-16
-6.661338e-16
-6.869505e-16
-7.979728e-16
-1.044304e-15
-1.165734e-15
-1.252470e-15
-1.373901e-15
-1.491862e-15
-1.634110e-15
-1.849215e-15
-1.994932e-15
-2.050443e-15
-2.196160e-15
-2.352285e-15
-2.411266e-15
-2.501471e-15
-2.581269e-15
-2.563921e-15
-2.612494e-15
-2.626371e-15
-2.615963e-15
-2.664535e-15
-2.720046e-15
-2.744333e-15
-2.654127e-15
-2.733924e-15
-2.772088e-15
-2.862294e-15
-2.869233e-15
-2.962908e-15
-2.997602e-15
-3.056583e-15
-3.080869e-15
-3.150258e-15
-3.129441e-15
-3.073930e-15
-3.091277e-15
-3.091277e-15
-3.112094e-15
-3.032297e-15
-2.976785e-15
-2.917805e-15
-2.855355e-15
-2.772088e-15
-2.720046e-15
-2.740863e-15
-2.664535e-15
-2.720046e-15
-2.765149e-15
-2.831069e-15
-2.831069e-15
-2.709638e-15
-2.602085e-15
-2.435552e-15
-2.407796e-15
-2.307182e-15
-2.182282e-15
-2.105954e-15
-2.092077e-15
-2.036565e-15
-2.005340e-15
-1.981054e-15
-1.897787e-15
-1.842276e-15
-1.856154e-15
-1.894318e-15
-1.873501e-15
-1.901257e-15
-1.887379e-15
-1.901257e-15
-1.911665e-15
-1.845746e-15
-1.863093e-15
-1.811051e-15
-1.817990e-15
-1.765948e-15
-1.620232e-15
-1.557782e-15
-1.495332e-15
-1.408595e-15
-1.259409e-15
-1.155326e-15
-1.026956e-15
-9.992007e-16
-9.887924e-16
-9.402201e-16
-9.610368e-16
-1.054712e-15
-1.099815e-15
-1.099815e-15
-9.818535e-16
-1.047773e-15
-1.037365e-15
-9.228729e-16
-8.326673e-16
-8.985868e-16
-9.436896e-16
-1.002670e-15
-1.026956e-15
-1.020017e-15
-1.044304e-15
-1.089406e-15
-1.061651e-15
-1.058181e-15
-9.575674e-16
-8.777701e-16
-7.736867e-16
-7.598089e-16
-6.626644e-16
-7.147061e-16
-8.153200e-16
-9.263423e-16
-8.881784e-16
-8.430756e-16
-8.049117e-16
-7.736867e-16
-7.702172e-16
-7.320533e-16
-7.702172e-16
-8.500145e-16
-9.089951e-16
-7.181755e-16
-8.604228e-16
-8.881784e-16
-8.708312e-16
-9.194034e-16
-9.263423e-16
-8.743006e-16
-8.569534e-16
-8.187895e-16
-7.563394e-16
-7.355228e-16
-7.771561e-16
-8.361367e-16
-8.014422e-16
-8.187895e-16
-8.638923e-16
-8.569534e-16
-8.430756e-16
-8.569534e-16
-8.430756e-16
-8.222589e-16
-8.049117e-16
-8.291978e-16
-7.875645e-16
-7.251144e-16
-7.147061e-16
-6.938894e-16
-6.522560e-16
-6.626644e-16
-7.216450e-16
-7.008283e-16
-6.730727e-16
-6.349088e-16
-6.279699e-16
-6.904199e-16
-6.904199e-16
-7.355228e-16
-7.389922e-16
-6.869505e-16
-7.216450e-16
-7.181755e-16
-8.916479e-16
-1.120631e-15
-1.238593e-15
-1.339207e-15
-1.505740e-15
-1.741662e-15
-1.918604e-15
-2.078199e-15
-2.092077e-15
-2.175343e-15
-2.248202e-15
-2.355754e-15
-2.421674e-15
-2.459838e-15
-2.532696e-15
-2.525757e-15
-2.636780e-15
-2.612494e-15
-2.640249e-15
-2.598616e-15
-2.574330e-15
-2.553513e-15
-2.522288e-15
-2.459838e-15
-2.407796e-15
-2.501471e-15
-2.577799e-15
-2.615963e-15
-2.626371e-15
-2.647188e-15
-2.615963e-15
-2.657596e-15
-2.681882e-15
-2.785966e-15
-2.799844e-15
-2.810252e-15
-2.775558e-15
-2.779027e-15
-2.824130e-15
-2.779027e-15
-2.751271e-15
-2.664535e-15
-2.546574e-15
-2.518818e-15
-2.581269e-15
-2.629841e-15
-2.591677e-15
-2.581269e-15
-2.529227e-15
-2.463307e-15
-2.428613e-15
-2.414735e-15
-2.255141e-15
-2.230854e-15
-2.189221e-15
-2.112893e-15
-2.095546e-15
-2.022688e-15
-1.908196e-15
-1.852685e-15
-1.817990e-15
-1.738193e-15
-1.779826e-15
-1.814521e-15
-1.887379e-15
-1.922074e-15
-1.942890e-15
-1.963707e-15
-1.960238e-15
-2.012279e-15
-2.074729e-15
-2.029626e-15
-1.915135e-15
-1.696560e-15
-1.620232e-15
-1.557782e-15
-1.568190e-15
-1.516148e-15
-1.314920e-15
-1.165734e-15
-1.051242e-15
-1.002670e-15
-8.985868e-16
-8.638923e-16
-8.847090e-16
-9.887924e-16
-1.072059e-15
-1.026956e-15
-9.540979e-16
-9.124645e-16
-8.985868e-16
-8.049117e-16
-8.569534e-16
-9.506285e-16
-9.922618e-16
-1.016548e-15
-1.078998e-15
-1.155326e-15
-1.162265e-15
-1.144917e-15
-1.134509e-15
-1.023487e-15
-9.575674e-16
-8.673617e-16
-7.979728e-16
-7.598089e-16
-7.355228e-16
-8.534840e-16
-9.506285e-16
-9.367507e-16
-9.367507e-16
-9.263423e-16
-9.020562e-16
-8.812395e-16
-7.910339e-16
-8.187895e-16
-7.563394e-16
-7.285839e-16
-6.661338e-16
-6.418477e-16
-6.904199e-16
-7.181755e-16
-7.632783e-16
-7.840950e-16
-7.910339e-16
-6.973588e-16
-7.147061e-16
-7.424616e-16
-7.216450e-16
-6.800116e-16
-6.869505e-16
-7.181755e-16
-7.077672e-16
-7.806256e-16
-8.014422e-16
-8.326673e-16
-8.118506e-16
-7.840950e-16
-7.112366e-16
-6.696033e-16
-6.626644e-16
-6.349088e-16
-5.759282e-16
-6.383782e-16
-6.175616e-16
-6.557255e-16
-6.175616e-16
-6.175616e-16
-6.314393e-16
-6.487866e-16
-6.696033e-16
-7.320533e-16
-7.459311e-16
-7.355228e-16
-7.632783e-16
-7.945034e-16
-8.638923e-16
-8.396062e-16
-8.708312e-16
-9.367507e-16
-1.030426e-15
-1.165734e-15
-1.217776e-15
-1.252470e-15
-1.481454e-15
-1.713907e-15
-1.935951e-15
-2.185752e-15
-2.210038e-15
-2.282896e-15
-2.334938e-15
-2.359224e-15
-2.345346e-15
-2.369632e-15
-2.404327e-15
-2.435552e-15
-2.411266e-15
-2.380041e-15
-2.359224e-15
-2.366163e-15
-2.275957e-15
-2.210038e-15
-2.182282e-15
-2.234324e-15
-2.269018e-15
-2.341877e-15
-2.411266e-15
-2.380041e-15
-2.428613e-15
-2.494532e-15
-2.577799e-15
-2.584738e-15
-2.671474e-15
-2.737394e-15
-2.772088e-15
-2.831069e-15
-2.765149e-15
-2.709638e-15
-2.671474e-15
-2.633310e-15
-2.584738e-15
-2.539635e-15
-2.477185e-15
-2.556982e-15
-2.584738e-15
-2.532696e-15
-2.543105e-15
-2.480655e-15
-2.390449e-15
-2.511880e-15
-2.470246e-15
-2.380041e-15
-2.373102e-15
-2.327999e-15
-2.220446e-15
-2.147588e-15
-1.963707e-15
-1.946360e-15
-1.967176e-15
-1.838807e-15
-1.821460e-15
-1.811051e-15
-1.863093e-15
-1.918604e-15
-1.998401e-15
-2.015749e-15
-2.126771e-15
-2.116363e-15
-2.060851e-15
-2.050443e-15
-2.074729e-15
-2.130240e-15
-1.904726e-15
-1.745132e-15
-1.637579e-15
-1.568190e-15
-1.602884e-15
-1.509209e-15
-1.373901e-15
-1.165734e-15
-1.085937e-15
-1.013079e-15
-9.020562e-16
-9.124645e-16
-8.951173e-16
-8.708312e-16
-9.228729e-16
-9.992007e-16
-9.263423e-16
-7.840950e-16
-7.771561e-16
-8.083811e-16
-9.194034e-16
-9.540979e-16
-9.783840e-16
-9.818535e-16
-1.002670e-15
-1.099815e-15
-1.176143e-15
-1.144917e-15
-1.085937e-15
-9.402201e-16
-8.257284e-16
-8.257284e-16
-7.702172e-16
-7.840950e-16
-8.604228e-16
-1.006140e-15
-1.016548e-15
-9.957313e-16
-1.033895e-15
-9.887924e-16
-8.604228e-16
-7.910339e-16
-7.979728e-16
-7.702172e-16
-6.904199e-16
-6.800116e-16
-6.557255e-16
-5.793976e-16
-6.036838e-16
-6.522560e-16
-7.216450e-16
-7.840950e-16
-7.459311e-16
-6.904199e-16
-7.008283e-16
-7.979728e-16
-8.118506e-16
-8.361367e-16
-8.951173e-16
-8.847090e-16
-7.979728e-16
-7.945034e-16
-7.702172e-16
-7.910339e-16
-7.528700e-16
-7.077672e-16
-6.140921e-16
-5.100087e-16
-4.926615e-16
-4.198031e-16
-4.440892e-16
-4.267420e-16
-3.955170e-16
-4.302114e-16
-4.787837e-16
-4.891920e-16
-5.447032e-16
-6.314393e-16
-6.591949e-16
-6.800116e-16
-6.418477e-16
-7.181755e-16
-7.459311e-16
-7.181755e-16
-7.806256e-16
-7.771561e-16
-8.708312e-16
-9.332812e-16
-1.033895e-15
-1.124101e-15
-1.228184e-15
-1.377370e-15
-1.571659e-15
-1.811051e-15
-2.099015e-15
-2.310652e-15
-2.414735e-15
-2.463307e-15
-2.463307e-15
-2.400857e-15
-2.275957e-15
-2.237793e-15
-2.279427e-15
-2.248202e-15
-2.269018e-15
-2.310652e-15
-2.241263e-15
-2.189221e-15
-2.175343e-15
-2.116363e-15
-2.105954e-15
-2.085138e-15
-2.105954e-15
-2.133710e-15
-2.178813e-15
-2.154527e-15
-2.151057e-15
-2.175343e-15
-2.241263e-15
-2.296774e-15
-2.348816e-15
-2.355754e-15
-2.359224e-15
-2.498002e-15
-2.536166e-15
-2.567391e-15
-2.563921e-15
-2.591677e-15
-2.473716e-15
-2.484124e-15
-2.518818e-15
-2.442491e-15
-2.331468e-15
-2.334938e-15
-2.265549e-15
-2.230854e-15
-2.248202e-15
-2.317591e-15
-2.338407e-15
-2.293304e-15
-2.262079e-15
-2.307182e-15
-2.223915e-15
-2.123302e-15
-2.085138e-15
-2.012279e-15
-1.967176e-15
-1.880440e-15
-1.856154e-15
-1.741662e-15
-1.724315e-15
-1.752071e-15
-1.800643e-15
-1.880440e-15
-1.998401e-15
-2.140649e-15
-2.140649e-15
-2.182282e-15
-2.137179e-15
-2.102485e-15
-1.929013e-15
-1.835337e-15
-1.772887e-15
-1.734723e-15
-1.720846e-15
-1.595946e-15
-1.505740e-15
-1.290634e-15
-1.124101e-15
-1.068590e-15
-9.922618e-16
-9.194034e-16
-8.708312e-16
-8.014422e-16
-8.083811e-16
-8.187895e-16
-8.430756e-16
-8.257284e-16
-8.187895e-16
-8.743006e-16
-8.777701e-16
-9.749146e-16
-9.783840e-16
-9.853229e-16
-1.026956e-15
-1.044304e-15
-1.037365e-15
-1.082467e-15
-1.072059e-15
-9.610368e-16
-9.263423e-16
-9.332812e-16
-8.812395e-16
-9.055257e-16
-9.159340e-16
-9.506285e-16
-9.020562e-16
-9.783840e-16
-9.922618e-16
-9.089951e-16
-8.881784e-16
-9.124645e-16
-7.945034e-16
-7.910339e-16
-7.702172e-16
-7.494005e-16
-6.626644e-16
-7.875645e-16
-8.118506e-16
-7.875645e-16
-7.702172e-16
-7.320533e-16
-7.251144e-16
-7.355228e-16
-7.528700e-16
-8.500145e-16
-8.361367e-16
-8.396062e-16
-7.979728e-16
-8.153200e-16
-8.604228e-16
-8.187895e-16
-7.702172e-16
-7.112366e-16
-7.320533e-16
-7.216450e-16
-6.522560e-16
-5.793976e-16
-5.898060e-16
-5.551115e-16
-4.926615e-16
-3.365364e-16
-2.602085e-16
-2.428613e-16
-3.712308e-16
-4.440892e-16
-5.377643e-16
-5.689893e-16
-6.002143e-16
-7.181755e-16
-7.945034e-16
-7.840950e-16
-7.459311e-16
-7.528700e-16
-7.112366e-16
-7.528700e-16
-8.049117e-16
-8.812395e-16
-1.040834e-15
-1.124101e-15
-1.217776e-15
-1.342676e-15
-1.530026e-15
-1.790235e-15
-2.033096e-15
-2.293304e-15
-2.498002e-15
-2.525757e-15
-2.487593e-15
-2.383510e-15
-2.223915e-15
-2.081668e-15
-2.057382e-15
-2.112893e-15
-2.088607e-15
-2.112893e-15
-2.144118e-15
-2.102485e-15
-2.112893e-15
-2.085138e-15
-2.071260e-15
-2.071260e-15
-2.064321e-15
-1.967176e-15
-1.925543e-15
-1.994932e-15
-2.022688e-15
-2.109424e-15
-2.126771e-15
-2.192690e-15
-2.216977e-15
-2.241263e-15
-2.269018e-15
-2.338407e-15
-2.435552e-15
-2.494532e-15
-2.477185e-15
-2.508410e-15
-2.432082e-15
-2.421674e-15
-2.380041e-15
-2.321060e-15
-2.223915e-15
-2.262079e-15
-2.282896e-15
-2.241263e-15
-2.255141e-15
-2.293304e-15
-2.324529e-15
-2.300243e-15
-2.237793e-15
-2.185752e-15
-2.220446e-15
-2.085138e-15
-1.946360e-15
-1.828399e-15
-1.793704e-15
-1.793704e-15
-1.724315e-15
-1.779826e-15
-1.786765e-15
-1.786765e-15
-1.831868e-15
-1.963707e-15
-2.015749e-15
-2.154527e-15
-2.251671e-15
-2.272488e-15
-2.317591e-15
-2.168404e-15
-2.026157e-15
-2.015749e-15
-1.904726e-15
-1.783296e-15
-1.665335e-15
-1.561251e-15
-1.394718e-15
-1.196959e-15
-1.058181e-15
-9.679757e-16
-9.298118e-16
-8.777701e-16
-7.667478e-16
-7.042977e-16
-6.800116e-16
-6.730727e-16
-7.251144e-16
-7.042977e-16
-7.251144e-16
-7.840950e-16
-8.118506e-16
-8.569534e-16
-9.540979e-16
-9.818535e-16
-9.783840e-16
-9.367507e-16
-8.881784e-16
-9.575674e-16
-9.298118e-16
-8.916479e-16
-9.922618e-16
-9.887924e-16
-9.298118e-16
-9.020562e-16
-9.089951e-16
-8.743006e-16
-8.396062e-16
-8.291978e-16
-8.049117e-16
-8.257284e-16
-9.159340e-16
-9.228729e-16
-8.430756e-16
-8.465451e-16
-8.500145e-16
-8.291978e-16
-8.083811e-16
-8.916479e-16
-7.528700e-16
-7.216450e-16
-6.834810e-16
-6.557255e-16
-6.730727e-16
-6.557255e-16
-6.696033e-16
-7.667478e-16
-7.112366e-16
-7.736867e-16
-7.910339e-16
-8.257284e-16
-8.187895e-16
-8.153200e-16
-7.702172e-16
-7.667478e-16
-7.736867e-16
-7.251144e-16
-6.765422e-16
-7.042977e-16
-6.730727e-16
-6.175616e-16
-5.377643e-16
-5.169476e-16
-4.232725e-16
-3.747003e-16
-4.440892e-16
-4.961309e-16
-4.649059e-16
-4.440892e-16
-4.718448e-16
-5.724587e-16
-6.557255e-16
-6.418477e-16
-6.696033e-16
-6.453171e-16
-6.314393e-16
-6.765422e-16
-6.834810e-16
-8.326673e-16
-9.055257e-16
-9.679757e-16
-1.151856e-15
-1.314920e-15
-1.477984e-15
-1.838807e-15
-2.057382e-15
-2.275957e-15
-2.470246e-15
-2.560452e-15
-2.536166e-15
-2.452899e-15
-2.282896e-15
-2.154527e-15
-2.005340e-15
-2.012279e-15
-2.026157e-15
-1.994932e-15
-2.112893e-15
-2.185752e-15
-2.164935e-15
-2.071260e-15
-2.064321e-15
-2.060851e-15
-2.064321e-15
-2.026157e-15
-1.831868e-15
-1.807582e-15
-1.765948e-15
-1.703498e-15
-1.703498e-15
-1.776357e-15
-1.790235e-15
-1.838807e-15
-1.963707e-15
-2.067790e-15
-2.241263e-15
-2.213507e-15
-2.168404e-15
-2.210038e-15
-2.255141e-15
-2.237793e-15
-2.164935e-15
-2.137179e-15
-2.105954e-15
-2.026157e-15
-2.033096e-15
-2.060851e-15
-2.085138e-15
-2.092077e-15
-2.092077e-15
-2.040035e-15
-2.043504e-15
-2.140649e-15
-2.130240e-15
-2.033096e-15
-2.019218e-15
-1.956768e-15
-1.866562e-15
-1.779826e-15
-1.647987e-15
-1.627171e-15
-1.700029e-15
-1.682682e-15
-1.706968e-15
-1.828399e-15
-1.994932e-15
-2.029626e-15
-2.081668e-15
-2.192690e-15
-2.269018e-15
-2.213507e-15
-2.164935e-15
-2.046974e-15
-2.005340e-15
-1.922074e-15
-1.849215e-15
-1.651457e-15
-1.349615e-15
-1.137979e-15
-9.853229e-16
-8.812395e-16
-8.465451e-16
-7.320533e-16
-5.898060e-16
-5.204170e-16
-4.753142e-16
-4.822531e-16
-5.134781e-16
-5.134781e-16
-5.412337e-16
-5.759282e-16
-6.036838e-16
-7.320533e-16
-8.049117e-16
-8.743006e-16
-9.089951e-16
-8.743006e-16
-8.153200e-16
-8.014422e-16
-8.049117e-16
-8.708312e-16
-9.402201e-16
-1.002670e-15
-1.117162e-15
-1.061651e-15
-1.033895e-15
-8.847090e-16
-8.049117e-16
-7.945034e-16
-7.979728e-16
-8.396062e-16
-8.881784e-16
-8.916479e-16
-9.853229e-16
-9.679757e-16
-9.298118e-16
-9.540979e-16
-9.645063e-16
-9.124645e-16
-8.187895e-16
-6.696033e-16
-6.106227e-16
-5.759282e-16
-5.065393e-16
-5.065393e-16
-5.342948e-16
-5.655199e-16
-6.140921e-16
-6.383782e-16
-7.147061e-16
-7.910339e-16
-8.326673e-16
-8.187895e-16
-8.569534e-16
-8.743006e-16
-8.430756e-16
-7.147061e-16
-7.840950e-16
-8.326673e-16
-7.355228e-16
-6.800116e-16
-6.175616e-16
-6.453171e-16
-5.585810e-16
-4.336809e-16
-3.816392e-16
-3.955170e-16
-3.538836e-16
-3.642919e-16
-3.989864e-16
-4.371503e-16
-5.238865e-16
-6.383782e-16
-6.696033e-16
-6.834810e-16
-7.181755e-16
-7.355228e-16
-8.430756e-16
-8.985868e-16
-9.645063e-16
-1.006140e-15
-1.110223e-15
-1.249001e-15
-1.453698e-15
-1.706968e-15
-1.883910e-15
-2.057382e-15
-2.130240e-15
-2.237793e-15
-2.244732e-15
-2.418205e-15
-2.310652e-15
-2.126771e-15
-2.033096e-15
-1.970646e-15
-1.883910e-15
-1.953299e-15
-2.102485e-15
-2.220446e-15
-2.137179e-15
-2.029626e-15
-2.019218e-15
-2.022688e-15
-2.043504e-15
-1.991463e-15
-1.929013e-15
-1.731254e-15
-1.644518e-15
-1.668804e-15
-1.675743e-15
-1.686151e-15
-1.713907e-15
-1.814521e-15
-1.890849e-15
-1.960238e-15
-1.925543e-15
-1.956768e-15
-1.977585e-15
-2.026157e-15
-2.022688e-15
-1.974115e-15
-1.953299e-15
-1.994932e-15
-2.040035e-15
-2.012279e-15
-1.949829e-15
-1.970646e-15
-1.970646e-15
-1.935951e-15
-1.942890e-15
-1.963707e-15
-2.105954e-15
-2.157996e-15
-2.147588e-15
-2.192690e-15
-2.137179e-15
-2.019218e-15
-1.946360e-15
-1.845746e-15
-1.703498e-15
-1.637579e-15
-1.550843e-15
-1.616762e-15
-1.696560e-15
-1.883910e-15
-2.012279e-15
-2.116363e-15
-2.137179e-15
-2.314121e-15
-2.352285e-15
-2.310652e-15
-2.321060e-15
-2.168404e-15
-2.022688e-15
-1.901257e-15
-1.752071e-15
-1.602884e-15
-1.328798e-15
-1.141448e-15
-1.020017e-15
-8.638923e-16
-7.320533e-16
-6.591949e-16
-6.071532e-16
-5.204170e-16
-4.857226e-16
-4.267420e-16
-4.961309e-16
-4.891920e-16
-5.238865e-16
-5.134781e-16
-5.238865e-16
-5.481726e-16
-6.279699e-16
-6.938894e-16
-6.626644e-16
-6.834810e-16
-6.522560e-16
-6.522560e-16
-6.973588e-16
-7.840950e-16
-8.881784e-16
-9.402201e-16
-9.402201e-16
-8.847090e-16
-8.916479e-16
-8.361367e-16
-7.632783e-16
-7.667478e-16
-7.875645e-16
-8.743006e-16
-8.847090e-16
-9.436896e-16
-1.016548e-15
-9.957313e-16
-9.887924e-16
-1.002670e-15
-9.298118e-16
-8.430756e-16
-8.083811e-16
-7.008283e-16
-5.828671e-16
-4.996004e-16
-4.336809e-16
-4.579670e-16
-3.989864e-16
-3.885781e-16
-5.030698e-16
-5.793976e-16
-7.424616e-16
-8.396062e-16
-8.916479e-16
-9.089951e-16
-8.812395e-16
-8.118506e-16
-8.430756e-16
-7.563394e-16
-8.465451e-16
-8.361367e-16
-7.389922e-16
-7.320533e-16
-7.598089e-16
-7.042977e-16
-6.140921e-16
-5.100087e-16
-3.330669e-16
-2.914335e-16
-3.191891e-16
-3.400058e-16
-3.642919e-16
-3.712308e-16
-4.232725e-16
-4.961309e-16
-5.932754e-16
-6.730727e-16
-7.528700e-16
-8.430756e-16
-9.506285e-16
-1.002670e-15
-1.089406e-15
-1.165734e-15
-1.217776e-15
-1.269818e-15
-1.436351e-15
-1.585537e-15
-1.800643e-15
-1.915135e-15
-2.022688e-15
-2.071260e-15
-2.210038e-15
-2.428613e-15
-2.414735e-15
-2.220446e-15
-2.112893e-15
-2.088607e-15
-1.984524e-15
-2.040035e-15
-2.081668e-15
-2.154527e-15
-2.140649e-15
-1.994932e-15
-1.974115e-15
-2.036565e-15
-1.998401e-15
-1.883910e-15
-1.800643e-15
-1.634110e-15
-1.491862e-15
-1.457168e-15
-1.328798e-15
-1.255940e-15
-1.297573e-15
-1.439820e-15
-1.582068e-15
-1.682682e-15
-1.675743e-15
-1.762479e-15
-1.741662e-15
-1.752071e-15
-1.856154e-15
-1.908196e-15
-1.842276e-15
-1.790235e-15
-1.821460e-15
-1.845746e-15
-1.807582e-15
-1.696560e-15
-1.616762e-15
-1.585537e-15
-1.575129e-15
-1.759010e-15
-1.863093e-15
-1.963707e-15
-1.981054e-15
-2.057382e-15
-2.001871e-15
-2.026157e-15
-2.092077e-15
-2.008810e-15
-1.863093e-15
-1.706968e-15
-1.647987e-15
-1.595946e-15
-1.720846e-15
-2.022688e-15
-2.237793e-15
-2.327999e-15
-2.296774e-15
-2.317591e-15
-2.359224e-15
-2.272488e-15
-2.241263e-15
-2.192690e-15
-2.078199e-15
-1.932482e-15
-1.824929e-15
-1.703498e-15
-1.471046e-15
-1.266348e-15
-1.103284e-15
-9.159340e-16
-7.008283e-16
-5.793976e-16
-5.585810e-16
-4.406198e-16
-3.885781e-16
-3.261280e-16
-2.567391e-16
-2.532696e-16
-2.081668e-16
-2.185752e-16
-2.636780e-16
-2.949030e-16
-3.955170e-16
-5.759282e-16
-5.759282e-16
-6.175616e-16
-6.383782e-16
-6.140921e-16
-6.383782e-16
-7.042977e-16
-8.396062e-16
-9.298118e-16
-9.228729e-16
-8.777701e-16
-7.910339e-16
-7.667478e-16
-7.840950e-16
-7.008283e-16
-6.869505e-16
-6.938894e-16
-7.806256e-16
-8.812395e-16
-9.853229e-16
-1.037365e-15
-9.922618e-16
-9.506285e-16
-8.881784e-16
-8.291978e-16
-8.500145e-16
-8.465451e-16
-7.181755e-16
-6.418477e-16
-6.487866e-16
-5.724587e-16
-5.447032e-16
-5.100087e-16
-5.447032e-16
-6.557255e-16
-7.112366e-16
-7.875645e-16
-8.291978e-16
-8.534840e-16
-8.222589e-16
-8.500145e-16
-8.430756e-16
-8.604228e-16
-8.014422e-16
-7.459311e-16
-7.216450e-16
-7.112366e-16
-7.112366e-16
-6.626644e-16
-6.418477e-16
-5.308254e-16
-4.510281e-16
-3.747003e-16
-3.087808e-16
-2.324529e-16
-2.220446e-16
-2.602085e-16
-3.261280e-16
-5.273559e-16
-6.453171e-16
-7.563394e-16
-8.361367e-16
-9.159340e-16
-1.013079e-15
-1.127570e-15
-1.176143e-15
-1.158795e-15
-1.214306e-15
-1.314920e-15
-1.484923e-15
-1.589007e-15
-1.741662e-15
-1.776357e-15
-1.939421e-15
-2.050443e-15
-2.203099e-15
-2.265549e-15
-2.355754e-15
-2.321060e-15
-2.182282e-15
-2.102485e-15
-2.126771e-15
-2.130240e-15
-2.182282e-15
-2.206568e-15
-2.199629e-15
-2.151057e-15
-2.043504e-15
-1.984524e-15
-1.942890e-15
-1.800643e-15
-1.682682e-15
-1.519618e-15
-1.363493e-15
-1.217776e-15
-1.252470e-15
-1.283695e-15
-1.342676e-15
-1.429412e-15
-1.585537e-15
-1.641048e-15
-1.623701e-15
-1.651457e-15
-1.672273e-15
-1.811051e-15
-1.793704e-15
-1.783296e-15
-1.811051e-15
-1.720846e-15
-1.731254e-15
-1.703498e-15
-1.609823e-15
-1.519618e-15
-1.495332e-15
-1.377370e-15
-1.471046e-15
-1.693090e-15
-1.793704e-15
-1.880440e-15
-1.991463e-15
-1.981054e-15
-1.880440e-15
-1.981054e-15
-2.133710e-15
-2.050443e-15
-1.929013e-15
-1.783296e-15
-1.831868e-15
-1.776357e-15
-2.057382e-15
-2.300243e-15
-2.463307e-15
-2.428613e-15
-2.439021e-15
-2.407796e-15
-2.338407e-15
-2.310652e-15
-2.241263e-15
-2.133710e-15
-2.008810e-15
-1.904726e-15
-1.769418e-15
-1.700029e-15
-1.589007e-15
-1.405126e-15
-1.158795e-15
-1.013079e-15
-8.465451e-16
-6.765422e-16
-6.071532e-16
-5.551115e-16
-4.302114e-16
-3.573530e-16
-2.810252e-16
-2.532696e-16
-2.012279e-16
-2.324529e-16
-1.908196e-16
-1.942890e-16
-3.330669e-16
-3.885781e-16
-4.718448e-16
-5.342948e-16
-5.204170e-16
-4.996004e-16
-5.238865e-16
-6.002143e-16
-7.147061e-16
-8.396062e-16
-8.500145e-16
-8.014422e-16
-7.147061e-16
-7.008283e-16
-7.216450e-16
-6.938894e-16
-7.355228e-16
-7.355228e-16
-7.702172e-16
-7.736867e-16
-7.736867e-16
-8.153200e-16
-8.569534e-16
-7.806256e-16
-7.736867e-16
-8.049117e-16
-7.355228e-16
-7.945034e-16
-7.806256e-16
-6.383782e-16
-5.377643e-16
-5.724587e-16
-6.002143e-16
-6.210310e-16
-6.175616e-16
-6.869505e-16
-7.632783e-16
-7.840950e-16
-7.563394e-16
-7.077672e-16
-7.251144e-16
-7.598089e-16
-7.875645e-16
-7.979728e-16
-7.563394e-16
-7.702172e-16
-7.528700e-16
-6.696033e-16
-6.245005e-16
-6.071532e-16
-5.689893e-16
-5.377643e-16
-5.100087e-16
-4.198031e-16
-3.157197e-16
-2.428613e-16
-2.740863e-16
-3.469447e-16
-5.169476e-16
-6.800116e-16
-7.563394e-16
-8.638923e-16
-9.298118e-16
-9.714451e-16
-1.058181e-15
-1.200429e-15
-1.228184e-15
-1.242062e-15
-1.321859e-15
-1.398187e-15
-1.543904e-15
-1.637579e-15
-1.759010e-15
-1.856154e-15
-1.956768e-15
-1.977585e-15
-2.060851e-15
-2.161465e-15
-2.216977e-15
-2.262079e-15
-2.244732e-15
-2.185752e-15
-2.154527e-15
-2.060851e-15
-2.057382e-15
-2.119832e-15
-2.185752e-15
-2.126771e-15
-1.939421e-15
-1.849215e-15
-1.772887e-15
-1.651457e-15
-1.481454e-15
-1.314920e-15
-1.134509e-15
-9.818535e-16
-1.044304e-15
-1.068590e-15
-1.203898e-15
-1.297573e-15
-1.377370e-15
-1.429412e-15
-1.509209e-15
-1.602884e-15
-1.641048e-15
-1.682682e-15
-1.634110e-15
-1.661865e-15
-1.602884e-15
-1.585537e-15
-1.526557e-15
-1.405126e-15
-1.408595e-15
-1.387779e-15
-1.335737e-15
-1.162265e-15
-1.221245e-15
-1.380840e-15
-1.533496e-15
-1.700029e-15
-1.817990e-15
-1.821460e-15
-1.807582e-15
-2.001871e-15
-2.123302e-15
-2.144118e-15
-2.012279e-15
-1.866562e-15
-1.828399e-15
-2.040035e-15
-2.227385e-15
-2.279427e-15
-2.314121e-15
-2.386980e-15
-2.397388e-15
-2.334938e-15
-2.279427e-15
-2.272488e-15
-2.210038e-15
-2.078199e-15
-1.904726e-15
-1.828399e-15
-1.727785e-15
-1.630640e-15
-1.557782e-15
-1.405126e-15
-1.290634e-15
-1.106754e-15
-9.992007e-16
-8.257284e-16
-7.216450e-16
-6.383782e-16
-5.273559e-16
-4.198031e-16
-2.393918e-16
-2.498002e-16
-2.949030e-16
-2.914335e-16
-2.810252e-16
-2.671474e-16
-3.053113e-16
-2.567391e-16
-3.365364e-16
-3.642919e-16
-3.608225e-16
-3.747003e-16
-3.851086e-16
-4.822531e-16
-5.932754e-16
-7.077672e-16
-7.910339e-16
-7.563394e-16
-7.875645e-16
-7.632783e-16
-7.112366e-16
-6.904199e-16
-6.557255e-16
-6.696033e-16
-6.869505e-16
-7.077672e-16
-7.008283e-16
-6.314393e-16
-6.175616e-16
-6.418477e-16
-7.147061e-16
-7.285839e-16
-7.771561e-16
-7.771561e-16
-7.077672e-16
-6.904199e-16
-6.800116e-16
-6.245005e-16
-6.036838e-16
-6.245005e-16
-6.904199e-16
-6.973588e-16
-6.765422e-16
-6.453171e-16
-7.112366e-16
-6.904199e-16
-6.765422e-16
-7.147061e-16
-7.632783e-16
-7.875645e-16
-7.806256e-16
-7.736867e-16
-7.216450e-16
-6.661338e-16
-6.245005e-16
-6.210310e-16
-5.655199e-16
-5.585810e-16
-4.857226e-16
-3.677614e-16
-3.677614e-16
-3.816392e-16
-4.059253e-16
-4.510281e-16
-5.759282e-16
-6.522560e-16
-7.320533e-16
-8.257284e-16
-8.847090e-16
-9.575674e-16
-1.002670e-15
-1.044304e-15
-1.158795e-15
-1.193490e-15
-1.318390e-15
-1.467576e-15
-1.647987e-15
-1.700029e-15
-1.661865e-15
-1.713907e-15
-1.727785e-15
-1.880440e-15
-1.922074e-15
-2.019218e-15
-2.109424e-15
-2.116363e-15
-2.088607e-15
-2.046974e-15
-1.935951e-15
-2.012279e-15
-2.067790e-15
-2.154527e-15
-2.269018e-15
-2.164935e-15
-1.960238e-15
-1.852685e-15
-1.724315e-15
-1.568190e-15
-1.360023e-15
-1.183081e-15
-1.072059e-15
-9.263423e-16
-9.645063e-16
-9.783840e-16
-1.092876e-15
-1.273287e-15
-1.408595e-15
-1.474515e-15
-1.571659e-15
-1.613293e-15
-1.651457e-15
-1.519618e-15
-1.530026e-15
-1.523087e-15
-1.516148e-15
-1.401657e-15
-1.353084e-15
-1.328798e-15
-1.290634e-15
-1.210837e-15
-1.106754e-15
-1.040834e-15
-1.148387e-15
-1.266348e-15
-1.370432e-15
-1.592476e-15
-1.689621e-15
-1.845746e-15
-1.974115e-15
-2.116363e-15
-2.071260e-15
-2.022688e-15
-1.970646e-15
-1.994932e-15
-2.012279e-15
-2.196160e-15
-2.258610e-15
-2.293304e-15
-2.275957e-15
-2.258610e-15
-2.317591e-15
-2.331468e-15
-2.397388e-15
-2.334938e-15
-2.230854e-15
-2.040035e-15
-1.929013e-15
-1.814521e-15
-1.616762e-15
-1.516148e-15
-1.443290e-15
-1.387779e-15
-1.335737e-15
-1.249001e-15
-1.096345e-15
-9.749146e-16
-8.951173e-16
-7.563394e-16
-6.245005e-16
-5.308254e-16
-4.267420e-16
-3.573530e-16
-3.573530e-16
-3.191891e-16
-2.636780e-16
-1.769418e-16
-1.595946e-16
-1.734723e-16
-2.081668e-16
-2.151057e-16
-2.532696e-16
-2.740863e-16
-2.671474e-16
-3.157197e-16
-3.434752e-16
-4.232725e-16
-5.065393e-16
-5.273559e-16
-6.245005e-16
-6.140921e-16
-6.279699e-16
-5.689893e-16
-5.100087e-16
-5.100087e-16
-5.342948e-16
-5.377643e-16
-4.891920e-16
-4.753142e-16
-5.585810e-16
-6.210310e-16
-6.696033e-16
-6.626644e-16
-5.793976e-16
-6.106227e-16
-6.140921e-16
-6.453171e-16
-7.112366e-16
-6.730727e-16
-6.696033e-16
-6.487866e-16
-6.453171e-16
-6.557255e-16
-6.834810e-16
-6.487866e-16
-7.771561e-16
-7.598089e-16
-7.459311e-16
-7.910339e-16
-8.187895e-16
-8.396062e-16
-7.806256e-16
-7.875645e-16
-7.285839e-16
-6.904199e-16
-6.730727e-16
-6.522560e-16
-7.181755e-16
-6.730727e-16
-6.418477e-16
-5.898060e-16
-5.793976e-16
-6.279699e-16
-6.973588e-16
-6.938894e-16
-7.008283e-16
-7.424616e-16
-8.361367e-16
-9.332812e-16
-9.818535e-16
-9.575674e-16
-9.332812e-16
-1.020017e-15
-1.117162e-15
-1.259409e-15
-1.377370e-15
-1.616762e-15
-1.741662e-15
-1.765948e-15
-1.745132e-15
-1.776357e-15
-1.734723e-15
-1.755540e-15
-1.724315e-15
-1.804112e-15
-1.876971e-15
-1.911665e-15
-1.890849e-15
-1.870032e-15
-1.876971e-15
-1.904726e-15
-1.953299e-15
-1.970646e-15
-2.119832e-15
-2.157996e-15
-2.040035e-15
-1.908196e-15
-1.776357e-15
-1.467576e-15
-1.214306e-15
-1.013079e-15
-8.638923e-16
-6.938894e-16
-6.314393e-16
-6.973588e-16
-7.875645e-16
-9.783840e-16
-1.235123e-15
-1.380840e-15
-1.446759e-15
-1.516148e-15
-1.550843e-15
-1.498801e-15
-1.526557e-15
-1.391248e-15
-1.304512e-15
-1.162265e-15
-1.165734e-15
-1.065120e-15
-1.047773e-15
-9.471590e-16
-7.945034e-16
-8.812395e-16
-9.922618e-16
-1.183081e-15
-1.443290e-15
-1.595946e-15
-1.713907e-15
-1.804112e-15
-1.949829e-15
-2.099015e-15
-2.112893e-15
-2.040035e-15
-2.057382e-15
-2.043504e-15
-2.092077e-15
-2.234324e-15
-2.303713e-15
-2.307182e-15
-2.175343e-15
-2.102485e-15
-2.119832e-15
-2.210038e-15
-2.244732e-15
-2.230854e-15
-2.102485e-15
-1.994932e-15
-1.956768e-15
-1.790235e-15
-1.682682e-15
-1.623701e-15
-1.568190e-15
-1.523087e-15
-1.425943e-15
-1.349615e-15
-1.249001e-15
-1.110223e-15
-8.881784e-16
-7.667478e-16
-6.002143e-16
-5.377643e-16
-4.614364e-16
-3.608225e-16
-2.567391e-16
-1.977585e-16
-9.020562e-17
-4.510281e-17
-3.122502e-17
-5.551115e-17
-7.979728e-17
-1.283695e-16
-1.665335e-16
-1.665335e-16
-1.734723e-16
-1.908196e-16
-1.665335e-16
-1.665335e-16
-2.602085e-16
-3.469447e-16
-4.198031e-16
-5.377643e-16
-5.377643e-16
-4.891920e-16
-4.440892e-16
-4.753142e-16
-4.857226e-16
-4.822531e-16
-5.620504e-16
-5.898060e-16
-6.175616e-16
-6.418477e-16
-6.487866e-16
-7.459311e-16
-6.973588e-16
-6.800116e-16
-7.077672e-16
-7.285839e-16
-7.077672e-16
-7.424616e-16
-7.424616e-16
-6.904199e-16
-6.557255e-16
-6.557255e-16
-7.077672e-16
-7.910339e-16
-7.459311e-16
-6.904199e-16
-7.112366e-16
-7.077672e-16
-7.285839e-16
-7.910339e-16
-7.355228e-16
-7.528700e-16
-7.875645e-16
-7.875645e-16
-8.257284e-16
-8.847090e-16
-9.124645e-16
-8.743006e-16
-8.118506e-16
-7.736867e-16
-7.528700e-16
-7.840950e-16
-7.875645e-16
-8.326673e-16
-8.187895e-16
-8.187895e-16
-8.985868e-16
-8.673617e-16
-9.159340e-16
-9.645063e-16
-9.922618e-16
-1.078998e-15
-1.124101e-15
-1.276756e-15
-1.439820e-15
-1.637579e-15
-1.668804e-15
-1.738193e-15
-1.727785e-15
-1.682682e-15
-1.710437e-15
-1.665335e-15
-1.724315e-15
-1.717376e-15
-1.727785e-15
-1.762479e-15
-1.807582e-15
-1.828399e-15
-1.755540e-15
-1.814521e-15
-1.901257e-15
-1.953299e-15
-1.991463e-15
-2.015749e-15
-1.901257e-15
-1.887379e-15
-1.693090e-15
-1.498801e-15
-1.214306e-15
-1.037365e-15
-8.812395e-16
-8.257284e-16
-7.528700e-16
-7.910339e-16
-7.147061e-16
-7.736867e-16
-9.194034e-16
-1.026956e-15
-1.183081e-15
-1.242062e-15
-1.273287e-15
-1.328798e-15
-1.283695e-15
-1.210837e-15
-1.058181e-15
-9.332812e-16
-9.055257e-16
-8.257284e-16
-8.326673e-16
-8.534840e-16
-8.812395e-16
-9.749146e-16
-1.134509e-15
-1.353084e-15
-1.512679e-15
-1.700029e-15
-1.870032e-15
-2.022688e-15
-2.105954e-15
-2.255141e-15
-2.210038e-15
-2.210038e-15
-2.182282e-15
-2.151057e-15
-2.251671e-15
-2.286366e-15
-2.321060e-15
-2.258610e-15
-2.234324e-15
-2.227385e-15
-2.116363e-15
-2.144118e-15
-2.157996e-15
-2.116363e-15
-1.994932e-15
-1.883910e-15
-1.759010e-15
-1.675743e-15
-1.641048e-15
-1.543904e-15
-1.519618e-15
-1.488393e-15
-1.415534e-15
-1.366962e-15
-1.273287e-15
-1.106754e-15
-9.957313e-16
-8.465451e-16
-7.598089e-16
-6.800116e-16
-5.828671e-16
-4.753142e-16
-3.851086e-16
-2.498002e-16
-2.393918e-16
-2.220446e-16
-1.700029e-16
-1.526557e-16
-1.283695e-16
-1.387779e-16
-1.422473e-16
-1.942890e-16
-2.949030e-16
-3.087808e-16
-1.942890e-16
-1.561251e-16
-1.595946e-16
-1.630640e-16
-1.908196e-16
-2.775558e-16
-2.949030e-16
-3.226586e-16
-3.642919e-16
-3.538836e-16
-4.891920e-16
-6.175616e-16
-6.973588e-16
-7.910339e-16
-7.945034e-16
-7.979728e-16
-8.083811e-16
-8.396062e-16
-8.257284e-16
-7.320533e-16
-7.840950e-16
-7.702172e-16
-7.112366e-16
-7.112366e-16
-7.945034e-16
-8.396062e-16
-8.187895e-16
-8.430756e-16
-8.812395e-16
-8.604228e-16
-7.736867e-16
-8.326673e-16
-8.569534e-16
-8.257284e-16
-7.945034e-16
-7.459311e-16
-8.014422e-16
-8.014422e-16
-8.153200e-16
-9.159340e-16
-9.783840e-16
-9.818535e-16
-9.020562e-16
-8.569534e-16
-7.979728e-16
-8.847090e-16
-8.673617e-16
-8.951173e-16
-8.014422e-16
-8.638923e-16
-9.402201e-16
-8.881784e-16
-9.263423e-16
-9.124645e-16
-9.436896e-16
-9.818535e-16
-1.006140e-15
-1.051242e-15
-1.103284e-15
-1.231654e-15
-1.339207e-15
-1.457168e-15
-1.530026e-15
-1.634110e-15
-1.776357e-15
-1.762479e-15
-1.717376e-15
-1.620232e-15
-1.641048e-15
-1.661865e-15
-1.706968e-15
-1.734723e-15
-1.811051e-15
-1.842276e-15
-1.835337e-15
-1.811051e-15
-1.762479e-15
-1.786765e-15
-1.772887e-15
-1.838807e-15
-1.748601e-15
-1.675743e-15
-1.561251e-15
-1.391248e-15
-1.131040e-15
-9.367507e-16
-7.840950e-16
-6.800116e-16
-6.557255e-16
-6.487866e-16
-6.279699e-16
-6.071532e-16
-6.279699e-16
-6.661338e-16
-7.632783e-16
-9.089951e-16
-1.013079e-15
-1.023487e-15
-9.506285e-16
-8.812395e-16
-7.598089e-16
-6.869505e-16
-6.557255e-16
-6.349088e-16
-7.251144e-16
-8.396062e-16
-9.818535e-16
-1.009609e-15
-1.165734e-15
-1.391248e-15
-1.589007e-15
-1.710437e-15
-1.863093e-15
-2.102485e-15
-2.199629e-15
-2.300243e-15
-2.282896e-15
-2.189221e-15
-2.151057e-15
-2.189221e-15
-2.216977e-15
-2.192690e-15
-2.223915e-15
-2.189221e-15
-2.116363e-15
-2.133710e-15
-1.994932e-15
-1.925543e-15
-1.942890e-15
-1.911665e-15
-1.897787e-15
-1.804112e-15
-1.641048e-15
-1.582068e-15
-1.595946e-15
-1.578598e-15
-1.564721e-15
-1.509209e-15
-1.491862e-15
-1.408595e-15
-1.380840e-15
-1.266348e-15
-1.207368e-15
-1.085937e-15
-9.055257e-16
-7.077672e-16
-6.106227e-16
-4.753142e-16
-3.885781e-16
-3.087808e-16
-2.081668e-16
-1.249001e-16
-1.387779e-16
-1.422473e-16
-1.630640e-16
-1.318390e-16
-1.942890e-16
-1.873501e-16
-1.977585e-16
-2.046974e-16
-1.734723e-16
-1.665335e-16
-1.040834e-16
-6.245005e-17
-1.179612e-16
-1.283695e-16
-1.179612e-16
-2.255141e-16
-3.504141e-16
-4.336809e-16
-4.718448e-16
-6.314393e-16
-8.118506e-16
-8.430756e-16
-8.812395e-16
-8.257284e-16
-8.361367e-16
-1.078998e-15
-1.075529e-15
-1.061651e-15
-1.106754e-15
-1.092876e-15
-1.037365e-15
-1.013079e-15
-9.783840e-16
-1.013079e-15
-9.818535e-16
-1.006140e-15
-1.030426e-15
-9.645063e-16
-9.263423e-16
-9.575674e-16
-8.951173e-16
-9.089951e-16
-9.367507e-16
-8.916479e-16
-9.055257e-16
-8.534840e-16
-8.812395e-16
-8.673617e-16
-9.089951e-16
-9.194034e-16
-9.610368e-16
-9.575674e-16
-9.506285e-16
-1.006140e-15
-1.068590e-15
-1.026956e-15
-1.002670e-15
-9.436896e-16
-9.402201e-16
-9.471590e-16
-8.951173e-16
-9.055257e-16
-9.575674e-16
-9.749146e-16
-9.992007e-16
-9.853229e-16
-1.068590e-15
-1.162265e-15
-1.200429e-15
-1.283695e-15
-1.339207e-15
-1.464107e-15
-1.550843e-15
-1.637579e-15
-1.620232e-15
-1.623701e-15
-1.627171e-15
-1.706968e-15
-1.686151e-15
-1.700029e-15
-1.779826e-15
-1.804112e-15
-1.811051e-15
-1.693090e-15
-1.620232e-15
-1.630640e-15
-1.710437e-15
-1.762479e-15
-1.717376e-15
-1.575129e-15
-1.419004e-15
-1.325329e-15
-1.085937e-15
-8.708312e-16
-7.528700e-16
-6.383782e-16
-6.002143e-16
-4.822531e-16
-4.371503e-16
-3.955170e-16
-3.504141e-16
-3.330669e-16
-4.510281e-16
-5.828671e-16
-6.938894e-16
-7.147061e-16
-6.765422e-16
-6.383782e-16
-5.481726e-16
-4.822531e-16
-5.377643e-16
-5.585810e-16
-5.620504e-16
-7.494005e-16
-9.332812e-16
-1.026956e-15
-1.252470e-15
-1.509209e-15
-1.644518e-15
-1.759010e-15
-1.963707e-15
-2.147588e-15
-2.251671e-15
-2.317591e-15
-2.334938e-15
-2.248202e-15
-2.199629e-15
-2.199629e-15
-2.157996e-15
-2.157996e-15
-2.182282e-15
-2.164935e-15
-2.036565e-15
-2.015749e-15
-1.970646e-15
-1.929013e-15
-1.859624e-15
-1.852685e-15
-1.835337e-15
-1.790235e-15
-1.724315e-15
-1.693090e-15
-1.550843e-15
-1.495332e-15
-1.453698e-15
-1.370432e-15
-1.373901e-15
-1.349615e-15
-1.314920e-15
-1.214306e-15
-1.169204e-15
-1.106754e-15
-1.013079e-15
-8.257284e-16
-7.042977e-16
-6.002143e-16
-4.579670e-16
-3.989864e-16
-3.226586e-16
-2.706169e-16
-2.428613e-16
-1.630640e-16
-1.769418e-16
-1.977585e-16
-2.081668e-16
-1.665335e-16
-1.942890e-16
-1.977585e-16
-2.046974e-16
-1.700029e-16
-9.020562e-17
-2.775558e-17
3.469447e-17
6.591949e-17
-3.816392e-17
-1.006140e-16
-1.873501e-16
-3.504141e-16
-4.857226e-16
-4.718448e-16
-7.008283e-16
-8.291978e-16
-8.985868e-16
-9.922618e-16
-1.030426e-15
-1.068590e-15
-1.082467e-15
-1.096345e-15
-1.089406e-15
-1.200429e-15
-1.259409e-15
-1.332268e-15
-1.255940e-15
-1.221245e-15
-1.269818e-15
-1.273287e-15
-1.259409e-15
-1.193490e-15
-1.106754e-15
-1.061651e-15
-1.092876e-15
-1.023487e-15
-1.009609e-15
-1.002670e-15
-1.023487e-15
-1.013079e-15
-1.020017e-15
-9.506285e-16
-9.679757e-16
-8.847090e-16
-9.228729e-16
-9.575674e-16
-1.023487e-15
-1.044304e-15
-1.148387e-15
-1.089406e-15
-1.096345e-15
-1.037365e-15
-9.957313e-16
-9.957313e-16
-9.298118e-16
-9.402201e-16
-9.957313e-16
-1.016548e-15
-9.818535e-16
-9.818535e-16
-1.148387e-15
-1.228184e-15
-1.349615e-15
-1.301043e-15
-1.318390e-15
-1.412065e-15
-1.474515e-15
-1.530026e-15
-1.543904e-15
-1.634110e-15
-1.727785e-15
-1.700029e-15
-1.686151e-15
-1.741662e-15
-1.828399e-15
-1.790235e-15
-1.741662e-15
-1.575129e-15
-1.568190e-15
-1.575129e-15
-1.592476e-15
-1.599415e-15
-1.484923e-15
-1.398187e-15
-1.193490e-15
-1.047773e-15
-8.777701e-16
-6.453171e-16
-5.100087e-16
-4.406198e-16
-3.677614e-16
-2.289835e-16
-1.665335e-16
-1.734723e-16
-1.908196e-16
-2.463307e-16
-3.365364e-16
-3.851086e-16
-4.544976e-16
-4.718448e-16
-4.857226e-16
-4.406198e-16
-4.683753e-16
-4.336809e-16
-4.302114e-16
-4.787837e-16
-5.377643e-16
-6.800116e-16
-8.187895e-16
-9.818535e-16
-1.283695e-15
-1.509209e-15
-1.686151e-15
-1.849215e-15
-1.998401e-15
-2.092077e-15
-2.213507e-15
-2.223915e-15
-2.223915e-15
-2.279427e-15
-2.286366e-15
-2.182282e-15
-2.206568e-15
-2.192690e-15
-2.102485e-15
-2.057382e-15
-1.949829e-15
-1.849215e-15
-1.918604e-15
-1.911665e-15
-1.859624e-15
-1.821460e-15
-1.804112e-15
-1.748601e-15
-1.668804e-15
-1.595946e-15
-1.439820e-15
-1.335737e-15
-1.301043e-15
-1.301043e-15
-1.221245e-15
-1.214306e-15
-1.228184e-15
-1.207368e-15
-1.120631e-15
-1.040834e-15
-1.016548e-15
-8.500145e-16
-7.285839e-16
-5.689893e-16
-4.510281e-16
-3.504141e-16
-3.573530e-16
-3.018419e-16
-2.775558e-16
-2.185752e-16
-2.324529e-16
-1.561251e-16
-1.491862e-16
-2.081668e-16
-1.561251e-16
-1.977585e-16
-1.353084e-16
-1.249001e-16
-9.367507e-17
-4.163336e-17
-5.551115e-17
-7.979728e-17
-1.144917e-16
-1.179612e-16
-2.463307e-16
-3.087808e-16
-4.302114e-16
-4.857226e-16
-5.828671e-16
-7.667478e-16
-8.812395e-16
-9.263423e-16
-1.009609e-15
-1.131040e-15
-1.259409e-15
-1.356554e-15
-1.415534e-15
-1.446759e-15
-1.425943e-15
-1.436351e-15
-1.491862e-15
-1.464107e-15
-1.474515e-15
-1.491862e-15
-1.391248e-15
-1.311451e-15
-1.280226e-15
-1.269818e-15
-1.158795e-15
-1.117162e-15
-1.054712e-15
-1.037365e-15
-9.992007e-16
-1.013079e-15
-1.054712e-15
-1.096345e-15
-1.072059e-15
-1.033895e-15
-1.030426e-15
-1.078998e-15
-1.124101e-15
-1.190020e-15
-1.190020e-15
-1.176143e-15
-1.148387e-15
-1.002670e-15
-8.638923e-16
-8.569534e-16
-9.436896e-16
-9.783840e-16
-1.006140e-15
-9.887924e-16
-1.002670e-15
-1.037365e-15
-1.186551e-15
-1.283695e-15
-1.311451e-15
-1.294104e-15
-1.283695e-15
-1.321859e-15
-1.325329e-15
-1.380840e-15
-1.443290e-15
-1.602884e-15
-1.706968e-15
-1.679212e-15
-1.703498e-15
-1.734723e-15
-1.706968e-15
-1.658396e-15
-1.616762e-15
-1.658396e-15
-1.682682e-15
-1.658396e-15
-1.630640e-15
-1.582068e-15
-1.415534e-15
-1.245531e-15
-1.089406e-15
-9.783840e-16
-7.840950e-16
-6.245005e-16
-5.169476e-16
-4.614364e-16
-3.261280e-16
-2.498002e-16
-1.353084e-16
-1.040834e-17
-7.979728e-17
-1.595946e-16
-1.977585e-16
-2.359224e-16
-2.949030e-16
-3.851086e-16
-3.573530e-16
-3.504141e-16
-3.365364e-16
-3.365364e-16
-3.157197e-16
-2.602085e-16
-3.365364e-16
-5.447032e-16
-7.910339e-16
-1.002670e-15
-1.169204e-15
-1.443290e-15
-1.668804e-15
-1.866562e-15
-1.963707e-15
-1.984524e-15
-2.043504e-15
-2.071260e-15
-2.133710e-15
-2.185752e-15
-2.109424e-15
-2.105954e-15
-2.140649e-15
-2.060851e-15
-2.026157e-15
-2.012279e-15
-1.987993e-15
-1.974115e-15
-1.915135e-15
-1.960238e-15
-1.946360e-15
-1.897787e-15
-1.824929e-15
-1.724315e-15
-1.550843e-15
-1.446759e-15
-1.349615e-15
-1.321859e-15
-1.307982e-15
-1.259409e-15
-1.186551e-15
-1.224715e-15
-1.214306e-15
-1.068590e-15
-8.847090e-16
-8.743006e-16
-8.118506e-16
-6.765422e-16
-5.377643e-16
-4.857226e-16
-4.440892e-16
-3.747003e-16
-3.365364e-16
-2.463307e-16
-2.046974e-16
-2.081668e-16
-1.665335e-16
-1.110223e-16
-3.122502e-17
-6.591949e-17
-6.938894e-17
-8.673617e-17
-3.816392e-17
1.734723e-17
7.632783e-17
4.857226e-17
5.898060e-17
0.000000e+00
1.040834e-17
-1.353084e-16
-2.324529e-16
-2.879641e-16
-3.365364e-16
-3.642919e-16
-3.781697e-16
-5.898060e-16
-7.251144e-16
-8.812395e-16
-1.026956e-15
-1.092876e-15
-1.287165e-15
-1.373901e-15
-1.471046e-15
-1.516148e-15
-1.582068e-15
-1.599415e-15
-1.613293e-15
-1.686151e-15
-1.700029e-15
-1.557782e-15
-1.467576e-15
-1.429412e-15
-1.408595e-15
-1.335737e-15
-1.294104e-15
-1.266348e-15
-1.231654e-15
-1.186551e-15
-1.131040e-15
-1.110223e-15
-1.134509e-15
-1.176143e-15
-1.096345e-15
-1.099815e-15
-1.117162e-15
-1.082467e-15
-1.117162e-15
-1.158795e-15
-1.089406e-15
-1.124101e-15
-1.013079e-15
-8.743006e-16
-7.875645e-16
-7.494005e-16
-7.008283e-16
-8.153200e-16
-9.645063e-16
-9.610368e-16
-1.009609e-15
-1.061651e-15
-1.148387e-15
-1.238593e-15
-1.242062e-15
-1.221245e-15
-1.196959e-15
-1.262879e-15
-1.266348e-15
-1.301043e-15
-1.419004e-15
-1.606354e-15
-1.644518e-15
-1.613293e-15
-1.599415e-15
-1.509209e-15
-1.491862e-15
-1.540434e-15
-1.557782e-15
-1.609823e-15
-1.641048e-15
-1.637579e-15
-1.543904e-15
-1.432882e-15
-1.307982e-15
-1.172673e-15
-1.044304e-15
-8.569534e-16
-7.320533e-16
-5.863365e-16
-4.336809e-16
-2.879641e-16
-2.116363e-16
-1.214306e-16
4.857226e-17
5.551115e-17
6.245005e-17
9.020562e-17
3.469447e-17
-7.285839e-17
-1.144917e-16
-1.804112e-16
-1.700029e-16
-2.081668e-16
-2.151057e-16
-2.255141e-16
-2.740863e-16
-3.365364e-16
-4.406198e-16
-5.134781e-16
-7.147061e-16
-8.777701e-16
-9.020562e-16
-1.134509e-15
-1.380840e-15
-1.554312e-15
-1.800643e-15
-1.949829e-15
-1.987993e-15
-1.991463e-15
-1.960238e-15
-1.932482e-15
-1.942890e-15
-1.998401e-15
-1.963707e-15
-1.970646e-15
-2.026157e-15
-1.949829e-15
-1.946360e-15
-1.956768e-15
-1.835337e-15
-1.852685e-15
-1.845746e-15
-1.752071e-15
-1.679212e-15
-1.616762e-15
-1.512679e-15
-1.398187e-15
-1.262879e-15
-1.207368e-15
-1.207368e-15
-1.169204e-15
-1.131040e-15
-1.155326e-15
-1.075529e-15
-9.575674e-16
-7.979728e-16
-6.661338e-16
-5.377643e-16
-4.683753e-16
-3.781697e-16
-2.844947e-16
-3.122502e-16
-2.983724e-16
-2.914335e-16
-2.602085e-16
-1.838807e-16
-1.769418e-16
-1.595946e-16
-1.457168e-16
-4.857226e-17
-1.387779e-17
-6.938894e-17
0.000000e+00
3.816392e-17
6.245005e-17
-6.938894e-18
-1.040834e-17
-1.734723e-17
-5.204170e-17
-2.012279e-16
-2.949030e-16
-3.157197e-16
-3.434752e-16
-3.053113e-16
-3.747003e-16
-4.267420e-16
-5.169476e-16
-5.828671e-16
-7.979728e-16
-9.367507e-16
-1.089406e-15
-1.259409e-15
-1.432882e-15
-1.589007e-15
-1.654926e-15
-1.627171e-15
-1.620232e-15
-1.689621e-15
-1.682682e-15
-1.668804e-15
-1.589007e-15
-1.471046e-15
-1.436351e-15
-1.380840e-15
-1.356554e-15
-1.380840e-15
-1.356554e-15
-1.249001e-15
-1.162265e-15
-1.162265e-15
-1.172673e-15
-1.169204e-15
-1.183081e-15
-1.110223e-15
-1.089406e-15
-1.061651e-15
-1.113692e-15
-1.106754e-15
-1.096345e-15
-1.068590e-15
-1.020017e-15
-9.714451e-16
-8.326673e-16
-6.869505e-16
-6.487866e-16
-5.724587e-16
-7.077672e-16
-7.910339e-16
-9.124645e-16
-9.645063e-16
-9.992007e-16
-1.023487e-15
-1.089406e-15
-1.078998e-15
-1.044304e-15
-1.006140e-15
-1.033895e-15
-1.037365e-15
-1.113692e-15
-1.238593e-15
-1.335737e-15
-1.387779e-15
-1.443290e-15
-1.495332e-15
-1.450229e-15
-1.405126e-15
-1.328798e-15
-1.457168e-15
-1.550843e-15
-1.523087e-15
-1.498801e-15
-1.425943e-15
-1.266348e-15
-1.120631e-15
-1.047773e-15
-9.194034e-16
-7.459311e-16
-6.279699e-16
-4.718448e-16
-3.781697e-16
-2.636780e-16
-1.144917e-16
1.734723e-17
1.422473e-16
1.838807e-16
2.116363e-16
1.804112e-16
1.908196e-16
1.422473e-16
1.006140e-16
3.816392e-17
-3.122502e-17
-3.469447e-18
-1.734723e-17
-7.979728e-17
-2.289835e-16
-3.469447e-16
-4.649059e-16
-5.481726e-16
-6.765422e-16
-8.291978e-16
-9.679757e-16
-1.078998e-15
-1.200429e-15
-1.412065e-15
-1.644518e-15
-1.748601e-15
-1.804112e-15
-1.828399e-15
-1.811051e-15
-1.759010e-15
-1.804112e-15
-1.870032e-15
-1.897787e-15
-1.956768e-15
-1.984524e-15
-1.998401e-15
-1.946360e-15
-1.922074e-15
-1.866562e-15
-1.811051e-15
-1.710437e-15
-1.651457e-15
-1.589007e-15
-1.505740e-15
-1.436351e-15
-1.252470e-15
-1.176143e-15
-1.103284e-15
-1.082467e-15
-1.013079e-15
-1.006140e-15
-9.471590e-16
-8.569534e-16
-8.083811e-16
-6.938894e-16
-6.106227e-16
-4.475587e-16
-3.781697e-16
-3.226586e-16
-2.636780e-16
-3.191891e-16
-2.844947e-16
-2.602085e-16
-2.324529e-16
-2.185752e-16
-2.046974e-16
-1.700029e-16
-5.204170e-17
-4.510281e-17
-3.122502e-17
1.387779e-17
5.204170e-17
0.000000e+00
-1.040834e-17
3.122502e-17
-1.040834e-17
-2.775558e-17
-4.857226e-17
-1.179612e-16
-1.942890e-16
-2.636780e-16
-3.747003e-16
-4.336809e-16
-4.544976e-16
-4.718448e-16
-5.377643e-16
-6.487866e-16
-8.049117e-16
-9.436896e-16
-1.078998e-15
-1.179612e-15
-1.304512e-15
-1.488393e-15
-1.637579e-15
-1.641048e-15
-1.585537e-15
-1.616762e-15
-1.620232e-15
-1.595946e-15
-1.595946e-15
-1.526557e-15
-1.415534e-15
-1.384309e-15
-1.380840e-15
-1.391248e-15
-1.422473e-15
-1.391248e-15
-1.269818e-15
-1.297573e-15
-1.217776e-15
-1.179612e-15
-1.099815e-15
-1.051242e-15
-1.065120e-15
-9.992007e-16
-1.040834e-15
-1.030426e-15
-9.749146e-16
-9.159340e-16
-8.604228e-16
-8.361367e-16
-7.424616e-16
-6.800116e-16
-5.898060e-16
-5.655199e-16
-5.620504e-16
-6.557255e-16
-7.806256e-16
-8.673617e-16
-9.020562e-16
-9.159340e-16
-9.159340e-16
-8.847090e-16
-9.402201e-16
-9.402201e-16
-8.847090e-16
-1.002670e-15
-1.009609e-15
-1.009609e-15
-1.044304e-15
-1.106754e-15
-1.252470e-15
-1.283695e-15
-1.266348e-15
-1.221245e-15
-1.200429e-15
-1.190020e-15
-1.155326e-15
-1.186551e-15
-1.172673e-15
-1.082467e-15
-9.159340e-16
-8.014422e-16
-6.522560e-16
-5.481726e-16
-4.753142e-16
-3.053113e-16
-1.630640e-16
-5.204170e-17
4.510281e-17
1.526557e-16
2.220446e-16
2.602085e-16
3.122502e-16
3.087808e-16
3.538836e-16
3.677614e-16
3.191891e-16
2.463307e-16
2.046974e-16
9.020562e-17
-1.040834e-17
-3.816392e-17
-1.006140e-16
-2.185752e-16
-2.775558e-16
-4.163336e-16
-5.204170e-16
-5.828671e-16
-6.938894e-16
-8.083811e-16
-9.679757e-16
-1.155326e-15
-1.294104e-15
-1.446759e-15
-1.602884e-15
-1.620232e-15
-1.616762e-15
-1.641048e-15
-1.675743e-15
-1.720846e-15
-1.786765e-15
-1.942890e-15
-2.019218e-15
-1.998401e-15
-1.939421e-15
-1.887379e-15
-1.741662e-15
-1.658396e-15
-1.571659e-15
-1.543904e-15
-1.516148e-15
-1.484923e-15
-1.370432e-15
-1.242062e-15
-1.172673e-15
-1.016548e-15
-9.679757e-16
-9.575674e-16
-9.436896e-16
-8.569534e-16
-7.806256e-16
-7.806256e-16
-7.181755e-16
-5.828671e-16
-5.689893e-16
-5.065393e-16
-3.989864e-16
-3.365364e-16
-3.261280e-16
-3.677614e-16
-3.955170e-16
-3.330669e-16
-3.087808e-16
-3.573530e-16
-3.434752e-16
-1.630640e-16
-7.632783e-17
-3.122502e-17
-3.469447e-17
-1.387779e-17
-1.734723e-17
2.428613e-17
1.734723e-17
2.428613e-17
-2.081668e-17
-1.040834e-16
-1.283695e-16
-1.457168e-16
-2.046974e-16
-2.983724e-16
-3.573530e-16
-4.753142e-16
-4.891920e-16
-5.551115e-16
-6.071532e-16
-7.251144e-16
-8.396062e-16
-9.124645e-16
-1.037365e-15
-1.165734e-15
-1.283695e-15
-1.366962e-15
-1.554312e-15
-1.703498e-15
-1.755540e-15
-1.703498e-15
-1.679212e-15
-1.602884e-15
-1.516148e-15
-1.530026e-15
-1.464107e-15
-1.526557e-15
-1.443290e-15
-1.398187e-15
-1.432882e-15
-1.349615e-15
-1.245531e-15
-1.231654e-15
-1.217776e-15
-1.172673e-15
-1.096345e-15
-1.092876e-15
-1.051242e-15
-1.033895e-15
-9.714451e-16
-9.818535e-16
-9.575674e-16
-8.708312e-16
-7.910339e-16
-8.361367e-16
-7.563394e-16
-6.696033e-16
-5.308254e-16
-5.342948e-16
-5.828671e-16
-6.175616e-16
-6.730727e-16
-7.598089e-16
-8.049117e-16
-8.638923e-16
-8.291978e-16
-8.291978e-16
-8.638923e-16
-8.985868e-16
-1.013079e-15
-1.016548e-15
-9.506285e-16
-9.194034e-16
-8.847090e-16
-1.002670e-15
-1.082467e-15
-1.137979e-15
-1.179612e-15
-1.242062e-15
-1.252470e-15
-1.096345e-15
-1.061651e-15
-1.023487e-15
-9.332812e-16
-8.847090e-16
-7.459311e-16
-6.036838e-16
-4.649059e-16
-3.642919e-16
-2.844947e-16
-2.116363e-16
-1.595946e-16
-7.979728e-17
-1.387779e-17
1.734723e-17
1.353084e-16
2.151057e-16
2.463307e-16
3.122502e-16
3.747003e-16
3.504141e-16
3.538836e-16
3.226586e-16
2.567391e-16
1.700029e-16
1.734723e-16
3.122502e-17
-6.245005e-17
-8.326673e-17
-1.526557e-16
-2.775558e-16
-5.169476e-16
-6.765422e-16
-8.118506e-16
-8.951173e-16
-9.853229e-16
-1.040834e-15
-1.176143e-15
-1.325329e-15
-1.422473e-15
-1.568190e-15
-1.658396e-15
-1.713907e-15
-1.658396e-15
-1.717376e-15
-1.769418e-15
-1.849215e-15
-1.897787e-15
-1.925543e-15
-1.894318e-15
-1.811051e-15
-1.693090e-15
-1.592476e-15
-1.477984e-15
-1.342676e-15
-1.276756e-15
-1.262879e-15
-1.242062e-15
-1.203898e-15
-1.141448e-15
-1.013079e-15
-8.291978e-16
-8.153200e-16
-8.326673e-16
-8.014422e-16
-7.528700e-16
-6.383782e-16
-5.759282e-16
-5.481726e-16
-4.996004e-16
-4.024558e-16
-3.504141e-16
-3.642919e-16
-3.920475e-16
-3.955170e-16
-3.955170e-16
-4.024558e-16
-4.059253e-16
-3.400058e-16
-2.567391e-16
-1.908196e-16
-2.116363e-16
-2.116363e-16
-1.214306e-16
-8.326673e-17
-4.857226e-17
3.469447e-18
6.591949e-17
7.285839e-17
1.214306e-16
1.040834e-17
-7.632783e-17
-1.110223e-16
-1.283695e-16
-2.428613e-16
-3.608225e-16
-5.204170e-16
-6.869505e-16
-7.008283e-16
-6.938894e-16
-7.563394e-16
-8.187895e-16
-9.402201e-16
-1.037365e-15
-1.169204e-15
-1.158795e-15
-1.276756e-15
-1.405126e-15
-1.512679e-15
-1.609823e-15
-1.672273e-15
-1.540434e-15
-1.443290e-15
-1.519618e-15
-1.557782e-15
-1.516148e-15
-1.477984e-15
-1.457168e-15
-1.429412e-15
-1.401657e-15
-1.238593e-15
-1.183081e-15
-1.096345e-15
-1.085937e-15
-1.061651e-15
-1.078998e-15
-1.058181e-15
-1.020017e-15
-8.951173e-16
-9.332812e-16
-9.436896e-16
-8.916479e-16
-8.500145e-16
-8.118506e-16
-7.910339e-16
-6.938894e-16
-5.967449e-16
-5.516421e-16
-4.926615e-16
-4.996004e-16
-5.655199e-16
-6.349088e-16
-6.696033e-16
-7.147061e-16
-7.494005e-16
-7.112366e-16
-8.257284e-16
-8.985868e-16
-8.881784e-16
-8.638923e-16
-8.812395e-16
-8.812395e-16
-8.326673e-16
-8.222589e-16
-8.326673e-16
-9.332812e-16
-1.065120e-15
-1.183081e-15
-1.165734e-15
-1.089406e-15
-9.957313e-16
-8.847090e-16
-7.667478e-16
-7.042977e-16
-6.314393e-16
-5.620504e-16
-4.475587e-16
-3.434752e-16
-2.463307e-16
-2.081668e-16
-2.324529e-16
-1.665335e-16
-1.040834e-16
-6.245005e-17
-6.938894e-18
7.632783e-17
1.249001e-16
1.179612e-16
2.151057e-16
2.706169e-16
2.983724e-16
3.677614e-16
3.538836e-16
3.261280e-16
2.706169e-16
1.630640e-16
1.387779e-17
-9.367507e-17
-1.700029e-16
-3.018419e-16
-3.677614e-16
-5.238865e-16
-6.557255e-16
-7.945034e-16
-8.534840e-16
-9.575674e-16
-1.033895e-15
-1.162265e-15
-1.249001e-15
-1.360023e-15
-1.498801e-15
-1.609823e-15
-1.654926e-15
-1.720846e-15
-1.713907e-15
-1.748601e-15
-1.769418e-15
-1.783296e-15
-1.745132e-15
-1.717376e-15
-1.661865e-15
-1.599415e-15
-1.436351e-15
-1.380840e-15
-1.269818e-15
-1.186551e-15
-1.089406e-15
-1.047773e-15
-1.072059e-15
-9.992007e-16
-9.887924e-16
-8.916479e-16
-8.326673e-16
-7.632783e-16
-7.528700e-16
-6.765422e-16
-5.967449e-16
-5.689893e-16
-5.134781e-16
-4.406198e-16
-3.712308e-16
-3.053113e-16
-2.914335e-16
-3.747003e-16
-4.059253e-16
-4.093947e-16
-3.851086e-16
-4.302114e-16
-4.371503e-16
-4.163336e-16
-3.573530e-16
-2.289835e-16
-1.838807e-16
-1.179612e-16
-7.979728e-17
-1.179612e-16
-9.367507e-17
-6.938894e-17
1.387779e-17
2.428613e-17
2.775558e-17
-5.551115e-17
-1.804112e-16
-2.983724e-16
-4.475587e-16
-5.447032e-16
-6.245005e-16
-7.389922e-16
-7.424616e-16
-7.494005e-16
-7.806256e-16
-8.257284e-16
-9.645063e-16
-1.051242e-15
-1.113692e-15
-1.158795e-15
-1.311451e-15
-1.360023e-15
-1.491862e-15
-1.557782e-15
-1.651457e-15
-1.602884e-15
-1.606354e-15
-1.630640e-15
-1.641048e-15
-1.599415e-15
-1.564721e-15
-1.536965e-15
-1.405126e-15
-1.311451e-15
-1.203898e-15
-1.127570e-15
-1.026956e-15
-9.922618e-16
-1.013079e-15
-1.047773e-15
-9.922618e-16
-1.054712e-15
-1.026956e-15
-1.016548e-15
-9.783840e-16
-8.708312e-16
-8.604228e-16
-8.361367e-16
-8.118506e-16
-7.181755e-16
-6.349088e-16
-6.140921e-16
-5.898060e-16
-5.759282e-16
-5.585810e-16
-5.447032e-16
-5.585810e-16
-5.863365e-16
-6.765422e-16
-6.904199e-16
-7.181755e-16
-7.494005e-16
-7.389922e-16
-7.598089e-16
-7.945034e-16
-8.187895e-16
-8.083811e-16
-7.181755e-16
-8.014422e-16
-8.465451e-16
-8.465451e-16
-9.506285e-16
-9.749146e-16
-9.679757e-16
-8.604228e-16
-7.945034e-16
-7.251144e-16
-6.349088e-16
-6.279699e-16
-5.238865e-16
-4.302114e-16
-3.261280e-16
-3.365364e-16
-3.157197e-16
-3.122502e-16
-3.365364e-16
-2.740863e-16
-1.526557e-16
-5.551115e-17
-3.122502e-17
4.857226e-17
9.714451e-17
1.249001e-16
1.353084e-16
2.879641e-16
3.712308e-16
4.198031e-16
4.475587e-16
3.573530e-16
1.977585e-16
1.353084e-16
7.632783e-17
-1.006140e-16
-2.636780e-16
-3.573530e-16
-4.961309e-16
-6.349088e-16
-8.014422e-16
-8.291978e-16
-9.853229e-16
-9.783840e-16
-1.037365e-15
-1.103284e-15
-1.238593e-15
-1.304512e-15
-1.405126e-15
-1.536965e-15
-1.661865e-15
-1.606354e-15
-1.592476e-15
-1.550843e-15
-1.578598e-15
-1.623701e-15
-1.661865e-15
-1.582068e-15
-1.460637e-15
-1.294104e-15
-1.217776e-15
-1.155326e-15
-1.009609e-15
-9.402201e-16
-8.638923e-16
-8.916479e-16
-8.847090e-16
-8.396062e-16
-7.840950e-16
-6.904199e-16
-5.204170e-16
-4.649059e-16
-4.891920e-16
-5.204170e-16
-4.718448e-16
-3.295975e-16
-3.053113e-16
-3.087808e-16
-3.053113e-16
-3.018419e-16
-3.573530e-16
-4.371503e-16
-4.232725e-16
-4.544976e-16
-4.822531e-16
-4.544976e-16
-4.024558e-16
-3.573530e-16
-1.942890e-16
-1.110223e-16
-9.367507e-17
-5.551115e-17
-1.387779e-17
-1.387779e-17
-4.857226e-17
-1.387779e-17
4.857226e-17
6.591949e-17
-3.122502e-17
-1.838807e-16
-3.469447e-16
-4.371503e-16
-5.065393e-16
-6.383782e-16
-7.251144e-16
-8.465451e-16
-9.020562e-16
-9.020562e-16
-9.089951e-16
-9.714451e-16
-9.957313e-16
-1.072059e-15
-1.210837e-15
-1.210837e-15
-1.314920e-15
-1.422473e-15
-1.495332e-15
-1.519618e-15
-1.495332e-15
-1.533496e-15
-1.557782e-15
-1.526557e-15
-1.516148e-15
-1.540434e-15
-1.495332e-15
-1.405126e-15
-1.283695e-15
-1.207368e-15
-1.141448e-15
-1.054712e-15
-1.044304e-15
-1.020017e-15
-1.037365e-15
-9.887924e-16
-1.016548e-15
-1.047773e-15
-1.065120e-15
-9.610368e-16
-9.367507e-16
-9.228729e-16
-8.881784e-16
-7.355228e-16
-7.008283e-16
-6.383782e-16
-5.967449e-16
-6.557255e-16
-5.238865e-16
-4.232725e-16
-4.302114e-16
-4.302114e-16
-5.100087e-16
-5.342948e-16
-6.036838e-16
-5.967449e-16
-5.967449e-16
-6.140921e-16
-6.036838e-16
-6.036838e-16
-6.314393e-16
-6.765422e-16
-7.355228e-16
-7.667478e-16
-7.389922e-16
-7.840950e-16
-7.736867e-16
-7.806256e-16
-7.910339e-16
-7.285839e-16
-6.487866e-16
-5.759282e-16
-5.169476e-16
-4.267420e-16
-3.504141e-16
-3.365364e-16
-2.671474e-16
-2.324529e-16
-2.081668e-16
-2.081668e-16
-1.491862e-16
-1.040834e-16
-6.591949e-17
-8.326673e-17
-2.081668e-17
3.122502e-17
1.838807e-16
2.949030e-16
3.469447e-16
3.920475e-16
3.955170e-16
4.406198e-16
3.989864e-16
3.434752e-16
2.498002e-16
1.006140e-16
-6.938894e-17
-1.977585e-16
-2.567391e-16
-3.018419e-16
-4.544976e-16
-5.759282e-16
-7.840950e-16
-8.187895e-16
-9.020562e-16
-9.992007e-16
-1.044304e-15
-1.141448e-15
-1.321859e-15
-1.328798e-15
-1.380840e-15
-1.477984e-15
-1.582068e-15
-1.609823e-15
-1.536965e-15
-1.464107e-15
-1.405126e-15
-1.419004e-15
-1.366962e-15
-1.273287e-15
-1.183081e-15
-1.183081e-15
-1.016548e-15
-9.298118e-16
-8.291978e-16
-7.389922e-16
-6.765422e-16
-6.314393e-16
-6.036838e-16
-6.175616e-16
-5.655199e-16
-4.614364e-16
-3.851086e-16
-2.844947e-16
-3.469447e-16
-3.747003e-16
-3.087808e-16
-2.636780e-16
-2.116363e-16
-2.116363e-16
-1.908196e-16
-1.942890e-16
-2.324529e-16
-2.359224e-16
-2.671474e-16
-3.400058e-16
-3.087808e-16
-2.324529e-16
-1.769418e-16
-1.283695e-16
-3.469447e-18
-3.469447e-18
-1.734723e-17
-5.551115e-17
-2.775558e-17
1.734723e-17
2.775558e-17
0.000000e+00
-3.469447e-18
-1.040834e-17
-1.353084e-16
-2.081668e-16
-3.504141e-16
-4.683753e-16
-5.620504e-16
-6.314393e-16
-7.459311e-16
-8.326673e-16
-9.332812e-16
-9.367507e-16
-9.332812e-16
-9.853229e-16
-1.020017e-15
-1.037365e-15
-1.162265e-15
-1.217776e-15
-1.356554e-15
-1.349615e-15
-1.439820e-15
-1.439820e-15
-1.481454e-15
-1.533496e-15
-1.585537e-15
-1.592476e-15
-1.595946e-15
-1.554312e-15
-1.495332e-15
-1.450229e-15
-1.328798e-15
-1.311451e-15
-1.266348e-15
-1.137979e-15
-1.058181e-15
-1.092876e-15
-1.072059e-15
-1.044304e-15
-1.047773e-15
-1.040834e-15
-1.040834e-15
-9.749146e-16
-9.332812e-16
-9.124645e-16
-7.945034e-16
-7.251144e-16
-7.459311e-16
-6.453171e-16
-6.661338e-16
-6.661338e-16
-5.412337e-16
-5.030698e-16
-4.718448e-16
-4.093947e-16
-4.232725e-16
-3.712308e-16
-4.371503e-16
-4.926615e-16
-4.649059e-16
-4.163336e-16
-4.059253e-16
-4.440892e-16
-5.169476e-16
-5.759282e-16
-6.314393e-16
-6.696033e-16
-6.522560e-16
-7.389922e-16
-6.557255e-16
-6.210310e-16
-5.932754e-16
-6.245005e-16
-5.793976e-16
-5.412337e-16
-4.579670e-16
-3.816392e-16
-3.330669e-16
-1.873501e-16
-2.012279e-16
-1.769418e-16
-1.734723e-16
-1.769418e-16
-1.110223e-16
-1.179612e-16
-1.353084e-16
-1.179612e-16
-5.204170e-17
4.163336e-17
1.318390e-16
2.393918e-16
3.400058e-16
3.677614e-16
3.781697e-16
3.816392e-16
3.261280e-16
3.018419e-16
2.636780e-16
1.977585e-16
2.428613e-17
-1.491862e-16
-2.602085e-16
-4.336809e-16
-5.412337e-16
-6.869505e-16
-8.118506e-16
-8.881784e-16
-9.853229e-16
-1.124101e-15
-1.131040e-15
-1.148387e-15
-1.179612e-15
-1.255940e-15
-1.287165e-15
-1.415534e-15
-1.536965e-15
-1.498801e-15
-1.509209e-15
-1.446759e-15
-1.287165e-15
-1.210837e-15
-1.106754e-15
-1.009609e-15
-9.853229e-16
-9.645063e-16
-8.396062e-16
-8.049117e-16
-7.667478e-16
-6.557255e-16
-6.036838e-16
-5.100087e-16
-5.551115e-16
-5.655199e-16
-4.857226e-16
-4.649059e-16
-4.163336e-16
-3.087808e-16
-2.706169e-16
-2.255141e-16
-2.151057e-16
-2.463307e-16
-2.046974e-16
-1.908196e-16
-1.595946e-16
-1.700029e-16
-1.561251e-16
-1.387779e-16
-1.283695e-16
-1.665335e-16
-1.491862e-16
-3.469447e-17
0.000000e+00
-4.510281e-17
-5.204170e-17
-4.163336e-17
-4.163336e-17
-1.387779e-17
-5.898060e-17
-1.734723e-17
-6.245005e-17
-1.283695e-16
-1.838807e-16
-2.393918e-16
-2.914335e-16
-4.024558e-16
-4.649059e-16
-5.342948e-16
-5.655199e-16
-6.453171e-16
-6.904199e-16
-7.077672e-16
-8.465451e-16
-9.332812e-16
-9.957313e-16
-1.013079e-15
-9.645063e-16
-1.051242e-15
-1.131040e-15
-1.190020e-15
-1.276756e-15
-1.370432e-15
-1.394718e-15
-1.380840e-15
-1.342676e-15
-1.405126e-15
-1.467576e-15
-1.488393e-15
-1.536965e-15
-1.543904e-15
-1.471046e-15
-1.439820e-15
-1.349615e-15
-1.349615e-15
-1.242062e-15
-1.141448e-15
-1.092876e-15
-1.099815e-15
-1.044304e-15
-1.061651e-15
-9.402201e-16
-9.298118e-16
-8.569534e-16
-8.430756e-16
-7.979728e-16
-7.598089e-16
-7.008283e-16
-6.349088e-16
-6.522560e-16
-5.967449e-16
-5.724587e-16
-4.718448e-16
-4.267420e-16
-3.885781e-16
-3.365364e-16
-3.816392e-16
-3.504141e-16
-4.302114e-16
-4.336809e-16
-3.677614e-16
-2.775558e-16
-2.636780e-16
-2.983724e-16
-3.191891e-16
-3.885781e-16
-4.891920e-16
-5.828671e-16
-5.898060e-16
-5.898060e-16
-6.106227e-16
-5.585810e-16
-5.273559e-16
-4.406198e-16
-3.504141e-16
-2.983724e-16
-2.324529e-16
-1.526557e-16
-1.665335e-16
-1.179612e-16
-7.632783e-17
-8.326673e-17
-6.591949e-17
6.938894e-18
2.081668e-17
7.979728e-17
4.510281e-17
4.510281e-17
4.857226e-17
6.938894e-18
7.632783e-17
1.977585e-16
2.636780e-16
3.295975e-16
3.573530e-16
3.642919e-16
3.400058e-16
3.261280e-16
2.463307e-16
2.602085e-16
1.977585e-16
2.081668e-17
-9.714451e-17
-2.463307e-16
-3.851086e-16
-5.273559e-16
-6.869505e-16
-8.291978e-16
-9.922618e-16
-1.040834e-15
-1.047773e-15
-1.023487e-15
-1.106754e-15
-1.165734e-15
-1.269818e-15
-1.342676e-15
-1.387779e-15
-1.443290e-15
-1.471046e-15
-1.439820e-15
-1.290634e-15
-1.158795e-15
-1.033895e-15
-9.159340e-16
-8.291978e-16
-8.222589e-16
-8.083811e-16
-7.632783e-16
-6.765422e-16
-6.626644e-16
-6.210310e-16
-5.863365e-16
-5.065393e-16
-4.198031e-16
-3.573530e-16
-3.053113e-16
-2.602085e-16
-2.359224e-16
-2.359224e-16
-1.769418e-16
-8.673617e-17
-1.387779e-16
-1.422473e-16
-1.318390e-16
-1.318390e-16
-1.977585e-16
-2.046974e-16
-1.561251e-16
-9.367507e-17
-5.204170e-17
0.000000e+00
3.122502e-17
8.673617e-17
1.318390e-16
1.110223e-16
-5.551115e-17
-6.591949e-17
-4.163336e-17
-3.122502e-17
-6.591949e-17
-1.283695e-16
-1.977585e-16
-2.844947e-16
-2.949030e-16
-3.295975e-16
-3.642919e-16
-4.024558e-16
-3.747003e-16
-4.371503e-16
-4.475587e-16
-5.273559e-16
-6.071532e-16
-6.071532e-16
-7.077672e-16
-8.187895e-16
-8.881784e-16
-9.298118e-16
-9.540979e-16
-1.065120e-15
-1.096345e-15
-1.231654e-15
-1.304512e-15
-1.318390e-15
-1.283695e-15
-1.377370e-15
-1.446759e-15
-1.457168e-15
-1.460637e-15
-1.443290e-15
-1.460637e-15
-1.464107e-15
-1.477984e-15
-1.488393e-15
-1.360023e-15
-1.287165e-15
-1.242062e-15
-1.144917e-15
-1.016548e-15
-9.298118e-16
-8.985868e-16
-8.985868e-16
-8.118506e-16
-7.806256e-16
-7.285839e-16
-7.528700e-16
-7.285839e-16
-7.042977e-16
-6.175616e-16
-5.793976e-16
-5.898060e-16
-6.071532e-16
-5.689893e-16
-4.336809e-16
-4.059253e-16
-3.365364e-16
-2.740863e-16
-3.365364e-16
-3.573530e-16
-3.955170e-16
-3.816392e-16
-3.989864e-16
-3.261280e-16
-2.775558e-16
-2.810252e-16
-2.567391e-16
-2.879641e-16
-2.879641e-16
-3.885781e-16
-3.851086e-16
-4.198031e-16
-3.365364e-16
-3.087808e-16
-2.428613e-16
-2.428613e-16
-1.561251e-16
-2.428613e-17
3.122502e-17
5.551115e-17
2.081668e-17
-6.938894e-18
-3.816392e-17
-1.040834e-17
2.428613e-17
3.469447e-17
1.318390e-16
1.214306e-16
1.457168e-16
1.526557e-16
1.179612e-16
3.122502e-17
4.163336e-17
1.387779e-16
2.602085e-16
2.324529e-16
1.838807e-16
2.532696e-16
2.810252e-16
3.747003e-16
3.434752e-16
2.567391e-16
1.457168e-16
5.204170e-17
-1.318390e-16
-3.365364e-16
-3.885781e-16
-4.857226e-16
-6.626644e-16
-8.291978e-16
-9.749146e-16
-1.037365e-15
-1.030426e-15
-1.068590e-15
-1.054712e-15
-1.099815e-15
-1.210837e-15
-1.224715e-15
-1.249001e-15
-1.190020e-15
-1.238593e-15
-1.141448e-15
-1.051242e-15
-8.847090e-16
-7.528700e-16
-6.973588e-16
-6.800116e-16
-6.973588e-16
-6.314393e-16
-5.585810e-16
-5.065393e-16
-4.406198e-16
-3.816392e-16
-2.949030e-16
-2.706169e-16
-1.595946e-16
-1.249001e-16
-6.938894e-18
3.469447e-18
2.775558e-17
2.428613e-17
-3.469447e-18
2.428613e-17
0.000000e+00
1.040834e-17
0.000000e+00
1.734723e-17
-5.898060e-17
-4.510281e-17
-6.245005e-17
-5.898060e-17
-5.898060e-17
-6.938894e-18
4.857226e-17
6.245005e-17
6.938894e-17
9.020562e-17
-5.551115e-17
-2.116363e-16
-2.567391e-16
-2.185752e-16
-1.838807e-16
-2.983724e-16
-2.671474e-16
-3.295975e-16
-2.949030e-16
-2.636780e-16
-3.538836e-16
-3.677614e-16
-3.642919e-16
-3.538836e-16
-4.093947e-16
-3.712308e-16
-3.261280e-16
-4.302114e-16
-5.932754e-16
-7.840950e-16
-8.361367e-16
-8.985868e-16
-9.783840e-16
-1.023487e-15
-1.120631e-15
-1.224715e-15
-1.235123e-15
-1.179612e-15
-1.210837e-15
-1.269818e-15
-1.328798e-15
-1.339207e-15
-1.377370e-15
-1.425943e-15
-1.415534e-15
-1.366962e-15
-1.366962e-15
-1.342676e-15
-1.342676e-15
-1.238593e-15
-1.051242e-15
-9.436896e-16
-8.465451e-16
-7.806256e-16
-7.910339e-16
-7.285839e-16
-7.459311e-16
-7.355228e-16
-7.077672e-16
-7.181755e-16
-6.557255e-16
-6.487866e-16
-6.140921e-16
-6.036838e-16
-5.481726e-16
-5.412337e-16
-4.822531e-16
-3.851086e-16
-3.295975e-16
-3.295975e-16
-3.469447e-16
-3.747003e-16
-4.059253e-16
-3.191891e-16
-2.810252e-16
-3.330669e-16
-3.677614e-16
-3.504141e-16
-3.295975e-16
-3.400058e-16
-3.677614e-16
-3.989864e-16
-3.573530e-16
-2.706169e-16
-2.914335e-16
-2.567391e-16
-2.602085e-16
-1.457168e-16
-7.632783e-17
-2.775558e-17
3.816392e-17
2.081668e-17
5.204170e-17
1.110223e-16
1.249001e-16
1.908196e-16
2.463307e-16
2.498002e-16
2.393918e-16
1.838807e-16
1.491862e-16
2.081668e-16
1.630640e-16
1.630640e-16
2.046974e-16
1.595946e-16
1.491862e-16
1.700029e-16
1.977585e-16
1.526557e-16
1.526557e-16
2.151057e-16
2.844947e-16
3.191891e-16
2.914335e-16
1.422473e-16
-3.469447e-18
-1.838807e-16
-3.365364e-16
-4.371503e-16
-4.961309e-16
-6.106227e-16
-7.424616e-16
-8.396062e-16
-9.332812e-16
-1.023487e-15
-1.124101e-15
-1.134509e-15
-1.072059e-15
-1.096345e-15
-1.078998e-15
-1.047773e-15
-9.367507e-16
-9.402201e-16
-9.159340e-16
-8.638923e-16
-7.285839e-16
-6.626644e-16
-5.932754e-16
-5.238865e-16
-4.718448e-16
-4.649059e-16
-4.475587e-16
-3.781697e-16
-2.393918e-16
-1.387779e-16
-2.775558e-17
6.591949e-17
1.283695e-16
1.630640e-16
2.116363e-16
2.879641e-16
3.018419e-16
2.983724e-16
2.393918e-16
2.324529e-16
2.046974e-16
1.769418e-16
9.020562e-17
3.469447e-17
-4.857226e-17
-7.979728e-17
-2.081668e-17
-1.387779e-17
-1.040834e-17
1.110223e-16
1.561251e-16
1.595946e-16
1.283695e-16
5.551115e-17
-4.163336e-17
-1.526557e-16
-2.220446e-16
-3.053113e-16
-3.573530e-16
-3.538836e-16
-3.226586e-16
-3.087808e-16
-2.289835e-16
-2.428613e-16
-3.295975e-16
-2.914335e-16
-2.289835e-16
-1.977585e-16
-2.255141e-16
-2.775558e-16
-3.053113e-16
-4.440892e-16
-5.932754e-16
-6.765422e-16
-7.702172e-16
-8.465451e-16
-9.402201e-16
-9.887924e-16
-1.089406e-15
-1.158795e-15
-1.144917e-15
-1.162265e-15
-1.165734e-15
-1.228184e-15
-1.335737e-15
-1.366962e-15
-1.384309e-15
-1.366962e-15
-1.346145e-15
-1.255940e-15
-1.217776e-15
-1.183081e-15
-1.169204e-15
-1.127570e-15
-1.026956e-15
-9.159340e-16
-8.222589e-16
-7.216450e-16
-6.487866e-16
-6.626644e-16
-7.147061e-16
-7.042977e-16
-7.424616e-16
-7.147061e-16
-6.800116e-16
-6.418477e-16
-6.453171e-16
-6.834810e-16
-6.557255e-16
-6.314393e-16
-5.655199e-16
-4.996004e-16
-3.955170e-16
-2.810252e-16
-2.983724e-16
-2.949030e-16
-3.781697e-16
-3.677614e-16
-3.087808e-16
-2.498002e-16
-3.538836e-16
-4.302114e-16
-4.302114e-16
-3.816392e-16
-3.469447e-16
-3.261280e-16
-3.087808e-16
-2.463307e-16
-1.873501e-16
-1.561251e-16
-1.249001e-16
-1.040834e-16
-2.775558e-17
-3.122502e-17
1.734723e-17
6.591949e-17
1.179612e-16
1.249001e-16
2.289835e-16
3.573530e-16
4.198031e-16
4.128642e-16
3.816392e-16
3.053113e-16
2.359224e-16
2.185752e-16
2.532696e-16
2.914335e-16
2.532696e-16
2.185752e-16
1.630640e-16
1.457168e-16
1.769418e-16
1.595946e-16
1.457168e-16
2.012279e-16
2.914335e-16
3.261280e-16
3.191891e-16
2.983724e-16
1.595946e-16
1.040834e-17
-1.838807e-16
-3.053113e-16
-4.371503e-16
-5.342948e-16
-6.106227e-16
-6.522560e-16
-7.181755e-16
-8.569534e-16
-8.916479e-16
-8.777701e-16
-8.673617e-16
-8.187895e-16
-7.667478e-16
-7.598089e-16
-7.632783e-16
-7.147061e-16
-6.869505e-16
-5.863365e-16
-5.551115e-16
-4.475587e-16
-4.059253e-16
-3.365364e-16
-1.942890e-16
-1.144917e-16
-1.110223e-16
1.040834e-17
6.245005e-17
1.110223e-16
1.977585e-16
2.463307e-16
2.810252e-16
3.955170e-16
3.295975e-16
4.232725e-16
3.955170e-16
4.302114e-16
3.816392e-16
3.469447e-16
2.740863e-16
2.081668e-16
1.179612e-16
2.428613e-17
-3.122502e-17
-4.163336e-17
-2.081668e-17
3.469447e-18
9.714451e-17
1.214306e-16
8.673617e-17
0.000000e+00
-1.040834e-17
-3.816392e-17
-1.838807e-16
-2.810252e-16
-3.122502e-16
-3.157197e-16
-2.844947e-16
-2.185752e-16
-1.838807e-16
-1.353084e-16
-9.020562e-17
-1.283695e-16
-1.144917e-16
-1.491862e-16
-1.353084e-16
-1.144917e-16
-1.214306e-16
-1.873501e-16
-3.018419e-16
-4.267420e-16
-6.036838e-16
-6.661338e-16
-7.771561e-16
-8.604228e-16
-8.638923e-16
-9.506285e-16
-9.610368e-16
-1.013079e-15
-9.714451e-16
-1.013079e-15
-1.026956e-15
-1.117162e-15
-1.172673e-15
-1.269818e-15
-1.266348e-15
-1.238593e-15
-1.190020e-15
-1.089406e-15
-1.030426e-15
-1.023487e-15
-1.054712e-15
-1.020017e-15
-9.402201e-16
-8.291978e-16
-7.632783e-16
-7.181755e-16
-6.279699e-16
-6.071532e-16
-6.730727e-16
-7.216450e-16
-6.175616e-16
-6.210310e-16
-6.591949e-16
-6.661338e-16
-6.557255e-16
-7.216450e-16
-6.626644e-16
-5.863365e-16
-5.238865e-16
-4.336809e-16
-3.851086e-16
-3.781697e-16
-3.747003e-16
-2.844947e-16
-2.046974e-16
-2.740863e-16
-2.359224e-16
-2.428613e-16
-2.498002e-16
-3.157197e-16
-3.851086e-16
-3.712308e-16
-2.983724e-16
-2.324529e-16
-2.428613e-16
-2.116363e-16
-1.526557e-16
-7.632783e-17
-6.938894e-17
-1.110223e-16
-8.673617e-17
-2.775558e-17
6.938894e-18
7.632783e-17
2.463307e-16
3.330669e-16
4.996004e-16
5.967449e-16
6.869505e-16
6.834810e-16
6.557255e-16
6.453171e-16
5.863365e-16
5.481726e-16
4.961309e-16
4.996004e-16
4.302114e-16
3.608225e-16
2.532696e-16
1.804112e-16
2.012279e-16
1.908196e-16
2.220446e-16
2.289835e-16
2.532696e-16
3.018419e-16
3.122502e-16
3.677614e-16
2.046974e-16
8.326673e-17
-1.214306e-16
-3.122502e-16
-3.400058e-16
-3.538836e-16
-3.851086e-16
-4.822531e-16
-4.753142e-16
-4.926615e-16
-5.065393e-16
-5.030698e-16
-4.891920e-16
-4.579670e-16
-4.649059e-16
-5.342948e-16
-5.828671e-16
-5.100087e-16
-4.822531e-16
-3.712308e-16
-3.469447e-16
-1.977585e-16
-1.040834e-16
-8.326673e-17
-6.591949e-17
-3.469447e-18
7.632783e-17
1.457168e-16
1.873501e-16
2.046974e-16
2.914335e-16
3.851086e-16
4.440892e-16
5.204170e-16
5.100087e-16
5.169476e-16
4.961309e-16
4.996004e-16
4.891920e-16
4.163336e-16
3.989864e-16
3.122502e-16
2.046974e-16
5.204170e-17
-6.938894e-18
3.469447e-18
4.510281e-17
1.040834e-16
1.977585e-16
1.665335e-16
1.491862e-16
7.285839e-17
-6.591949e-17
-1.630640e-16
-2.255141e-16
-2.255141e-16
-2.151057e-16
-1.630640e-16
-4.857226e-17
-7.285839e-17
-6.591949e-17
-6.591949e-17
-9.714451e-17
-7.285839e-17
-6.591949e-17
-1.734723e-17
-7.285839e-17
-1.283695e-16
-1.665335e-16
-2.498002e-16
-2.324529e-16
-3.087808e-16
-4.024558e-16
-4.753142e-16
-5.863365e-16
-7.806256e-16
-8.187895e-16
-8.673617e-16
-8.708312e-16
-9.159340e-16
-9.402201e-16
-9.194034e-16
-9.645063e-16
-1.030426e-15
-1.075529e-15
-1.127570e-15
-1.072059e-15
-9.957313e-16
-9.749146e-16
-9.853229e-16
-9.298118e-16
-9.471590e-16
-8.916479e-16
-8.222589e-16
-7.667478e-16
-7.736867e-16
-7.008283e-16
-6.557255e-16
-5.967449e-16
-5.898060e-16
-5.412337e-16
-6.140921e-16
-5.932754e-16
-6.175616e-16
-6.696033e-16
-7.112366e-16
-7.355228e-16
-7.077672e-16
-6.349088e-16
-6.036838e-16
-5.377643e-16
-4.649059e-16
-3.434752e-16
-2.671474e-16
-2.012279e-16
-2.185752e-16
-1.561251e-16
-2.081668e-16
-1.144917e-16
-3.122502e-17
-1.214306e-16
-2.116363e-16
-2.151057e-16
-2.393918e-16
-2.151057e-16
-2.185752e-16
-1.734723e-16
-1.561251e-16
-6.938894e-17
-4.163336e-17
-5.204170e-17
3.469447e-17
9.367507e-17
1.908196e-16
2.185752e-16
2.983724e-16
4.024558e-16
5.238865e-16
6.002143e-16
6.869505e-16
6.765422e-16
6.487866e-16
6.245005e-16
5.412337e-16
5.689893e-16
6.418477e-16
6.314393e-16
5.932754e-16
5.204170e-16
3.885781e-16
2.532696e-16
1.665335e-16
2.046974e-16
1.942890e-16
2.046974e-16
1.630640e-16
2.220446e-16
2.810252e-16
2.671474e-16
2.428613e-16
1.665335e-16
1.249001e-16
3.816392e-17
-7.632783e-17
-1.353084e-16
-2.081668e-16
-2.740863e-16
-2.949030e-16
-2.671474e-16
-2.810252e-16
-2.463307e-16
-1.873501e-16
-1.561251e-16
-1.804112e-16
-2.498002e-16
-2.602085e-16
-2.324529e-16
-2.116363e-16
-2.151057e-16
-2.220446e-16
-1.318390e-16
-9.714451e-17
2.775558e-17
1.249001e-16
1.110223e-16
9.367507e-17
1.387779e-16
1.734723e-16
2.012279e-16
2.428613e-16
2.879641e-16
4.059253e-16
5.238865e-16
5.342948e-16
6.314393e-16
5.898060e-16
5.447032e-16
5.377643e-16
5.238865e-16
4.926615e-16
4.510281e-16
3.851086e-16
2.289835e-16
1.422473e-16
9.714451e-17
1.804112e-16
2.567391e-16
2.324529e-16
2.185752e-16
2.636780e-16
1.942890e-16
5.898060e-17
1.734723e-17
-9.367507e-17
-1.353084e-16
-1.422473e-16
-8.673617e-17
-7.285839e-17
-1.734723e-17
6.938894e-18
1.734723e-17
-6.938894e-18
-4.510281e-17
-7.979728e-17
-1.318390e-16
-1.318390e-16
-1.353084e-16
-1.144917e-16
-2.393918e-16
-2.602085e-16
-2.844947e-16
-3.365364e-16
-4.059253e-16
-5.655199e-16
-6.522560e-16
-7.389922e-16
-6.245005e-16
-6.973588e-16
-7.702172e-16
-8.014422e-16
-7.910339e-16
-7.459311e-16
-7.667478e-16
-7.979728e-16
-8.985868e-16
-9.575674e-16
-9.436896e-16
-8.777701e-16
-8.847090e-16
-9.055257e-16
-8.465451e-16
-8.361367e-16
-7.112366e-16
-6.973588e-16
-7.251144e-16
-7.251144e-16
-6.904199e-16
-6.245005e-16
-6.106227e-16
-5.447032e-16
-5.585810e-16
-5.655199e-16
-5.238865e-16
-5.447032e-16
-5.481726e-16
-6.002143e-16
-6.383782e-16
-6.071532e-16
-5.793976e-16
-5.134781e-16
-3.955170e-16
-3.504141e-16
-3.608225e-16
-3.642919e-16
-2.532696e-16
-1.491862e-16
-1.908196e-16
-1.977585e-16
-1.630640e-16
-4.857226e-17
1.040834e-17
6.938894e-18
-6.938894e-18
-3.122502e-17
-8.326673e-17
-8.326673e-17
-2.775558e-17
6.938894e-18
2.775558e-17
1.144917e-16
2.012279e-16
1.769418e-16
2.428613e-16
3.677614e-16
4.544976e-16
5.204170e-16
5.447032e-16
6.453171e-16
6.626644e-16
6.800116e-16
6.349088e-16
6.210310e-16
5.932754e-16
5.655199e-16
6.522560e-16
6.904199e-16
7.528700e-16
7.077672e-16
6.869505e-16
4.857226e-16
3.330669e-16
3.157197e-16
2.775558e-16
1.769418e-16
1.353084e-16
1.665335e-16
1.873501e-16
1.665335e-16
2.081668e-16
1.977585e-16
1.838807e-16
1.353084e-16
1.283695e-16
7.285839e-17
6.938894e-18
-4.857226e-17
-1.249001e-16
-1.630640e-16
-1.214306e-16
-7.979728e-17
-4.163336e-17
6.938894e-18
-1.387779e-17
4.510281e-17
3.469447e-17
4.163336e-17
2.428613e-17
-2.775558e-17
-6.938894e-17
-8.326673e-17
-3.816392e-17
-6.938894e-18
1.006140e-16
1.908196e-16
2.393918e-16
2.636780e-16
3.469447e-16
3.642919e-16
3.608225e-16
3.816392e-16
4.406198e-16
4.891920e-16
5.342948e-16
6.071532e-16
6.106227e-16
5.447032e-16
5.793976e-16
5.828671e-16
5.204170e-16
4.544976e-16
3.642919e-16
2.914335e-16
2.636780e-16
2.255141e-16
1.804112e-16
2.706169e-16
3.434752e-16
3.330669e-16
3.087808e-16
2.567391e-16
1.630640e-16
7.979728e-17
9.020562e-17
5.204170e-17
1.075529e-16
8.673617e-17
3.816392e-17
6.938894e-17
2.081668e-17
4.163336e-17
-3.122502e-17
-5.204170e-17
-3.122502e-17
-2.775558e-17
-7.285839e-17
-1.700029e-16
-2.289835e-16
-2.359224e-16
-2.151057e-16
-2.185752e-16
-2.463307e-16
-3.053113e-16
-3.989864e-16
-4.718448e-16
-5.238865e-16
-6.002143e-16
-6.279699e-16
-6.279699e-16
-6.557255e-16
-6.765422e-16
-6.765422e-16
-7.667478e-16
-7.632783e-16
-7.459311e-16
-7.945034e-16
-8.118506e-16
-8.291978e-16
-8.777701e-16
-8.361367e-16
-8.187895e-16
-7.528700e-16
-6.383782e-16
-5.863365e-16
-5.481726e-16
-6.002143e-16
-6.245005e-16
-5.655199e-16
-5.689893e-16
-6.002143e-16
-5.447032e-16
-5.308254e-16
-5.793976e-16
-5.551115e-16
-6.383782e-16
-6.696033e-16
-6.557255e-16
-6.314393e-16
-7.285839e-16
-6.904199e-16
-6.002143e-16
-4.614364e-16
-3.885781e-16
-3.053113e-16
-3.226586e-16
-2.359224e-16
-1.526557e-16
-2.012279e-16
-1.734723e-16
-8.673617e-17
-1.040834e-17
2.081668e-17
1.734723e-17
6.938894e-18
8.673617e-17
1.873501e-16
2.359224e-16
3.504141e-16
3.747003e-16
3.087808e-16
3.885781e-16
4.649059e-16
4.649059e-16
5.238865e-16
5.689893e-16
5.620504e-16
6.834810e-16
6.869505e-16
7.042977e-16
6.800116e-16
6.453171e-16
6.002143e-16
5.759282e-16
5.447032e-16
5.620504e-16
7.008283e-16
7.806256e-16
7.945034e-16
7.389922e-16
7.181755e-16
5.863365e-16
4.440892e-16
3.053113e-16
2.428613e-16
2.636780e-16
2.567391e-16
1.873501e-16
1.700029e-16
1.804112e-16
1.873501e-16
1.977585e-16
1.734723e-16
1.630640e-16
1.144917e-16
1.283695e-16
6.245005e-17
-2.428613e-17
-4.510281e-17
-7.632783e-17
-2.081668e-17
-3.816392e-17
1.387779e-17
8.326673e-17
1.353084e-16
1.804112e-16
1.283695e-16
1.144917e-16
3.816392e-17
4.163336e-17
2.081668e-17
5.204170e-17
7.285839e-17
6.245005e-17
1.353084e-16
2.012279e-16
3.365364e-16
4.198031e-16
4.753142e-16
4.579670e-16
4.718448e-16
4.891920e-16
4.961309e-16
5.516421e-16
6.002143e-16
6.106227e-16
5.481726e-16
5.898060e-16
6.383782e-16
5.447032e-16
4.891920e-16
4.996004e-16
4.891920e-16
4.093947e-16
3.885781e-16
3.434752e-16
3.747003e-16
4.440892e-16
5.273559e-16
4.787837e-16
4.163336e-16
3.122502e-16
2.393918e-16
2.359224e-16
1.873501e-16
2.185752e-16
1.942890e-16
1.006140e-16
7.632783e-17
9.714451e-17
9.020562e-17
7.632783e-17
1.387779e-17
-2.081668e-17
-6.938894e-18
0.000000e+00
-4.857226e-17
-6.591949e-17
-1.457168e-16
-1.838807e-16
-2.602085e-16
-4.059253e-16
-3.920475e-16
-4.649059e-16
-5.169476e-16
-5.585810e-16
-6.175616e-16
-5.898060e-16
