9.535231e-01
9.535244e-01
9.535255e-01
9.535263e-01
9.535266e-01
9.535264e-01
9.535257e-01
9.535247e-01
9.535239e-01
9.535234e-01
9.535235e-01
9.535244e-01
9.535260e-01
9.535281e-01
9.535301e-01
9.535315e-01
9.535319e-01
9.535313e-01
9.535299e-01
9.535283e-01
9.535268e-01
9.535254e-01
9.535232e-01
9.535157e-01
9.534837e-01
9.533379e-01
9.526918e-01
9.501450e-01
9.417288e-01
9.185438e-01
8.624831e-01
7.399302e-01
5.189939e-01
2.599555e-01
9.334812e-02
2.791979e-02
7.884435e-03
2.220734e-03
6.352246e-04
1.856759e-04
5.564618e-05
1.715033e-05
5.452836e-06
1.793956e-06
6.122579e-07
2.170356e-07
7.983506e-08
3.035874e-08
1.185641e-08
4.714070e-09
1.883676e-09
7.470615e-10
3.060557e-10
1.502295e-10
1.091479e-10
1.078757e-10
1.128728e-10
1.122561e-10
1.109324e-10
1.112090e-10
1.133287e-10
1.171980e-10
1.227316e-10
1.298921e-10
1.354096e-10
1.623267e-10
4.320013e-10
1.508419e-09
5.099383e-09
1.679512e-08
5.413373e-08
1.711427e-07
5.321892e-07
1.633744e-06
4.972326e-06
1.506881e-05
4.564857e-05
1.386566e-04
4.231068e-04
1.297495e-03
3.991379e-03
1.224234e-02
3.679611e-02
1.035992e-01
2.504922e-01
4.716383e-01
6.806894e-01
8.172140e-01
8.906165e-01
9.267585e-01
9.432773e-01
9.500573e-01
9.524829e-01
9.532336e-01
9.534458e-01
9.535012e-01
9.535149e-01
9.535188e-01
9.535206e-01
9.535219e-01
9.535238e-01
9.535246e-01
9.535254e-01
9.535261e-01
9.535264e-01
9.535263e-01
9.535255e-01
9.535245e-01
9.535237e-01
9.535232e-01
9.535234e-01
9.535243e-01
9.535260e-01
9.535281e-01
9.535302e-01
9.535317e-01
9.535322e-01
9.535316e-01
9.535302e-01
9.535286e-01
9.535272e-01
9.535254e-01
9.535206e-01
9.535000e-01
9.534037e-01
9.529520e-01
9.510157e-01
9.440602e-01
9.235692e-01
8.715456e-01
7.529871e-01
5.299156e-01
2.610596e-01
9.004535e-02
2.568452e-02
6.937530e-03
1.875344e-03
5.155020e-04
1.446948e-04
4.154457e-05
1.222421e-05
3.695302e-06
1.151192e-06
3.708551e-07
1.239455e-07
4.307528e-08
1.557286e-08
5.842241e-09
2.263702e-09
9.008811e-10
3.612340e-10
1.748934e-10
1.235401e-10
1.157613e-10
1.120817e-10
1.093640e-10
1.098986e-10
1.100744e-10
1.098246e-10
1.100028e-10
1.110190e-10
1.129533e-10
1.157182e-10
1.189970e-10
1.224577e-10
1.229680e-10
1.389634e-10
3.430704e-10
1.137385e-09
3.686054e-09
1.171131e-08
3.660197e-08
1.127960e-07
3.440183e-07
1.042924e-06
3.156038e-06
9.567723e-06
2.913260e-05
8.922420e-05
2.749536e-04
8.519929e-04
2.650620e-03
8.250404e-03
2.542180e-02
7.501545e-02
1.961764e-01
4.068104e-01
6.340100e-01
7.932433e-01
8.802030e-01
9.227465e-01
9.419690e-01
9.497329e-01
9.524364e-01
9.532410e-01
9.534544e-01
9.535061e-01
9.535181e-01
9.535215e-01
9.535230e-01
9.535249e-01
9.535252e-01
9.535257e-01
9.535262e-01
9.535263e-01
9.535261e-01
9.535253e-01
9.535243e-01
9.535234e-01
9.535229e-01
9.535232e-01
9.535242e-01
9.535260e-01
9.535282e-01
9.535304e-01
9.535320e-01
9.535326e-01
9.535321e-01
9.535307e-01
9.535292e-01
9.535277e-01
9.535248e-01
9.535133e-01
9.534579e-01
9.531832e-01
9.518982e-01
9.467667e-01
9.302349e-01
8.855367e-01
7.780874e-01
5.617571e-01
2.805144e-01
9.457300e-02
2.576190e-02
6.619351e-03
1.707110e-03
4.493089e-04
1.210390e-04
3.336987e-05
9.414898e-06
2.720740e-06
8.068857e-07
2.462962e-07
7.765896e-08
2.538961e-08
8.634933e-09
3.062833e-09
1.134024e-09
4.393689e-10
1.936959e-10
1.203555e-10
1.240602e-10
1.203893e-10
1.141396e-10
1.111276e-10
1.097476e-10
1.094764e-10
1.094215e-10
1.092798e-10
1.092614e-10
1.095934e-10
1.103561e-10
1.114776e-10
1.127287e-10
1.136698e-10
1.138330e-10
1.103751e-10
1.168456e-10
2.606902e-10
8.104657e-10
2.518905e-09
7.782355e-09
2.380642e-08
7.225323e-08
2.185219e-07
6.612543e-07
2.008319e-06
6.134190e-06
1.885782e-05
5.834482e-05
1.816018e-04
5.685936e-04
1.791471e-03
5.677511e-03
1.798419e-02
5.549747e-02
1.557190e-01
3.530637e-01
5.931735e-01
7.730673e-01
8.724521e-01
9.203325e-01
9.414804e-01
9.497586e-01
9.525109e-01
9.532805e-01
9.534693e-01
9.535119e-01
9.535215e-01
9.535243e-01
9.535259e-01
9.535260e-01
9.535262e-01
9.535265e-01
9.535264e-01
9.535260e-01
9.535251e-01
9.535240e-01
9.535231e-01
9.535228e-01
9.535232e-01
9.535243e-01
9.535260e-01
9.535282e-01
9.535305e-01
9.535324e-01
9.535331e-01
9.535327e-01
9.535314e-01
9.535298e-01
9.535278e-01
9.535219e-01
9.534941e-01
9.533501e-01
9.526221e-01
9.493524e-01
9.374768e-01
9.025110e-01
8.127789e-01
6.154297e-01
3.237599e-01
1.097519e-01
2.872435e-02
6.985137e-03
1.703899e-03
4.256109e-04
1.092808e-04
2.882535e-05
7.798195e-06
2.161142e-06
6.134019e-07
1.785244e-07
5.340962e-08
1.648349e-08
5.267662e-09
1.745440e-09
6.033090e-10
2.336412e-10
1.225988e-10
1.032700e-10
1.106797e-10
1.166512e-10
1.151908e-10
1.124771e-10
1.106773e-10
1.098173e-10
1.094799e-10
1.092815e-10
1.090614e-10
1.088733e-10
1.088243e-10
1.089620e-10
1.092390e-10
1.095084e-10
1.095354e-10
1.089719e-10
1.073813e-10
1.019957e-10
1.013648e-10
1.935208e-10
5.379421e-10
1.643794e-09
5.008599e-09
1.514818e-08
4.576872e-08
1.386686e-07
4.223322e-07
1.294671e-06
3.995549e-06
1.240914e-05
3.877680e-05
1.220127e-04
3.873148e-04
1.243101e-03
4.037637e-03
1.321380e-02
4.267666e-02
1.277978e-01
3.139192e-01
5.640165e-01
7.610019e-01
8.696125e-01
9.205424e-01
9.421718e-01
9.502172e-01
9.527045e-01
9.533421e-01
9.534864e-01
9.535174e-01
9.535244e-01
9.535259e-01
9.535266e-01
9.535267e-01
9.535268e-01
9.535265e-01
9.535259e-01
9.535250e-01
9.535240e-01
9.535233e-01
9.535232e-01
9.535237e-01
9.535248e-01
9.535264e-01
9.535286e-01
9.535308e-01
9.535326e-01
9.535335e-01
9.535333e-01
9.535321e-01
9.535304e-01
9.535274e-01
9.535154e-01
9.534512e-01
9.531054e-01
9.513658e-01
9.440445e-01
9.197502e-01
8.521356e-01
6.878896e-01
3.986230e-01
1.422536e-01
3.633506e-02
8.342798e-03
1.909675e-03
4.481301e-04
1.084796e-04
2.710483e-05
6.980888e-06
1.849272e-06
5.027977e-07
1.401218e-07
4.002972e-08
1.174610e-08
3.554031e-09
1.111220e-09
3.583399e-10
1.510812e-10
1.075024e-10
1.060551e-10
1.103945e-10
1.124346e-10
1.132800e-10
1.124066e-10
1.111254e-10
1.102127e-10
1.097151e-10
1.094356e-10
1.091953e-10
1.089234e-10
1.086467e-10
1.084234e-10
1.082849e-10
1.082100e-10
1.081307e-10
1.079626e-10
1.076436e-10
1.070426e-10
1.057163e-10
1.014516e-10
1.049150e-10
1.466572e-10
3.483765e-10
1.054519e-09
3.172929e-09
9.586710e-09
2.912104e-08
8.901122e-08
2.739491e-07
8.487409e-07
2.645935e-06
8.302517e-06
2.626277e-05
8.396958e-05
2.721996e-04
8.970075e-04
3.008926e-03
1.024286e-02
3.477103e-02
1.109947e-01
2.925953e-01
5.534808e-01
7.621085e-01
8.739582e-01
9.240791e-01
9.441643e-01
9.510515e-01
9.529677e-01
9.534107e-01
9.535032e-01
9.535220e-01
9.535247e-01
9.535265e-01
9.535269e-01
9.535270e-01
9.535267e-01
9.535260e-01
9.535251e-01
9.535243e-01
9.535238e-01
9.535238e-01
9.535244e-01
9.535255e-01
9.535271e-01
9.535290e-01
9.535311e-01
9.535329e-01
9.535339e-01
9.535338e-01
9.535328e-01
9.535310e-01
9.535259e-01
9.535014e-01
9.533642e-01
9.526104e-01
9.489069e-01
9.344535e-01
8.895936e-01
7.691177e-01
5.105894e-01
2.059724e-01
5.325535e-02
1.158102e-02
2.470033e-03
5.392131e-04
1.216668e-04
2.843923e-05
6.885893e-06
1.724819e-06
4.459573e-07
1.186934e-07
3.243902e-08
9.093626e-09
2.622824e-09
7.862518e-10
2.480021e-10
1.152602e-10
1.110688e-10
1.096565e-10
1.081238e-10
1.096243e-10
1.108195e-10
1.110449e-10
1.106481e-10
1.101239e-10
1.097284e-10
1.094675e-10
1.092505e-10
1.090027e-10
1.087066e-10
1.083925e-10
1.081057e-10
1.078760e-10
1.077058e-10
1.075794e-10
1.074960e-10
1.075100e-10
1.077077e-10
1.080206e-10
1.085108e-10
1.110565e-10
1.118403e-10
1.158485e-10
2.337542e-10
6.575657e-10
2.001908e-09
6.125648e-09
1.880739e-08
5.811644e-08
1.807450e-07
5.656813e-07
1.783321e-06
5.675790e-06
1.829483e-05
5.992553e-05
2.001169e-04
6.832714e-04
2.389952e-03
8.550158e-03
3.080075e-02
1.051729e-01
2.939301e-01
5.693427e-01
7.803631e-01
8.862619e-01
9.306279e-01
9.469978e-01
9.519963e-01
9.532138e-01
9.534662e-01
9.535153e-01
9.535220e-01
9.535259e-01
9.535269e-01
9.535270e-01
9.535266e-01
9.535259e-01
9.535253e-01
9.535248e-01
9.535247e-01
9.535250e-01
9.535257e-01
9.535267e-01
9.535280e-01
9.535298e-01
9.535316e-01
9.535333e-01
9.535343e-01
9.535344e-01
9.535337e-01
9.535317e-01
9.535232e-01
9.534771e-01
9.532110e-01
9.517359e-01
9.447682e-01
9.193784e-01
8.435732e-01
6.495187e-01
3.236237e-01
9.187119e-02
1.930791e-02
3.818644e-03
7.673515e-04
1.594127e-04
3.439835e-05
7.719462e-06
1.801407e-06
4.366595e-07
1.097107e-07
2.848359e-08
7.612814e-09
2.085308e-09
5.908513e-10
1.929569e-10
9.724697e-11
9.988056e-11
1.063187e-10
1.073992e-10
1.077242e-10
1.084661e-10
1.091546e-10
1.094548e-10
1.094680e-10
1.093761e-10
1.092623e-10
1.091184e-10
1.089095e-10
1.086216e-10
1.082757e-10
1.079165e-10
1.075924e-10
1.073390e-10
1.071743e-10
1.071069e-10
1.071586e-10
1.073864e-10
1.078619e-10
1.085670e-10
1.093223e-10
1.096958e-10
1.086881e-10
1.043185e-10
1.114995e-10
1.671214e-10
4.162271e-10
1.292084e-09
3.988297e-09
1.236289e-08
3.858802e-08
1.212848e-07
3.844377e-07
1.232428e-06
4.009973e-06
1.329065e-05
4.503478e-05
1.565866e-04
5.608132e-04
2.075663e-03
7.935741e-03
3.082104e-02
1.131018e-01
3.269788e-01
6.183602e-01
8.155447e-01
9.045104e-01
9.386120e-01
9.498351e-01
9.527682e-01
9.533848e-01
9.535009e-01
9.535173e-01
9.535251e-01
9.535267e-01
9.535270e-01
9.535267e-01
9.535261e-01
9.535257e-01
9.535257e-01
9.535260e-01
9.535266e-01
9.535275e-01
9.535284e-01
9.535295e-01
9.535308e-01
9.535323e-01
9.535337e-01
9.535346e-01
9.535350e-01
9.535345e-01
9.535319e-01
9.535184e-01
9.534396e-01
9.529743e-01
9.504054e-01
9.388158e-01
8.986788e-01
7.813483e-01
5.076729e-01
1.830037e-01
3.992818e-02
7.385884e-03
1.354429e-03
2.553993e-04
5.005055e-05
1.023487e-05
2.187103e-06
4.883941e-07
1.138432e-07
2.763909e-08
6.963655e-09
1.807914e-09
4.788884e-10
1.676006e-10
1.092037e-10
9.965326e-11
1.034689e-10
1.056087e-10
1.065832e-10
1.070516e-10
1.075225e-10
1.080041e-10
1.084024e-10
1.086831e-10
1.088345e-10
1.088376e-10
1.086776e-10
1.083636e-10
1.079348e-10
1.074528e-10
1.069861e-10
1.065936e-10
1.063156e-10
1.061750e-10
1.061855e-10
1.063642e-10
1.067348e-10
1.073037e-10
1.079895e-10
1.085493e-10
1.086127e-10
1.080081e-10
1.080107e-10
1.129085e-10
1.183648e-10
1.282498e-10
2.814718e-10
8.552504e-10
2.639520e-09
8.258362e-09
2.608446e-08
8.321644e-08
2.690549e-07
8.850234e-07
2.973521e-06
1.024719e-05
3.639095e-05
1.338875e-04
5.131599e-04
2.057787e-03
8.620014e-03
3.679841e-02
1.441408e-01
4.066740e-01
6.995004e-01
8.601364e-01
9.238718e-01
9.457567e-01
9.518902e-01
9.532255e-01
9.534737e-01
9.535101e-01
9.535238e-01
9.535264e-01
9.535269e-01
9.535267e-01
9.535263e-01
9.535264e-01
9.535269e-01
9.535277e-01
9.535287e-01
9.535297e-01
9.535305e-01
9.535313e-01
9.535321e-01
9.535330e-01
9.535340e-01
9.535347e-01
9.535350e-01
9.535345e-01
9.535311e-01
9.535111e-01
9.533903e-01
9.526675e-01
9.487118e-01
9.315853e-01
8.741341e-01
7.092274e-01
3.755546e-01
1.018843e-01
1.869269e-02
3.150448e-03
5.344824e-04
9.346628e-05
1.702647e-05
3.250940e-06
6.528324e-07
1.379931e-07
3.066015e-08
7.137938e-09
1.730195e-09
4.335091e-10
1.531963e-10
1.259211e-10
1.154625e-10
1.077014e-10
1.059322e-10
1.059839e-10
1.062453e-10
1.064296e-10
1.066668e-10
1.070957e-10
1.076750e-10
1.082110e-10
1.085046e-10
1.084586e-10
1.080861e-10
1.074703e-10
1.067271e-10
1.059770e-10
1.053203e-10
1.048209e-10
1.045059e-10
1.043822e-10
1.044561e-10
1.047422e-10
1.052546e-10
1.059729e-10
1.067954e-10
1.075168e-10
1.079073e-10
1.079729e-10
1.082900e-10
1.094561e-10
1.100243e-10
1.045925e-10
1.027001e-10
1.986084e-10
5.622058e-10
1.766657e-09
5.626852e-09
1.809184e-08
5.908086e-08
1.968132e-07
6.718109e-07
2.361990e-06
8.607570e-06
3.275468e-05
1.311634e-04
5.561561e-04
2.501294e-03
1.181996e-02
5.592733e-02
2.219931e-01
5.438456e-01
7.940484e-01
9.016393e-01
9.393006e-01
9.504260e-01
9.529593e-01
9.534293e-01
9.535001e-01
9.535221e-01
9.535261e-01
9.535269e-01
9.535268e-01
9.535268e-01
9.535273e-01
9.535283e-01
9.535296e-01
9.535309e-01
9.535320e-01
9.535328e-01
9.535332e-01
9.535335e-01
9.535338e-01
9.535342e-01
9.535345e-01
9.535345e-01
9.535338e-01
9.535293e-01
9.535026e-01
9.533381e-01
9.523450e-01
9.469642e-01
9.243787e-01
8.499069e-01
6.407724e-01
2.794653e-01
6.175241e-02
1.013905e-02
1.575044e-03
2.456067e-04
3.921302e-05
6.489690e-06
1.126179e-06
2.068921e-07
4.043995e-08
8.407261e-09
1.847276e-09
4.261952e-10
1.412695e-10
1.164861e-10
1.155837e-10
1.116882e-10
1.076098e-10
1.057318e-10
1.056356e-10
1.057751e-10
1.055923e-10
1.055322e-10
1.060920e-10
1.071531e-10
1.081099e-10
1.084605e-10
1.080938e-10
1.071697e-10
1.059375e-10
1.046485e-10
1.035150e-10
1.026683e-10
1.021310e-10
1.018485e-10
1.017575e-10
1.018379e-10
1.021313e-10
1.027155e-10
1.036358e-10
1.048249e-10
1.060803e-10
1.071295e-10
1.077624e-10
1.079413e-10
1.076905e-10
1.066769e-10
1.042530e-10
9.911665e-11
1.039105e-10
1.506964e-10
3.777587e-10
1.215653e-09
3.941107e-09
1.302331e-08
4.403676e-08
1.531546e-07
5.518141e-07
2.078691e-06
8.277276e-06
3.520997e-05
1.610509e-04
7.915373e-04
4.135650e-03
2.230867e-02
1.118944e-01
3.859542e-01
7.105167e-01
8.729840e-01
9.307754e-01
9.483938e-01
9.525840e-01
9.533676e-01
9.534892e-01
9.535203e-01
9.535257e-01
9.535269e-01
9.535271e-01
9.535274e-01
9.535284e-01
9.535298e-01
9.535314e-01
9.535329e-01
9.535341e-01
9.535348e-01
9.535349e-01
9.535348e-01
9.535345e-01
9.535342e-01
9.535340e-01
9.535335e-01
9.535324e-01
9.535271e-01
9.534951e-01
9.532968e-01
9.520938e-01
9.456275e-01
9.189860e-01
8.318230e-01
5.919248e-01
2.252147e-01
4.407620e-02
6.749497e-03
9.795592e-04
1.409010e-04
2.034855e-05
2.978847e-06
4.482708e-07
7.072727e-08
1.193782e-08
2.200309e-09
4.593953e-10
1.343672e-10
1.002825e-10
9.472391e-11
1.060777e-10
1.074045e-10
1.035916e-10
1.039996e-10
1.056030e-10
1.054856e-10
1.041252e-10
1.034327e-10
1.046319e-10
1.069762e-10
1.086971e-10
1.088460e-10
1.075926e-10
1.055320e-10
1.032384e-10
1.011947e-10
9.977558e-11
9.910497e-11
9.897540e-11
9.904914e-11
9.908306e-11
9.900585e-11
9.893357e-11
9.915030e-11
9.998923e-11
1.015813e-10
1.037025e-10
1.058718e-10
1.074730e-10
1.078504e-10
1.067172e-10
1.048668e-10
1.039092e-10
1.051227e-10
1.101407e-10
1.127883e-10
1.196371e-10
2.666610e-10
8.428926e-10
2.832420e-09
9.762705e-09
3.476805e-08
1.295246e-07
5.117461e-07
2.182859e-06
1.018995e-05
5.212272e-05
2.886778e-04
1.695732e-03
1.026053e-02
5.992764e-02
2.672968e-01
6.250761e-01
8.423150e-01
9.215785e-01
9.461204e-01
9.521559e-01
9.532981e-01
9.534798e-01
9.535188e-01
9.535254e-01
9.535269e-01
9.535275e-01
9.535282e-01
9.535296e-01
9.535313e-01
9.535331e-01
9.535347e-01
9.535358e-01
9.535364e-01
9.535363e-01
9.535358e-01
9.535349e-01
9.535341e-01
9.535332e-01
9.535322e-01
9.535306e-01
9.535248e-01
9.534908e-01
9.532798e-01
9.519986e-01
9.451347e-01
9.170246e-01
8.252315e-01
5.745358e-01
2.080964e-01
3.900756e-02
5.792363e-03
8.105641e-04
1.110531e-04
1.496482e-05
1.984444e-06
2.614147e-07
3.603101e-08
6.173975e-09
1.730551e-09
7.917452e-10
4.466924e-10
2.736275e-10
1.718621e-10
1.230418e-10
1.026736e-10
9.416893e-11
1.084467e-10
1.117773e-10
1.065013e-10
1.008539e-10
9.912555e-11
1.032563e-10
1.085888e-10
1.109339e-10
1.097764e-10
1.064492e-10
1.023425e-10
9.846074e-11
9.567703e-11
9.477566e-11
9.573092e-11
9.733539e-11
9.852284e-11
9.887584e-11
9.832420e-11
9.701679e-11
9.551409e-11
9.494082e-11
9.632916e-11
9.950558e-11
1.035213e-10
1.071522e-10
1.087317e-10
1.066596e-10
1.020864e-10
1.003386e-10
1.050081e-10
1.128799e-10
1.114377e-10
9.241278e-11
9.710419e-11
1.959797e-10
5.943999e-10
1.997982e-09
7.286460e-09
2.905243e-08
1.260192e-07
6.131087e-07
3.378232e-06
2.052081e-05
1.324662e-04
8.823665e-04
5.916513e-03
3.815721e-02
1.992504e-01
5.589535e-01
8.170318e-01
9.139842e-01
9.441999e-01
9.517877e-01
9.532382e-01
9.534752e-01
9.535181e-01
9.535253e-01
9.535269e-01
9.535278e-01
9.535290e-01
9.535307e-01
9.535326e-01
9.535344e-01
9.535359e-01
9.535369e-01
9.535374e-01
9.535372e-01
9.535364e-01
9.535351e-01
9.535337e-01
9.535322e-01
9.535307e-01
9.535287e-01
9.535230e-01
9.534911e-01
9.532935e-01
9.520965e-01
9.456693e-01
9.191844e-01
8.324728e-01
5.933559e-01
2.260621e-01
4.393984e-02
6.627857e-03
9.415128e-04
1.316393e-04
1.838598e-05
2.631001e-06
4.166427e-07
8.648958e-08
2.714339e-08
1.170716e-08
5.847201e-09
3.113145e-09
1.725317e-09
9.821113e-10
5.684072e-10
3.497309e-10
2.259810e-10
1.616012e-10
1.301379e-10
1.069219e-10
9.159609e-11
8.942356e-11
1.093769e-10
1.182536e-10
1.166047e-10
1.107129e-10
1.032725e-10
9.600495e-11
9.004974e-11
8.696265e-11
8.906483e-11
9.595943e-11
1.019497e-10
1.050395e-10
1.058135e-10
1.045996e-10
1.011215e-10
9.507044e-11
8.876960e-11
8.778206e-11
9.189073e-11
9.865391e-11
1.062374e-10
1.123500e-10
1.133663e-10
1.044800e-10
9.009781e-11
9.814633e-11
1.192890e-10
1.463974e-10
2.036428e-10
3.185007e-10
5.192173e-10
9.018621e-10
1.655625e-09
3.404300e-09
9.567092e-09
3.936847e-08
2.288213e-07
1.603520e-06
1.184548e-05
8.759626e-05
6.392711e-04
4.571704e-03
3.103235e-02
1.733184e-01
5.285902e-01
8.048551e-01
9.103338e-01
9.432669e-01
9.516065e-01
9.532088e-01
9.534768e-01
9.535183e-01
9.535253e-01
9.535270e-01
9.535281e-01
9.535295e-01
9.535315e-01
9.535335e-01
9.535352e-01
9.535365e-01
9.535374e-01
9.535377e-01
9.535375e-01
9.535365e-01
9.535350e-01
9.535332e-01
9.535312e-01
9.535293e-01
9.535271e-01
9.535221e-01
9.534956e-01
9.533330e-01
9.523533e-01
9.470593e-01
9.248478e-01
8.515770e-01
6.452681e-01
2.845449e-01
6.298185e-02
1.019398e-02
1.555780e-03
2.400808e-04
3.904103e-05
7.112375e-06
1.590511e-06
4.684886e-07
1.776504e-07
7.967231e-08
3.937688e-08
2.066465e-08
1.132761e-08
6.434926e-09
3.773792e-09
2.283917e-09
1.416860e-09
8.897038e-10
5.837925e-10
4.006576e-10
2.853276e-10
2.091015e-10
1.659232e-10
1.431945e-10
1.244715e-10
1.086044e-10
9.506394e-11
8.391897e-11
7.553755e-11
7.329365e-11
8.674530e-11
1.092260e-10
1.203814e-10
1.237295e-10
1.243570e-10
1.233080e-10
1.194788e-10
1.062049e-10
7.942527e-11
7.266197e-11
7.812362e-11
8.829761e-11
1.017606e-10
1.182024e-10
1.383098e-10
1.660974e-10
2.214317e-10
3.194537e-10
4.763794e-10
7.473915e-10
1.238321e-09
2.081588e-09
3.583522e-09
6.370038e-09
1.168899e-08
2.221816e-08
4.517087e-08
1.090641e-07
3.808094e-07
2.025427e-06
1.354003e-05
9.687129e-05
6.980581e-04
4.956453e-03
3.340856e-02
1.831944e-01
5.411684e-01
8.100764e-01
9.119142e-01
9.436693e-01
9.516828e-01
9.532204e-01
9.534843e-01
9.535195e-01
9.535256e-01
9.535271e-01
9.535283e-01
9.535299e-01
9.535319e-01
9.535338e-01
9.535353e-01
9.535364e-01
9.535371e-01
9.535373e-01
9.535370e-01
9.535360e-01
9.535343e-01
9.535324e-01
9.535303e-01
9.535282e-01
9.535261e-01
9.535221e-01
9.535026e-01
9.533852e-01
9.526835e-01
9.488638e-01
9.323676e-01
8.771093e-01
7.184890e-01
3.918040e-01
1.103500e-01
2.060918e-02
3.537447e-03
6.317993e-04
1.244945e-04
2.863051e-05
8.038861e-06
2.769984e-06
1.128722e-06
5.177591e-07
2.573588e-07
1.354304e-07
7.447953e-08
4.249419e-08
2.504238e-08
1.520168e-08
9.486417e-09
6.076344e-09
3.995814e-09
2.697533e-09
1.865376e-09
1.310476e-09
9.248747e-10
6.768775e-10
5.145490e-10
4.025532e-10
3.218261e-10
2.621079e-10
2.178905e-10
1.859073e-10
1.662114e-10
1.585124e-10
1.553437e-10
1.530249e-10
1.522221e-10
1.532504e-10
1.559419e-10
1.594124e-10
1.695971e-10
1.934969e-10
2.308934e-10
2.855886e-10
3.645035e-10
4.805043e-10
6.583042e-10
9.429138e-10
1.399222e-09
2.097806e-09
3.215878e-09
5.075292e-09
8.251175e-09
1.380497e-08
2.381051e-08
4.245578e-08
7.853333e-08
1.517696e-07
3.118418e-07
7.099205e-07
1.937379e-06
6.924341e-06
3.269665e-05
1.868668e-04
1.175424e-03
7.635944e-03
4.783944e-02
2.333768e-01
5.950486e-01
8.311964e-01
9.182425e-01
9.452707e-01
9.519893e-01
9.532696e-01
9.534951e-01
9.535213e-01
9.535260e-01
9.535274e-01
9.535284e-01
9.535299e-01
9.535317e-01
9.535335e-01
9.535348e-01
9.535357e-01
9.535361e-01
9.535362e-01
9.535358e-01
9.535348e-01
9.535332e-01
9.535314e-01
9.535294e-01
9.535275e-01
9.535257e-01
9.535228e-01
9.535101e-01
9.534354e-01
9.529955e-01
9.505926e-01
9.398259e-01
9.027246e-01
7.950644e-01
5.407860e-01
2.145992e-01
5.143703e-02
1.037634e-02
2.166537e-03
5.067529e-04
1.379984e-04
4.439100e-05
1.667141e-05
7.101123e-06
3.325507e-06
1.670573e-06
8.852986e-07
4.897345e-07
2.809349e-07
1.663821e-07
1.014568e-07
6.359452e-08
4.093042e-08
2.701746e-08
1.826134e-08
1.261760e-08
8.900044e-09
6.407674e-09
4.718728e-09
3.560690e-09
2.750152e-09
2.167720e-09
1.740631e-09
1.425000e-09
1.189761e-09
1.007225e-09
8.718737e-10
7.911409e-10
7.501860e-10
7.387858e-10
7.549462e-10
8.021361e-10
8.933735e-10
1.047166e-09
1.246841e-09
1.520851e-09
1.912562e-09
2.479985e-09
3.315450e-09
4.571056e-09
6.490155e-09
9.461023e-09
1.413569e-08
2.165543e-08
3.405606e-08
5.505357e-08
9.161476e-08
1.572456e-07
2.791043e-07
5.144327e-07
9.916381e-07
2.025937e-06
4.494524e-06
1.127452e-05
3.367063e-05
1.240477e-04
5.572123e-04
2.895165e-03
1.624733e-02
8.759959e-02
3.367770e-01
6.782728e-01
8.615637e-01
9.272947e-01
9.475181e-01
9.524142e-01
9.533385e-01
9.535061e-01
9.535231e-01
9.535265e-01
9.535276e-01
9.535284e-01
9.535296e-01
9.535311e-01
9.535326e-01
9.535337e-01
9.535342e-01
9.535344e-01
9.535344e-01
9.535339e-01
9.535330e-01
9.535316e-01
9.535300e-01
9.535283e-01
9.535268e-01
9.535255e-01
9.535238e-01
9.535166e-01
9.534745e-01
9.532324e-01
9.519177e-01
9.458038e-01
9.237552e-01
8.590737e-01
6.949770e-01
3.986767e-01
1.395609e-01
3.581448e-02
8.803391e-03
2.366555e-03
7.258047e-04
2.551251e-04
1.014278e-04
4.465332e-05
2.130812e-05
1.082864e-05
5.785474e-06
3.221336e-06
1.858253e-06
1.106142e-06
6.776689e-07
4.266068e-07
2.756558e-07
1.825804e-07
1.237418e-07
8.568695e-08
6.059940e-08
4.379634e-08
3.237634e-08
2.448733e-08
1.892528e-08
1.491445e-08
1.197140e-08
9.798607e-09
8.202072e-09
7.044309e-09
6.230314e-09
5.701011e-09
5.409855e-09
5.327319e-09
5.446271e-09
5.782276e-09
6.373789e-09
7.282067e-09
8.598580e-09
1.048151e-08
1.318049e-08
1.708243e-08
2.280157e-08
3.132574e-08
4.425435e-08
6.420898e-08
9.557352e-08
1.458724e-07
2.284175e-07
3.674368e-07
6.082192e-07
1.038034e-06
1.831417e-06
3.353810e-06
6.416071e-06
1.295858e-05
2.810395e-05
6.712541e-05
1.823009e-04
5.793473e-04
2.174918e-03
9.436397e-03
4.410107e-02
1.841251e-01
4.945186e-01
7.689701e-01
8.927358e-01
9.365360e-01
9.497432e-01
9.528279e-01
9.534065e-01
9.535148e-01
9.535246e-01
9.535269e-01
9.535277e-01
9.535282e-01
9.535289e-01
9.535301e-01
9.535313e-01
9.535321e-01
9.535324e-01
9.535324e-01
9.535321e-01
9.535317e-01
9.535308e-01
9.535296e-01
9.535283e-01
9.535271e-01
9.535261e-01
9.535253e-01
9.535246e-01
9.535211e-01
9.535002e-01
9.533827e-01
9.527563e-01
9.497663e-01
9.383240e-01
9.037188e-01
8.141994e-01
6.189476e-01
3.362229e-01
1.251696e-01
3.847892e-02
1.184700e-02
3.988791e-03
1.497256e-03
6.216783e-04
2.812625e-04
1.365467e-04
7.019516e-05
3.782030e-05
2.120045e-05
1.229967e-05
7.358761e-06
4.529113e-06
2.863306e-06
1.857279e-06
1.234248e-06
8.388030e-07
5.823224e-07
4.129374e-07
2.993221e-07
2.219331e-07
1.682951e-07
1.303388e-07
1.028933e-07
8.273298e-08
6.785560e-08
5.694570e-08
4.907965e-08
4.359264e-08
4.001750e-08
3.803887e-08
3.747964e-08
3.830067e-08
4.060006e-08
4.461955e-08
5.078318e-08
5.977901e-08
7.268812e-08
9.117893e-08
1.178474e-07
1.567956e-07
2.145980e-07
3.019081e-07
4.362300e-07
6.467349e-07
9.831500e-07
1.532808e-06
2.453873e-06
4.040511e-06
6.856269e-06
1.202018e-05
2.185335e-05
4.143485e-05
8.264013e-05
1.755976e-04
4.046029e-04
1.032794e-03
2.981453e-03
9.825430e-03
3.601178e-02
1.311167e-01
3.714201e-01
6.680381e-01
8.454909e-01
9.183576e-01
9.440218e-01
9.514726e-01
9.531455e-01
9.534597e-01
9.535205e-01
9.535254e-01
9.535269e-01
9.535277e-01
9.535276e-01
9.535279e-01
9.535290e-01
9.535301e-01
9.535304e-01
9.535306e-01
9.535303e-01
9.535300e-01
9.535293e-01
9.535289e-01
9.535280e-01
9.535271e-01
9.535261e-01
9.535255e-01
9.535253e-01
9.535252e-01
9.535239e-01
9.535146e-01
9.534639e-01
9.532025e-01
9.519483e-01
9.468584e-01
9.305148e-01
8.874837e-01
7.885137e-01
5.988154e-01
3.482610e-01
1.534760e-01
5.842864e-02
2.203894e-02
8.822581e-03
3.813724e-03
1.771114e-03
8.747464e-04
4.549922e-04
2.472779e-04
1.395725e-04
8.144513e-05
4.897785e-05
3.028390e-05
1.922599e-05
1.251757e-05
8.345286e-06
5.687296e-06
3.958721e-06
2.815054e-06
2.046508e-06
1.521657e-06
1.156806e-06
8.978399e-07
7.101619e-07
5.721896e-07
4.703876e-07
3.957762e-07
3.419899e-07
3.044709e-07
2.800194e-07
2.664901e-07
2.626929e-07
2.683776e-07
2.842195e-07
3.118659e-07
3.542175e-07
4.159754e-07
5.045073e-07
6.311052e-07
8.132621e-07
1.078481e-06
1.470680e-06
2.060800e-06
2.965450e-06
4.378701e-06
6.629644e-06
1.029170e-05
1.639756e-05
2.685871e-05
4.531358e-05
7.892785e-05
1.424156e-04
2.675088e-04
5.267706e-04
1.097915e-03
2.452893e-03
5.960172e-03
1.591839e-02
4.615940e-02
1.350296e-01
3.374545e-01
6.080055e-01
8.037794e-01
8.980408e-01
9.359066e-01
9.489739e-01
9.525634e-01
9.533446e-01
9.534935e-01
9.535235e-01
9.535258e-01
9.535267e-01
9.535270e-01
9.535268e-01
9.535267e-01
9.535273e-01
9.535279e-01
9.535282e-01
9.535280e-01
9.535275e-01
9.535271e-01
9.535268e-01
9.535264e-01
9.535260e-01
9.535256e-01
9.535252e-01
9.535250e-01
9.535252e-01
9.535256e-01
9.535254e-01
9.535218e-01
9.535023e-01
9.534058e-01
9.529510e-01
9.510378e-01
9.444129e-01
9.259977e-01
8.828933e-01
7.937471e-01
6.361900e-01
4.246425e-01
2.313966e-01
1.098032e-01
4.975528e-02
2.291748e-02
1.102505e-02
5.566258e-03
2.938516e-03
1.613978e-03
9.181880e-04
5.391870e-04
3.259921e-04
2.025245e-04
1.291231e-04
8.438364e-05
5.643548e-05
3.856795e-05
2.691954e-05
1.919755e-05
1.399696e-05
1.043607e-05
7.952845e-06
6.185313e-06
4.902015e-06
3.958007e-06
3.261609e-06
2.751219e-06
2.383106e-06
2.126119e-06
1.958524e-06
1.865830e-06
1.840009e-06
1.879444e-06
1.988754e-06
2.179184e-06
2.470535e-06
2.894852e-06
3.502004e-06
4.368602e-06
5.612903e-06
7.419709e-06
1.008216e-05
1.407295e-05
2.016808e-05
2.965874e-05
4.472242e-05
6.912775e-05
1.096161e-04
1.786003e-04
2.995351e-04
5.181922e-04
9.274020e-04
1.723695e-03
3.344564e-03
6.819878e-03
1.472034e-02
3.369604e-02
8.024644e-02
1.868829e-01
3.804762e-01
6.129779e-01
7.892825e-01
8.851171e-01
9.286939e-01
9.459955e-01
9.516653e-01
9.531335e-01
9.534497e-01
9.535119e-01
9.535248e-01
9.535257e-01
9.535262e-01
9.535261e-01
9.535257e-01
9.535253e-01
9.535256e-01
9.535260e-01
9.535260e-01
9.535255e-01
9.535250e-01
9.535247e-01
9.535244e-01
9.535243e-01
9.535243e-01
9.535244e-01
9.535244e-01
9.535245e-01
9.535250e-01
9.535256e-01
9.535259e-01
9.535248e-01
9.535182e-01
9.534865e-01
9.533418e-01
9.527293e-01
9.504860e-01
9.437151e-01
9.269488e-01
8.914175e-01
8.241672e-01
7.109230e-01
5.501979e-01
3.713743e-01
2.208113e-01
1.209963e-01
6.420560e-02
3.417144e-02
1.858828e-02
1.040364e-02
5.995626e-03
3.554496e-03
2.164730e-03
1.352689e-03
8.666364e-04
5.686629e-04
3.815947e-04
2.615531e-04
1.830869e-04
1.309615e-04
9.576361e-05
7.159122e-05
5.468549e-05
4.262036e-05
3.384394e-05
2.738344e-05
2.261866e-05
1.912623e-05
1.660585e-05
1.484482e-05
1.369573e-05
1.306030e-05
1.288483e-05
1.315845e-05
1.391318e-05
1.522566e-05
1.723073e-05
2.014617e-05
2.431055e-05
3.024354e-05
3.874427e-05
5.105506e-05
6.913757e-05
9.613932e-05
1.372144e-04
2.009353e-04
3.017075e-04
4.642580e-04
7.324381e-04
1.186370e-03
1.975814e-03
3.388136e-03
5.993696e-03
1.096244e-02
2.076210e-02
4.064782e-02
8.127649e-02
1.609083e-01
2.986030e-01
4.863282e-01
6.721390e-01
8.073452e-01
8.862206e-01
9.261772e-01
9.440598e-01
9.508156e-01
9.528729e-01
9.533857e-01
9.534975e-01
9.535203e-01
9.535249e-01
9.535249e-01
9.535249e-01
9.535246e-01
9.535241e-01
9.535237e-01
9.535239e-01
9.535240e-01
9.535237e-01
9.535231e-01
9.535225e-01
9.535222e-01
9.535222e-01
9.535224e-01
9.535228e-01
9.535232e-01
9.535237e-01
9.535242e-01
9.535248e-01
9.535255e-01
9.535260e-01
9.535260e-01
9.535243e-01
9.535151e-01
9.534736e-01
9.533021e-01
9.526641e-01
9.506090e-01
9.450444e-01
9.324304e-01
9.076951e-01
8.640318e-01
7.933371e-01
6.894115e-01
5.550706e-01
4.081423e-01
2.749918e-01
1.733883e-01
1.051310e-01
6.279711e-02
3.762193e-02
2.285101e-02
1.414315e-02
8.940045e-03
5.776849e-03
3.815162e-03
2.572638e-03
1.770484e-03
1.243892e-03
8.928224e-04
6.549273e-04
4.909997e-04
3.759649e-04
2.936424e-04
2.336485e-04
1.894542e-04
1.568612e-04
1.329621e-04
1.157044e-04
1.036335e-04
9.575451e-05
9.139625e-05
9.020308e-05
9.210286e-05
9.731442e-05
1.063587e-04
1.201585e-04
1.401900e-04
1.687493e-04
2.093521e-04
2.674033e-04
3.512418e-04
4.739853e-04
6.565334e-04
9.329625e-04
1.359711e-03
2.031112e-03
3.106925e-03
4.865784e-03
7.806970e-03
1.283924e-02
2.162936e-02
3.724009e-02
6.512232e-02
1.140401e-01
1.952840e-01
3.166686e-01
4.700557e-01
6.265791e-01
7.555242e-01
8.448413e-01
8.993308e-01
9.294068e-01
9.442388e-01
9.505105e-01
9.526945e-01
9.533248e-01
9.534813e-01
9.535165e-01
9.535238e-01
9.535248e-01
9.535243e-01
9.535238e-01
9.535233e-01
9.535225e-01
9.535221e-01
9.535221e-01
9.535220e-01
9.535214e-01
9.535207e-01
9.535202e-01
9.535201e-01
9.535202e-01
9.535206e-01
9.535213e-01
9.535222e-01
9.535231e-01
9.535239e-01
9.535246e-01
9.535253e-01
9.535259e-01
9.535262e-01
9.535262e-01
9.535241e-01
9.535131e-01
9.534692e-01
9.533103e-01
9.527902e-01
9.512866e-01
9.475424e-01
9.395599e-01
9.246876e-01
8.996651e-01
8.605434e-01
8.029576e-01
7.234488e-01
6.220109e-01
5.049709e-01
3.853002e-01
2.776548e-01
1.913682e-01
1.281096e-01
8.455611e-02
5.573255e-02
3.701843e-02
2.490668e-02
1.701674e-02
1.182575e-02
8.372270e-03
6.046145e-03
4.457247e-03
3.355255e-03
2.577661e-03
2.018733e-03
1.610366e-03
1.309141e-03
1.086702e-03
9.234477e-04
8.054737e-04
7.229039e-04
6.689320e-04
6.390935e-04
6.309811e-04
6.441439e-04
6.800830e-04
7.423035e-04
8.371232e-04
9.745322e-04
1.169933e-03
1.446995e-03
1.841877e-03
2.410104e-03
3.237948e-03
4.461369e-03
6.298625e-03
9.105680e-03
1.346452e-02
2.032662e-02
3.125473e-02
4.880384e-02
7.696033e-02
1.212920e-01
1.881497e-01
2.819958e-01
4.004972e-01
5.309290e-01
6.545411e-01
7.567729e-01
8.325672e-01
8.841956e-01
9.169214e-01
9.361171e-01
9.462626e-01
9.509156e-01
9.527155e-01
9.533047e-01
9.534723e-01
9.535147e-01
9.535241e-01
9.535253e-01
9.535245e-01
9.535236e-01
9.535227e-01
9.535218e-01
9.535209e-01
9.535205e-01
9.535204e-01
9.535201e-01
9.535194e-01
9.535187e-01
9.535183e-01
9.535183e-01
9.535185e-01
9.535191e-01
9.535200e-01
9.535212e-01
9.535225e-01
9.535237e-01
9.535245e-01
9.535252e-01
9.535257e-01
9.535261e-01
9.535265e-01
9.535265e-01
9.535240e-01
9.535131e-01
9.534765e-01
9.533599e-01
9.530188e-01
9.521225e-01
9.500383e-01
9.457664e-01
9.379837e-01
9.251327e-01
9.054464e-01
8.768553e-01
8.369532e-01
7.834119e-01
7.147077e-01
6.312651e-01
5.366259e-01
4.376810e-01
3.430857e-01
2.600713e-01
1.923078e-01
1.399715e-01
1.011533e-01
7.314709e-02
5.327678e-02
3.927220e-02
2.939385e-02
2.237998e-02
1.734343e-02
1.367470e-02
1.096900e-02
8.960144e-03
7.469191e-03
6.370511e-03
5.574183e-03
5.015490e-03
4.649579e-03
4.447115e-03
4.392488e-03
4.482969e-03
4.728199e-03
5.151782e-03
5.795427e-03
6.724764e-03
8.039903e-03
9.893015e-03
1.251257e-02
1.624261e-02
2.160040e-02
2.936861e-02
4.071998e-02
5.740434e-02
8.189831e-02
1.173966e-01
1.674509e-01
2.351082e-01
3.212232e-01
4.222961e-01
5.297720e-01
6.327365e-01
7.223676e-01
7.944453e-01
8.489199e-01
8.880832e-01
9.149464e-01
9.324669e-01
9.430912e-01
9.489151e-01
9.517284e-01
9.529070e-01
9.533364e-01
9.534751e-01
9.535149e-01
9.535251e-01
9.535266e-01
9.535257e-01
9.535243e-01
9.535231e-01
9.535218e-01
9.535205e-01
9.535195e-01
9.535190e-01
9.535188e-01
9.535185e-01
9.535178e-01
9.535170e-01
9.535166e-01
9.535168e-01
9.535172e-01
9.535177e-01
9.535188e-01
9.535204e-01
9.535220e-01
9.535234e-01
9.535244e-01
9.535251e-01
9.535255e-01
9.535258e-01
9.535263e-01
9.535267e-01
9.535263e-01
9.535233e-01
9.535145e-01
9.534891e-01
9.534183e-01
9.532341e-01
9.527935e-01
9.518262e-01
9.498917e-01
9.463827e-01
9.405483e-01
9.315431e-01
9.184396e-01
9.002053e-01
8.756163e-01
8.433307e-01
8.020396e-01
7.508252e-01
6.895888e-01
6.194496e-01
5.429719e-01
4.640765e-01
3.873418e-01
3.168832e-01
2.554578e-01
2.041438e-01
1.626775e-01
1.299456e-01
1.044526e-01
8.469732e-02
6.943117e-02
5.769385e-02
4.874950e-02
4.202599e-02
3.707831e-02
3.356826e-02
3.125168e-02
2.996433e-02
2.961878e-02
3.019993e-02
3.176508e-02
3.445103e-02
3.849193e-02
4.424790e-02
5.224374e-02
6.322506e-02
7.821376e-02
9.855804e-02
1.259318e-01
1.622223e-01
2.092592e-01
2.683334e-01
3.394183e-01
4.203358e-01
5.065373e-01
5.920590e-01
6.713015e-01
7.404043e-01
7.976214e-01
8.429888e-01
8.777073e-01
9.034730e-01
9.220037e-01
9.348123e-01
9.431887e-01
9.482847e-01
9.511105e-01
9.525173e-01
9.531448e-01
9.533964e-01
9.534874e-01
9.535172e-01
9.535260e-01
9.535277e-01
9.535270e-01
9.535256e-01
9.535242e-01
9.535228e-01
9.535211e-01
9.535196e-01
9.535186e-01
9.535181e-01
9.535178e-01
9.535173e-01
9.535166e-01
9.535159e-01
9.535156e-01
9.535156e-01
9.535160e-01
9.535167e-01
9.535179e-01
9.535195e-01
9.535214e-01
9.535232e-01
9.535244e-01
9.535250e-01
9.535251e-01
9.535252e-01
9.535254e-01
9.535258e-01
9.535258e-01
9.535247e-01
9.535220e-01
9.535157e-01
9.535008e-01
9.534652e-01
9.533826e-01
9.531985e-01
9.528127e-01
9.520658e-01
9.507123e-01
9.484363e-01
9.448204e-01
9.394355e-01
9.317937e-01
9.213580e-01
9.076027e-01
8.899379e-01
8.677264e-01
8.403389e-01
8.072717e-01
7.682155e-01
7.232664e-01
6.730733e-01
6.188472e-01
5.623357e-01
5.056224e-01
4.507396e-01
3.992854e-01
3.522566e-01
3.103169e-01
2.739036e-01
2.432006e-01
2.181390e-01
1.984539e-01
1.837808e-01
1.737539e-01
1.680582e-01
1.665200e-01
1.691272e-01
1.760413e-01
1.875920e-01
2.042682e-01
2.266972e-01
2.555665e-01
2.914981e-01
3.348492e-01
3.854848e-01
4.424960e-01
5.040684e-01
5.676248e-01
6.302660e-01
6.893091e-01
7.426776e-01
7.891285e-01
8.282298e-01
8.602227e-01
8.857769e-01
9.057345e-01
9.209492e-01
9.322142e-01
9.402477e-01
9.457079e-01
9.492049e-01
9.512953e-01
9.524546e-01
9.530488e-01
9.533295e-01
9.534523e-01
9.535019e-01
9.535201e-01
9.535261e-01
9.535279e-01
9.535277e-01
9.535268e-01
9.535256e-01
9.535246e-01
9.535228e-01
9.535209e-01
9.535193e-01
9.535182e-01
9.535176e-01
9.535172e-01
9.535166e-01
9.535158e-01
9.535152e-01
9.535148e-01
9.535148e-01
9.535152e-01
9.535160e-01
9.535171e-01
9.535187e-01
9.535208e-01
9.535228e-01
9.535243e-01
9.535249e-01
9.535249e-01
9.535247e-01
9.535246e-01
9.535248e-01
9.535250e-01
9.535246e-01
9.535235e-01
9.535216e-01
9.535180e-01
9.535109e-01
9.534961e-01
9.534636e-01
9.533943e-01
9.532589e-01
9.530065e-01
9.525633e-01
9.518071e-01
9.505786e-01
9.486865e-01
9.458992e-01
9.419815e-01
9.366834e-01
9.297434e-01
9.209441e-01
9.100543e-01
8.968397e-01
8.810979e-01
8.626941e-01
8.415784e-01
8.178242e-01
7.916913e-01
7.634962e-01
7.337376e-01
7.028000e-01
6.713300e-01
6.402257e-01
6.105495e-01
5.834198e-01
5.598895e-01
5.408527e-01
5.269983e-01
5.188021e-01
5.165521e-01
5.203725e-01
5.302292e-01
5.459160e-01
5.670299e-01
5.929443e-01
6.227985e-01
6.555203e-01
6.898857e-01
7.246170e-01
7.584939e-01
7.904620e-01
8.197234e-01
8.457832e-01
8.684314e-01
8.876844e-01
9.037115e-01
9.167707e-01
9.271698e-01
9.352349e-01
9.412965e-01
9.456832e-01
9.487202e-01
9.507194e-01
9.519665e-01
9.527015e-01
9.531115e-01
9.533276e-01
9.534356e-01
9.534871e-01
9.535105e-01
9.535203e-01
9.535242e-01
9.535260e-01
9.535268e-01
9.535269e-01
9.535266e-01
9.535259e-01
9.535250e-01
9.535231e-01
9.535211e-01
9.535194e-01
9.535184e-01
9.535177e-01
9.535172e-01
9.535165e-01
9.535157e-01
9.535151e-01
9.535146e-01
9.535146e-01
9.535150e-01
9.535156e-01
9.535167e-01
9.535182e-01
9.535203e-01
9.535225e-01
9.535241e-01
9.535248e-01
9.535247e-01
9.535243e-01
9.535241e-01
9.535243e-01
9.535246e-01
9.535246e-01
9.535243e-01
9.535236e-01
9.535225e-01
9.535208e-01
9.535179e-01
9.535122e-01
9.534999e-01
9.534767e-01
9.534343e-01
9.533596e-01
9.532306e-01
9.530099e-01
9.526463e-01
9.520846e-01
9.512390e-01
9.500099e-01
9.482726e-01
9.459430e-01
9.428923e-01
9.390251e-01
9.342413e-01
9.285153e-01
9.217926e-01
9.140861e-01
9.054482e-01
8.959615e-01
8.856603e-01
8.746626e-01
8.631246e-01
8.513139e-01
8.396130e-01
8.284943e-01
8.184819e-01
8.101025e-01
8.038326e-01
8.000513e-01
7.990042e-01
8.007805e-01
8.053051e-01
8.123458e-01
8.215347e-01
8.324034e-01
8.444280e-01
8.570745e-01
8.698405e-01
8.822855e-01
8.940511e-01
9.048664e-01
9.145499e-01
9.230031e-01
9.301971e-01
9.361598e-01
9.409656e-01
9.447199e-01
9.475534e-01
9.496125e-01
9.510511e-01
9.520155e-01
9.526368e-01
9.530211e-01
9.532502e-01
9.533814e-01
9.534531e-01
9.534902e-01
9.535088e-01
9.535177e-01
9.535217e-01
9.535234e-01
9.535243e-01
9.535252e-01
9.535262e-01
9.535269e-01
9.535270e-01
9.535267e-01
9.535255e-01
9.535238e-01
9.535220e-01
9.535206e-01
9.535196e-01
9.535189e-01
9.535182e-01
9.535174e-01
9.535165e-01
9.535157e-01
9.535152e-01
9.535151e-01
9.535153e-01
9.535159e-01
9.535168e-01
9.535180e-01
9.535201e-01
9.535220e-01
9.535237e-01
9.535245e-01
9.535243e-01
9.535237e-01
9.535233e-01
9.535236e-01
9.535242e-01
9.535247e-01
9.535249e-01
9.535247e-01
9.535244e-01
9.535241e-01
9.535238e-01
9.535232e-01
9.535215e-01
9.535183e-01
9.535125e-01
9.535014e-01
9.534810e-01
9.534445e-01
9.533829e-01
9.532859e-01
9.531369e-01
9.529140e-01
9.525873e-01
9.521255e-01
9.514836e-01
9.506206e-01
9.494934e-01
9.480666e-01
9.463072e-01
9.442056e-01
9.417663e-01
9.390058e-01
9.359424e-01
9.325963e-01
9.290276e-01
9.253280e-01
9.216248e-01
9.180755e-01
9.148564e-01
9.121464e-01
9.101094e-01
9.088772e-01
9.085357e-01
9.091149e-01
9.105870e-01
9.128689e-01
9.158313e-01
9.193109e-01
9.231282e-01
9.271025e-01
9.310649e-01
9.348683e-01
9.383941e-01
9.415548e-01
9.442960e-01
9.465973e-01
9.484650e-01
9.499294e-01
9.510400e-01
9.518549e-01
9.524343e-01
9.528316e-01
9.530955e-01
9.532657e-01
9.533727e-01
9.534381e-01
9.534775e-01
9.535008e-01
9.535139e-01
9.535208e-01
9.535240e-01
9.535252e-01
9.535253e-01
9.535251e-01
9.535250e-01
9.535255e-01
9.535263e-01
9.535269e-01
9.535271e-01
9.535267e-01
9.535254e-01
9.535240e-01
9.535225e-01
9.535213e-01
9.535204e-01
9.535196e-01
9.535189e-01
9.535181e-01
9.535173e-01
9.535166e-01
9.535161e-01
9.535159e-01
9.535161e-01
9.535166e-01
9.535173e-01
9.535184e-01
9.535200e-01
9.535217e-01
9.535231e-01
9.535235e-01
9.535232e-01
9.535226e-01
9.535223e-01
9.535226e-01
9.535234e-01
9.535242e-01
9.535245e-01
9.535246e-01
9.535248e-01
9.535253e-01
9.535262e-01
9.535273e-01
9.535281e-01
9.535284e-01
9.535284e-01
9.535273e-01
9.535243e-01
9.535180e-01
9.535070e-01
9.534907e-01
9.534667e-01
9.534306e-01
9.533764e-01
9.532993e-01
9.531899e-01
9.530383e-01
9.528349e-01
9.525679e-01
9.522274e-01
9.518029e-01
9.512887e-01
9.506813e-01
9.499774e-01
9.491787e-01
9.482976e-01
9.473570e-01
9.463913e-01
9.454456e-01
9.445735e-01
9.438302e-01
9.432665e-01
9.429234e-01
9.428283e-01
9.429905e-01
9.434000e-01
9.440295e-01
9.448378e-01
9.457737e-01
9.467803e-01
9.478022e-01
9.487910e-01
9.497081e-01
9.505252e-01
9.512265e-01
9.518075e-01
9.522729e-01
9.526334e-01
9.529036e-01
9.531005e-01
9.532411e-01
9.533403e-01
9.534077e-01
9.534517e-01
9.534797e-01
9.534973e-01
9.535082e-01
9.535156e-01
9.535208e-01
9.535243e-01
9.535263e-01
9.535271e-01
9.535270e-01
9.535265e-01
9.535258e-01
9.535256e-01
9.535258e-01
9.535263e-01
9.535267e-01
9.535268e-01
9.535264e-01
9.535251e-01
9.535241e-01
9.535230e-01
9.535220e-01
9.535211e-01
9.535204e-01
9.535197e-01
9.535191e-01
9.535184e-01
9.535178e-01
9.535173e-01
9.535170e-01
9.535171e-01
9.535174e-01
9.535181e-01
9.535190e-01
9.535203e-01
9.535216e-01
9.535226e-01
9.535229e-01
9.535225e-01
9.535219e-01
9.535216e-01
9.535219e-01
9.535228e-01
9.535237e-01
9.535242e-01
9.535243e-01
9.535244e-01
9.535250e-01
9.535262e-01
9.535275e-01
9.535288e-01
9.535297e-01
9.535302e-01
9.535304e-01
9.535300e-01
9.535287e-01
9.535266e-01
9.535238e-01
9.535206e-01
9.535159e-01
9.535077e-01
9.534955e-01
9.534783e-01
9.534538e-01
9.534208e-01
9.533772e-01
9.533216e-01
9.532509e-01
9.531637e-01
9.530588e-01
9.529349e-01
9.527909e-01
9.526289e-01
9.524524e-01
9.522670e-01
9.520813e-01
9.519072e-01
9.517569e-01
9.516419e-01
9.515714e-01
9.515523e-01
9.515865e-01
9.516714e-01
9.517999e-01
9.519627e-01
9.521482e-01
9.523439e-01
9.525373e-01
9.527197e-01
9.528848e-01
9.530284e-01
9.531488e-01
9.532469e-01
9.533244e-01
9.533835e-01
9.534264e-01
9.534563e-01
9.534773e-01
9.534925e-01
9.535031e-01
9.535102e-01
9.535149e-01
9.535182e-01
9.535206e-01
9.535225e-01
9.535243e-01
9.535255e-01
9.535263e-01
9.535265e-01
9.535263e-01
9.535258e-01
9.535253e-01
9.535251e-01
9.535254e-01
9.535258e-01
9.535261e-01
9.535262e-01
9.535258e-01
9.535249e-01
9.535242e-01
9.535233e-01
9.535224e-01
9.535216e-01
9.535210e-01
9.535204e-01
9.535200e-01
9.535195e-01
9.535191e-01
9.535186e-01
9.535183e-01
9.535182e-01
9.535184e-01
9.535189e-01
9.535196e-01
9.535206e-01
9.535216e-01
9.535224e-01
9.535224e-01
9.535220e-01
9.535213e-01
9.535210e-01
9.535214e-01
9.535223e-01
9.535233e-01
9.535241e-01
9.535245e-01
9.535247e-01
9.535252e-01
9.535261e-01
9.535274e-01
9.535286e-01
9.535295e-01
9.535302e-01
9.535307e-01
9.535309e-01
9.535309e-01
9.535306e-01
9.535302e-01
9.535301e-01
9.535299e-01
9.535285e-01
9.535259e-01
9.535227e-01
9.535188e-01
9.535136e-01
9.535067e-01
9.534980e-01
9.534868e-01
9.534728e-01
9.534561e-01
9.534362e-01
9.534127e-01
9.533865e-01
9.533581e-01
9.533277e-01
9.532967e-01
9.532676e-01
9.532428e-01
9.532241e-01
9.532128e-01
9.532102e-01
9.532169e-01
9.532318e-01
9.532539e-01
9.532813e-01
9.533120e-01
9.533447e-01
9.533761e-01
9.534047e-01
9.534302e-01
9.534523e-01
9.534706e-01
9.534857e-01
9.534982e-01
9.535081e-01
9.535150e-01
9.535190e-01
9.535209e-01
9.535220e-01
9.535226e-01
9.535233e-01
9.535243e-01
9.535251e-01
9.535258e-01
9.535261e-01
9.535263e-01
9.535261e-01
9.535260e-01
9.535257e-01
9.535254e-01
9.535248e-01
9.535243e-01
9.535243e-01
9.535246e-01
9.535251e-01
9.535254e-01
9.535255e-01
9.535254e-01
9.535251e-01
9.535244e-01
9.535236e-01
9.535227e-01
9.535220e-01
9.535214e-01
9.535210e-01
9.535208e-01
9.535206e-01
9.535204e-01
9.535200e-01
9.535197e-01
9.535195e-01
9.535195e-01
9.535197e-01
9.535202e-01
9.535209e-01
9.535216e-01
9.535221e-01
9.535220e-01
9.535215e-01
9.535208e-01
9.535205e-01
9.535209e-01
9.535219e-01
9.535232e-01
9.535244e-01
9.535252e-01
9.535258e-01
9.535265e-01
9.535274e-01
9.535284e-01
9.535295e-01
9.535305e-01
9.535312e-01
9.535317e-01
9.535320e-01
9.535321e-01
9.535321e-01
9.535317e-01
9.535312e-01
9.535306e-01
9.535295e-01
9.535279e-01
9.535263e-01
9.535251e-01
9.535243e-01
9.535236e-01
9.535228e-01
9.535215e-01
9.535196e-01
9.535172e-01
9.535140e-01
9.535101e-01
9.535060e-01
9.535017e-01
9.534966e-01
9.534909e-01
9.534858e-01
9.534818e-01
9.534792e-01
9.534780e-01
9.534783e-01
9.534803e-01
9.534835e-01
9.534876e-01
9.534927e-01
9.534983e-01
9.535041e-01
9.535092e-01
9.535134e-01
9.535169e-01
9.535195e-01
9.535213e-01
9.535230e-01
9.535248e-01
9.535269e-01
9.535286e-01
9.535297e-01
9.535300e-01
9.535299e-01
9.535297e-01
9.535298e-01
9.535298e-01
9.535300e-01
9.535298e-01
9.535293e-01
9.535286e-01
9.535278e-01
9.535270e-01
9.535263e-01
9.535255e-01
9.535248e-01
9.535243e-01
9.535243e-01
9.535246e-01
9.535250e-01
9.535254e-01
9.535256e-01
9.535255e-01
9.535253e-01
9.535246e-01
9.535237e-01
9.535229e-01
9.535223e-01
9.535219e-01
9.535217e-01
9.535217e-01
9.535217e-01
9.535216e-01
9.535214e-01
9.535211e-01
9.535208e-01
9.535206e-01
9.535205e-01
9.535206e-01
9.535209e-01
9.535213e-01
9.535216e-01
9.535215e-01
9.535210e-01
9.535204e-01
9.535201e-01
9.535204e-01
9.535215e-01
9.535230e-01
9.535246e-01
9.535260e-01
9.535272e-01
9.535283e-01
9.535293e-01
9.535303e-01
9.535312e-01
9.535319e-01
9.535324e-01
9.535326e-01
9.535326e-01
9.535323e-01
9.535317e-01
9.535309e-01
9.535298e-01
9.535286e-01
9.535275e-01
9.535264e-01
9.535254e-01
9.535249e-01
9.535249e-01
9.535253e-01
9.535256e-01
9.535256e-01
9.535254e-01
9.535249e-01
9.535242e-01
9.535234e-01
9.535229e-01
9.535222e-01
9.535211e-01
9.535194e-01
9.535179e-01
9.535171e-01
9.535171e-01
9.535176e-01
9.535186e-01
9.535198e-01
9.535212e-01
9.535227e-01
9.535244e-01
9.535262e-01
9.535278e-01
9.535290e-01
9.535296e-01
9.535299e-01
9.535297e-01
9.535291e-01
9.535284e-01
9.535279e-01
9.535281e-01
9.535286e-01
9.535291e-01
9.535297e-01
9.535301e-01
9.535304e-01
9.535306e-01
9.535308e-01
9.535308e-01
9.535307e-01
9.535303e-01
9.535298e-01
9.535293e-01
9.535287e-01
9.535280e-01
9.535271e-01
9.535264e-01
9.535259e-01
9.535258e-01
9.535259e-01
9.535261e-01
9.535263e-01
9.535262e-01
9.535259e-01
9.535253e-01
9.535245e-01
9.535237e-01
9.535231e-01
9.535227e-01
9.535225e-01
9.535225e-01
9.535227e-01
9.535229e-01
9.535230e-01
9.535228e-01
9.535225e-01
9.535221e-01
9.535216e-01
9.535211e-01
9.535208e-01
9.535207e-01
9.535208e-01
9.535208e-01
9.535208e-01
9.535205e-01
9.535200e-01
9.535198e-01
9.535201e-01
9.535211e-01
9.535228e-01
9.535246e-01
9.535265e-01
9.535281e-01
9.535296e-01
9.535309e-01
9.535319e-01
9.535327e-01
9.535331e-01
9.535333e-01
9.535332e-01
9.535328e-01
9.535321e-01
9.535312e-01
9.535300e-01
9.535287e-01
9.535276e-01
9.535267e-01
9.535261e-01
9.535256e-01
9.535254e-01
9.535252e-01
9.535252e-01
9.535249e-01
9.535245e-01
9.535240e-01
9.535236e-01
9.535234e-01
9.535235e-01
9.535236e-01
9.535234e-01
9.535229e-01
9.535220e-01
9.535211e-01
9.535207e-01
9.535214e-01
9.535223e-01
9.535235e-01
9.535244e-01
9.535256e-01
9.535268e-01
9.535281e-01
9.535291e-01
9.535303e-01
9.535312e-01
9.535318e-01
9.535317e-01
9.535315e-01
9.535309e-01
9.535300e-01
9.535289e-01
9.535283e-01
9.535281e-01
9.535280e-01
9.535283e-01
9.535287e-01
9.535289e-01
9.535291e-01
9.535294e-01
9.535296e-01
9.535298e-01
9.535301e-01
9.535303e-01
9.535305e-01
9.535304e-01
9.535300e-01
9.535293e-01
9.535287e-01
9.535283e-01
9.535281e-01
9.535278e-01
9.535276e-01
9.535272e-01
9.535268e-01
9.535261e-01
9.535250e-01
9.535243e-01
9.535238e-01
9.535234e-01
9.535232e-01
9.535231e-01
9.535233e-01
9.535236e-01
9.535240e-01
9.535241e-01
9.535241e-01
9.535239e-01
9.535233e-01
9.535225e-01
9.535217e-01
9.535210e-01
9.535204e-01
9.535201e-01
9.535199e-01
9.535199e-01
9.535198e-01
9.535196e-01
9.535195e-01
9.535199e-01
9.535209e-01
9.535225e-01
9.535245e-01
9.535266e-01
9.535285e-01
9.535302e-01
9.535316e-01
9.535328e-01
9.535336e-01
9.535339e-01
9.535340e-01
9.535338e-01
9.535333e-01
9.535325e-01
9.535315e-01
9.535303e-01
9.535290e-01
9.535278e-01
9.535268e-01
9.535260e-01
9.535252e-01
9.535244e-01
9.535236e-01
9.535227e-01
9.535219e-01
9.535212e-01
9.535208e-01
9.535209e-01
9.535214e-01
9.535220e-01
9.535224e-01
9.535221e-01
9.535214e-01
9.535205e-01
9.535200e-01
9.535202e-01
9.535210e-01
9.535220e-01
9.535233e-01
9.535244e-01
9.535254e-01
9.535264e-01
9.535276e-01
9.535287e-01
9.535297e-01
9.535306e-01
9.535314e-01
9.535319e-01
9.535320e-01
9.535318e-01
9.535313e-01
9.535305e-01
9.535298e-01
9.535292e-01
9.535289e-01
9.535288e-01
9.535288e-01
9.535289e-01
9.535289e-01
9.535291e-01
9.535294e-01
9.535298e-01
9.535304e-01
9.535311e-01
9.535316e-01
9.535318e-01
9.535316e-01
9.535312e-01
9.535308e-01
9.535303e-01
9.535297e-01
9.535291e-01
9.535284e-01
9.535276e-01
9.535267e-01
9.535258e-01
9.535247e-01
9.535243e-01
9.535241e-01
9.535239e-01
9.535239e-01
9.535239e-01
9.535241e-01
9.535245e-01
9.535249e-01
9.535251e-01
9.535252e-01
9.535249e-01
9.535243e-01
9.535232e-01
9.535221e-01
9.535210e-01
9.535201e-01
9.535194e-01
9.535191e-01
9.535190e-01
9.535192e-01
9.535194e-01
9.535195e-01
9.535201e-01
9.535211e-01
9.535227e-01
9.535246e-01
9.535267e-01
9.535286e-01
9.535304e-01
9.535320e-01
9.535331e-01
9.535339e-01
9.535342e-01
9.535342e-01
9.535340e-01
9.535334e-01
9.535325e-01
9.535314e-01
9.535300e-01
9.535284e-01
9.535266e-01
9.535249e-01
9.535233e-01
9.535219e-01
9.535206e-01
9.535194e-01
9.535183e-01
9.535180e-01
9.535179e-01
9.535184e-01
9.535193e-01
9.535206e-01
9.535216e-01
9.535219e-01
9.535215e-01
9.535208e-01
9.535201e-01
9.535199e-01
9.535203e-01
9.535213e-01
9.535225e-01
9.535239e-01
9.535251e-01
9.535261e-01
9.535270e-01
9.535279e-01
9.535288e-01
9.535295e-01
9.535303e-01
9.535312e-01
9.535319e-01
9.535323e-01
9.535324e-01
9.535323e-01
9.535318e-01
9.535313e-01
9.535308e-01
9.535304e-01
9.535301e-01
9.535299e-01
9.535298e-01
9.535298e-01
9.535300e-01
9.535303e-01
9.535308e-01
9.535314e-01
9.535321e-01
9.535325e-01
9.535328e-01
9.535328e-01
9.535325e-01
9.535321e-01
9.535315e-01
9.535306e-01
9.535295e-01
9.535283e-01
9.535272e-01
9.535262e-01
9.535253e-01
9.535246e-01
9.535245e-01
9.535245e-01
9.535245e-01
9.535245e-01
9.535247e-01
9.535250e-01
9.535253e-01
9.535257e-01
9.535260e-01
9.535260e-01
9.535257e-01
9.535250e-01
9.535239e-01
9.535225e-01
9.535211e-01
9.535199e-01
9.535190e-01
9.535186e-01
9.535186e-01
9.535190e-01
9.535195e-01
9.535202e-01
9.535209e-01
9.535220e-01
9.535235e-01
9.535253e-01
9.535272e-01
9.535289e-01
9.535305e-01
9.535319e-01
9.535329e-01
9.535335e-01
9.535338e-01
9.535338e-01
9.535335e-01
9.535327e-01
9.535316e-01
9.535301e-01
9.535284e-01
9.535263e-01
9.535239e-01
9.535216e-01
9.535197e-01
9.535180e-01
9.535166e-01
9.535157e-01
9.535156e-01
9.535161e-01
9.535170e-01
9.535184e-01
9.535199e-01
9.535212e-01
9.535219e-01
9.535221e-01
9.535218e-01
9.535212e-01
9.535207e-01
9.535208e-01
9.535215e-01
9.535226e-01
9.535240e-01
9.535254e-01
9.535266e-01
9.535277e-01
9.535285e-01
9.535291e-01
9.535297e-01
9.535302e-01
9.535308e-01
9.535315e-01
9.535320e-01
9.535324e-01
9.535325e-01
9.535325e-01
9.535322e-01
9.535319e-01
9.535315e-01
9.535311e-01
9.535307e-01
9.535304e-01
9.535303e-01
9.535302e-01
9.535303e-01
9.535307e-01
9.535312e-01
9.535319e-01
9.535325e-01
9.535331e-01
9.535335e-01
9.535336e-01
9.535335e-01
9.535330e-01
9.535322e-01
9.535310e-01
9.535295e-01
9.535280e-01
9.535267e-01
9.535256e-01
9.535250e-01
9.535246e-01
9.535246e-01
9.535247e-01
9.535249e-01
9.535251e-01
9.535254e-01
9.535257e-01
9.535261e-01
9.535264e-01
9.535267e-01
9.535267e-01
9.535263e-01
9.535254e-01
9.535242e-01
9.535228e-01
9.535212e-01
9.535199e-01
9.535189e-01
9.535185e-01
9.535187e-01
9.535193e-01
9.535203e-01
9.535213e-01
9.535224e-01
9.535235e-01
9.535249e-01
9.535265e-01
9.535280e-01
9.535294e-01
9.535306e-01
9.535315e-01
9.535322e-01
9.535326e-01
9.535328e-01
9.535328e-01
9.535324e-01
9.535316e-01
9.535304e-01
9.535289e-01
9.535269e-01
9.535246e-01
9.535222e-01
9.535200e-01
9.535184e-01
9.535171e-01
9.535163e-01
9.535163e-01
9.535168e-01
9.535178e-01
9.535193e-01
9.535208e-01
9.535223e-01
9.535231e-01
9.535235e-01
9.535236e-01
9.535233e-01
9.535230e-01
9.535229e-01
9.535233e-01
9.535241e-01
9.535253e-01
9.535265e-01
9.535278e-01
9.535290e-01
9.535300e-01
9.535306e-01
9.535310e-01
9.535313e-01
9.535315e-01
9.535318e-01
9.535322e-01
9.535326e-01
9.535328e-01
9.535328e-01
9.535327e-01
9.535324e-01
9.535320e-01
9.535315e-01
9.535309e-01
9.535303e-01
9.535298e-01
9.535295e-01
9.535294e-01
9.535295e-01
9.535300e-01
9.535307e-01
9.535315e-01
9.535324e-01
9.535333e-01
9.535340e-01
9.535343e-01
9.535343e-01
9.535337e-01
9.535326e-01
9.535311e-01
9.535294e-01
9.535277e-01
9.535263e-01
9.535253e-01
9.535248e-01
9.535244e-01
9.535245e-01
9.535248e-01
9.535251e-01
9.535254e-01
9.535258e-01
9.535262e-01
9.535266e-01
9.535270e-01
9.535272e-01
9.535271e-01
9.535266e-01
9.535257e-01
9.535245e-01
9.535230e-01
9.535215e-01
9.535201e-01
9.535192e-01
9.535188e-01
9.535193e-01
9.535202e-01
9.535214e-01
9.535228e-01
9.535242e-01
9.535255e-01
9.535267e-01
9.535279e-01
9.535289e-01
9.535298e-01
9.535303e-01
9.535307e-01
9.535309e-01
9.535311e-01
9.535313e-01
9.535311e-01
9.535307e-01
9.535301e-01
9.535290e-01
9.535277e-01
9.535261e-01
9.535242e-01
9.535223e-01
9.535208e-01
9.535198e-01
9.535190e-01
9.535189e-01
9.535194e-01
9.535203e-01
9.535214e-01
9.535225e-01
9.535238e-01
9.535248e-01
9.535252e-01
9.535254e-01
9.535255e-01
9.535257e-01
9.535259e-01
9.535263e-01
9.535270e-01
9.535280e-01
9.535289e-01
9.535297e-01
9.535310e-01
9.535319e-01
9.535325e-01
9.535329e-01
9.535331e-01
9.535331e-01
9.535331e-01
9.535332e-01
9.535334e-01
9.535335e-01
9.535335e-01
9.535334e-01
9.535332e-01
9.535328e-01
9.535323e-01
9.535316e-01
9.535308e-01
9.535299e-01
9.535292e-01
9.535287e-01
9.535284e-01
9.535286e-01
9.535290e-01
9.535298e-01
9.535309e-01
9.535320e-01
9.535331e-01
9.535340e-01
9.535345e-01
9.535344e-01
9.535337e-01
9.535325e-01
9.535309e-01
9.535291e-01
9.535274e-01
9.535260e-01
9.535251e-01
9.535246e-01
9.535242e-01
9.535243e-01
9.535246e-01
9.535250e-01
9.535255e-01
9.535260e-01
9.535265e-01
9.535269e-01
9.535273e-01
9.535274e-01
9.535273e-01
9.535269e-01
9.535260e-01
9.535249e-01
9.535236e-01
9.535222e-01
9.535210e-01
9.535202e-01
9.535199e-01
9.535203e-01
9.535214e-01
9.535229e-01
9.535246e-01
9.535261e-01
9.535274e-01
9.535284e-01
9.535291e-01
9.535296e-01
9.535298e-01
9.535297e-01
9.535294e-01
9.535290e-01
9.535288e-01
9.535287e-01
9.535286e-01
9.535283e-01
9.535280e-01
9.535273e-01
9.535265e-01
9.535255e-01
9.535243e-01
9.535231e-01
9.535222e-01
9.535218e-01
9.535216e-01
9.535217e-01
9.535225e-01
9.535235e-01
9.535243e-01
9.535250e-01
9.535258e-01
9.535266e-01
9.535269e-01
9.535270e-01
9.535277e-01
9.535288e-01
9.535296e-01
9.535303e-01
9.535316e-01
9.535329e-01
9.535335e-01
9.535342e-01
9.535347e-01
9.535350e-01
9.535352e-01
9.535351e-01
9.535349e-01
9.535346e-01
9.535345e-01
9.535344e-01
9.535344e-01
9.535344e-01
9.535344e-01
9.535344e-01
9.535341e-01
9.535337e-01
9.535331e-01
9.535323e-01
9.535313e-01
9.535302e-01
9.535292e-01
9.535285e-01
9.535281e-01
9.535280e-01
9.535284e-01
9.535292e-01
9.535302e-01
9.535314e-01
9.535325e-01
9.535333e-01
9.535338e-01
9.535336e-01
9.535329e-01
9.535317e-01
9.535302e-01
9.535286e-01
9.535270e-01
9.535258e-01
9.535249e-01
9.535244e-01
9.535239e-01
9.535240e-01
9.535244e-01
9.535249e-01
9.535255e-01
9.535261e-01
9.535266e-01
9.535270e-01
9.535273e-01
9.535275e-01
9.535274e-01
9.535271e-01
9.535265e-01
9.535256e-01
9.535245e-01
9.535234e-01
9.535224e-01
9.535217e-01
9.535215e-01
9.535219e-01
9.535229e-01
9.535243e-01
9.535260e-01
9.535275e-01
9.535288e-01
9.535296e-01
9.535299e-01
9.535298e-01
9.535294e-01
9.535286e-01
9.535278e-01
9.535270e-01
9.535263e-01
9.535258e-01
9.535256e-01
9.535256e-01
9.535256e-01
9.535254e-01
9.535252e-01
9.535248e-01
9.535241e-01
9.535235e-01
9.535232e-01
9.535232e-01
9.535233e-01
9.535238e-01
9.535244e-01
9.535251e-01
9.535257e-01
9.535263e-01
9.535269e-01
9.535275e-01
9.535282e-01
9.535293e-01
9.535308e-01
9.535324e-01
9.535339e-01
9.535356e-01
9.535370e-01
9.535379e-01
9.535383e-01
9.535384e-01
9.535383e-01
9.535379e-01
9.535374e-01
9.535368e-01
9.535362e-01
9.535356e-01
9.535353e-01
9.535351e-01
9.535350e-01
9.535350e-01
9.535350e-01
9.535351e-01
9.535350e-01
9.535347e-01
9.535342e-01
9.535335e-01
9.535324e-01
9.535312e-01
9.535300e-01
9.535290e-01
9.535283e-01
9.535280e-01
9.535281e-01
9.535286e-01
9.535292e-01
9.535301e-01
9.535310e-01
9.535319e-01
9.535322e-01
9.535318e-01
9.535313e-01
9.535304e-01
9.535292e-01
9.535279e-01
9.535266e-01
9.535255e-01
9.535246e-01
9.535241e-01
9.535238e-01
9.535239e-01
9.535243e-01
9.535249e-01
9.535255e-01
9.535261e-01
9.535267e-01
9.535269e-01
9.535273e-01
9.535275e-01
9.535275e-01
9.535274e-01
9.535271e-01
9.535266e-01
9.535259e-01
9.535253e-01
9.535244e-01
9.535239e-01
9.535237e-01
9.535240e-01
9.535246e-01
9.535256e-01
9.535271e-01
9.535283e-01
9.535293e-01
9.535299e-01
9.535299e-01
9.535293e-01
9.535286e-01
9.535275e-01
9.535264e-01
9.535253e-01
9.535245e-01
9.535239e-01
9.535236e-01
9.535235e-01
9.535237e-01
9.535238e-01
9.535239e-01
9.535241e-01
9.535239e-01
9.535237e-01
9.535237e-01
9.535239e-01
9.535240e-01
9.535244e-01
9.535248e-01
9.535253e-01
9.535258e-01
9.535262e-01
9.535270e-01
9.535283e-01
9.535295e-01
9.535313e-01
9.535335e-01
9.535357e-01
9.535379e-01
9.535397e-01
9.535411e-01
9.535417e-01
9.535418e-01
9.535413e-01
9.535405e-01
9.535395e-01
9.535384e-01
9.535374e-01
9.535365e-01
9.535357e-01
9.535351e-01
9.535348e-01
9.535346e-01
9.535346e-01
9.535348e-01
9.535351e-01
9.535352e-01
9.535352e-01
9.535350e-01
9.535344e-01
9.535335e-01
9.535324e-01
9.535311e-01
9.535299e-01
9.535289e-01
9.535281e-01
9.535277e-01
9.535275e-01
9.535277e-01
9.535281e-01
9.535285e-01
9.535289e-01
9.535293e-01
9.535294e-01
9.535292e-01
9.535287e-01
9.535280e-01
9.535272e-01
9.535263e-01
9.535254e-01
9.535246e-01
9.535241e-01
9.535242e-01
9.535243e-01
9.535246e-01
9.535251e-01
9.535256e-01
9.535262e-01
9.535265e-01
9.535269e-01
9.535271e-01
9.535274e-01
9.535275e-01
9.535276e-01
9.535277e-01
9.535277e-01
9.535275e-01
9.535273e-01
9.535269e-01
9.535264e-01
9.535262e-01
9.535263e-01
9.535267e-01
9.535273e-01
9.535280e-01
9.535287e-01
9.535291e-01
9.535292e-01
9.535289e-01
9.535282e-01
9.535273e-01
9.535263e-01
9.535251e-01
9.535240e-01
9.535232e-01
9.535225e-01
9.535222e-01
9.535223e-01
9.535225e-01
9.535228e-01
9.535233e-01
9.535238e-01
9.535240e-01
9.535240e-01
9.535242e-01
9.535244e-01
9.535247e-01
9.535248e-01
9.535251e-01
9.535257e-01
9.535265e-01
9.535274e-01
9.535286e-01
9.535301e-01
9.535320e-01
9.535342e-01
9.535367e-01
9.535393e-01
9.535415e-01
9.535431e-01
9.535442e-01
9.535445e-01
9.535439e-01
9.535429e-01
9.535415e-01
9.535398e-01
9.535382e-01
9.535369e-01
9.535357e-01
9.535348e-01
9.535341e-01
9.535338e-01
9.535336e-01
9.535337e-01
9.535339e-01
9.535343e-01
9.535347e-01
9.535350e-01
9.535350e-01
9.535347e-01
9.535340e-01
9.535331e-01
9.535317e-01
9.535304e-01
9.535292e-01
9.535280e-01
9.535270e-01
9.535264e-01
9.535260e-01
9.535259e-01
9.535260e-01
9.535263e-01
9.535266e-01
9.535270e-01
9.535271e-01
9.535271e-01
9.535269e-01
9.535265e-01
9.535260e-01
9.535254e-01
9.535248e-01
9.535244e-01
9.535249e-01
9.535249e-01
9.535251e-01
9.535255e-01
9.535259e-01
9.535263e-01
9.535266e-01
9.535269e-01
9.535272e-01
9.535275e-01
9.535278e-01
9.535281e-01
9.535285e-01
9.535289e-01
9.535292e-01
9.535294e-01
9.535293e-01
9.535292e-01
9.535290e-01
9.535289e-01
9.535289e-01
9.535289e-01
9.535289e-01
9.535288e-01
9.535286e-01
9.535282e-01
9.535275e-01
9.535267e-01
9.535258e-01
9.535249e-01
9.535240e-01
9.535231e-01
9.535225e-01
9.535221e-01
9.535219e-01
9.535221e-01
9.535224e-01
9.535229e-01
9.535236e-01
9.535242e-01
9.535247e-01
9.535250e-01
9.535252e-01
9.535255e-01
9.535258e-01
9.535259e-01
9.535265e-01
9.535273e-01
9.535283e-01
9.535295e-01
9.535312e-01
9.535332e-01
9.535354e-01
9.535377e-01
9.535402e-01
9.535425e-01
9.535444e-01
9.535457e-01
9.535461e-01
9.535456e-01
9.535446e-01
9.535430e-01
9.535410e-01
9.535388e-01
9.535368e-01
9.535352e-01
9.535340e-01
9.535330e-01
9.535324e-01
9.535320e-01
9.535319e-01
9.535320e-01
9.535324e-01
9.535329e-01
9.535334e-01
9.535337e-01
9.535340e-01
9.535341e-01
9.535337e-01
9.535330e-01
9.535319e-01
9.535307e-01
9.535293e-01
9.535280e-01
9.535266e-01
9.535256e-01
9.535248e-01
9.535243e-01
9.535241e-01
9.535243e-01
9.535244e-01
9.535249e-01
9.535254e-01
9.535258e-01
9.535259e-01
9.535258e-01
9.535257e-01
9.535254e-01
9.535251e-01
9.535250e-01
9.535258e-01
9.535258e-01
9.535259e-01
9.535262e-01
9.535264e-01
9.535266e-01
9.535269e-01
9.535272e-01
9.535276e-01
9.535279e-01
9.535284e-01
9.535289e-01
9.535294e-01
9.535301e-01
9.535308e-01
9.535313e-01
9.535317e-01
9.535319e-01
9.535319e-01
9.535316e-01
9.535312e-01
9.535305e-01
9.535298e-01
9.535290e-01
9.535280e-01
9.535270e-01
9.535261e-01
9.535252e-01
9.535244e-01
9.535236e-01
9.535231e-01
9.535227e-01
9.535225e-01
9.535225e-01
9.535227e-01
9.535231e-01
9.535237e-01
9.535244e-01
9.535253e-01
9.535259e-01
9.535265e-01
9.535268e-01
9.535272e-01
9.535275e-01
9.535278e-01
9.535282e-01
9.535290e-01
9.535302e-01
9.535314e-01
9.535329e-01
9.535348e-01
9.535369e-01
9.535388e-01
9.535408e-01
9.535428e-01
9.535444e-01
9.535456e-01
9.535462e-01
9.535461e-01
9.535454e-01
9.535440e-01
9.535420e-01
9.535397e-01
9.535373e-01
9.535351e-01
9.535333e-01
9.535319e-01
9.535309e-01
9.535302e-01
9.535298e-01
9.535298e-01
9.535300e-01
9.535304e-01
9.535309e-01
9.535314e-01
9.535319e-01
9.535323e-01
9.535325e-01
9.535325e-01
9.535322e-01
9.535316e-01
9.535307e-01
9.535295e-01
9.535282e-01
9.535268e-01
9.535254e-01
9.535243e-01
9.535234e-01
9.535228e-01
9.535226e-01
9.535227e-01
9.535231e-01
9.535236e-01
9.535241e-01
9.535245e-01
9.535250e-01
9.535253e-01
9.535255e-01
9.535256e-01
9.535257e-01
9.535267e-01
9.535268e-01
9.535269e-01
9.535270e-01
9.535270e-01
9.535271e-01
9.535274e-01
9.535277e-01
9.535281e-01
9.535285e-01
9.535291e-01
9.535297e-01
9.535305e-01
9.535314e-01
9.535323e-01
9.535332e-01
9.535339e-01
9.535344e-01
9.535345e-01
9.535341e-01
9.535334e-01
9.535322e-01
9.535308e-01
9.535292e-01
9.535276e-01
9.535260e-01
9.535248e-01
9.535238e-01
9.535230e-01
9.535225e-01
9.535225e-01
9.535227e-01
9.535230e-01
9.535236e-01
9.535245e-01
9.535253e-01
9.535262e-01
9.535271e-01
9.535280e-01
9.535287e-01
9.535292e-01
9.535296e-01
9.535299e-01
9.535303e-01
9.535307e-01
9.535314e-01
9.535323e-01
9.535335e-01
9.535348e-01
9.535362e-01
9.535379e-01
9.535394e-01
9.535409e-01
9.535423e-01
9.535436e-01
9.535444e-01
9.535451e-01
9.535454e-01
9.535451e-01
9.535442e-01
9.535428e-01
9.535408e-01
9.535385e-01
9.535361e-01
9.535338e-01
9.535318e-01
9.535302e-01
9.535291e-01
9.535283e-01
9.535279e-01
9.535279e-01
9.535279e-01
9.535282e-01
9.535287e-01
9.535291e-01
9.535295e-01
9.535299e-01
9.535302e-01
9.535305e-01
9.535306e-01
9.535305e-01
9.535302e-01
9.535294e-01
9.535283e-01
9.535271e-01
9.535256e-01
9.535242e-01
9.535230e-01
9.535220e-01
9.535213e-01
9.535211e-01
9.535212e-01
9.535216e-01
9.535222e-01
9.535230e-01
9.535238e-01
9.535246e-01
9.535253e-01
9.535259e-01
9.535264e-01
9.535272e-01
9.535275e-01
9.535277e-01
9.535277e-01
9.535277e-01
9.535279e-01
9.535281e-01
9.535285e-01
9.535290e-01
9.535296e-01
9.535302e-01
9.535310e-01
9.535318e-01
9.535328e-01
9.535339e-01
9.535349e-01
9.535358e-01
9.535363e-01
9.535365e-01
9.535360e-01
9.535350e-01
9.535334e-01
9.535314e-01
9.535292e-01
9.535271e-01
9.535251e-01
9.535236e-01
9.535225e-01
9.535217e-01
9.535215e-01
9.535218e-01
9.535226e-01
9.535236e-01
9.535249e-01
9.535264e-01
9.535278e-01
9.535291e-01
9.535302e-01
9.535312e-01
9.535319e-01
9.535324e-01
9.535327e-01
9.535331e-01
9.535335e-01
9.535339e-01
9.535345e-01
9.535352e-01
9.535361e-01
9.535371e-01
9.535380e-01
9.535390e-01
9.535400e-01
9.535407e-01
9.535414e-01
9.535422e-01
9.535428e-01
9.535432e-01
9.535433e-01
9.535431e-01
9.535424e-01
9.535413e-01
9.535396e-01
9.535376e-01
9.535354e-01
9.535332e-01
9.535312e-01
9.535294e-01
9.535280e-01
9.535270e-01
9.535264e-01
9.535261e-01
9.535260e-01
9.535261e-01
9.535263e-01
9.535266e-01
9.535269e-01
9.535272e-01
9.535276e-01
9.535281e-01
9.535285e-01
9.535289e-01
9.535290e-01
9.535287e-01
9.535281e-01
9.535271e-01
9.535258e-01
9.535243e-01
9.535227e-01
9.535213e-01
9.535201e-01
9.535194e-01
9.535192e-01
9.535195e-01
9.535202e-01
9.535211e-01
9.535223e-01
9.535235e-01
9.535247e-01
9.535258e-01
9.535266e-01
9.535274e-01
9.535280e-01
9.535283e-01
9.535284e-01
9.535286e-01
9.535287e-01
9.535290e-01
9.535296e-01
9.535302e-01
9.535308e-01
9.535315e-01
9.535324e-01
9.535333e-01
9.535342e-01
9.535353e-01
9.535365e-01
9.535374e-01
9.535380e-01
9.535381e-01
9.535375e-01
9.535361e-01
9.535342e-01
9.535317e-01
9.535290e-01
9.535262e-01
9.535239e-01
9.535220e-01
9.535206e-01
9.535199e-01
9.535200e-01
9.535207e-01
9.535218e-01
9.535235e-01
9.535255e-01
9.535276e-01
9.535295e-01
9.535313e-01
9.535327e-01
9.535338e-01
9.535346e-01
9.535351e-01
9.535355e-01
9.535357e-01
9.535359e-01
9.535360e-01
9.535362e-01
9.535364e-01
9.535367e-01
9.535369e-01
9.535372e-01
9.535376e-01
9.535377e-01
9.535381e-01
9.535384e-01
9.535389e-01
9.535392e-01
9.535399e-01
9.535401e-01
9.535401e-01
9.535396e-01
9.535389e-01
9.535378e-01
9.535363e-01
9.535344e-01
9.535325e-01
9.535307e-01
9.535290e-01
9.535274e-01
9.535263e-01
9.535254e-01
9.535247e-01
9.535243e-01
9.535241e-01
9.535240e-01
9.535239e-01
9.535241e-01
9.535244e-01
9.535248e-01
9.535254e-01
9.535262e-01
9.535269e-01
9.535275e-01
9.535277e-01
9.535275e-01
9.535268e-01
9.535256e-01
9.535240e-01
9.535222e-01
9.535205e-01
9.535190e-01
9.535179e-01
9.535173e-01
9.535173e-01
9.535179e-01
9.535190e-01
9.535204e-01
9.535221e-01
9.535237e-01
9.535252e-01
9.535264e-01
9.535269e-01
9.535278e-01
9.535285e-01
9.535290e-01
9.535294e-01
9.535298e-01
9.535303e-01
9.535309e-01
9.535316e-01
9.535323e-01
9.535331e-01
9.535339e-01
9.535347e-01
9.535356e-01
9.535366e-01
9.535376e-01
9.535383e-01
9.535387e-01
9.535386e-01
9.535378e-01
9.535362e-01
9.535338e-01
9.535309e-01
9.535279e-01
9.535249e-01
9.535222e-01
9.535199e-01
9.535183e-01
9.535176e-01
9.535179e-01
9.535189e-01
9.535203e-01
9.535226e-01
9.535251e-01
9.535276e-01
9.535300e-01
9.535323e-01
9.535339e-01
9.535351e-01
9.535358e-01
9.535363e-01
9.535365e-01
9.535366e-01
9.535364e-01
9.535361e-01
9.535357e-01
9.535352e-01
9.535346e-01
9.535341e-01
9.535338e-01
9.535334e-01
9.535324e-01
9.535329e-01
9.535333e-01
9.535337e-01
9.535334e-01
9.535349e-01
9.535358e-01
9.535360e-01
9.535353e-01
9.535352e-01
9.535348e-01
9.535337e-01
9.535323e-01
9.535312e-01
9.535300e-01
9.535284e-01
9.535269e-01
9.535257e-01
9.535248e-01
9.535238e-01
9.535229e-01
9.535225e-01
9.535222e-01
9.535216e-01
9.535216e-01
9.535220e-01
9.535224e-01
9.535230e-01
9.535238e-01
9.535249e-01
9.535259e-01
9.535264e-01
9.535264e-01
9.535261e-01
9.535251e-01
9.535237e-01
9.535217e-01
9.535198e-01
9.535181e-01
9.535165e-01
9.535154e-01
9.535153e-01
9.535158e-01
9.535169e-01
9.535183e-01
9.535202e-01
9.535222e-01
9.535241e-01
9.535256e-01
9.535259e-01
9.535273e-01
9.535283e-01
9.535292e-01
9.535300e-01
9.535307e-01
9.535314e-01
9.535322e-01
9.535329e-01
9.535337e-01
9.535345e-01
9.535352e-01
9.535360e-01
9.535368e-01
9.535376e-01
9.535383e-01
9.535387e-01
9.535388e-01
9.535384e-01
9.535373e-01
9.535354e-01
9.535327e-01
9.535296e-01
9.535263e-01
9.535231e-01
9.535201e-01
9.535177e-01
9.535161e-01
9.535154e-01
9.535156e-01
9.535168e-01
9.535187e-01
9.535212e-01
9.535241e-01
9.535270e-01
9.535296e-01
9.535318e-01
9.535335e-01
9.535346e-01
9.535354e-01
9.535358e-01
9.535359e-01
9.535357e-01
9.535352e-01
9.535345e-01
9.535335e-01
9.535323e-01
9.535310e-01
9.535296e-01
9.535284e-01
9.535273e-01
9.535265e-01
9.535264e-01
9.535265e-01
9.535269e-01
9.535274e-01
9.535282e-01
9.535290e-01
9.535296e-01
9.535301e-01
9.535303e-01
9.535301e-01
9.535296e-01
9.535293e-01
9.535287e-01
9.535278e-01
9.535268e-01
9.535259e-01
9.535248e-01
9.535237e-01
9.535227e-01
9.535219e-01
9.535212e-01
9.535205e-01
9.535201e-01
9.535199e-01
9.535200e-01
9.535204e-01
9.535211e-01
9.535219e-01
9.535229e-01
9.535238e-01
9.535246e-01
9.535251e-01
9.535250e-01
9.535243e-01
9.535230e-01
9.535212e-01
9.535191e-01
9.535170e-01
9.535152e-01
9.535139e-01
9.535133e-01
9.535135e-01
9.535144e-01
9.535159e-01
9.535178e-01
9.535200e-01
9.535222e-01
9.535242e-01
9.535242e-01
9.535261e-01
9.535277e-01
9.535291e-01
9.535303e-01
9.535315e-01
9.535326e-01
9.535336e-01
9.535345e-01
9.535353e-01
9.535360e-01
9.535367e-01
9.535373e-01
9.535380e-01
9.535385e-01
9.535388e-01
9.535389e-01
9.535386e-01
9.535377e-01
9.535362e-01
9.535340e-01
9.535311e-01
9.535278e-01
9.535245e-01
9.535212e-01
9.535181e-01
9.535159e-01
9.535145e-01
9.535138e-01
9.535142e-01
9.535156e-01
9.535177e-01
9.535203e-01
9.535232e-01
9.535261e-01
9.535286e-01
9.535306e-01
9.535321e-01
9.535332e-01
9.535338e-01
9.535342e-01
9.535342e-01
9.535339e-01
9.535332e-01
9.535322e-01
9.535309e-01
9.535294e-01
9.535277e-01
9.535260e-01
9.535246e-01
9.535235e-01
9.535226e-01
9.535222e-01
9.535224e-01
9.535229e-01
9.535234e-01
9.535241e-01
9.535248e-01
9.535256e-01
9.535263e-01
9.535266e-01
9.535268e-01
9.535268e-01
9.535268e-01
9.535266e-01
9.535262e-01
9.535256e-01
9.535249e-01
9.535240e-01
9.535231e-01
9.535222e-01
9.535214e-01
9.535206e-01
9.535199e-01
9.535194e-01
9.535192e-01
9.535192e-01
9.535196e-01
9.535202e-01
9.535209e-01
9.535218e-01
9.535227e-01
9.535235e-01
9.535239e-01
9.535239e-01
9.535234e-01
9.535223e-01
9.535207e-01
9.535187e-01
9.535165e-01
9.535145e-01
9.535129e-01
9.535118e-01
9.535115e-01
9.535122e-01
9.535135e-01
9.535154e-01
9.535175e-01
9.535199e-01
9.535221e-01
9.535221e-01
9.535243e-01
9.535265e-01
9.535285e-01
9.535304e-01
9.535321e-01
9.535336e-01
9.535349e-01
9.535360e-01
9.535370e-01
9.535377e-01
9.535383e-01
9.535389e-01
9.535393e-01
9.535395e-01
9.535395e-01
9.535391e-01
9.535384e-01
9.535370e-01
9.535351e-01
9.535325e-01
9.535295e-01
9.535262e-01
9.535229e-01
9.535197e-01
9.535168e-01
9.535148e-01
9.535136e-01
9.535132e-01
9.535138e-01
9.535153e-01
9.535174e-01
9.535200e-01
9.535228e-01
9.535254e-01
9.535275e-01
9.535293e-01
9.535306e-01
9.535316e-01
9.535322e-01
9.535326e-01
9.535326e-01
9.535323e-01
9.535317e-01
9.535306e-01
9.535292e-01
9.535275e-01
9.535257e-01
9.535239e-01
9.535226e-01
9.535214e-01
9.535206e-01
9.535203e-01
9.535206e-01
9.535213e-01
9.535219e-01
9.535225e-01
9.535234e-01
9.535243e-01
9.535251e-01
9.535256e-01
9.535259e-01
9.535263e-01
9.535266e-01
9.535265e-01
9.535262e-01
9.535256e-01
9.535248e-01
9.535238e-01
9.535228e-01
9.535218e-01
9.535210e-01
9.535203e-01
9.535197e-01
9.535193e-01
9.535192e-01
9.535193e-01
9.535197e-01
9.535203e-01
9.535210e-01
9.535217e-01
9.535224e-01
9.535230e-01
9.535234e-01
9.535234e-01
9.535229e-01
9.535220e-01
9.535205e-01
9.535186e-01
9.535164e-01
9.535143e-01
9.535124e-01
9.535109e-01
9.535102e-01
9.535104e-01
9.535115e-01
9.535131e-01
9.535151e-01
9.535174e-01
9.535198e-01
9.535201e-01
9.535225e-01
9.535249e-01
9.535274e-01
9.535299e-01
9.535320e-01
9.535340e-01
9.535358e-01
9.535372e-01
9.535383e-01
9.535392e-01
9.535399e-01
9.535404e-01
9.535406e-01
9.535405e-01
9.535401e-01
9.535393e-01
9.535381e-01
9.535364e-01
9.535341e-01
9.535314e-01
9.535284e-01
9.535251e-01
9.535218e-01
9.535188e-01
9.535162e-01
9.535144e-01
9.535134e-01
9.535133e-01
9.535141e-01
9.535157e-01
9.535178e-01
9.535203e-01
9.535228e-01
9.535252e-01
9.535271e-01
9.535287e-01
9.535299e-01
9.535309e-01
9.535315e-01
9.535319e-01
9.535320e-01
9.535318e-01
9.535311e-01
9.535300e-01
9.535286e-01
9.535268e-01
9.535249e-01
9.535232e-01
9.535217e-01
9.535206e-01
9.535201e-01
9.535201e-01
9.535204e-01
9.535213e-01
9.535224e-01
9.535233e-01
9.535243e-01
9.535255e-01
9.535266e-01
9.535274e-01
9.535280e-01
9.535286e-01
9.535289e-01
9.535289e-01
9.535283e-01
9.535275e-01
9.535263e-01
9.535249e-01
9.535233e-01
9.535220e-01
9.535211e-01
9.535203e-01
9.535198e-01
9.535197e-01
9.535198e-01
9.535201e-01
9.535206e-01
9.535213e-01
9.535222e-01
9.535228e-01
9.535232e-01
9.535236e-01
9.535239e-01
9.535238e-01
9.535233e-01
9.535225e-01
9.535213e-01
9.535195e-01
9.535174e-01
9.535153e-01
9.535134e-01
9.535116e-01
9.535105e-01
9.535104e-01
9.535109e-01
9.535120e-01
9.535135e-01
9.535155e-01
9.535175e-01
9.535177e-01
9.535204e-01
9.535232e-01
9.535260e-01
9.535290e-01
9.535317e-01
9.535341e-01
9.535363e-01
9.535381e-01
9.535394e-01
9.535404e-01
9.535411e-01
9.535415e-01
9.535414e-01
9.535411e-01
9.535404e-01
9.535392e-01
9.535378e-01
9.535358e-01
9.535332e-01
9.535306e-01
9.535278e-01
9.535246e-01
9.535212e-01
9.535185e-01
9.535163e-01
9.535147e-01
9.535139e-01
9.535141e-01
9.535150e-01
9.535167e-01
9.535190e-01
9.535213e-01
9.535234e-01
9.535257e-01
9.535276e-01
9.535290e-01
9.535301e-01
9.535312e-01
9.535320e-01
9.535325e-01
9.535326e-01
9.535323e-01
9.535316e-01
9.535304e-01
9.535288e-01
9.535270e-01
9.535251e-01
9.535233e-01
9.535218e-01
9.535209e-01
9.535205e-01
9.535207e-01
9.535214e-01
9.535224e-01
9.535237e-01
9.535251e-01
9.535265e-01
9.535278e-01
9.535289e-01
9.535298e-01
9.535306e-01
9.535312e-01
9.535316e-01
9.535315e-01
9.535310e-01
9.535300e-01
9.535285e-01
9.535267e-01
9.535247e-01
9.535231e-01
9.535218e-01
9.535209e-01
9.535205e-01
9.535204e-01
9.535207e-01
9.535213e-01
9.535222e-01
9.535231e-01
9.535238e-01
9.535244e-01
9.535248e-01
9.535250e-01
9.535251e-01
9.535249e-01
9.535245e-01
9.535239e-01
9.535230e-01
9.535216e-01
9.535199e-01
9.535179e-01
9.535159e-01
9.535140e-01
9.535125e-01
9.535118e-01
9.535116e-01
9.535118e-01
9.535125e-01
9.535138e-01
9.535156e-01
9.535161e-01
9.535183e-01
9.535212e-01
9.535245e-01
9.535277e-01
9.535309e-01
9.535340e-01
9.535366e-01
9.535387e-01
9.535404e-01
9.535415e-01
9.535423e-01
9.535425e-01
9.535424e-01
9.535417e-01
9.535405e-01
9.535389e-01
9.535369e-01
9.535346e-01
9.535320e-01
9.535294e-01
9.535266e-01
9.535237e-01
9.535211e-01
9.535190e-01
9.535173e-01
9.535162e-01
9.535158e-01
9.535164e-01
9.535176e-01
9.535193e-01
9.535214e-01
9.535236e-01
9.535256e-01
9.535273e-01
9.535289e-01
9.535302e-01
9.535314e-01
9.535325e-01
9.535333e-01
9.535338e-01
9.535339e-01
9.535335e-01
9.535326e-01
9.535313e-01
9.535295e-01
9.535277e-01
9.535258e-01
9.535241e-01
9.535227e-01
9.535219e-01
9.535217e-01
9.535220e-01
9.535227e-01
9.535238e-01
9.535252e-01
9.535268e-01
9.535283e-01
9.535295e-01
9.535303e-01
9.535310e-01
9.535315e-01
9.535320e-01
9.535325e-01
9.535325e-01
9.535322e-01
9.535314e-01
9.535305e-01
9.535298e-01
9.535284e-01
9.535268e-01
9.535254e-01
9.535243e-01
9.535237e-01
9.535235e-01
9.535237e-01
9.535243e-01
9.535250e-01
9.535257e-01
9.535262e-01
9.535265e-01
9.535267e-01
9.535266e-01
9.535263e-01
9.535259e-01
9.535256e-01
9.535253e-01
9.535250e-01
9.535246e-01
9.535238e-01
9.535228e-01
9.535214e-01
9.535197e-01
9.535180e-01
9.535165e-01
9.535152e-01
9.535142e-01
9.535137e-01
9.535137e-01
9.535145e-01
9.535163e-01
9.535181e-01
9.535205e-01
9.535235e-01
9.535267e-01
9.535300e-01
9.535330e-01
9.535357e-01
9.535380e-01
9.535399e-01
9.535413e-01
9.535422e-01
9.535425e-01
9.535423e-01
9.535415e-01
9.535400e-01
9.535381e-01
9.535357e-01
9.535331e-01
9.535305e-01
9.535279e-01
9.535255e-01
9.535235e-01
9.535218e-01
9.535207e-01
9.535200e-01
9.535200e-01
9.535207e-01
9.535218e-01
9.535232e-01
9.535248e-01
9.535260e-01
9.535266e-01
9.535280e-01
9.535295e-01
9.535310e-01
9.535323e-01
9.535335e-01
9.535346e-01
9.535354e-01
9.535359e-01
9.535358e-01
9.535353e-01
9.535342e-01
9.535327e-01
9.535308e-01
9.535289e-01
9.535270e-01
9.535255e-01
9.535243e-01
9.535236e-01
9.535233e-01
9.535236e-01
9.535243e-01
9.535252e-01
9.535263e-01
9.535277e-01
9.535290e-01
9.535297e-01
9.535302e-01
9.535306e-01
9.535308e-01
9.535310e-01
9.535314e-01
9.535317e-01
9.535316e-01
9.535312e-01
9.535308e-01
9.535303e-01
9.535295e-01
9.535287e-01
9.535279e-01
9.535272e-01
9.535268e-01
9.535268e-01
9.535269e-01
9.535270e-01
9.535273e-01
9.535275e-01
9.535275e-01
9.535272e-01
9.535268e-01
9.535262e-01
9.535254e-01
9.535247e-01
9.535242e-01
9.535239e-01
9.535239e-01
9.535240e-01
9.535238e-01
9.535233e-01
9.535225e-01
9.535213e-01
9.535198e-01
9.535182e-01
9.535165e-01
9.535155e-01
9.535146e-01
9.535143e-01
9.535149e-01
9.535171e-01
9.535187e-01
9.535209e-01
9.535238e-01
9.535268e-01
9.535299e-01
9.535328e-01
9.535353e-01
9.535375e-01
9.535394e-01
9.535408e-01
9.535417e-01
9.535420e-01
9.535417e-01
9.535408e-01
9.535394e-01
9.535375e-01
9.535351e-01
9.535325e-01
9.535300e-01
9.535275e-01
9.535255e-01
9.535239e-01
9.535227e-01
9.535221e-01
9.535219e-01
9.535223e-01
9.535232e-01
9.535243e-01
9.535256e-01
9.535269e-01
9.535283e-01
9.535299e-01
9.535315e-01
9.535330e-01
9.535346e-01
9.535361e-01
9.535375e-01
9.535386e-01
9.535393e-01
9.535395e-01
9.535390e-01
9.535381e-01
9.535369e-01
9.535354e-01
9.535337e-01
9.535321e-01
9.535306e-01
9.535293e-01
9.535283e-01
9.535274e-01
9.535269e-01
9.535267e-01
9.535267e-01
9.535267e-01
9.535270e-01
9.535276e-01
9.535281e-01
9.535283e-01
9.535284e-01
9.535282e-01
9.535283e-01
9.535282e-01
9.535284e-01
9.535289e-01
9.535295e-01
9.535298e-01
9.535303e-01
9.535308e-01
9.535314e-01
9.535320e-01
9.535323e-01
9.535323e-01
9.535323e-01
9.535324e-01
9.535324e-01
9.535319e-01
9.535313e-01
9.535307e-01
9.535298e-01
9.535284e-01
9.535268e-01
9.535250e-01
9.535232e-01
9.535218e-01
9.535208e-01
9.535204e-01
9.535205e-01
9.535208e-01
9.535218e-01
9.535226e-01
9.535232e-01
9.535233e-01
9.535228e-01
9.535218e-01
9.535207e-01
9.535195e-01
9.535185e-01
9.535178e-01
9.535176e-01
9.535206e-01
9.535219e-01
9.535234e-01
9.535253e-01
9.535274e-01
9.535296e-01
9.535317e-01
9.535337e-01
9.535355e-01
9.535373e-01
9.535389e-01
9.535400e-01
9.535406e-01
9.535405e-01
9.535398e-01
9.535384e-01
9.535364e-01
9.535340e-01
9.535314e-01
9.535289e-01
9.535267e-01
9.535251e-01
9.535240e-01
9.535234e-01
9.535237e-01
9.535242e-01
9.535251e-01
9.535262e-01
9.535273e-01
9.535284e-01
9.535296e-01
9.535310e-01
9.535326e-01
9.535345e-01
9.535364e-01
9.535383e-01
9.535400e-01
9.535415e-01
9.535424e-01
9.535428e-01
9.535426e-01
9.535418e-01
9.535407e-01
9.535393e-01
9.535380e-01
9.535367e-01
9.535355e-01
9.535343e-01
9.535333e-01
9.535323e-01
9.535314e-01
9.535306e-01
9.535299e-01
9.535294e-01
9.535290e-01
9.535289e-01
9.535292e-01
9.535297e-01
9.535300e-01
9.535303e-01
9.535306e-01
9.535308e-01
9.535307e-01
9.535307e-01
9.535308e-01
9.535309e-01
9.535311e-01
9.535314e-01
9.535319e-01
9.535325e-01
9.535332e-01
9.535337e-01
9.535340e-01
9.535342e-01
9.535343e-01
9.535341e-01
9.535338e-01
9.535333e-01
9.535325e-01
9.535313e-01
9.535297e-01
9.535277e-01
9.535256e-01
9.535233e-01
9.535214e-01
9.535200e-01
9.535191e-01
9.535189e-01
9.535196e-01
9.535205e-01
9.535219e-01
9.535231e-01
9.535238e-01
9.535238e-01
9.535232e-01
9.535222e-01
9.535212e-01
9.535202e-01
9.535196e-01
9.535195e-01
9.535226e-01
9.535236e-01
9.535249e-01
9.535265e-01
9.535282e-01
9.535299e-01
9.535316e-01
9.535333e-01
9.535348e-01
9.535366e-01
9.535381e-01
9.535394e-01
9.535400e-01
9.535401e-01
9.535394e-01
9.535380e-01
9.535359e-01
9.535333e-01
9.535307e-01
9.535282e-01
9.535260e-01
9.535245e-01
9.535236e-01
9.535234e-01
9.535239e-01
9.535248e-01
9.535259e-01
9.535271e-01
9.535283e-01
9.535294e-01
9.535307e-01
9.535322e-01
9.535340e-01
9.535360e-01
9.535381e-01
9.535401e-01
9.535420e-01
9.535434e-01
9.535443e-01
9.535445e-01
9.535442e-01
9.535434e-01
9.535422e-01
9.535408e-01
9.535395e-01
9.535383e-01
9.535373e-01
9.535364e-01
9.535357e-01
9.535350e-01
9.535343e-01
9.535337e-01
9.535327e-01
9.535323e-01
9.535320e-01
9.535320e-01
9.535324e-01
9.535331e-01
9.535338e-01
9.535345e-01
9.535350e-01
9.535352e-01
9.535352e-01
9.535350e-01
9.535346e-01
9.535342e-01
9.535339e-01
9.535338e-01
9.535337e-01
9.535339e-01
9.535343e-01
9.535348e-01
9.535353e-01
9.535357e-01
9.535359e-01
9.535359e-01
9.535358e-01
9.535354e-01
9.535347e-01
9.535334e-01
9.535315e-01
9.535295e-01
9.535272e-01
9.535248e-01
9.535226e-01
9.535208e-01
9.535196e-01
9.535190e-01
9.535191e-01
9.535199e-01
9.535210e-01
9.535221e-01
9.535229e-01
9.535232e-01
9.535231e-01
9.535226e-01
9.535221e-01
9.535216e-01
9.535215e-01
9.535219e-01
9.535247e-01
9.535256e-01
9.535267e-01
9.535280e-01
9.535292e-01
9.535304e-01
9.535317e-01
9.535330e-01
9.535343e-01
9.535358e-01
9.535372e-01
9.535382e-01
9.535389e-01
9.535389e-01
9.535382e-01
9.535368e-01
9.535349e-01
9.535324e-01
9.535299e-01
9.535276e-01
9.535258e-01
9.535245e-01
9.535240e-01
9.535241e-01
9.535247e-01
9.535255e-01
9.535265e-01
9.535274e-01
9.535283e-01
9.535292e-01
9.535304e-01
9.535318e-01
9.535336e-01
9.535357e-01
9.535378e-01
9.535398e-01
9.535415e-01
9.535427e-01
9.535433e-01
9.535434e-01
9.535430e-01
9.535423e-01
9.535415e-01
9.535405e-01
9.535396e-01
9.535389e-01
9.535383e-01
9.535377e-01
9.535374e-01
9.535369e-01
9.535362e-01
9.535355e-01
9.535351e-01
9.535348e-01
9.535347e-01
9.535347e-01
9.535351e-01
9.535359e-01
9.535370e-01
9.535382e-01
9.535392e-01
9.535398e-01
9.535401e-01
9.535399e-01
9.535394e-01
9.535387e-01
9.535379e-01
9.535372e-01
9.535365e-01
9.535360e-01
9.535359e-01
9.535362e-01
9.535366e-01
9.535371e-01
9.535375e-01
9.535376e-01
9.535376e-01
9.535374e-01
9.535369e-01
9.535359e-01
9.535340e-01
9.535322e-01
9.535301e-01
9.535276e-01
9.535249e-01
9.535229e-01
9.535213e-01
9.535203e-01
9.535202e-01
9.535205e-01
9.535216e-01
9.535225e-01
9.535237e-01
9.535241e-01
9.535242e-01
9.535236e-01
9.535236e-01
9.535231e-01
9.535232e-01
9.535233e-01
9.535269e-01
9.535275e-01
9.535283e-01
9.535293e-01
9.535302e-01
9.535311e-01
9.535321e-01
9.535331e-01
9.535344e-01
9.535355e-01
9.535367e-01
9.535375e-01
9.535380e-01
9.535380e-01
9.535372e-01
9.535358e-01
9.535339e-01
9.535316e-01
9.535295e-01
9.535275e-01
9.535259e-01
9.535250e-01
9.535247e-01
9.535249e-01
9.535254e-01
9.535261e-01
9.535268e-01
9.535274e-01
9.535280e-01
9.535286e-01
9.535296e-01
9.535310e-01
9.535329e-01
9.535349e-01
9.535371e-01
9.535390e-01
9.535405e-01
9.535414e-01
9.535417e-01
9.535416e-01
9.535411e-01
9.535405e-01
9.535399e-01
9.535394e-01
9.535390e-01
9.535389e-01
9.535386e-01
9.535384e-01
9.535380e-01
9.535376e-01
9.535369e-01
9.535362e-01
9.535357e-01
9.535354e-01
9.535353e-01
9.535351e-01
9.535353e-01
9.535359e-01
9.535369e-01
9.535381e-01
9.535393e-01
9.535403e-01
9.535409e-01
9.535413e-01
9.535412e-01
9.535407e-01
9.535401e-01
9.535394e-01
9.535385e-01
9.535378e-01
9.535375e-01
9.535378e-01
9.535381e-01
9.535385e-01
9.535389e-01
9.535391e-01
9.535391e-01
9.535390e-01
9.535387e-01
9.535380e-01
9.535372e-01
9.535360e-01
9.535342e-01
9.535320e-01
9.535293e-01
9.535265e-01
9.535241e-01
9.535223e-01
9.535211e-01
9.535209e-01
9.535216e-01
9.535228e-01
9.535240e-01
9.535251e-01
9.535260e-01
9.535266e-01
9.535268e-01
9.535268e-01
9.535267e-01
9.535268e-01
9.535292e-01
9.535293e-01
9.535296e-01
9.535301e-01
9.535305e-01
9.535310e-01
9.535318e-01
9.535327e-01
9.535344e-01
9.535352e-01
9.535361e-01
9.535367e-01
9.535369e-01
9.535366e-01
9.535357e-01
9.535342e-01
9.535325e-01
9.535306e-01
9.535289e-01
9.535274e-01
9.535264e-01
9.535258e-01
9.535258e-01
9.535260e-01
9.535266e-01
9.535270e-01
9.535273e-01
9.535274e-01
9.535275e-01
9.535278e-01
9.535287e-01
9.535301e-01
9.535319e-01
9.535340e-01
9.535360e-01
9.535378e-01
9.535390e-01
9.535396e-01
9.535396e-01
9.535393e-01
9.535394e-01
9.535392e-01
9.535385e-01
9.535385e-01
9.535382e-01
9.535380e-01
9.535377e-01
9.535375e-01
9.535372e-01
9.535367e-01
9.535359e-01
9.535353e-01
9.535348e-01
9.535344e-01
9.535339e-01
9.535336e-01
9.535336e-01
9.535338e-01
9.535342e-01
9.535353e-01
9.535367e-01
9.535381e-01
9.535390e-01
9.535398e-01
9.535404e-01
9.535405e-01
9.535402e-01
9.535397e-01
9.535392e-01
9.535386e-01
9.535381e-01
9.535382e-01
9.535383e-01
9.535385e-01
9.535390e-01
9.535393e-01
9.535394e-01
9.535394e-01
9.535391e-01
9.535387e-01
9.535379e-01
9.535369e-01
9.535357e-01
9.535340e-01
9.535318e-01
9.535292e-01
9.535266e-01
9.535246e-01
9.535231e-01
9.535226e-01
9.535229e-01
9.535239e-01
9.535251e-01
9.535264e-01
9.535274e-01
9.535280e-01
9.535283e-01
9.535283e-01
9.535283e-01
9.535286e-01
9.535301e-01
9.535303e-01
9.535304e-01
9.535306e-01
9.535309e-01
9.535314e-01
9.535322e-01
9.535331e-01
9.535342e-01
9.535350e-01
9.535356e-01
9.535358e-01
9.535355e-01
9.535349e-01
9.535338e-01
9.535324e-01
9.535310e-01
9.535296e-01
9.535285e-01
9.535276e-01
9.535270e-01
9.535268e-01
9.535269e-01
9.535271e-01
9.535274e-01
9.535276e-01
9.535276e-01
9.535274e-01
9.535273e-01
9.535276e-01
9.535283e-01
9.535296e-01
9.535313e-01
9.535330e-01
9.535345e-01
9.535357e-01
9.535367e-01
9.535374e-01
9.535374e-01
9.535370e-01
9.535374e-01
9.535376e-01
9.535375e-01
9.535376e-01
9.535380e-01
9.535381e-01
9.535381e-01
9.535379e-01
9.535375e-01
9.535371e-01
9.535366e-01
9.535362e-01
9.535356e-01
9.535353e-01
9.535348e-01
9.535345e-01
9.535343e-01
9.535345e-01
9.535347e-01
9.535354e-01
9.535367e-01
9.535383e-01
9.535395e-01
9.535402e-01
9.535405e-01
9.535403e-01
9.535400e-01
9.535396e-01
9.535388e-01
9.535381e-01
9.535377e-01
9.535375e-01
9.535374e-01
9.535374e-01
9.535375e-01
9.535380e-01
9.535383e-01
9.535383e-01
9.535379e-01
9.535373e-01
9.535365e-01
9.535356e-01
9.535347e-01
9.535336e-01
9.535321e-01
9.535301e-01
9.535280e-01
9.535260e-01
9.535244e-01
9.535235e-01
9.535236e-01
9.535244e-01
9.535256e-01
9.535269e-01
9.535281e-01
9.535289e-01
9.535293e-01
9.535294e-01
9.535296e-01
9.535300e-01
9.535313e-01
9.535311e-01
9.535309e-01
9.535309e-01
9.535312e-01
9.535317e-01
9.535324e-01
9.535333e-01
9.535343e-01
9.535351e-01
9.535355e-01
9.535355e-01
9.535350e-01
9.535342e-01
9.535329e-01
9.535315e-01
9.535302e-01
9.535290e-01
9.535281e-01
9.535275e-01
9.535272e-01
9.535272e-01
9.535274e-01
9.535278e-01
9.535281e-01
9.535282e-01
9.535281e-01
9.535279e-01
9.535278e-01
9.535279e-01
9.535284e-01
9.535295e-01
9.535310e-01
9.535324e-01
9.535334e-01
9.535342e-01
9.535350e-01
9.535355e-01
9.535355e-01
9.535358e-01
9.535363e-01
9.535367e-01
9.535370e-01
9.535377e-01
9.535382e-01
9.535385e-01
9.535387e-01
9.535387e-01
9.535384e-01
9.535382e-01
9.535383e-01
9.535385e-01
9.535381e-01
9.535378e-01
9.535379e-01
9.535383e-01
9.535382e-01
9.535382e-01
9.535383e-01
9.535391e-01
9.535397e-01
9.535405e-01
9.535413e-01
9.535418e-01
9.535419e-01
9.535417e-01
9.535413e-01
9.535408e-01
9.535396e-01
9.535389e-01
9.535381e-01
9.535372e-01
9.535365e-01
9.535361e-01
9.535359e-01
9.535362e-01
9.535364e-01
9.535362e-01
9.535357e-01
9.535352e-01
9.535344e-01
9.535337e-01
9.535331e-01
9.535325e-01
9.535318e-01
9.535308e-01
9.535291e-01
9.535275e-01
9.535258e-01
9.535247e-01
9.535244e-01
9.535250e-01
9.535263e-01
9.535279e-01
9.535293e-01
9.535303e-01
9.535312e-01
9.535313e-01
9.535314e-01
9.535313e-01
9.535328e-01
9.535320e-01
9.535314e-01
9.535312e-01
9.535314e-01
9.535317e-01
9.535324e-01
9.535333e-01
9.535341e-01
9.535348e-01
9.535351e-01
9.535350e-01
9.535341e-01
9.535331e-01
9.535320e-01
9.535307e-01
9.535294e-01
9.535283e-01
9.535276e-01
9.535273e-01
9.535273e-01
9.535273e-01
9.535276e-01
9.535281e-01
9.535286e-01
9.535287e-01
9.535287e-01
9.535284e-01
9.535283e-01
9.535284e-01
9.535290e-01
9.535299e-01
9.535309e-01
9.535319e-01
9.535328e-01
9.535335e-01
9.535340e-01
9.535345e-01
9.535350e-01
9.535357e-01
9.535363e-01
9.535370e-01
9.535378e-01
9.535384e-01
9.535391e-01
9.535395e-01
9.535396e-01
9.535397e-01
9.535396e-01
9.535397e-01
9.535401e-01
9.535407e-01
9.535408e-01
9.535408e-01
9.535409e-01
9.535409e-01
9.535404e-01
9.535400e-01
9.535398e-01
9.535397e-01
9.535396e-01
9.535399e-01
9.535405e-01
9.535412e-01
9.535416e-01
9.535420e-01
9.535423e-01
9.535422e-01
9.535416e-01
9.535408e-01
9.535398e-01
9.535388e-01
9.535377e-01
9.535369e-01
9.535365e-01
9.535364e-01
9.535363e-01
9.535360e-01
9.535354e-01
9.535347e-01
9.535339e-01
9.535329e-01
9.535321e-01
9.535315e-01
9.535309e-01
9.535299e-01
9.535287e-01
9.535272e-01
9.535256e-01
9.535242e-01
9.535237e-01
9.535242e-01
9.535258e-01
9.535278e-01
9.535302e-01
9.535323e-01
9.535339e-01
9.535346e-01
9.535347e-01
9.535343e-01
9.535348e-01
9.535339e-01
9.535328e-01
9.535319e-01
9.535316e-01
9.535317e-01
9.535323e-01
9.535331e-01
9.535339e-01
9.535344e-01
9.535343e-01
9.535338e-01
9.535328e-01
9.535314e-01
9.535301e-01
9.535290e-01
9.535281e-01
9.535275e-01
9.535273e-01
9.535275e-01
9.535279e-01
9.535283e-01
9.535285e-01
9.535287e-01
9.535289e-01
9.535289e-01
9.535289e-01
9.535289e-01
9.535291e-01
9.535293e-01
9.535298e-01
9.535305e-01
9.535311e-01
9.535315e-01
9.535318e-01
9.535321e-01
9.535327e-01
9.535334e-01
9.535343e-01
9.535354e-01
9.535367e-01
9.535380e-01
9.535391e-01
9.535401e-01
9.535409e-01
9.535414e-01
9.535416e-01
9.535416e-01
9.535418e-01
9.535423e-01
9.535432e-01
9.535439e-01
9.535442e-01
9.535441e-01
9.535436e-01
9.535424e-01
9.535409e-01
9.535394e-01
9.535381e-01
9.535372e-01
9.535363e-01
9.535359e-01
9.535365e-01
9.535377e-01
9.535388e-01
9.535402e-01
9.535419e-01
9.535429e-01
9.535433e-01
9.535429e-01
9.535421e-01
9.535408e-01
9.535394e-01
9.535382e-01
9.535373e-01
9.535367e-01
9.535363e-01
9.535357e-01
9.535350e-01
9.535343e-01
9.535335e-01
9.535325e-01
9.535315e-01
9.535306e-01
9.535296e-01
9.535287e-01
9.535278e-01
9.535265e-01
9.535246e-01
9.535232e-01
9.535227e-01
9.535231e-01
9.535242e-01
9.535265e-01
9.535294e-01
9.535319e-01
9.535338e-01
9.535349e-01
9.535352e-01
9.535349e-01
9.535354e-01
9.535345e-01
9.535334e-01
9.535325e-01
9.535322e-01
9.535322e-01
9.535327e-01
9.535334e-01
9.535341e-01
9.535345e-01
9.535345e-01
9.535339e-01
9.535328e-01
9.535314e-01
9.535300e-01
9.535287e-01
9.535277e-01
9.535270e-01
9.535266e-01
9.535268e-01
9.535275e-01
9.535281e-01
9.535284e-01
9.535287e-01
9.535289e-01
9.535290e-01
9.535291e-01
9.535295e-01
9.535298e-01
9.535302e-01
9.535308e-01
9.535313e-01
9.535315e-01
9.535316e-01
9.535317e-01
9.535320e-01
9.535325e-01
9.535333e-01
9.535343e-01
9.535355e-01
9.535368e-01
9.535381e-01
9.535393e-01
9.535402e-01
9.535409e-01
9.535411e-01
9.535412e-01
9.535412e-01
9.535415e-01
9.535420e-01
9.535426e-01
9.535430e-01
9.535427e-01
9.535420e-01
9.535408e-01
9.535389e-01
9.535363e-01
9.535336e-01
9.535310e-01
9.535290e-01
9.535273e-01
9.535265e-01
9.535271e-01
9.535291e-01
9.535314e-01
9.535342e-01
9.535376e-01
9.535408e-01
9.535431e-01
9.535442e-01
9.535441e-01
9.535430e-01
9.535411e-01
9.535390e-01
9.535370e-01
9.535356e-01
9.535345e-01
9.535338e-01
9.535331e-01
9.535327e-01
9.535322e-01
9.535315e-01
9.535304e-01
9.535292e-01
9.535281e-01
9.535273e-01
9.535263e-01
9.535251e-01
9.535235e-01
9.535220e-01
9.535210e-01
9.535210e-01
9.535222e-01
9.535244e-01
9.535272e-01
9.535303e-01
9.535330e-01
9.535349e-01
9.535359e-01
9.535362e-01
9.535357e-01
9.535352e-01
9.535343e-01
9.535335e-01
9.535329e-01
9.535328e-01
9.535331e-01
9.535336e-01
9.535340e-01
9.535342e-01
9.535339e-01
9.535331e-01
9.535318e-01
9.535302e-01
9.535286e-01
9.535272e-01
9.535263e-01
9.535258e-01
9.535257e-01
9.535261e-01
9.535268e-01
9.535276e-01
9.535282e-01
9.535286e-01
9.535290e-01
9.535293e-01
9.535297e-01
9.535302e-01
9.535308e-01
9.535313e-01
9.535316e-01
9.535317e-01
9.535316e-01
9.535314e-01
9.535313e-01
9.535315e-01
9.535320e-01
9.535329e-01
9.535339e-01
9.535352e-01
9.535365e-01
9.535378e-01
9.535389e-01
9.535397e-01
9.535400e-01
9.535400e-01
9.535399e-01
9.535398e-01
9.535396e-01
9.535397e-01
9.535395e-01
9.535389e-01
9.535376e-01
9.535357e-01
9.535335e-01
9.535313e-01
9.535292e-01
9.535271e-01
9.535254e-01
9.535243e-01
9.535236e-01
9.535235e-01
9.535240e-01
9.535256e-01
9.535276e-01
9.535303e-01
9.535334e-01
9.535366e-01
9.535393e-01
9.535411e-01
9.535418e-01
9.535413e-01
9.535400e-01
9.535383e-01
9.535365e-01
9.535351e-01
9.535342e-01
9.535336e-01
9.535332e-01
9.535330e-01
9.535327e-01
9.535322e-01
9.535314e-01
9.535303e-01
9.535292e-01
9.535281e-01
9.535268e-01
9.535254e-01
9.535239e-01
9.535225e-01
9.535215e-01
9.535212e-01
9.535220e-01
9.535237e-01
9.535262e-01
9.535289e-01
9.535314e-01
9.535334e-01
9.535347e-01
9.535354e-01
9.535348e-01
9.535343e-01
9.535337e-01
9.535333e-01
9.535330e-01
9.535331e-01
9.535334e-01
9.535338e-01
9.535341e-01
9.535341e-01
9.535337e-01
9.535327e-01
9.535313e-01
9.535297e-01
9.535280e-01
9.535265e-01
9.535255e-01
9.535251e-01
9.535252e-01
9.535256e-01
9.535263e-01
9.535272e-01
9.535280e-01
9.535288e-01
9.535294e-01
9.535299e-01
9.535306e-01
9.535314e-01
9.535321e-01
9.535326e-01
9.535327e-01
9.535326e-01
9.535322e-01
9.535318e-01
9.535316e-01
9.535317e-01
9.535323e-01
9.535332e-01
9.535343e-01
9.535355e-01
9.535368e-01
9.535378e-01
9.535386e-01
9.535388e-01
9.535386e-01
9.535380e-01
9.535372e-01
9.535367e-01
9.535360e-01
9.535352e-01
9.535339e-01
9.535318e-01
9.535291e-01
9.535260e-01
9.535231e-01
9.535209e-01
9.535195e-01
9.535187e-01
9.535187e-01
9.535191e-01
9.535191e-01
9.535190e-01
9.535192e-01
9.535198e-01
9.535209e-01
9.535230e-01
9.535259e-01
9.535297e-01
9.535332e-01
9.535364e-01
9.535383e-01
9.535390e-01
9.535386e-01
9.535375e-01
9.535361e-01
9.535351e-01
9.535327e-01
9.535321e-01
9.535316e-01
9.535313e-01
9.535310e-01
9.535307e-01
9.535302e-01
9.535293e-01
9.535282e-01
9.535271e-01
9.535260e-01
9.535249e-01
9.535238e-01
9.535226e-01
9.535216e-01
9.535211e-01
9.535215e-01
9.535229e-01
9.535251e-01
9.535279e-01
9.535305e-01
9.535328e-01
9.535343e-01
9.535349e-01
9.535344e-01
9.535340e-01
9.535335e-01
9.535331e-01
9.535330e-01
9.535332e-01
9.535336e-01
9.535339e-01
9.535341e-01
9.535339e-01
9.535333e-01
9.535322e-01
9.535306e-01
9.535289e-01
9.535273e-01
9.535261e-01
9.535255e-01
9.535255e-01
9.535260e-01
9.535268e-01
9.535277e-01
9.535286e-01
9.535295e-01
9.535302e-01
9.535308e-01
9.535313e-01
9.535320e-01
9.535328e-01
9.535334e-01
9.535338e-01
9.535337e-01
9.535333e-01
9.535327e-01
9.535323e-01
9.535322e-01
9.535326e-01
9.535334e-01
9.535343e-01
9.535354e-01
9.535366e-01
9.535375e-01
9.535382e-01
9.535384e-01
9.535378e-01
9.535367e-01
9.535350e-01
9.535334e-01
9.535318e-01
9.535300e-01
9.535275e-01
9.535244e-01
9.535204e-01
9.535158e-01
9.535120e-01
9.535098e-01
9.535077e-01
9.535066e-01
9.535077e-01
9.535095e-01
9.535107e-01
9.535112e-01
9.535119e-01
9.535125e-01
9.535118e-01
9.535110e-01
9.535129e-01
9.535156e-01
9.535189e-01
9.535230e-01
9.535270e-01
9.535312e-01
9.535342e-01
9.535356e-01
9.535357e-01
9.535348e-01
9.535335e-01
9.535323e-01
9.535315e-01
9.535309e-01
9.535303e-01
9.535299e-01
9.535294e-01
9.535287e-01
9.535278e-01
9.535268e-01
9.535260e-01
9.535253e-01
9.535246e-01
9.535238e-01
9.535230e-01
9.535221e-01
9.535215e-01
9.535215e-01
9.535225e-01
9.535245e-01
9.535272e-01
9.535300e-01
9.535323e-01
9.535338e-01
9.535345e-01
9.535341e-01
9.535337e-01
9.535331e-01
9.535327e-01
9.535327e-01
9.535330e-01
9.535335e-01
9.535339e-01
9.535340e-01
9.535337e-01
9.535327e-01
9.535315e-01
9.535298e-01
9.535282e-01
9.535264e-01
9.535260e-01
9.535259e-01
9.535265e-01
9.535276e-01
9.535285e-01
9.535299e-01
9.535310e-01
9.535321e-01
9.535320e-01
9.535320e-01
9.535322e-01
9.535326e-01
9.535330e-01
9.535333e-01
9.535333e-01
9.535330e-01
9.535327e-01
9.535318e-01
9.535314e-01
9.535311e-01
9.535318e-01
9.535319e-01
9.535324e-01
9.535329e-01
9.535338e-01
9.535342e-01
9.535351e-01
9.535348e-01
9.535339e-01
9.535326e-01
9.535312e-01
9.535296e-01
9.535285e-01
9.535266e-01
9.535242e-01
9.535212e-01
9.535174e-01
9.535134e-01
9.535100e-01
9.535077e-01
9.535061e-01
9.535079e-01
9.535086e-01
9.535115e-01
9.535127e-01
9.535152e-01
9.535163e-01
9.535168e-01
9.535152e-01
9.535147e-01
9.535142e-01
9.535145e-01
9.535165e-01
9.535208e-01
9.535249e-01
9.535288e-01
9.535323e-01
9.535345e-01
9.535354e-01
9.535348e-01
9.535336e-01
9.535324e-01
9.535315e-01
9.535307e-01
9.535299e-01
9.535292e-01
9.535284e-01
9.535275e-01
9.535263e-01
9.535253e-01
9.535247e-01
9.535243e-01
9.535241e-01
9.535239e-01
9.535235e-01
9.535228e-01
9.535223e-01
9.535222e-01
9.535229e-01
9.535246e-01
9.535270e-01
9.535297e-01
9.535319e-01
9.535335e-01
9.535342e-01
9.535338e-01
9.535332e-01
9.535325e-01
9.535320e-01
9.535319e-01
9.535323e-01
9.535329e-01
9.535335e-01
9.535337e-01
9.535332e-01
9.535322e-01
9.535308e-01
9.535291e-01
9.535275e-01
9.535264e-01
9.535261e-01
9.535267e-01
9.535280e-01
9.535296e-01
9.535311e-01
9.535324e-01
9.535331e-01
9.535335e-01
9.535333e-01
9.535328e-01
9.535326e-01
9.535325e-01
9.535326e-01
9.535326e-01
9.535324e-01
9.535321e-01
9.535313e-01
9.535298e-01
9.535292e-01
9.535288e-01
9.535282e-01
9.535278e-01
9.535275e-01
9.535274e-01
9.535272e-01
9.535277e-01
9.535282e-01
9.535278e-01
9.535272e-01
9.535268e-01
9.535260e-01
9.535244e-01
9.535230e-01
9.535215e-01
9.535192e-01
9.535160e-01
9.535129e-01
9.535105e-01
9.535090e-01
9.535089e-01
9.535106e-01
9.535125e-01
9.535145e-01
9.535178e-01
9.535203e-01
9.535216e-01
9.535225e-01
9.535227e-01
9.535220e-01
9.535206e-01
9.535188e-01
9.535178e-01
9.535183e-01
9.535197e-01
9.535216e-01
9.535243e-01
9.535275e-01
9.535304e-01
9.535321e-01
9.535318e-01
9.535308e-01
9.535296e-01
9.535288e-01
9.535280e-01
9.535271e-01
9.535263e-01
9.535254e-01
9.535241e-01
9.535226e-01
9.535218e-01
9.535214e-01
9.535215e-01
9.535219e-01
9.535228e-01
9.535233e-01
9.535232e-01
9.535230e-01
9.535230e-01
9.535235e-01
9.535251e-01
9.535273e-01
9.535302e-01
9.535320e-01
9.535334e-01
9.535339e-01
9.535335e-01
9.535326e-01
9.535317e-01
9.535311e-01
9.535311e-01
9.535315e-01
9.535322e-01
9.535328e-01
9.535331e-01
9.535326e-01
9.535315e-01
9.535301e-01
9.535285e-01
9.535271e-01
9.535266e-01
9.535269e-01
9.535282e-01
9.535302e-01
9.535324e-01
9.535342e-01
9.535354e-01
9.535356e-01
9.535354e-01
9.535346e-01
9.535337e-01
9.535331e-01
9.535327e-01
9.535325e-01
9.535324e-01
9.535321e-01
9.535315e-01
9.535305e-01
9.535295e-01
9.535284e-01
9.535271e-01
9.535253e-01
9.535239e-01
9.535228e-01
9.535223e-01
9.535220e-01
9.535226e-01
9.535234e-01
9.535235e-01
9.535231e-01
9.535232e-01
9.535229e-01
9.535214e-01
9.535195e-01
9.535174e-01
9.535150e-01
9.535118e-01
9.535086e-01
9.535069e-01
9.535069e-01
9.535087e-01
9.535116e-01
9.535150e-01
9.535187e-01
9.535222e-01
9.535242e-01
9.535246e-01
9.535248e-01
9.535247e-01
9.535238e-01
9.535222e-01
9.535200e-01
9.535177e-01
9.535165e-01
9.535165e-01
9.535175e-01
9.535193e-01
9.535224e-01
9.535255e-01
9.535277e-01
9.535283e-01
9.535277e-01
9.535267e-01
9.535258e-01
9.535251e-01
9.535245e-01
9.535236e-01
9.535225e-01
9.535213e-01
9.535203e-01
9.535195e-01
9.535189e-01
9.535190e-01
9.535199e-01
9.535211e-01
9.535222e-01
9.535228e-01
9.535232e-01
9.535237e-01
9.535246e-01
9.535262e-01
9.535284e-01
9.535308e-01
9.535329e-01
9.535340e-01
9.535344e-01
9.535340e-01
9.535327e-01
9.535315e-01
9.535307e-01
9.535305e-01
9.535308e-01
9.535313e-01
9.535317e-01
9.535318e-01
9.535314e-01
9.535304e-01
9.535292e-01
9.535279e-01
9.535271e-01
9.535271e-01
9.535280e-01
9.535299e-01
9.535322e-01
9.535344e-01
9.535361e-01
9.535369e-01
9.535371e-01
9.535366e-01
9.535355e-01
9.535337e-01
9.535331e-01
9.535327e-01
9.535326e-01
9.535325e-01
9.535323e-01
9.535319e-01
9.535309e-01
9.535294e-01
9.535277e-01
9.535258e-01
9.535237e-01
9.535219e-01
9.535209e-01
9.535208e-01
9.535210e-01
9.535220e-01
9.535230e-01
9.535234e-01
9.535235e-01
9.535232e-01
9.535227e-01
9.535214e-01
9.535196e-01
9.535169e-01
9.535135e-01
9.535096e-01
9.535056e-01
9.535035e-01
9.535032e-01
9.535049e-01
9.535083e-01
9.535125e-01
9.535171e-01
9.535210e-01
9.535233e-01
9.535240e-01
9.535238e-01
9.535232e-01
9.535216e-01
9.535200e-01
9.535177e-01
9.535154e-01
9.535135e-01
9.535126e-01
9.535130e-01
9.535150e-01
9.535183e-01
9.535219e-01
9.535245e-01
9.535254e-01
9.535250e-01
9.535241e-01
9.535233e-01
9.535227e-01
9.535221e-01
9.535212e-01
9.535202e-01
9.535192e-01
9.535181e-01
9.535171e-01
9.535166e-01
9.535165e-01
9.535171e-01
9.535189e-01
9.535200e-01
9.535211e-01
9.535221e-01
9.535232e-01
9.535246e-01
9.535265e-01
9.535290e-01
9.535315e-01
9.535336e-01
9.535347e-01
9.535348e-01
9.535337e-01
9.535328e-01
9.535316e-01
9.535307e-01
9.535302e-01
9.535301e-01
9.535304e-01
9.535306e-01
9.535307e-01
9.535303e-01
9.535296e-01
9.535286e-01
9.535276e-01
9.535270e-01
9.535273e-01
9.535286e-01
9.535308e-01
9.535331e-01
9.535352e-01
9.535370e-01
9.535379e-01
9.535379e-01
9.535373e-01
9.535363e-01
9.535354e-01
9.535348e-01
9.535345e-01
9.535342e-01
9.535340e-01
9.535336e-01
9.535328e-01
9.535315e-01
9.535291e-01
9.535269e-01
9.535243e-01
9.535223e-01
9.535204e-01
9.535200e-01
9.535205e-01
9.535215e-01
9.535227e-01
9.535236e-01
9.535240e-01
9.535239e-01
9.535229e-01
9.535222e-01
9.535209e-01
9.535195e-01
9.535171e-01
9.535139e-01
9.535101e-01
9.535066e-01
9.535021e-01
9.535014e-01
9.535035e-01
9.535078e-01
9.535132e-01
9.535191e-01
9.535236e-01
9.535261e-01
9.535267e-01
9.535262e-01
9.535247e-01
9.535222e-01
9.535202e-01
9.535176e-01
9.535149e-01
9.535126e-01
9.535117e-01
9.535122e-01
9.535139e-01
9.535170e-01
9.535204e-01
9.535229e-01
9.535238e-01
9.535237e-01
9.535231e-01
9.535227e-01
9.535223e-01
9.535218e-01
9.535212e-01
9.535201e-01
9.535190e-01
9.535179e-01
9.535169e-01
9.535162e-01
9.535160e-01
9.535166e-01
9.535177e-01
9.535188e-01
9.535199e-01
9.535213e-01
9.535228e-01
9.535247e-01
9.535269e-01
9.535293e-01
9.535317e-01
9.535334e-01
9.535342e-01
9.535342e-01
9.535328e-01
9.535315e-01
9.535303e-01
9.535293e-01
9.535288e-01
9.535286e-01
9.535288e-01
9.535291e-01
9.535293e-01
9.535292e-01
9.535289e-01
9.535283e-01
9.535278e-01
9.535276e-01
9.535281e-01
9.535293e-01
9.535318e-01
9.535340e-01
9.535363e-01
9.535381e-01
9.535391e-01
9.535392e-01
9.535388e-01
9.535380e-01
9.535371e-01
9.535363e-01
9.535355e-01
9.535345e-01
9.535336e-01
9.535325e-01
9.535310e-01
9.535289e-01
9.535265e-01
9.535239e-01
9.535216e-01
9.535197e-01
9.535186e-01
9.535185e-01
9.535191e-01
9.535195e-01
9.535194e-01
9.535187e-01
9.535178e-01
9.535162e-01
9.535148e-01
9.535138e-01
9.535137e-01
9.535136e-01
9.535133e-01
9.535124e-01
9.535111e-01
9.535096e-01
9.535085e-01
9.535072e-01
9.535059e-01
9.535040e-01
9.535005e-01
9.534946e-01
9.534877e-01
9.534836e-01
9.534840e-01
9.534878e-01
9.534926e-01
9.534976e-01
9.535035e-01
9.535090e-01
9.535126e-01
9.535139e-01
9.535140e-01
9.535144e-01
9.535150e-01
9.535163e-01
9.535183e-01
9.535203e-01
9.535213e-01
9.535212e-01
9.535211e-01
9.535216e-01
9.535227e-01
9.535237e-01
9.535238e-01
9.535230e-01
9.535219e-01
9.535210e-01
9.535201e-01
9.535192e-01
9.535184e-01
9.535182e-01
9.535185e-01
9.535190e-01
9.535197e-01
9.535208e-01
9.535224e-01
9.535245e-01
9.535268e-01
9.535292e-01
9.535316e-01
9.535333e-01
9.535342e-01
9.535340e-01
9.535323e-01
9.535310e-01
9.535298e-01
9.535286e-01
9.535278e-01
9.535274e-01
9.535272e-01
9.535271e-01
9.535272e-01
9.535271e-01
9.535271e-01
9.535270e-01
9.535269e-01
9.535272e-01
9.535281e-01
9.535298e-01
9.535322e-01
9.535349e-01
9.535373e-01
9.535392e-01
9.535406e-01
9.535410e-01
9.535406e-01
9.535396e-01
9.535387e-01
9.535375e-01
9.535361e-01
9.535348e-01
9.535329e-01
9.535309e-01
9.535287e-01
9.535265e-01
9.535239e-01
9.535212e-01
9.535188e-01
9.535173e-01
9.535164e-01
9.535162e-01
9.535167e-01
9.535166e-01
9.535156e-01
9.535134e-01
9.535114e-01
9.535095e-01
9.535071e-01
9.535066e-01
9.535069e-01
9.535083e-01
9.535087e-01
9.535093e-01
9.535096e-01
9.535094e-01
9.535083e-01
9.535037e-01
9.534946e-01
9.534799e-01
9.534557e-01
9.534189e-01
9.533792e-01
9.533479e-01
9.533253e-01
9.533324e-01
9.533535e-01
9.533864e-01
9.534231e-01
9.534604e-01
9.534858e-01
9.535000e-01
9.535063e-01
9.535095e-01
9.535112e-01
9.535127e-01
9.535142e-01
9.535162e-01
9.535171e-01
9.535170e-01
9.535170e-01
9.535182e-01
9.535205e-01
9.535229e-01
9.535245e-01
9.535248e-01
9.535245e-01
9.535240e-01
9.535233e-01
9.535224e-01
9.535215e-01
9.535212e-01
9.535212e-01
9.535213e-01
9.535216e-01
9.535225e-01
9.535239e-01
9.535257e-01
9.535277e-01
9.535299e-01
9.535319e-01
9.535333e-01
9.535339e-01
9.535336e-01
9.535314e-01
9.535302e-01
9.535288e-01
9.535277e-01
9.535268e-01
9.535263e-01
9.535260e-01
9.535262e-01
9.535261e-01
9.535262e-01
9.535265e-01
9.535268e-01
9.535269e-01
9.535274e-01
9.535282e-01
9.535297e-01
9.535318e-01
9.535341e-01
9.535364e-01
9.535383e-01
9.535393e-01
9.535398e-01
9.535396e-01
9.535389e-01
9.535377e-01
9.535363e-01
9.535348e-01
9.535330e-01
9.535309e-01
9.535291e-01
9.535272e-01
9.535246e-01
9.535219e-01
9.535199e-01
9.535180e-01
9.535162e-01
9.535150e-01
9.535151e-01
9.535154e-01
9.535149e-01
9.535136e-01
9.535121e-01
9.535111e-01
9.535108e-01
9.535109e-01
9.535116e-01
9.535117e-01
9.535113e-01
9.535107e-01
9.535096e-01
9.535085e-01
9.535068e-01
9.535009e-01
9.534869e-01
9.534599e-01
9.534048e-01
9.533075e-01
9.531640e-01
9.529874e-01
9.528171e-01
9.526926e-01
9.526719e-01
9.527554e-01
9.529181e-01
9.531077e-01
9.532739e-01
9.533928e-01
9.534615e-01
9.534925e-01
9.535049e-01
9.535102e-01
9.535130e-01
9.535161e-01
9.535181e-01
9.535185e-01
9.535170e-01
9.535151e-01
9.535144e-01
9.535155e-01
9.535179e-01
9.535204e-01
9.535223e-01
9.535235e-01
9.535241e-01
9.535243e-01
9.535242e-01
9.535241e-01
9.535239e-01
9.535238e-01
9.535239e-01
9.535242e-01
9.535247e-01
9.535257e-01
9.535272e-01
9.535291e-01
9.535310e-01
9.535325e-01
9.535333e-01
9.535334e-01
9.535329e-01
9.535316e-01
9.535298e-01
9.535282e-01
9.535268e-01
9.535257e-01
9.535249e-01
9.535244e-01
9.535241e-01
9.535241e-01
9.535244e-01
9.535249e-01
9.535255e-01
9.535263e-01
9.535270e-01
9.535279e-01
9.535292e-01
9.535311e-01
9.535331e-01
9.535351e-01
9.535367e-01
9.535378e-01
9.535384e-01
9.535382e-01
9.535375e-01
9.535363e-01
9.535346e-01
9.535327e-01
9.535307e-01
9.535290e-01
9.535276e-01
9.535257e-01
9.535230e-01
9.535207e-01
9.535186e-01
9.535165e-01
9.535146e-01
9.535141e-01
9.535139e-01
9.535139e-01
9.535136e-01
9.535137e-01
9.535141e-01
9.535156e-01
9.535188e-01
9.535208e-01
9.535218e-01
9.535219e-01
9.535206e-01
9.535164e-01
9.535117e-01
9.535052e-01
9.534919e-01
9.534595e-01
9.533856e-01
9.532291e-01
9.529096e-01
9.523492e-01
9.515308e-01
9.505311e-01
9.495538e-01
9.488604e-01
9.487087e-01
9.491578e-01
9.500530e-01
9.511167e-01
9.520712e-01
9.527686e-01
9.531828e-01
9.533847e-01
9.534691e-01
9.535015e-01
9.535143e-01
9.535206e-01
9.535237e-01
9.535233e-01
9.535199e-01
9.535156e-01
9.535124e-01
9.535117e-01
9.535134e-01
9.535161e-01
9.535188e-01
9.535209e-01
9.535223e-01
9.535232e-01
9.535235e-01
9.535238e-01
9.535240e-01
9.535243e-01
9.535246e-01
9.535249e-01
9.535256e-01
9.535269e-01
9.535286e-01
9.535308e-01
9.535328e-01
9.535345e-01
9.535352e-01
9.535349e-01
9.535336e-01
9.535315e-01
9.535294e-01
9.535275e-01
9.535257e-01
9.535243e-01
9.535233e-01
9.535227e-01
9.535225e-01
9.535227e-01
9.535232e-01
9.535239e-01
9.535247e-01
9.535255e-01
9.535263e-01
9.535272e-01
9.535285e-01
9.535301e-01
9.535319e-01
9.535336e-01
9.535350e-01
9.535360e-01
9.535366e-01
9.535366e-01
9.535360e-01
9.535349e-01
9.535335e-01
9.535320e-01
9.535304e-01
9.535289e-01
9.535276e-01
9.535260e-01
9.535239e-01
9.535216e-01
9.535193e-01
9.535172e-01
9.535154e-01
9.535147e-01
9.535148e-01
9.535155e-01
9.535165e-01
9.535185e-01
9.535218e-01
9.535259e-01
9.535298e-01
9.535326e-01
9.535338e-01
9.535330e-01
9.535296e-01
9.535228e-01
9.535100e-01
9.534836e-01
9.534185e-01
9.532541e-01
9.528588e-01
9.519825e-01
9.502797e-01
9.474401e-01
9.434354e-01
9.387428e-01
9.342958e-01
9.312444e-01
9.305567e-01
9.325233e-01
9.365496e-01
9.415042e-01
9.461079e-01
9.495966e-01
9.517363e-01
9.528220e-01
9.532741e-01
9.534424e-01
9.534992e-01
9.535186e-01
9.535250e-01
9.535254e-01
9.535222e-01
9.535194e-01
9.535144e-01
9.535143e-01
9.535142e-01
9.535157e-01
9.535176e-01
9.535194e-01
9.535206e-01
9.535212e-01
9.535216e-01
9.535219e-01
9.535224e-01
9.535231e-01
9.535238e-01
9.535244e-01
9.535254e-01
9.535269e-01
9.535288e-01
9.535309e-01
9.535330e-01
9.535345e-01
9.535351e-01
9.535347e-01
9.535333e-01
9.535304e-01
9.535284e-01
9.535264e-01
9.535247e-01
9.535230e-01
9.535220e-01
9.535215e-01
9.535214e-01
9.535217e-01
9.535223e-01
9.535231e-01
9.535239e-01
9.535247e-01
9.535255e-01
9.535264e-01
9.535277e-01
9.535291e-01
9.535307e-01
9.535322e-01
9.535334e-01
9.535345e-01
9.535348e-01
9.535350e-01
9.535346e-01
9.535332e-01
9.535319e-01
9.535306e-01
9.535293e-01
9.535284e-01
9.535268e-01
9.535246e-01
9.535220e-01
9.535193e-01
9.535167e-01
9.535147e-01
9.535137e-01
9.535139e-01
9.535150e-01
9.535168e-01
9.535193e-01
9.535228e-01
9.535273e-01
9.535319e-01
9.535353e-01
9.535368e-01
9.535367e-01
9.535347e-01
9.535283e-01
9.535125e-01
9.534715e-01
9.533584e-01
9.530486e-01
9.522454e-01
9.503503e-01
9.463931e-01
9.392807e-01
9.282495e-01
9.134985e-01
8.966700e-01
8.809489e-01
8.702614e-01
8.678400e-01
8.747273e-01
8.890713e-01
9.069505e-01
9.240552e-01
9.373422e-01
9.458900e-01
9.504597e-01
9.524672e-01
9.532000e-01
9.534315e-01
9.535012e-01
9.535248e-01
9.535330e-01
9.535332e-01
9.535295e-01
9.535247e-01
9.535198e-01
9.535167e-01
9.535159e-01
9.535167e-01
9.535180e-01
9.535190e-01
9.535191e-01
9.535189e-01
9.535190e-01
9.535197e-01
9.535208e-01
9.535221e-01
9.535234e-01
9.535245e-01
9.535261e-01
9.535280e-01
9.535302e-01
9.535324e-01
9.535341e-01
9.535347e-01
9.535341e-01
9.535326e-01
9.535298e-01
9.535272e-01
9.535250e-01
9.535231e-01
9.535217e-01
9.535208e-01
9.535203e-01
9.535202e-01
9.535206e-01
9.535213e-01
9.535222e-01
9.535231e-01
9.535240e-01
9.535249e-01
9.535258e-01
9.535268e-01
9.535281e-01
9.535294e-01
9.535307e-01
9.535317e-01
9.535326e-01
9.535331e-01
9.535331e-01
9.535326e-01
9.535316e-01
9.535304e-01
9.535292e-01
9.535279e-01
9.535265e-01
9.535242e-01
9.535210e-01
9.535174e-01
9.535139e-01
9.535112e-01
9.535097e-01
9.535099e-01
9.535115e-01
9.535140e-01
9.535168e-01
9.535196e-01
9.535226e-01
9.535254e-01
9.535276e-01
9.535286e-01
9.535284e-01
9.535269e-01
9.535219e-01
9.535036e-01
9.534472e-01
9.532742e-01
9.527649e-01
9.513762e-01
9.479760e-01
9.406281e-01
9.266482e-01
9.031312e-01
8.680722e-01
8.219034e-01
7.698899e-01
7.220767e-01
6.901269e-01
6.829215e-01
7.034686e-01
7.473375e-01
8.031293e-01
8.569361e-01
8.989806e-01
9.265746e-01
9.420294e-01
9.493483e-01
9.522263e-01
9.531678e-01
9.534376e-01
9.535128e-01
9.535337e-01
9.535370e-01
9.535343e-01
9.535289e-01
9.535231e-01
9.535188e-01
9.535168e-01
9.535170e-01
9.535186e-01
9.535198e-01
9.535199e-01
9.535192e-01
9.535186e-01
9.535186e-01
9.535193e-01
9.535202e-01
9.535214e-01
9.535226e-01
9.535237e-01
9.535253e-01
9.535275e-01
9.535302e-01
9.535328e-01
9.535345e-01
9.535347e-01
9.535334e-01
9.535303e-01
9.535277e-01
9.535249e-01
9.535223e-01
9.535203e-01
9.535190e-01
9.535184e-01
9.535183e-01
9.535187e-01
9.535194e-01
9.535204e-01
9.535216e-01
9.535228e-01
9.535241e-01
9.535252e-01
9.535262e-01
9.535272e-01
9.535283e-01
9.535294e-01
9.535305e-01
9.535317e-01
9.535321e-01
9.535320e-01
9.535314e-01
9.535305e-01
9.535295e-01
9.535284e-01
9.535269e-01
9.535246e-01
9.535213e-01
9.535171e-01
9.535127e-01
9.535089e-01
9.535065e-01
9.535057e-01
9.535068e-01
9.535093e-01
9.535124e-01
9.535152e-01
9.535175e-01
9.535195e-01
9.535215e-01
9.535228e-01
9.535232e-01
9.535216e-01
9.535131e-01
9.534838e-01
9.533919e-01
9.531184e-01
9.523222e-01
9.501595e-01
9.448541e-01
9.332483e-01
9.104324e-01
8.695281e-01
8.027025e-01
7.059933e-01
5.880923e-01
4.723496e-01
3.831765e-01
3.322969e-01
3.215952e-01
3.526963e-01
4.294479e-01
5.478566e-01
6.825042e-01
7.973601e-01
8.744831e-01
9.181218e-01
9.396942e-01
9.489027e-01
9.522007e-01
9.531910e-01
9.534548e-01
9.535202e-01
9.535330e-01
9.535317e-01
9.535269e-01
9.535219e-01
9.535182e-01
9.535169e-01
9.535182e-01
9.535208e-01
9.535230e-01
9.535235e-01
9.535226e-01
9.535212e-01
9.535201e-01
9.535196e-01
9.535198e-01
9.535203e-01
9.535212e-01
9.535224e-01
9.535242e-01
9.535266e-01
9.535294e-01
9.535319e-01
9.535334e-01
9.535335e-01
9.535324e-01
9.535297e-01
9.535272e-01
9.535245e-01
9.535222e-01
9.535204e-01
9.535193e-01
9.535188e-01
9.535188e-01
9.535191e-01
9.535197e-01
9.535206e-01
9.535218e-01
9.535231e-01
9.535243e-01
9.535253e-01
9.535262e-01
9.535271e-01
9.535281e-01
9.535292e-01
9.535302e-01
9.535309e-01
9.535309e-01
9.535306e-01
9.535299e-01
9.535292e-01
9.535285e-01
9.535276e-01
9.535262e-01
9.535236e-01
9.535198e-01
9.535154e-01
9.535112e-01
9.535080e-01
9.535062e-01
9.535060e-01
9.535075e-01
9.535101e-01
9.535130e-01
9.535154e-01
9.535173e-01
9.535188e-01
9.535197e-01
9.535178e-01
9.535101e-01
9.534885e-01
9.534279e-01
9.532579e-01
9.527855e-01
9.515088e-01
9.482351e-01
9.405260e-01
9.239541e-01
8.909986e-01
8.296892e-01
7.248137e-01
5.704690e-01
3.936184e-01
2.453113e-01
1.507378e-01
1.004606e-01
7.795256e-02
7.357710e-02
8.635855e-02
1.253274e-01
2.122776e-01
3.704929e-01
5.761473e-01
7.522679e-01
8.601202e-01
9.146933e-01
9.392654e-01
9.490056e-01
9.522832e-01
9.532180e-01
9.534546e-01
9.535100e-01
9.535222e-01
9.535241e-01
9.535223e-01
9.535198e-01
9.535185e-01
9.535195e-01
9.535224e-01
9.535256e-01
9.535275e-01
9.535277e-01
9.535266e-01
9.535249e-01
9.535234e-01
9.535223e-01
9.535218e-01
9.535219e-01
9.535225e-01
9.535236e-01
9.535254e-01
9.535277e-01
9.535300e-01
9.535318e-01
9.535324e-01
9.535319e-01
9.535290e-01
9.535269e-01
9.535247e-01
9.535227e-01
9.535211e-01
9.535199e-01
9.535194e-01
9.535193e-01
9.535195e-01
9.535198e-01
9.535205e-01
9.535214e-01
9.535229e-01
9.535242e-01
9.535253e-01
9.535263e-01
9.535273e-01
9.535282e-01
9.535292e-01
9.535299e-01
9.535302e-01
9.535300e-01
9.535296e-01
9.535291e-01
9.535288e-01
9.535285e-01
9.535279e-01
9.535262e-01
9.535234e-01
9.535195e-01
9.535154e-01
9.535119e-01
9.535095e-01
9.535084e-01
9.535087e-01
9.535100e-01
9.535119e-01
9.535137e-01
9.535153e-01
9.535168e-01
9.535177e-01
9.535141e-01
9.534976e-01
9.534503e-01
9.533268e-01
9.530031e-01
9.521593e-01
9.500370e-01
9.450167e-01
9.339629e-01
9.111738e-01
8.665265e-01
7.832233e-01
6.416122e-01
4.455866e-01
2.528530e-01
1.236890e-01
5.847574e-02
2.981505e-02
1.774442e-02
1.296108e-02
1.203636e-02
1.463426e-02
2.365189e-02
4.934777e-02
1.195230e-01
2.798864e-01
5.220927e-01
7.345131e-01
8.572361e-01
9.152081e-01
9.399441e-01
9.493452e-01
9.524027e-01
9.532508e-01
9.534598e-01
9.535083e-01
9.535211e-01
9.535255e-01
9.535269e-01
9.535266e-01
9.535266e-01
9.535284e-01
9.535314e-01
9.535339e-01
9.535349e-01
9.535347e-01
9.535337e-01
9.535318e-01
9.535296e-01
9.535274e-01
9.535254e-01
9.535239e-01
9.535230e-01
9.535233e-01
9.535246e-01
9.535268e-01
9.535291e-01
9.535306e-01
9.535308e-01
9.535287e-01
9.535271e-01
9.535251e-01
9.535232e-01
9.535217e-01
9.535206e-01
9.535200e-01
9.535197e-01
9.535196e-01
9.535196e-01
9.535200e-01
9.535208e-01
9.535223e-01
9.535239e-01
9.535256e-01
9.535271e-01
9.535283e-01
9.535292e-01
9.535297e-01
9.535297e-01
9.535294e-01
9.535293e-01
9.535298e-01
9.535310e-01
9.535326e-01
9.535334e-01
9.535326e-01
9.535299e-01
9.535258e-01
9.535214e-01
9.535176e-01
9.535154e-01
9.535149e-01
9.535157e-01
9.535175e-01
9.535184e-01
9.535173e-01
9.535140e-01
9.535107e-01
9.535070e-01
9.534973e-01
9.534644e-01
9.533694e-01
9.531185e-01
9.524813e-01
9.509263e-01
9.473310e-01
9.395251e-01
9.235544e-01
8.922857e-01
8.329714e-01
7.255092e-01
5.529978e-01
3.408967e-01
1.660476e-01
6.879959e-02
2.710338e-02
1.116440e-02
5.171020e-03
2.857615e-03
1.982229e-03
1.808152e-03
2.273293e-03
4.040157e-03
9.758954e-03
2.891079e-02
9.113382e-02
2.534374e-01
5.131319e-01
7.370898e-01
8.608312e-01
9.172340e-01
9.407369e-01
9.495559e-01
9.524222e-01
9.532379e-01
9.534542e-01
9.535123e-01
9.535290e-01
9.535340e-01
9.535337e-01
9.535324e-01
9.535319e-01
9.535330e-01
9.535345e-01
9.535352e-01
9.535356e-01
9.535355e-01
9.535348e-01
9.535330e-01
9.535306e-01
9.535281e-01
9.535254e-01
9.535237e-01
9.535227e-01
9.535230e-01
9.535246e-01
9.535265e-01
9.535282e-01
9.535290e-01
9.535278e-01
9.535266e-01
9.535251e-01
9.535236e-01
9.535222e-01
9.535214e-01
9.535209e-01
9.535206e-01
9.535204e-01
9.535203e-01
9.535206e-01
9.535214e-01
9.535228e-01
9.535245e-01
9.535263e-01
9.535279e-01
9.535291e-01
9.535298e-01
9.535299e-01
9.535295e-01
9.535292e-01
9.535294e-01
9.535305e-01
9.535323e-01
9.535341e-01
9.535346e-01
9.535331e-01
9.535298e-01
9.535257e-01
9.535215e-01
9.535181e-01
9.535165e-01
9.535172e-01
9.535193e-01
9.535223e-01
9.535237e-01
9.535216e-01
9.535143e-01
9.534997e-01
9.534675e-01
9.533868e-01
9.531781e-01
9.526560e-01
9.513999e-01
9.485228e-01
9.423765e-01
9.300595e-01
9.065321e-01
8.628071e-01
7.835792e-01
6.486710e-01
4.543918e-01
2.513404e-01
1.105049e-01
4.189621e-02
1.498598e-02
5.406949e-03
2.072358e-03
8.899666e-04
4.556531e-04
2.971637e-04
2.648040e-04
3.495445e-04
7.050842e-04
1.979364e-03
6.720085e-03
2.468216e-02
8.792292e-02
2.581692e-01
5.254408e-01
7.464195e-01
8.650006e-01
9.185291e-01
9.409126e-01
9.494369e-01
9.523103e-01
9.531839e-01
9.534356e-01
9.535072e-01
9.535274e-01
9.535312e-01
9.535292e-01
9.535272e-01
9.535277e-01
9.535295e-01
9.535307e-01
9.535311e-01
9.535318e-01
9.535327e-01
9.535328e-01
9.535318e-01
9.535300e-01
9.535279e-01
9.535258e-01
9.535241e-01
9.535232e-01
9.535235e-01
9.535249e-01
9.535266e-01
9.535277e-01
9.535268e-01
9.535264e-01
9.535255e-01
9.535243e-01
9.535232e-01
9.535223e-01
9.535217e-01
9.535211e-01
9.535207e-01
9.535204e-01
9.535205e-01
9.535211e-01
9.535223e-01
9.535239e-01
9.535259e-01
9.535278e-01
9.535293e-01
9.535301e-01
9.535300e-01
9.535297e-01
9.535297e-01
9.535307e-01
9.535325e-01
9.535343e-01
9.535350e-01
9.535338e-01
9.535308e-01
9.535268e-01
9.535229e-01
9.535197e-01
9.535178e-01
9.535174e-01
9.535182e-01
9.535197e-01
9.535209e-01
9.535196e-01
9.535118e-01
9.534891e-01
9.534279e-01
9.532633e-01
9.528356e-01
9.517787e-01
9.493426e-01
9.441355e-01
9.337612e-01
9.142611e-01
8.789276e-01
8.163823e-01
7.097810e-01
5.459497e-01
3.456238e-01
1.735118e-01
7.169566e-02
2.627967e-02
9.106124e-03
3.107762e-03
1.076702e-03
3.914669e-04
1.564928e-04
7.352729e-05
4.423582e-05
3.821875e-05
5.495260e-05
1.321773e-04
4.340773e-04
1.634414e-03
6.481127e-03
2.565616e-02
9.371436e-02
2.721777e-01
5.392372e-01
7.522602e-01
8.658309e-01
9.177907e-01
9.400692e-01
9.489057e-01
9.520652e-01
9.530843e-01
9.533928e-01
9.534850e-01
9.535123e-01
9.535196e-01
9.535220e-01
9.535245e-01
9.535279e-01
9.535298e-01
9.535298e-01
9.535297e-01
9.535303e-01
9.535306e-01
9.535301e-01
9.535291e-01
9.535276e-01
9.535260e-01
9.535244e-01
9.535234e-01
9.535232e-01
9.535239e-01
9.535251e-01
9.535263e-01
9.535254e-01
9.535256e-01
9.535252e-01
9.535244e-01
9.535237e-01
9.535229e-01
9.535223e-01
9.535216e-01
9.535211e-01
9.535208e-01
9.535208e-01
9.535214e-01
9.535224e-01
9.535239e-01
9.535258e-01
9.535278e-01
9.535294e-01
9.535302e-01
9.535302e-01
9.535301e-01
9.535305e-01
9.535317e-01
9.535334e-01
9.535345e-01
9.535339e-01
9.535316e-01
9.535282e-01
9.535247e-01
9.535217e-01
9.535195e-01
9.535183e-01
9.535178e-01
9.535173e-01
9.535157e-01
9.535105e-01
9.534973e-01
9.534632e-01
9.533635e-01
9.530774e-01
9.523001e-01
9.503616e-01
9.459741e-01
9.369717e-01
9.198882e-01
8.890974e-01
8.354351e-01
7.451001e-01
6.042505e-01
4.191401e-01
2.368169e-01
1.096623e-01
4.389851e-02
1.609451e-02
5.619697e-03
1.910529e-03
6.426122e-04
2.175415e-04
7.593143e-05
2.840842e-05
1.214229e-05
6.569012e-06
5.475887e-06
9.199863e-06
2.753553e-05
1.036421e-04
4.182159e-04
1.721175e-03
7.058203e-03
2.799172e-02
1.001636e-01
2.813471e-01
5.426261e-01
7.494600e-01
8.617417e-01
9.145638e-01
9.380934e-01
9.478957e-01
9.516292e-01
9.529193e-01
9.533387e-01
9.534734e-01
9.535159e-01
9.535285e-01
9.535328e-01
9.535332e-01
9.535334e-01
9.535317e-01
9.535297e-01
9.535286e-01
9.535285e-01
9.535286e-01
9.535283e-01
9.535274e-01
9.535261e-01
9.535246e-01
9.535232e-01
9.535224e-01
9.535226e-01
9.535235e-01
9.535247e-01
9.535244e-01
9.535249e-01
9.535249e-01
9.535245e-01
9.535240e-01
9.535234e-01
9.535227e-01
9.535218e-01
9.535211e-01
9.535207e-01
9.535207e-01
9.535212e-01
9.535222e-01
9.535237e-01
9.535256e-01
9.535278e-01
9.535296e-01
9.535305e-01
9.535306e-01
9.535306e-01
9.535313e-01
9.535326e-01
9.535341e-01
9.535344e-01
9.535330e-01
9.535299e-01
9.535261e-01
9.535226e-01
9.535199e-01
9.535183e-01
9.535179e-01
9.535178e-01
9.535163e-01
9.535091e-01
9.534868e-01
9.534261e-01
9.532496e-01
9.527443e-01
9.513868e-01
9.480617e-01
9.407333e-01
9.260907e-01
8.989136e-01
8.509703e-01
7.699969e-01
6.425717e-01
4.693105e-01
2.859741e-01
1.445874e-01
6.310549e-02
2.501375e-02
9.344671e-03
3.354019e-03
1.167984e-03
3.975702e-04
1.333700e-04
4.458960e-05
1.511370e-05
5.344022e-06
2.073306e-06
9.812171e-07
7.981647e-07
1.736324e-06
6.431008e-06
2.649454e-05
1.107458e-04
4.614799e-04
1.902010e-03
7.672660e-03
2.954887e-02
1.019082e-01
2.774137e-01
5.294019e-01
7.348264e-01
8.510499e-01
9.079887e-01
9.344554e-01
9.461138e-01
9.508606e-01
9.526340e-01
9.532469e-01
9.534542e-01
9.535188e-01
9.535346e-01
9.535368e-01
9.535361e-01
9.535342e-01
9.535311e-01
9.535284e-01
9.535278e-01
9.535277e-01
9.535274e-01
9.535265e-01
9.535252e-01
9.535238e-01
9.535226e-01
9.535218e-01
9.535218e-01
9.535224e-01
9.535234e-01
9.535236e-01
9.535242e-01
9.535244e-01
9.535242e-01
9.535238e-01
9.535234e-01
9.535227e-01
9.535219e-01
9.535212e-01
9.535209e-01
9.535210e-01
9.535215e-01
9.535227e-01
9.535242e-01
9.535261e-01
9.535282e-01
9.535301e-01
9.535311e-01
9.535312e-01
9.535312e-01
9.535315e-01
9.535323e-01
9.535332e-01
9.535332e-01
9.535319e-01
9.535295e-01
9.535265e-01
9.535234e-01
9.535207e-01
9.535189e-01
9.535188e-01
9.535183e-01
9.535113e-01
9.534841e-01
9.533942e-01
9.531216e-01
9.523056e-01
9.500945e-01
9.447469e-01
9.332178e-01
9.105941e-01
8.690451e-01
7.965832e-01
6.789152e-01
5.122259e-01
3.259086e-01
1.731600e-01
7.974522e-02
3.348909e-02
1.331191e-02
5.099698e-03
1.894087e-03
6.835268e-04
2.401654e-04
8.240398e-05
2.774354e-05
9.234186e-06
3.073199e-06
1.040931e-06
3.693235e-07
1.497764e-07
1.257992e-07
3.838899e-07
1.643850e-06
7.054706e-06
2.976129e-05
1.236142e-04
5.049648e-04
2.020992e-03
7.856670e-03
2.901633e-02
9.628257e-02
2.573805e-01
4.970475e-01
7.061632e-01
8.322024e-01
8.969842e-01
9.285136e-01
9.432110e-01
9.496135e-01
9.521457e-01
9.530736e-01
9.533887e-01
9.534864e-01
9.535155e-01
9.535249e-01
9.535280e-01
9.535276e-01
9.535265e-01
9.535259e-01
9.535260e-01
9.535262e-01
9.535257e-01
9.535248e-01
9.535238e-01
9.535227e-01
9.535218e-01
9.535216e-01
9.535219e-01
9.535228e-01
9.535235e-01
9.535241e-01
9.535243e-01
9.535241e-01
9.535238e-01
9.535234e-01
9.535229e-01
9.535220e-01
9.535212e-01
9.535208e-01
9.535209e-01
9.535215e-01
9.535225e-01
9.535241e-01
9.535261e-01
9.535282e-01
9.535298e-01
9.535310e-01
9.535314e-01
9.535315e-01
9.535319e-01
9.535322e-01
9.535322e-01
9.535314e-01
9.535297e-01
9.535277e-01
9.535257e-01
9.535239e-01
9.535226e-01
9.535218e-01
9.535205e-01
9.535123e-01
9.534768e-01
9.533544e-01
9.529612e-01
9.517740e-01
9.485290e-01
9.406984e-01
9.238915e-01
8.908770e-01
8.300666e-01
7.254746e-01
5.664443e-01
3.737290e-01
2.041772e-01
9.589087e-02
4.109869e-02
1.682053e-02
6.716854e-03
2.630217e-03
1.008630e-03
3.777589e-04
1.379011e-04
4.904233e-05
1.700939e-05
5.769751e-06
1.923540e-06
6.346878e-07
2.089620e-07
6.894692e-08
2.403429e-08
2.351093e-08
9.728735e-08
4.421058e-07
1.908183e-06
7.994222e-06
3.279647e-05
1.318881e-04
5.189522e-04
1.990897e-03
7.391954e-03
2.608599e-02
8.367277e-02
2.230130e-01
4.457295e-01
6.616490e-01
8.036923e-01
8.808936e-01
9.200569e-01
9.390964e-01
9.477832e-01
9.514103e-01
9.527993e-01
9.532814e-01
9.534412e-01
9.534952e-01
9.535141e-01
9.535201e-01
9.535215e-01
9.535222e-01
9.535233e-01
9.535241e-01
9.535245e-01
9.535244e-01
9.535238e-01
9.535230e-01
9.535222e-01
9.535217e-01
9.535219e-01
9.535226e-01
9.535232e-01
9.535240e-01
9.535243e-01
9.535241e-01
9.535237e-01
9.535233e-01
9.535227e-01
9.535219e-01
9.535211e-01
9.535206e-01
9.535207e-01
9.535213e-01
9.535224e-01
9.535242e-01
9.535264e-01
9.535287e-01
9.535305e-01
9.535316e-01
9.535319e-01
9.535318e-01
9.535317e-01
9.535314e-01
9.535309e-01
9.535299e-01
9.535286e-01
9.535274e-01
9.535264e-01
9.535253e-01
9.535236e-01
9.535204e-01
9.535101e-01
9.534686e-01
9.533117e-01
9.527791e-01
9.511398e-01
9.466554e-01
9.358815e-01
9.127691e-01
8.670892e-01
7.826319e-01
6.412329e-01
4.469519e-01
2.534851e-01
1.199631e-01
5.089615e-02
2.061285e-02
8.237753e-03
3.280638e-03
1.300290e-03
5.103620e-04
1.972468e-04
7.469420e-05
2.761446e-05
9.948531e-06
3.492516e-06
1.196612e-06
4.013608e-07
1.323075e-07
4.290335e-08
1.345519e-08
4.205159e-09
5.449547e-09
2.655660e-08
1.209103e-07
5.151533e-07
2.125430e-06
8.571623e-06
3.382396e-05
1.304285e-04
4.904914e-04
1.793669e-03
6.343702e-03
2.142133e-02
6.685703e-02
1.798066e-01
3.787270e-01
5.999604e-01
7.630929e-01
8.578804e-01
9.078669e-01
9.330317e-01
9.450294e-01
9.502905e-01
9.523781e-01
9.531355e-01
9.533954e-01
9.534815e-01
9.535086e-01
9.535164e-01
9.535190e-01
9.535208e-01
9.535219e-01
9.535226e-01
9.535232e-01
9.535234e-01
9.535230e-01
9.535223e-01
9.535218e-01
9.535217e-01
9.535222e-01
9.535231e-01
9.535241e-01
9.535245e-01
9.535243e-01
9.535238e-01
9.535232e-01
9.535226e-01
9.535220e-01
9.535211e-01
9.535207e-01
9.535207e-01
9.535212e-01
9.535224e-01
9.535244e-01
9.535268e-01
9.535288e-01
9.535304e-01
9.535312e-01
9.535314e-01
9.535313e-01
9.535311e-01
9.535307e-01
9.535301e-01
9.535293e-01
9.535287e-01
9.535281e-01
9.535269e-01
9.535240e-01
9.535178e-01
9.535021e-01
9.534504e-01
9.532594e-01
9.525899e-01
9.504855e-01
9.446898e-01
9.307424e-01
9.006976e-01
8.407709e-01
7.299578e-01
5.526384e-01
3.389073e-01
1.659155e-01
6.948161e-02
2.713253e-02
1.044018e-02
4.048529e-03
1.588590e-03
6.286019e-04
2.492649e-04
9.834644e-05
3.833724e-05
1.467756e-05
5.494194e-06
2.005364e-06
7.130439e-07
2.471434e-07
8.365250e-08
2.770085e-08
8.935935e-09
2.719196e-09
8.201480e-10
1.465870e-09
7.401617e-09
3.292982e-08
1.374700e-07
5.565663e-07
2.201737e-06
8.514111e-06
3.214589e-05
1.183330e-04
4.240798e-04
1.477140e-03
4.985995e-03
1.618560e-02
4.947031e-02
1.351927e-01
3.033760e-01
5.228176e-01
7.093613e-01
8.271215e-01
8.916711e-01
9.249867e-01
9.413209e-01
9.487522e-01
9.518104e-01
9.529480e-01
9.533378e-01
9.534645e-01
9.535035e-01
9.535153e-01
9.535195e-01
9.535211e-01
9.535216e-01
9.535223e-01
9.535230e-01
9.535231e-01
9.535227e-01
9.535220e-01
9.535217e-01
9.535220e-01
9.535228e-01
9.535239e-01
9.535247e-01
9.535248e-01
9.535243e-01
9.535237e-01
9.535230e-01
9.535222e-01
9.535216e-01
9.535213e-01
9.535213e-01
9.535220e-01
9.535232e-01
9.535251e-01
9.535273e-01
9.535293e-01
9.535305e-01
9.535309e-01
9.535310e-01
9.535309e-01
9.535307e-01
9.535304e-01
9.535298e-01
9.535293e-01
9.535289e-01
9.535284e-01
9.535266e-01
9.535207e-01
9.535021e-01
9.534401e-01
9.532143e-01
9.524174e-01
9.498714e-01
9.428019e-01
9.257156e-01
8.885777e-01
8.136146e-01
6.761233e-01
4.692803e-01
2.533805e-01
1.090609e-01
4.132540e-02
1.503328e-02
5.493107e-03
2.047992e-03
7.810954e-04
3.038502e-04
1.198555e-04
4.758596e-05
1.886603e-05
7.412266e-06
2.866873e-06
1.085958e-06
4.014859e-07
1.446239e-07
5.075270e-08
1.736859e-08
5.798177e-09
1.869114e-09
5.577603e-10
1.828448e-10
4.123593e-10
2.038254e-09
8.827710e-09
3.606438e-08
1.431474e-07
5.551077e-07
2.102985e-06
7.774976e-06
2.802295e-05
9.838630e-05
3.363656e-04
1.119688e-03
3.627057e-03
1.139847e-02
3.433465e-02
9.564133e-02
2.293002e-01
4.353956e-01
6.421974e-01
7.872056e-01
8.704946e-01
9.144113e-01
9.363974e-01
9.466702e-01
9.510268e-01
9.526813e-01
9.532524e-01
9.534371e-01
9.534954e-01
9.535140e-01
9.535194e-01
9.535209e-01
9.535219e-01
9.535227e-01
9.535228e-01
9.535222e-01
9.535214e-01
9.535210e-01
9.535215e-01
9.535226e-01
9.535238e-01
9.535248e-01
9.535251e-01
9.535248e-01
9.535241e-01
9.535233e-01
9.535224e-01
9.535217e-01
9.535212e-01
9.535212e-01
9.535218e-01
9.535231e-01
9.535252e-01
9.535275e-01
9.535294e-01
9.535304e-01
9.535307e-01
9.535307e-01
9.535306e-01
9.535304e-01
9.535300e-01
9.535294e-01
9.535288e-01
9.535282e-01
9.535271e-01
9.535226e-01
9.535044e-01
9.534377e-01
9.531892e-01
9.522890e-01
9.493737e-01
9.411888e-01
9.212273e-01
8.773553e-01
7.880314e-01
6.258548e-01
3.983661e-01
1.917235e-01
7.422355e-02
2.592803e-02
8.855914e-03
3.067364e-03
1.090897e-03
3.995683e-04
1.505399e-04
5.810691e-05
2.283650e-05
9.068223e-06
3.608456e-06
1.427324e-06
5.571924e-07
2.134315e-07
7.989096e-08
2.915039e-08
1.035781e-08
3.587366e-09
1.212055e-09
3.929609e-10
1.512941e-10
1.061640e-10
1.531129e-10
5.433599e-10
2.310858e-09
9.283317e-09
3.615705e-08
1.374717e-07
5.103797e-07
1.848815e-06
6.529961e-06
2.248106e-05
7.546175e-05
2.471901e-04
7.914486e-04
2.481278e-03
7.618545e-03
2.277376e-02
6.473691e-02
1.651992e-01
3.466858e-01
5.644087e-01
7.381336e-01
8.441272e-01
9.012002e-01
9.301316e-01
9.439239e-01
9.499447e-01
9.523017e-01
9.531319e-01
9.534022e-01
9.534865e-01
9.535116e-01
9.535189e-01
9.535215e-01
9.535227e-01
9.535229e-01
9.535225e-01
9.535217e-01
9.535211e-01
9.535213e-01
9.535226e-01
9.535242e-01
9.535254e-01
9.535258e-01
9.535256e-01
9.535249e-01
9.535241e-01
9.535233e-01
9.535226e-01
9.535222e-01
9.535223e-01
9.535229e-01
9.535243e-01
9.535263e-01
9.535284e-01
9.535301e-01
9.535308e-01
9.535308e-01
9.535304e-01
9.535298e-01
9.535292e-01
9.535285e-01
9.535278e-01
9.535271e-01
9.535259e-01
9.535224e-01
9.535071e-01
9.534433e-01
9.531892e-01
9.522423e-01
9.490778e-01
9.400352e-01
9.176830e-01
8.679244e-01
7.656442e-01
5.825186e-01
3.425566e-01
1.495779e-01
5.318801e-02
1.738057e-02
5.609475e-03
1.842152e-03
6.222270e-04
2.170255e-04
7.823558e-05
2.910644e-05
1.113338e-05
4.352593e-06
1.726030e-06
6.884107e-07
2.738179e-07
1.077805e-07
4.171697e-08
1.580196e-08
5.836651e-09
2.091439e-09
7.273315e-10
2.629701e-10
1.265108e-10
1.180921e-10
1.218095e-10
1.343593e-10
1.865433e-10
5.842749e-10
2.333769e-09
8.963592e-09
3.345903e-08
1.218297e-07
4.327772e-07
1.499524e-06
5.068410e-06
1.672356e-05
5.394911e-05
1.705729e-04
5.302709e-04
1.626169e-03
4.929137e-03
1.473088e-02
4.274831e-02
1.152138e-01
2.655183e-01
4.807205e-01
6.800365e-01
8.117302e-01
8.847119e-01
9.222007e-01
9.403966e-01
9.485445e-01
9.518144e-01
9.529820e-01
9.533596e-01
9.534740e-01
9.535080e-01
9.535185e-01
9.535217e-01
9.535225e-01
9.535225e-01
9.535219e-01
9.535213e-01
9.535212e-01
9.535225e-01
9.535242e-01
9.535255e-01
9.535262e-01
9.535263e-01
9.535258e-01
9.535250e-01
9.535239e-01
9.535230e-01
9.535224e-01
9.535224e-01
9.535231e-01
9.535246e-01
9.535266e-01
9.535287e-01
9.535302e-01
9.535307e-01
9.535304e-01
9.535298e-01
9.535290e-01
9.535281e-01
9.535272e-01
9.535263e-01
9.535249e-01
9.535217e-01
9.535092e-01
9.534537e-01
9.532197e-01
9.523001e-01
9.490998e-01
9.396480e-01
9.157391e-01
8.614870e-01
7.485781e-01
5.486501e-01
3.015152e-01
1.216161e-01
4.040325e-02
1.249011e-02
3.832504e-03
1.196693e-03
3.838287e-04
1.270221e-04
4.348380e-05
1.541450e-05
5.653808e-06
2.139099e-06
8.303579e-07
3.282643e-07
1.310291e-07
5.233984e-08
2.075089e-08
8.108680e-09
3.107596e-09
1.162718e-09
4.180281e-10
1.782955e-10
1.188611e-10
1.103476e-10
1.149951e-10
1.201032e-10
1.308430e-10
1.452479e-10
1.912262e-10
5.681422e-10
2.173194e-09
8.002398e-09
2.862132e-08
9.981080e-08
3.396517e-07
1.128541e-06
3.665655e-06
1.166256e-05
3.645449e-05
1.123678e-04
3.429821e-04
1.040517e-03
3.144958e-03
9.458601e-03
2.801122e-02
7.899198e-02
1.973949e-01
3.969326e-01
6.140729e-01
7.729849e-01
8.648446e-01
9.126973e-01
9.361778e-01
9.468630e-01
9.512266e-01
9.527984e-01
9.533053e-01
9.534580e-01
9.535037e-01
9.535170e-01
9.535203e-01
9.535210e-01
9.535211e-01
9.535209e-01
9.535212e-01
9.535226e-01
9.535241e-01
9.535255e-01
9.535264e-01
9.535267e-01
9.535265e-01
9.535257e-01
9.535246e-01
9.535235e-01
9.535228e-01
9.535227e-01
9.535234e-01
9.535250e-01
9.535271e-01
9.535292e-01
9.535307e-01
9.535312e-01
9.535307e-01
9.535298e-01
9.535286e-01
9.535274e-01
9.535263e-01
9.535250e-01
9.535222e-01
9.535121e-01
9.534678e-01
9.532716e-01
9.524579e-01
9.494635e-01
9.401956e-01
9.158949e-01
8.592718e-01
7.391548e-01
5.265238e-01
2.740744e-01
1.036896e-01
3.257755e-02
9.605715e-03
2.818328e-03
8.404460e-04
2.567508e-04
8.069772e-05
2.618044e-05
8.790168e-06
3.059636e-06
1.104300e-06
4.124299e-07
1.586374e-07
6.240021e-08
2.488363e-08
9.965210e-09
3.972724e-09
1.563758e-09
6.035903e-10
2.421740e-10
1.277178e-10
1.226572e-10
1.174481e-10
1.121088e-10
1.127996e-10
1.165895e-10
1.233095e-10
1.335316e-10
1.440153e-10
1.814621e-10
5.128706e-10
1.877145e-09
6.622955e-09
2.270735e-08
7.598027e-08
2.484993e-07
7.957367e-07
2.500923e-06
7.740653e-06
2.368990e-05
7.200152e-05
2.182077e-04
6.615252e-04
2.009487e-03
6.108266e-03
1.843310e-02
5.388145e-02
1.438332e-01
3.186585e-01
5.428291e-01
7.284152e-01
8.418383e-01
9.018593e-01
9.314604e-01
9.450243e-01
9.506056e-01
9.526178e-01
9.532587e-01
9.534474e-01
9.535010e-01
9.535148e-01
9.535182e-01
9.535195e-01
9.535203e-01
9.535212e-01
