1.005812e-03
1.003606e-03
1.001870e-03
1.000571e-03
9.995780e-04
9.987797e-04
9.980779e-04
9.973895e-04
9.966601e-04
9.958455e-04
9.949135e-04
9.938628e-04
9.927017e-04
9.914301e-04
9.900733e-04
9.886559e-04
9.871817e-04
9.857048e-04
9.844003e-04
9.834987e-04
9.832827e-04
9.843972e-04
9.874573e-04
9.931530e-04
1.002059e-03
1.014283e-03
1.031089e-03
1.060701e-03
1.117837e-03
1.202063e-03
1.252040e-03
1.168724e-03
1.017777e-03
9.264045e-04
9.167837e-04
9.400657e-04
9.668477e-04
9.883533e-04
1.003421e-03
1.013328e-03
1.019589e-03
1.023352e-03
1.025549e-03
1.026802e-03
1.027655e-03
1.028466e-03
1.029422e-03
1.030661e-03
1.032164e-03
1.033904e-03
1.035790e-03
1.037704e-03
1.039518e-03
1.041107e-03
1.042377e-03
1.043320e-03
1.044022e-03
1.044592e-03
1.045220e-03
1.046044e-03
1.047142e-03
1.048559e-03
1.050265e-03
1.052208e-03
1.054267e-03
1.056236e-03
1.057834e-03
1.058800e-03
1.058939e-03
1.058222e-03
1.056789e-03
1.054818e-03
1.052439e-03
1.049762e-03
1.046882e-03
1.043839e-03
1.040443e-03
1.036132e-03
1.030408e-03
1.022430e-03
1.011141e-03
9.958987e-04
9.784522e-04
9.660945e-04
9.789462e-04
1.048769e-03
1.163023e-03
1.253859e-03
1.258737e-03
1.195780e-03
1.131886e-03
1.092931e-03
1.068215e-03
1.056352e-03
1.044944e-03
1.034917e-03
1.026165e-03
1.018791e-03
1.012936e-03
1.008694e-03
1.003976e-03
1.002689e-03
1.001834e-03
1.001250e-03
1.000875e-03
1.000605e-03
1.000311e-03
9.999165e-04
9.994383e-04
9.988405e-04
9.979781e-04
9.969334e-04
9.957779e-04
9.944163e-04
9.928369e-04
9.911256e-04
9.892288e-04
9.871757e-04
9.851433e-04
9.833357e-04
9.820531e-04
9.818849e-04
9.837846e-04
9.889200e-04
9.986674e-04
1.013692e-03
1.039194e-03
1.088006e-03
1.171177e-03
1.245940e-03
1.177520e-03
1.019124e-03
9.226869e-04
9.142369e-04
9.393071e-04
9.671236e-04
9.891287e-04
1.004637e-03
1.014904e-03
1.021435e-03
1.025405e-03
1.027638e-03
1.028803e-03
1.029376e-03
1.029731e-03
1.030118e-03
1.030680e-03
1.031523e-03
1.032624e-03
1.033954e-03
1.035438e-03
1.036971e-03
1.038447e-03
1.039770e-03
1.040865e-03
1.041721e-03
1.042395e-03
1.042991e-03
1.043650e-03
1.044476e-03
1.045530e-03
1.046844e-03
1.048399e-03
1.050138e-03
1.051958e-03
1.053715e-03
1.055181e-03
1.056144e-03
1.056447e-03
1.056087e-03
1.055168e-03
1.053850e-03
1.052229e-03
1.050444e-03
1.048575e-03
1.046704e-03
1.044726e-03
1.042299e-03
1.039103e-03
1.034566e-03
1.027690e-03
1.017560e-03
1.003390e-03
9.856992e-04
9.692909e-04
9.692705e-04
1.019403e-03
1.126818e-03
1.230173e-03
1.252724e-03
1.189877e-03
1.119142e-03
1.077922e-03
1.056085e-03
1.042056e-03
1.030852e-03
1.021474e-03
1.014428e-03
1.009382e-03
1.006014e-03
1.002646e-03
1.002485e-03
1.002569e-03
1.002734e-03
1.002966e-03
1.003210e-03
1.003308e-03
1.003146e-03
1.002837e-03
1.002396e-03
1.001698e-03
1.000734e-03
9.995772e-04
9.981642e-04
9.964873e-04
9.945810e-04
9.923747e-04
9.898288e-04
9.870789e-04
9.843134e-04
9.818902e-04
9.803673e-04
9.807831e-04
9.846238e-04
9.944890e-04
1.014713e-03
1.056096e-03
1.129091e-03
1.223585e-03
1.192696e-03
1.031914e-03
9.229742e-04
9.109924e-04
9.372624e-04
9.665169e-04
9.892875e-04
1.005310e-03
1.016054e-03
1.022953e-03
1.027177e-03
1.029599e-03
1.030805e-03
1.031271e-03
1.031368e-03
1.031351e-03
1.031423e-03
1.031690e-03
1.032215e-03
1.032977e-03
1.033953e-03
1.035080e-03
1.036273e-03
1.037449e-03
1.038528e-03
1.039454e-03
1.040215e-03
1.040861e-03
1.041462e-03
1.042128e-03
1.042943e-03
1.043950e-03
1.045174e-03
1.046592e-03
1.048166e-03
1.049814e-03
1.051406e-03
1.052767e-03
1.053736e-03
1.054195e-03
1.054130e-03
1.053626e-03
1.052817e-03
1.051802e-03
1.050689e-03
1.049558e-03
1.048503e-03
1.047496e-03
1.046296e-03
1.044740e-03
1.042460e-03
1.038717e-03
1.032707e-03
1.023534e-03
1.010110e-03
9.917788e-04
9.723524e-04
9.639501e-04
9.977652e-04
1.095822e-03
1.206307e-03
1.241893e-03
1.181763e-03
1.112360e-03
1.067447e-03
1.038698e-03
1.024937e-03
1.015658e-03
1.009434e-03
1.005623e-03
1.003515e-03
1.002578e-03
1.003395e-03
1.004384e-03
1.005332e-03
1.006110e-03
1.006700e-03
1.007044e-03
1.007055e-03
1.006871e-03
1.006562e-03
1.006029e-03
1.005164e-03
1.004080e-03
1.002673e-03
1.000905e-03
9.988717e-04
9.964636e-04
9.935829e-04
9.902612e-04
9.867015e-04
9.831744e-04
9.801810e-04
9.789245e-04
9.812859e-04
9.920235e-04
1.020742e-03
1.078104e-03
1.170085e-03
1.204228e-03
1.061815e-03
9.297978e-04
9.069033e-04
9.326810e-04
9.635205e-04
9.878118e-04
1.004769e-03
1.016232e-03
1.023730e-03
1.028424e-03
1.031175e-03
1.032609e-03
1.033158e-03
1.033186e-03
1.032963e-03
1.032693e-03
1.032519e-03
1.032529e-03
1.032776e-03
1.033240e-03
1.033905e-03
1.034722e-03
1.035617e-03
1.036526e-03
1.037386e-03
1.038151e-03
1.038812e-03
1.039402e-03
1.039982e-03
1.040635e-03
1.041424e-03
1.042380e-03
1.043523e-03
1.044839e-03
1.046284e-03
1.047786e-03
1.049261e-03
1.050563e-03
1.051560e-03
1.052156e-03
1.052350e-03
1.052206e-03
1.051829e-03
1.051297e-03
1.050723e-03
1.050174e-03
1.049732e-03
1.049390e-03
1.049023e-03
1.048510e-03
1.047655e-03
1.045893e-03
1.042604e-03
1.037031e-03
1.028165e-03
1.014688e-03
9.961892e-04
9.753538e-04
9.616218e-04
9.836419e-04
1.075530e-03
1.196222e-03
1.234136e-03
1.169573e-03
1.094373e-03
1.049175e-03
1.024564e-03
1.012534e-03
1.006267e-03
1.003330e-03
1.002411e-03
1.004564e-03
1.006205e-03
1.007836e-03
1.009219e-03
1.010221e-03
1.010919e-03
1.011322e-03
1.011430e-03
1.011361e-03
1.011159e-03
1.010703e-03
1.009949e-03
1.008927e-03
1.007624e-03
1.006014e-03
1.004050e-03
1.001632e-03
9.986403e-04
9.950281e-04
9.908701e-04
9.863014e-04
9.818990e-04
9.788647e-04
9.796779e-04
9.904255e-04
1.023566e-03
1.091890e-03
1.177017e-03
1.103582e-03
9.485411e-04
9.029860e-04
9.259715e-04
9.587052e-04
9.850494e-04
1.003449e-03
1.015818e-03
1.024045e-03
1.029304e-03
1.032484e-03
1.034229e-03
1.034986e-03
1.035072e-03
1.034762e-03
1.034283e-03
1.033784e-03
1.033396e-03
1.033191e-03
1.033199e-03
1.033407e-03
1.033797e-03
1.034334e-03
1.034962e-03
1.035632e-03
1.036292e-03
1.036905e-03
1.037463e-03
1.037994e-03
1.038541e-03
1.039169e-03
1.039926e-03
1.040837e-03
1.041913e-03
1.043143e-03
1.044491e-03
1.045899e-03
1.047293e-03
1.048561e-03
1.049600e-03
1.050336e-03
1.050763e-03
1.050935e-03
1.050936e-03
1.050833e-03
1.050718e-03
1.050656e-03
1.050711e-03
1.050893e-03
1.051107e-03
1.051289e-03
1.051302e-03
1.050760e-03
1.049170e-03
1.046002e-03
1.040468e-03
1.031427e-03
1.017988e-03
9.995371e-04
9.775796e-04
9.604764e-04
9.751189e-04
1.063881e-03
1.187291e-03
1.214104e-03
1.125452e-03
1.055785e-03
1.023590e-03
1.009795e-03
1.004506e-03
1.002949e-03
1.003259e-03
1.008974e-03
1.011091e-03
1.013004e-03
1.014513e-03
1.015567e-03
1.016154e-03
1.016370e-03
1.016381e-03
1.016263e-03
1.015990e-03
1.015577e-03
1.014961e-03
1.013974e-03
1.012852e-03
1.011447e-03
1.009715e-03
1.007533e-03
1.004743e-03
1.001160e-03
9.966931e-04
9.916083e-04
9.860088e-04
9.810683e-04
9.794931e-04
9.912751e-04
1.027967e-03
1.099550e-03
1.127032e-03
9.877640e-04
9.030818e-04
9.161054e-04
9.507228e-04
9.800414e-04
1.000653e-03
1.014545e-03
1.023717e-03
1.029732e-03
1.033478e-03
1.035635e-03
1.036666e-03
1.036920e-03
1.036655e-03
1.036103e-03
1.035427e-03
1.034757e-03
1.034182e-03
1.033768e-03
1.033550e-03
1.033512e-03
1.033653e-03
1.033944e-03
1.034334e-03
1.034785e-03
1.035258e-03
1.035727e-03
1.036181e-03
1.036640e-03
1.037141e-03
1.037733e-03
1.038452e-03
1.039314e-03
1.040333e-03
1.041494e-03
1.042770e-03
1.044110e-03
1.045456e-03
1.046719e-03
1.047815e-03
1.048685e-03
1.049327e-03
1.049779e-03
1.050104e-03
1.050360e-03
1.050625e-03
1.050950e-03
1.051394e-03
1.051976e-03
1.052630e-03
1.053309e-03
1.053937e-03
1.054191e-03
1.053723e-03
1.052106e-03
1.048784e-03
1.042944e-03
1.033744e-03
1.020318e-03
1.001674e-03
9.787359e-04
9.592677e-04
9.717929e-04
1.062778e-03
1.176874e-03
1.160857e-03
1.080099e-03
1.037679e-03
1.015150e-03
1.007589e-03
1.006180e-03
1.007115e-03
1.016082e-03
1.018255e-03
1.019964e-03
1.021127e-03
1.021752e-03
1.021955e-03
1.021858e-03
1.021603e-03
1.021305e-03
1.020958e-03
1.020535e-03
1.019933e-03
1.019155e-03
1.018253e-03
1.017147e-03
1.015829e-03
1.014085e-03
1.011698e-03
1.008458e-03
1.004195e-03
9.986064e-04
9.918975e-04
9.853385e-04
9.831761e-04
9.922288e-04
1.020411e-03
1.066253e-03
1.033794e-03
9.164664e-04
9.034934e-04
9.385884e-04
9.723512e-04
9.963141e-04
1.012343e-03
1.022867e-03
1.029744e-03
1.034178e-03
1.036795e-03
1.038163e-03
1.038652e-03
1.038519e-03
1.037977e-03
1.037204e-03
1.036334e-03
1.035480e-03
1.034733e-03
1.034144e-03
1.033737e-03
1.033500e-03
1.033425e-03
1.033491e-03
1.033669e-03
1.033929e-03
1.034237e-03
1.034572e-03
1.034927e-03
1.035319e-03
1.035772e-03
1.036326e-03
1.037008e-03
1.037831e-03
1.038803e-03
1.039914e-03
1.041138e-03
1.042436e-03
1.043758e-03
1.045034e-03
1.046196e-03
1.047200e-03
1.048039e-03
1.048746e-03
1.049372e-03
1.049960e-03
1.050573e-03
1.051255e-03
1.052046e-03
1.052961e-03
1.053948e-03
1.054979e-03
1.055997e-03
1.056770e-03
1.057014e-03
1.056436e-03
1.054587e-03
1.050917e-03
1.044730e-03
1.035285e-03
1.021511e-03
1.002315e-03
9.781985e-04
9.570454e-04
9.707369e-04
1.062433e-03
1.133902e-03
1.084149e-03
1.042633e-03
1.021439e-03
1.013082e-03
1.012199e-03
1.013799e-03
1.025717e-03
1.027389e-03
1.028445e-03
1.028867e-03
1.028796e-03
1.028359e-03
1.027725e-03
1.027060e-03
1.026475e-03
1.025949e-03
1.025422e-03
1.024876e-03
1.024260e-03
1.023569e-03
1.022792e-03
1.021890e-03
1.020731e-03
1.019025e-03
1.016508e-03
1.012882e-03
1.007681e-03
1.000571e-03
9.924658e-04
9.876230e-04
9.899579e-04
1.002528e-03
1.014462e-03
9.513001e-04
8.939848e-04
9.204182e-04
9.596005e-04
9.887855e-04
1.008100e-03
1.020724e-03
1.028965e-03
1.034264e-03
1.037553e-03
1.039370e-03
1.040173e-03
1.040240e-03
1.039793e-03
1.039023e-03
1.038081e-03
1.037067e-03
1.036078e-03
1.035180e-03
1.034424e-03
1.033835e-03
1.033405e-03
1.033136e-03
1.033012e-03
1.033002e-03
1.033090e-03
1.033247e-03
1.033459e-03
1.033718e-03
1.034039e-03
1.034437e-03
1.034948e-03
1.035588e-03
1.036369e-03
1.037300e-03
1.038370e-03
1.039558e-03
1.040831e-03
1.042148e-03
1.043453e-03
1.044689e-03
1.045820e-03
1.046842e-03
1.047775e-03
1.048655e-03
1.049516e-03
1.050408e-03
1.051367e-03
1.052430e-03
1.053615e-03
1.054880e-03
1.056204e-03
1.057552e-03
1.058719e-03
1.059505e-03
1.059659e-03
1.058854e-03
1.056640e-03
1.052558e-03
1.046000e-03
1.036006e-03
1.021297e-03
1.000359e-03
9.739153e-04
9.508068e-04
9.702374e-04
1.051874e-03
1.077929e-03
1.046298e-03
1.033571e-03
1.023801e-03
1.022259e-03
1.023725e-03
1.037252e-03
1.037953e-03
1.037847e-03
1.037142e-03
1.036058e-03
1.034814e-03
1.033553e-03
1.032372e-03
1.031388e-03
1.030604e-03
1.029978e-03
1.029450e-03
1.029002e-03
1.028591e-03
1.028130e-03
1.027741e-03
1.027237e-03
1.026405e-03
1.024966e-03
1.022479e-03
1.018214e-03
1.011375e-03
1.001976e-03
9.926331e-04
9.850416e-04
9.778982e-04
9.549035e-04
9.009596e-04
8.966904e-04
9.387389e-04
9.761171e-04
1.000949e-03
1.016859e-03
1.027114e-03
1.033672e-03
1.037790e-03
1.040222e-03
1.041399e-03
1.041736e-03
1.041473e-03
1.040776e-03
1.039820e-03
1.038713e-03
1.037537e-03
1.036396e-03
1.035359e-03
1.034469e-03
1.033745e-03
1.033170e-03
1.032739e-03
1.032444e-03
1.032274e-03
1.032212e-03
1.032239e-03
1.032340e-03
1.032513e-03
1.032767e-03
1.033117e-03
1.033585e-03
1.034191e-03
1.034942e-03
1.035842e-03
1.036884e-03
1.038050e-03
1.039314e-03
1.040641e-03
1.041982e-03
1.043294e-03
1.044547e-03
1.045735e-03
1.046872e-03
1.047988e-03
1.049108e-03
1.050270e-03
1.051501e-03
1.052821e-03
1.054241e-03
1.055731e-03
1.057284e-03
1.058862e-03
1.060305e-03
1.061449e-03
1.062108e-03
1.062030e-03
1.060882e-03
1.058226e-03
1.053637e-03
1.046341e-03
1.035188e-03
1.018402e-03
9.938029e-04
9.619846e-04
9.349704e-04
9.609501e-04
1.030227e-03
1.028850e-03
1.034367e-03
1.034993e-03
1.034221e-03
1.035754e-03
1.049941e-03
1.049154e-03
1.047528e-03
1.045439e-03
1.043197e-03
1.041007e-03
1.039025e-03
1.037342e-03
1.035978e-03
1.034905e-03
1.034105e-03
1.033543e-03
1.033165e-03
1.032944e-03
1.032860e-03
1.032920e-03
1.033067e-03
1.033182e-03
1.032989e-03
1.031975e-03
1.029221e-03
1.023379e-03
1.013115e-03
9.979935e-04
9.783886e-04
9.517939e-04
9.057734e-04
8.786415e-04
9.073716e-04
9.541205e-04
9.880145e-04
1.009445e-03
1.022949e-03
1.031530e-03
1.036930e-03
1.040204e-03
1.042001e-03
1.042728e-03
1.042738e-03
1.042216e-03
1.041325e-03
1.040233e-03
1.039037e-03
1.037794e-03
1.036586e-03
1.035455e-03
1.034446e-03
1.033583e-03
1.032859e-03
1.032285e-03
1.031854e-03
1.031546e-03
1.031352e-03
1.031259e-03
1.031261e-03
1.031351e-03
1.031539e-03
1.031834e-03
1.032259e-03
1.032823e-03
1.033538e-03
1.034408e-03
1.035427e-03
1.036579e-03
1.037840e-03
1.039183e-03
1.040569e-03
1.041955e-03
1.043322e-03
1.044657e-03
1.045970e-03
1.047275e-03
1.048592e-03
1.049947e-03
1.051362e-03
1.052862e-03
1.054459e-03
1.056120e-03
1.057848e-03
1.059624e-03
1.061294e-03
1.062737e-03
1.063812e-03
1.064285e-03
1.063868e-03
1.062255e-03
1.059077e-03
1.053650e-03
1.045000e-03
1.031473e-03
1.010716e-03
9.795589e-04
9.383757e-04
9.118559e-04
9.685661e-04
1.008944e-03
1.034037e-03
1.045488e-03
1.048102e-03
1.049583e-03
1.062198e-03
1.059798e-03
1.056537e-03
1.052997e-03
1.049567e-03
1.046475e-03
1.043818e-03
1.041619e-03
1.039869e-03
1.038537e-03
1.037573e-03
1.036949e-03
1.036635e-03
1.036586e-03
1.036785e-03
1.037242e-03
1.037970e-03
1.038930e-03
1.039920e-03
1.040418e-03
1.039424e-03
1.035201e-03
1.025124e-03
1.006265e-03
9.771443e-04
9.330892e-04
8.747392e-04
8.705801e-04
9.173480e-04
9.646580e-04
9.958697e-04
1.015075e-03
1.027008e-03
1.034502e-03
1.039097e-03
1.041763e-03
1.043093e-03
1.043459e-03
1.043218e-03
1.042535e-03
1.041524e-03
1.040344e-03
1.039055e-03
1.037705e-03
1.036395e-03
1.035179e-03
1.034099e-03
1.033169e-03
1.032367e-03
1.031692e-03
1.031142e-03
1.030723e-03
1.030426e-03
1.030240e-03
1.030158e-03
1.030180e-03
1.030312e-03
1.030562e-03
1.030947e-03
1.031482e-03
1.032174e-03
1.033023e-03
1.034026e-03
1.035172e-03
1.036443e-03
1.037810e-03
1.039241e-03
1.040697e-03
1.042167e-03
1.043632e-03
1.045097e-03
1.046573e-03
1.048078e-03
1.049627e-03
1.051238e-03
1.052907e-03
1.054643e-03
1.056425e-03
1.058276e-03
1.060162e-03
1.061964e-03
1.063568e-03
1.064862e-03
1.065690e-03
1.065773e-03
1.064841e-03
1.062610e-03
1.058448e-03
1.051470e-03
1.040097e-03
1.021802e-03
9.925598e-04
9.482792e-04
8.961574e-04
9.154389e-04
9.803451e-04
1.022524e-03
1.049673e-03
1.060116e-03
1.062852e-03
1.072741e-03
1.068727e-03
1.063958e-03
1.059165e-03
1.054734e-03
1.050877e-03
1.047657e-03
1.045042e-03
1.042974e-03
1.041397e-03
1.040264e-03
1.039565e-03
1.039270e-03
1.039329e-03
1.039708e-03
1.040427e-03
1.041589e-03
1.043221e-03
1.045150e-03
1.046919e-03
1.047696e-03
1.045813e-03
1.037723e-03
1.017549e-03
9.817326e-04
9.273891e-04
8.618641e-04
8.682242e-04
9.241898e-04
9.707260e-04
1.000037e-03
1.017932e-03
1.028967e-03
1.035765e-03
1.039820e-03
1.042097e-03
1.043165e-03
1.043372e-03
1.043028e-03
1.042252e-03
1.041186e-03
1.039990e-03
1.038724e-03
1.037409e-03
1.036125e-03
1.034891e-03
1.033757e-03
1.032741e-03
1.031839e-03
1.031074e-03
1.030445e-03
1.029933e-03
1.029539e-03
1.029265e-03
1.029110e-03
1.029065e-03
1.029140e-03
1.029341e-03
1.029686e-03
1.030182e-03
1.030840e-03
1.031667e-03
1.032657e-03
1.033796e-03
1.035071e-03
1.036461e-03
1.037936e-03
1.039458e-03
1.041019e-03
1.042596e-03
1.044185e-03
1.045788e-03
1.047415e-03
1.049069e-03
1.050766e-03
1.052518e-03
1.054324e-03
1.056158e-03
1.058054e-03
1.060004e-03
1.061879e-03
1.063583e-03
1.065060e-03
1.066125e-03
1.066539e-03
1.066087e-03
1.064501e-03
1.061173e-03
1.055309e-03
1.045429e-03
1.029175e-03
1.002056e-03
9.578155e-04
8.984551e-04
8.906382e-04
9.623605e-04
1.018486e-03
1.054102e-03
1.070470e-03
1.074470e-03
1.079794e-03
1.074545e-03
1.068776e-03
1.063184e-03
1.058130e-03
1.053812e-03
1.050244e-03
1.047363e-03
1.045095e-03
1.043367e-03
1.042121e-03
1.041332e-03
1.041001e-03
1.041080e-03
1.041528e-03
1.042364e-03
1.043701e-03
1.045609e-03
1.048005e-03
1.050574e-03
1.052724e-03
1.053245e-03
1.048835e-03
1.032609e-03
9.967864e-04
9.404251e-04
8.685577e-04
8.676205e-04
9.259989e-04
9.719977e-04
1.000843e-03
1.018312e-03
1.028976e-03
1.035520e-03
1.039396e-03
1.041523e-03
1.042480e-03
1.042594e-03
1.042236e-03
1.041510e-03
1.040494e-03
1.039355e-03
1.038100e-03
1.036749e-03
1.035422e-03
1.034171e-03
1.033036e-03
1.032033e-03
1.031124e-03
1.030316e-03
1.029615e-03
1.029038e-03
1.028589e-03
1.028258e-03
1.028046e-03
1.027953e-03
1.027985e-03
1.028148e-03
1.028457e-03
1.028928e-03
1.029567e-03
1.030376e-03
1.031353e-03
1.032493e-03
1.033785e-03
1.035203e-03
1.036719e-03
1.038298e-03
1.039936e-03
1.041605e-03
1.043295e-03
1.045006e-03
1.046750e-03
1.048523e-03
1.050336e-03
1.052162e-03
1.053997e-03
1.055833e-03
1.057728e-03
1.059659e-03
1.061510e-03
1.063184e-03
1.064625e-03
1.065726e-03
1.066224e-03
1.065936e-03
1.064654e-03
1.061743e-03
1.056418e-03
1.047127e-03
1.031429e-03
1.004805e-03
9.606304e-04
9.026643e-04
8.883439e-04
9.588785e-04
1.021853e-03
1.060310e-03
1.078883e-03
1.082709e-03
1.082714e-03
1.076762e-03
1.070601e-03
1.064794e-03
1.059588e-03
1.055160e-03
1.051477e-03
1.048483e-03
1.046105e-03
1.044267e-03
1.042913e-03
1.042076e-03
1.041717e-03
1.041706e-03
1.042062e-03
1.042838e-03
1.044118e-03
1.045972e-03
1.048397e-03
1.051180e-03
1.054039e-03
1.056604e-03
1.057050e-03
1.048326e-03
1.019072e-03
9.687833e-04
8.981047e-04
8.715227e-04
9.238611e-04
9.685992e-04
9.977276e-04
1.015746e-03
1.026736e-03
1.033444e-03
1.037376e-03
1.039603e-03
1.040700e-03
1.041002e-03
1.040811e-03
1.040186e-03
1.039288e-03
1.038279e-03
1.037181e-03
1.035984e-03
1.034780e-03
1.033593e-03
1.032471e-03
1.031429e-03
1.030466e-03
1.029617e-03
1.028890e-03
1.028254e-03
1.027733e-03
1.027337e-03
1.027076e-03
1.026933e-03
1.026920e-03
1.027040e-03
1.027310e-03
1.027741e-03
1.028345e-03
1.029135e-03
1.030101e-03
1.031232e-03
1.032524e-03
1.033962e-03
1.035513e-03
1.037139e-03
1.038848e-03
1.040593e-03
1.042359e-03
1.044140e-03
1.045942e-03
1.047737e-03
1.049539e-03
1.051349e-03
1.053142e-03
1.054902e-03
1.056702e-03
1.058544e-03
1.060304e-03
1.061871e-03
1.063260e-03
1.064295e-03
1.064754e-03
1.064480e-03
1.063245e-03
1.060401e-03
1.055196e-03
1.046039e-03
1.030443e-03
1.003532e-03
9.595823e-04
9.096673e-04
9.095816e-04
9.801017e-04
1.038468e-03
1.071241e-03
1.085655e-03
1.086923e-03
1.080751e-03
1.074983e-03
1.069187e-03
1.063773e-03
1.058940e-03
1.054780e-03
1.051253e-03
1.048354e-03
1.046013e-03
1.044166e-03
1.042785e-03
1.041854e-03
1.041347e-03
1.041192e-03
1.041395e-03
1.041983e-03
1.042994e-03
1.044455e-03
1.046371e-03
1.048738e-03
1.051548e-03
1.054887e-03
1.058458e-03
1.058720e-03
1.044280e-03
1.007915e-03
9.551706e-04
8.911263e-04
9.185820e-04
9.602046e-04
9.905599e-04
1.009985e-03
1.022012e-03
1.029491e-03
1.034046e-03
1.036721e-03
1.038168e-03
1.038715e-03
1.038813e-03
1.038508e-03
1.037865e-03
1.037085e-03
1.036107e-03
1.034924e-03
1.033725e-03
1.032573e-03
1.031517e-03
1.030566e-03
1.029662e-03
1.028814e-03
1.028042e-03
1.027381e-03
1.026842e-03
1.026423e-03
1.026128e-03
1.025954e-03
1.025912e-03
1.025997e-03
1.026233e-03
1.026638e-03
1.027224e-03
1.027991e-03
1.028940e-03
1.030074e-03
1.031383e-03
1.032846e-03
1.034430e-03
1.036097e-03
1.037856e-03
1.039658e-03
1.041477e-03
1.043312e-03
1.045162e-03
1.047012e-03
1.048868e-03
1.050663e-03
1.052383e-03
1.054032e-03
1.055709e-03
1.057410e-03
1.058986e-03
1.060320e-03
1.061408e-03
1.062154e-03
1.062277e-03
1.061636e-03
1.060070e-03
1.056831e-03
1.051070e-03
1.040975e-03
1.023818e-03
9.950794e-04
9.520280e-04
9.200474e-04
9.541128e-04
1.022348e-03
1.064212e-03
1.083225e-03
1.088268e-03
1.085714e-03
1.074870e-03
1.069934e-03
1.065108e-03
1.060593e-03
1.056520e-03
1.052904e-03
1.049742e-03
1.047078e-03
1.044881e-03
1.043113e-03
1.041711e-03
1.040701e-03
1.040038e-03
1.039623e-03
1.039524e-03
1.039773e-03
1.040340e-03
1.041218e-03
1.042428e-03
1.043970e-03
1.045952e-03
1.049022e-03
1.054402e-03
1.062211e-03
1.065206e-03
1.049062e-03
1.028689e-03
9.470566e-04
9.223791e-04
9.484841e-04
9.778268e-04
9.998166e-04
1.014013e-03
1.023116e-03
1.028754e-03
1.032319e-03
1.034515e-03
1.035730e-03
1.036350e-03
1.036383e-03
1.036052e-03
1.035562e-03
1.034876e-03
1.033959e-03
1.032965e-03
1.031942e-03
1.030957e-03
1.029991e-03
1.029062e-03
1.028208e-03
1.027453e-03
1.026747e-03
1.026147e-03
1.025672e-03
1.025343e-03
1.025131e-03
1.025054e-03
1.025100e-03
1.025294e-03
1.025654e-03
1.026195e-03
1.026941e-03
1.027878e-03
1.028993e-03
1.030291e-03
1.031757e-03
1.033361e-03
1.035064e-03
1.036875e-03
1.038721e-03
1.040577e-03
1.042438e-03
1.044304e-03
1.046115e-03
1.047882e-03
1.049579e-03
1.051168e-03
1.052633e-03
1.054099e-03
1.055570e-03
1.056908e-03
1.057941e-03
1.058756e-03
1.059106e-03
1.058785e-03
1.057626e-03
1.055369e-03
1.051151e-03
1.044129e-03
1.032266e-03
1.012804e-03
9.819922e-04
9.455610e-04
9.531997e-04
1.033571e-03
1.080734e-03
1.095001e-03
1.092785e-03
1.085651e-03
1.079781e-03
1.065886e-03
1.062395e-03
1.058979e-03
1.055721e-03
1.052658e-03
1.049801e-03
1.047191e-03
1.044921e-03
1.042987e-03
1.041357e-03
1.039993e-03
1.038862e-03
1.037968e-03
1.037318e-03
1.036912e-03
1.036733e-03
1.036757e-03
1.036939e-03
1.037266e-03
1.037809e-03
1.038798e-03
1.040805e-03
1.045219e-03
1.054097e-03
1.068032e-03
1.077942e-03
1.093225e-03
1.047868e-03
9.633182e-04
9.423796e-04
9.617411e-04
9.843546e-04
1.001574e-03
1.013404e-03
1.021272e-03
1.026436e-03
1.029842e-03
1.031886e-03
1.033278e-03
1.034012e-03
1.034205e-03
1.034172e-03
1.033720e-03
1.032848e-03
1.031887e-03
1.030930e-03
1.030050e-03
1.029242e-03
1.028412e-03
1.027569e-03
1.026768e-03
1.026061e-03
1.025468e-03
1.024996e-03
1.024651e-03
1.024422e-03
1.024320e-03
1.024331e-03
1.024486e-03
1.024818e-03
1.025332e-03
1.026044e-03
1.026955e-03
1.028075e-03
1.029383e-03
1.030874e-03
1.032505e-03
1.034225e-03
1.036063e-03
1.037936e-03
1.039805e-03
1.041678e-03
1.043540e-03
1.045358e-03
1.047149e-03
1.048778e-03
1.050225e-03
1.051491e-03
1.052744e-03
1.053983e-03
1.055002e-03
1.055610e-03
1.055805e-03
1.055506e-03
1.054309e-03
1.052029e-03
1.048435e-03
1.042453e-03
1.032950e-03
1.017691e-03
9.942983e-04
9.642825e-04
9.507713e-04
1.029483e-03
1.134357e-03
1.135614e-03
1.112575e-03
1.089365e-03
1.075881e-03
1.069712e-03
1.055798e-03
1.053801e-03
1.051878e-03
1.049905e-03
1.047851e-03
1.045794e-03
1.043818e-03
1.041986e-03
1.040334e-03
1.038865e-03
1.037512e-03
1.036302e-03
1.035238e-03
1.034306e-03
1.033539e-03
1.032941e-03
1.032423e-03
1.031959e-03
1.031510e-03
1.031082e-03
1.030881e-03
1.031586e-03
1.034227e-03
1.040713e-03
1.055665e-03
1.080933e-03
1.116628e-03
1.149645e-03
1.072894e-03
9.774111e-04
9.522972e-04
9.651454e-04
9.834491e-04
9.987908e-04
1.009816e-03
1.017628e-03
1.023124e-03
1.026844e-03
1.029508e-03
1.031062e-03
1.031910e-03
1.032400e-03
1.032443e-03
1.031955e-03
1.031272e-03
1.030514e-03
1.029775e-03
1.028946e-03
1.028105e-03
1.027290e-03
1.026543e-03
1.025775e-03
1.025112e-03
1.024572e-03
1.024199e-03
1.023938e-03
1.023808e-03
1.023782e-03
1.023893e-03
1.024169e-03
1.024626e-03
1.025311e-03
1.026211e-03
1.027299e-03
1.028587e-03
1.030059e-03
1.031694e-03
1.033438e-03
1.035312e-03
1.037198e-03
1.039073e-03
1.040945e-03
1.042799e-03
1.044540e-03
1.046196e-03
1.047687e-03
1.048944e-03
1.049948e-03
1.050872e-03
1.051750e-03
1.052357e-03
1.052381e-03
1.051981e-03
1.050779e-03
1.048433e-03
1.044638e-03
1.038898e-03
1.029835e-03
1.016539e-03
9.970663e-04
9.728761e-04
9.582510e-04
1.009762e-03
1.169785e-03
1.226249e-03
1.165779e-03
1.107229e-03
1.078264e-03
1.063712e-03
1.058265e-03
1.045862e-03
1.045350e-03
1.044734e-03
1.043658e-03
1.042732e-03
1.041459e-03
1.039744e-03
1.038243e-03
1.037108e-03
1.035656e-03
1.034317e-03
1.033005e-03
1.031931e-03
1.030596e-03
1.029578e-03
1.028573e-03
1.027692e-03
1.026629e-03
1.025541e-03
1.024437e-03
1.023407e-03
1.023049e-03
1.023763e-03
1.026694e-03
1.035221e-03
1.058392e-03
1.100042e-03
1.177661e-03
1.198183e-03
1.096139e-03
9.958509e-04
9.599238e-04
9.635157e-04
9.780222e-04
9.924551e-04
1.004068e-03
1.012768e-03
1.018936e-03
1.023658e-03
1.026883e-03
1.028903e-03
1.030407e-03
1.030978e-03
1.030730e-03
1.030224e-03
1.029631e-03
1.029055e-03
1.028498e-03
1.027802e-03
1.026995e-03
1.026178e-03
1.025434e-03
1.024817e-03
1.024296e-03
1.023923e-03
1.023655e-03
1.023504e-03
1.023444e-03
1.023511e-03
1.023751e-03
1.024166e-03
1.024805e-03
1.025671e-03
1.026768e-03
1.028050e-03
1.029544e-03
1.031203e-03
1.032952e-03
1.034840e-03
1.036729e-03
1.038564e-03
1.040403e-03
1.042195e-03
1.043892e-03
1.045545e-03
1.046936e-03
1.047983e-03
1.048654e-03
1.049245e-03
1.049730e-03
1.049763e-03
1.048952e-03
1.047241e-03
1.044520e-03
1.040003e-03
1.033262e-03
1.024072e-03
1.010588e-03
9.927504e-04
9.726593e-04
9.633670e-04
1.007725e-03
1.155459e-03
1.305174e-03
1.247568e-03
1.145246e-03
1.084664e-03
1.059617e-03
1.050052e-03
1.046873e-03
1.037696e-03
1.038040e-03
1.038227e-03
1.038144e-03
1.037688e-03
1.037002e-03
1.036098e-03
1.035042e-03
1.033908e-03
1.032712e-03
1.031404e-03
1.030028e-03
1.028693e-03
1.027357e-03
1.026010e-03
1.024629e-03
1.023218e-03
1.021737e-03
1.020123e-03
1.018443e-03
1.016927e-03
1.015828e-03
1.015302e-03
1.015864e-03
1.018797e-03
1.028855e-03
1.056313e-03
1.121223e-03
1.216143e-03
1.216869e-03
1.124019e-03
1.029981e-03
9.750951e-04
9.634145e-04
9.709561e-04
9.832564e-04
9.955149e-04
1.005490e-03
1.013551e-03
1.019314e-03
1.023422e-03
1.026376e-03
1.028326e-03
1.028962e-03
1.029015e-03
1.028878e-03
1.028632e-03
1.028255e-03
1.027696e-03
1.027047e-03
1.026383e-03
1.025587e-03
1.024900e-03
1.024316e-03
1.023926e-03
1.023640e-03
1.023476e-03
1.023387e-03
1.023414e-03
1.023592e-03
1.023947e-03
1.024547e-03
1.025409e-03
1.026469e-03
1.027736e-03
1.029196e-03
1.030831e-03
1.032569e-03
1.034455e-03
1.036297e-03
1.038119e-03
1.039897e-03
1.041630e-03
1.043177e-03
1.044642e-03
1.045759e-03
1.046443e-03
1.046639e-03
1.046502e-03
1.046138e-03
1.045060e-03
1.042662e-03
1.039016e-03
1.033824e-03
1.026021e-03
1.015333e-03
1.001531e-03
9.850335e-04
9.712936e-04
9.742840e-04
1.029056e-03
1.162991e-03
1.323477e-03
1.334535e-03
1.201024e-03
1.103497e-03
1.060058e-03
1.045053e-03
1.039503e-03
1.037831e-03
1.031855e-03
1.032543e-03
1.033131e-03
1.033412e-03
1.033359e-03
1.033027e-03
1.032406e-03
1.031594e-03
1.030622e-03
1.029481e-03
1.028191e-03
1.026811e-03
1.025403e-03
1.023977e-03
1.022482e-03
1.020929e-03
1.019268e-03
1.017449e-03
1.015550e-03
1.013767e-03
1.012226e-03
1.010971e-03
1.010055e-03
1.009780e-03
1.010776e-03
1.014208e-03
1.025814e-03
1.056876e-03
1.127686e-03
1.212007e-03
1.228435e-03
1.171272e-03
1.085984e-03
1.016093e-03
9.778011e-04
9.689768e-04
9.741876e-04
9.837687e-04
9.947195e-04
1.004371e-03
1.011826e-03
1.017886e-03
1.021978e-03
1.024181e-03
1.025541e-03
1.026337e-03
1.026821e-03
1.027190e-03
1.027078e-03
1.026616e-03
1.026004e-03
1.025385e-03
1.024803e-03
1.024392e-03
1.024063e-03
1.023809e-03
1.023650e-03
1.023555e-03
1.023549e-03
1.023704e-03
1.024020e-03
1.024575e-03
1.025402e-03
1.026481e-03
1.027715e-03
1.029167e-03
1.030806e-03
1.032520e-03
1.034366e-03
1.036126e-03
1.037754e-03
1.039386e-03
1.040868e-03
1.042171e-03
1.043403e-03
1.044112e-03
1.044120e-03
1.043239e-03
1.041890e-03
1.040043e-03
1.036919e-03
1.031698e-03
1.024365e-03
1.015272e-03
1.003122e-03
9.892934e-04
9.782129e-04
9.766239e-04
1.003078e-03
1.076154e-03
1.193417e-03
1.313095e-03
1.337508e-03
1.228782e-03
1.122103e-03
1.066869e-03
1.043611e-03
1.035024e-03
1.032000e-03
1.031401e-03
1.028253e-03
1.028663e-03
1.029099e-03
1.029441e-03
1.029624e-03
1.029521e-03
1.029126e-03
1.028442e-03
1.027509e-03
1.026378e-03
1.025090e-03
1.023735e-03
1.022339e-03
1.020867e-03
1.019343e-03
1.017715e-03
1.015958e-03
1.014106e-03
1.012238e-03
1.010486e-03
1.009001e-03
1.007921e-03
1.007249e-03
1.006960e-03
1.007295e-03
1.008188e-03
1.010923e-03
1.021771e-03
1.049809e-03
1.104760e-03
1.170125e-03
1.210652e-03
1.200421e-03
1.150370e-03
1.087935e-03
1.030935e-03
9.931989e-04
9.776810e-04
9.772755e-04
9.826483e-04
9.908526e-04
9.994121e-04
1.007247e-03
1.012621e-03
1.016828e-03
1.019970e-03
1.022075e-03
1.023612e-03
1.024499e-03
1.024983e-03
1.025115e-03
1.024840e-03
1.024535e-03
1.024235e-03
1.024068e-03
1.023942e-03
1.023873e-03
1.023827e-03
1.023850e-03
1.023987e-03
1.024298e-03
1.024824e-03
1.025659e-03
1.026690e-03
1.027922e-03
1.029342e-03
1.030868e-03
1.032396e-03
1.034042e-03
1.035517e-03
1.036984e-03
1.038080e-03
1.039031e-03
1.039636e-03
1.039950e-03
1.039402e-03
1.037816e-03
1.035161e-03
1.031143e-03
1.026001e-03
1.019383e-03
1.010418e-03
1.000009e-03
9.903737e-04
9.839031e-04
9.871456e-04
1.012075e-03
1.066816e-03
1.145750e-03
1.230680e-03
1.289448e-03
1.289121e-03
1.212668e-03
1.129282e-03
1.078830e-03
1.051486e-03
1.038561e-03
1.032281e-03
1.029252e-03
1.028253e-03
1.026470e-03
1.026453e-03
1.026636e-03
1.026870e-03
1.026928e-03
1.026814e-03
1.026460e-03
1.025813e-03
1.024907e-03
1.023800e-03
1.022574e-03
1.021259e-03
1.019878e-03
1.018438e-03
1.016935e-03
1.015356e-03
1.013664e-03
1.011849e-03
1.010082e-03
1.008589e-03
1.007490e-03
1.006836e-03
1.006674e-03
1.006968e-03
1.007597e-03
1.008368e-03
1.008640e-03
1.010133e-03
1.017346e-03
1.034025e-03
1.068182e-03
1.114393e-03
1.153984e-03
1.179657e-03
1.179628e-03
1.154054e-03
1.113148e-03
1.067193e-03
1.026208e-03
9.980729e-04
9.842423e-04
9.826879e-04
9.861548e-04
9.909290e-04
9.964252e-04
1.002272e-03
1.007685e-03
1.012427e-03
1.015757e-03
1.018050e-03
1.019623e-03
1.020655e-03
1.021361e-03
1.022131e-03
1.022623e-03
1.022979e-03
1.023268e-03
1.023486e-03
1.023688e-03
1.023965e-03
1.024346e-03
1.024893e-03
1.025706e-03
1.026726e-03
1.027822e-03
1.029066e-03
1.030358e-03
1.031528e-03
1.032669e-03
1.033475e-03
1.033890e-03
1.033875e-03
1.033324e-03
1.032169e-03
1.030474e-03
1.027492e-03
1.022883e-03
1.016542e-03
1.009340e-03
1.002180e-03
9.956814e-04
9.911641e-04
9.936068e-04
1.008611e-03
1.042204e-03
1.091760e-03
1.148540e-03
1.200725e-03
1.233114e-03
1.233959e-03
1.206377e-03
1.159461e-03
1.109217e-03
1.075481e-03
1.056043e-03
1.045051e-03
1.037242e-03
1.031766e-03
1.028658e-03
1.027068e-03
1.025868e-03
1.025249e-03
1.025044e-03
1.024947e-03
1.024835e-03
1.024645e-03
1.024299e-03
1.023672e-03
1.022742e-03
1.021641e-03
1.020463e-03
1.019216e-03
1.017883e-03
1.016477e-03
1.015031e-03
1.013550e-03
1.012029e-03
1.010477e-03
1.009010e-03
1.007818e-03
1.007067e-03
1.006851e-03
1.007188e-03
1.007974e-03
1.008993e-03
1.009908e-03
1.010260e-03
1.010166e-03
1.010833e-03
1.012517e-03
1.018586e-03
1.037501e-03
1.067371e-03
1.098908e-03
1.128377e-03
1.149593e-03
1.172447e-03
1.167893e-03
1.147860e-03
1.114736e-03
1.082126e-03
1.047036e-03
1.017581e-03
9.978849e-04
9.896161e-04
9.871444e-04
9.875739e-04
9.909691e-04
9.952202e-04
9.995951e-04
1.003704e-03
1.007504e-03
1.010639e-03
1.012918e-03
1.015237e-03
1.017045e-03
1.018377e-03
1.019573e-03
1.020473e-03
1.021257e-03
1.022016e-03
1.022722e-03
1.023556e-03
1.024366e-03
1.025156e-03
1.025907e-03
1.026371e-03
1.026363e-03
1.026085e-03
1.025140e-03
1.023585e-03
1.020983e-03
1.017673e-03
1.013423e-03
1.008989e-03
1.004176e-03
9.991056e-04
9.952508e-04
9.952150e-04
1.003529e-03
1.021316e-03
1.051634e-03
1.096129e-03
1.137253e-03
1.174719e-03
1.221347e-03
1.220285e-03
1.197104e-03
1.171676e-03
1.153819e-03
1.117719e-03
1.091532e-03
1.074243e-03
1.063466e-03
1.054623e-03
1.046681e-03
1.039796e-03
1.034051e-03
1.029913e-03
1.027295e-03
1.025956e-03
1.024774e-03
1.024116e-03
1.023726e-03
1.023372e-03
1.023157e-03
1.022764e-03
1.022142e-03
1.021178e-03
1.020280e-03
1.019137e-03
1.017917e-03
1.016549e-03
1.015314e-03
1.014008e-03
1.012621e-03
1.011282e-03
1.010035e-03
1.008845e-03
1.007944e-03
1.007558e-03
1.007748e-03
1.008524e-03
1.009796e-03
1.011296e-03
1.012603e-03
1.013233e-03
1.012653e-03
1.010669e-03
1.008202e-03
1.007340e-03
1.011180e-03
1.019336e-03
1.033388e-03
1.052173e-03
1.074360e-03
1.094470e-03
1.111440e-03
1.132758e-03
1.146972e-03
1.149243e-03
1.143804e-03
1.128348e-03
1.102701e-03
1.073037e-03
1.045485e-03
1.022243e-03
1.006150e-03
9.949832e-04
9.884997e-04
9.862090e-04
9.869064e-04
9.890019e-04
9.919346e-04
9.950377e-04
9.980928e-04
1.000868e-03
1.003390e-03
1.005526e-03
1.007326e-03
1.008815e-03
1.009913e-03
1.010755e-03
1.011264e-03
1.011488e-03
1.011315e-03
1.010381e-03
1.008523e-03
1.006426e-03
1.003842e-03
1.001033e-03
9.982514e-04
9.963630e-04
9.966105e-04
1.000681e-03
1.009831e-03
1.025541e-03
1.048530e-03
1.078225e-03
1.111493e-03
1.143311e-03
1.167770e-03
1.182495e-03
1.179439e-03
1.166981e-03
1.147278e-03
1.127935e-03
1.109640e-03
1.088046e-03
1.073013e-03
1.065700e-03
1.061507e-03
1.058932e-03
1.055919e-03
1.051688e-03
1.046280e-03
1.040491e-03
1.035172e-03
1.030911e-03
1.027870e-03
1.026409e-03
1.024762e-03
1.023669e-03
1.022945e-03
1.022474e-03
1.022131e-03
1.021741e-03
1.021152e-03
1.020314e-03
1.019360e-03
1.018322e-03
1.017167e-03
1.015949e-03
1.014725e-03
1.013497e-03
1.012344e-03
1.011292e-03
1.010328e-03
1.009474e-03
1.008890e-03
1.008749e-03
1.009165e-03
1.010140e-03
1.011546e-03
1.013154e-03
1.014596e-03
1.015495e-03
1.015542e-03
1.014666e-03
1.013106e-03
1.011220e-03
1.010054e-03
1.009549e-03
1.012898e-03
1.020717e-03
1.033892e-03
1.057131e-03
1.074364e-03
1.083809e-03
1.099098e-03
1.124603e-03
1.136069e-03
1.127415e-03
1.132498e-03
1.140486e-03
1.137324e-03
1.121516e-03
1.105792e-03
1.087359e-03
1.067429e-03
1.048610e-03
1.032963e-03
1.019218e-03
1.007152e-03
9.989561e-04
9.928718e-04
9.885142e-04
9.860245e-04
9.845111e-04
9.838647e-04
9.838689e-04
9.841215e-04
9.846850e-04
9.854251e-04
9.866836e-04
9.879056e-04
9.897777e-04
9.923722e-04
9.967278e-04
1.003341e-03
1.013408e-03
1.026727e-03
1.044719e-03
1.067002e-03
1.092437e-03
1.117756e-03
1.139611e-03
1.156826e-03
1.165191e-03
1.164687e-03
1.158640e-03
1.149153e-03
1.138411e-03
1.124631e-03
1.109824e-03
1.093855e-03
1.077047e-03
1.064773e-03
1.056226e-03
1.053166e-03
1.054766e-03
1.056712e-03
1.057483e-03
1.056092e-03
1.052484e-03
1.047382e-03
1.041802e-03
1.036481e-03
1.032000e-03
1.028722e-03
1.027164e-03
1.025111e-03
1.023639e-03
1.022644e-03
1.022024e-03
1.021576e-03
1.021130e-03
1.020533e-03
1.019773e-03
1.018924e-03
1.017972e-03
1.016921e-03
1.015816e-03
1.014708e-03
1.013597e-03
1.012588e-03
1.011740e-03
1.011074e-03
1.010461e-03
1.010078e-03
1.010180e-03
1.010811e-03
1.011912e-03
1.013444e-03
1.015204e-03
1.016850e-03
1.018014e-03
1.018335e-03
1.017720e-03
1.016372e-03
1.014727e-03
1.013017e-03
1.011630e-03
1.011612e-03
1.012213e-03
1.018294e-03
1.025702e-03
1.034194e-03
1.047192e-03
1.056852e-03
1.069886e-03
1.079928e-03
1.089796e-03
1.093490e-03
1.097904e-03
1.098471e-03
1.099124e-03
1.107029e-03
1.111090e-03
1.113175e-03
1.104484e-03
1.113205e-03
1.110994e-03
1.105010e-03
1.097107e-03
1.087399e-03
1.077140e-03
1.066940e-03
1.057833e-03
1.050548e-03
1.045407e-03
1.042654e-03
1.042374e-03
1.044608e-03
1.049526e-03
1.057104e-03
1.066696e-03
1.077513e-03
1.090609e-03
1.104440e-03
1.118096e-03
1.130255e-03
1.140283e-03
1.147670e-03
1.152639e-03
1.153803e-03
1.151242e-03
1.146242e-03
1.139493e-03
1.131613e-03
1.121075e-03
1.107678e-03
1.093350e-03
1.080217e-03
1.068717e-03
1.059470e-03
1.053634e-03
1.049996e-03
1.049090e-03
1.050304e-03
1.052379e-03
1.054304e-03
1.054951e-03
1.053747e-03
1.050754e-03
1.046532e-03
1.041790e-03
1.037110e-03
1.032953e-03
1.029669e-03
1.028112e-03
1.025785e-03
1.024043e-03
1.022801e-03
1.021968e-03
1.021370e-03
1.020843e-03
1.020261e-03
1.019572e-03
1.018793e-03
1.017930e-03
1.016978e-03
1.015991e-03
1.015002e-03
1.014041e-03
1.013185e-03
1.012535e-03
1.012156e-03
1.011873e-03
1.011787e-03
1.012049e-03
1.012778e-03
1.013959e-03
1.015474e-03
1.017149e-03
1.018748e-03
1.020020e-03
1.020727e-03
1.020696e-03
1.019872e-03
1.018439e-03
1.016724e-03
1.015003e-03
1.013945e-03
1.014263e-03
1.017507e-03
1.023291e-03
1.027579e-03
1.030573e-03
1.037031e-03
1.047330e-03
1.054942e-03
1.054488e-03
1.060372e-03
1.069174e-03
1.073660e-03
1.071530e-03
1.074242e-03
1.084063e-03
1.096348e-03
1.106857e-03
1.118532e-03
1.124984e-03
1.129058e-03
1.133354e-03
1.134824e-03
1.134213e-03
1.132823e-03
1.130463e-03
1.128221e-03
1.126497e-03
1.125648e-03
1.125924e-03
1.127454e-03
1.130234e-03
1.134235e-03
1.138741e-03
1.143354e-03
1.148464e-03
1.153143e-03
1.157155e-03
1.159354e-03
1.160000e-03
1.158227e-03
1.154346e-03
1.147197e-03
1.136775e-03
1.125035e-03
1.113094e-03
1.102271e-03
1.091649e-03
1.081556e-03
1.072753e-03
1.064930e-03
1.058605e-03
1.054519e-03
1.052438e-03
1.051818e-03
1.052365e-03
1.053474e-03
1.054757e-03
1.055596e-03
1.055346e-03
1.053688e-03
1.050761e-03
1.046940e-03
1.042647e-03
1.038320e-03
1.034300e-03
1.030875e-03
1.029439e-03
1.026734e-03
1.024676e-03
1.023157e-03
1.022072e-03
1.021270e-03
1.020609e-03
1.019983e-03
1.019355e-03
1.018690e-03
1.017959e-03
1.017159e-03
1.016319e-03
1.015479e-03
1.014682e-03
1.013951e-03
1.013494e-03
1.013221e-03
1.013110e-03
1.013199e-03
1.013642e-03
1.014484e-03
1.015718e-03
1.017254e-03
1.018909e-03
1.020496e-03
1.021813e-03
1.022665e-03
1.022940e-03
1.022588e-03
1.021744e-03
1.020705e-03
1.019692e-03
1.019116e-03
1.019307e-03
1.020146e-03
1.021532e-03
1.023454e-03
1.025802e-03
1.028980e-03
1.031843e-03
1.034487e-03
1.036929e-03
1.041389e-03
1.043246e-03
1.045099e-03
1.047132e-03
1.057871e-03
1.069343e-03
1.083721e-03
1.097418e-03
1.110334e-03
1.123861e-03
1.134187e-03
1.143792e-03
1.151220e-03
1.156502e-03
1.159852e-03
1.161842e-03
1.163024e-03
1.163750e-03
1.164328e-03
1.165220e-03
1.166552e-03
1.168216e-03
1.170235e-03
1.171903e-03
1.172964e-03
1.173910e-03
1.173788e-03
1.172404e-03
1.168589e-03
1.162867e-03
1.154850e-03
1.144806e-03
1.133377e-03
1.120747e-03
1.108200e-03
1.097262e-03
1.088370e-03
1.080975e-03
1.074458e-03
1.068895e-03
1.063966e-03
1.059875e-03
1.057213e-03
1.056206e-03
1.056253e-03
1.056771e-03
1.057515e-03
1.058052e-03
1.057939e-03
1.056901e-03
1.054828e-03
1.051845e-03
1.048205e-03
1.044191e-03
1.040093e-03
1.036174e-03
1.032654e-03
1.031009e-03
1.028140e-03
1.025893e-03
1.024142e-03
1.022777e-03
1.021739e-03
1.020905e-03
1.020187e-03
1.019512e-03
1.018852e-03
1.018173e-03
1.017468e-03
1.016753e-03
1.016055e-03
1.015372e-03
1.014726e-03
1.014364e-03
1.014247e-03
1.014348e-03
1.014700e-03
1.015283e-03
1.016126e-03
1.017264e-03
1.018635e-03
1.020141e-03
1.021612e-03
1.022866e-03
1.023753e-03
1.024209e-03
1.024243e-03
1.023895e-03
1.023345e-03
1.022822e-03
1.022497e-03
1.022496e-03
1.022827e-03
1.023513e-03
1.024422e-03
1.025577e-03
1.027175e-03
1.029328e-03
1.031815e-03
1.034201e-03
1.036859e-03
1.039377e-03
1.041905e-03
1.045377e-03
1.051396e-03
1.061252e-03
1.073922e-03
1.087846e-03
1.102138e-03
1.115391e-03
1.128263e-03
1.140638e-03
1.151307e-03
1.160007e-03
1.167226e-03
1.172951e-03
1.177009e-03
1.179689e-03
1.181879e-03
1.183705e-03
1.184648e-03
1.184722e-03
1.184499e-03
1.183680e-03
1.181876e-03
1.179001e-03
1.175253e-03
1.170079e-03
1.163489e-03
1.155405e-03
1.145915e-03
1.135182e-03
1.124002e-03
1.112836e-03
1.102228e-03
1.092969e-03
1.085144e-03
1.078923e-03
1.074056e-03
1.070107e-03
1.066556e-03
1.063484e-03
1.061298e-03
1.060188e-03
1.059952e-03
1.060243e-03
1.060591e-03
1.060582e-03
1.059917e-03
1.058445e-03
1.056147e-03
1.053139e-03
1.049605e-03
1.045747e-03
1.041789e-03
1.037922e-03
1.034315e-03
1.032652e-03
1.029747e-03
1.027308e-03
1.025334e-03
1.023744e-03
1.022463e-03
1.021433e-03
1.020579e-03
1.019825e-03
1.019116e-03
1.018483e-03
1.017870e-03
1.017260e-03
1.016662e-03
1.016128e-03
1.015664e-03
1.015334e-03
1.015322e-03
1.015481e-03
1.015912e-03
1.016539e-03
1.017352e-03
1.018484e-03
1.019732e-03
1.021071e-03
1.022385e-03
1.023472e-03
1.024236e-03
1.024653e-03
1.024784e-03
1.024640e-03
1.024339e-03
1.024058e-03
1.023873e-03
1.023802e-03
1.023688e-03
1.024063e-03
1.024661e-03
1.025741e-03
1.027285e-03
1.029444e-03
1.032081e-03
1.034706e-03
1.037439e-03
1.040387e-03
1.043877e-03
1.048636e-03
1.055242e-03
1.064134e-03
1.074723e-03
1.086378e-03
1.098306e-03
1.110310e-03
1.122273e-03
1.133862e-03
1.144288e-03
1.153409e-03
1.161362e-03
1.167970e-03
1.173035e-03
1.176788e-03
1.179669e-03
1.181707e-03
1.182445e-03
1.182098e-03
1.181078e-03
1.179376e-03
1.176700e-03
1.173082e-03
1.168598e-03
1.162241e-03
1.156242e-03
1.148504e-03
1.139938e-03
1.130681e-03
1.121125e-03
1.111766e-03
1.102808e-03
1.094444e-03
1.087110e-03
1.081322e-03
1.076643e-03
1.072829e-03
1.069693e-03
1.067125e-03
1.065137e-03
1.063881e-03
1.063194e-03
1.062793e-03
1.062422e-03
1.061802e-03
1.060742e-03
1.059053e-03
1.056724e-03
1.053860e-03
1.050574e-03
1.046980e-03
1.043226e-03
1.039489e-03
1.035932e-03
1.034249e-03
1.031344e-03
1.028843e-03
1.026677e-03
1.024861e-03
1.023363e-03
1.022141e-03
1.021162e-03
1.020335e-03
1.019579e-03
1.018934e-03
1.018320e-03
1.017745e-03
1.017265e-03
1.016901e-03
1.016592e-03
1.016409e-03
1.016436e-03
1.016720e-03
1.017177e-03
1.017791e-03
1.018624e-03
1.019637e-03
1.020811e-03
1.022042e-03
1.023244e-03
1.024252e-03
1.024893e-03
1.025169e-03
1.025235e-03
1.025110e-03
1.024907e-03
1.024668e-03
1.024468e-03
1.024391e-03
1.024532e-03
1.024999e-03
1.025892e-03
1.027185e-03
1.028740e-03
1.030899e-03
1.033597e-03
1.036295e-03
1.039103e-03
1.042572e-03
1.046832e-03
1.052037e-03
1.058506e-03
1.066756e-03
1.076403e-03
1.086853e-03
1.097603e-03
1.108507e-03
1.119422e-03
1.129982e-03
1.139568e-03
1.148072e-03
1.155577e-03
1.162007e-03
1.167006e-03
1.170777e-03
1.173687e-03
1.175728e-03
1.176509e-03
1.176254e-03
1.175113e-03
1.173494e-03
1.171169e-03
1.167636e-03
1.163268e-03
1.157879e-03
1.151656e-03
1.144527e-03
1.136785e-03
1.128717e-03
1.120598e-03
1.112696e-03
1.105141e-03
1.097952e-03
1.091369e-03
1.085602e-03
1.080873e-03
1.077118e-03
1.074022e-03
1.071553e-03
1.069451e-03
1.067710e-03
1.066242e-03
1.065042e-03
1.063840e-03
1.062571e-03
1.061029e-03
1.059154e-03
1.056800e-03
1.054077e-03
1.051033e-03
1.047719e-03
1.044295e-03
1.040812e-03
1.037428e-03
1.035931e-03
1.033021e-03
1.030376e-03
1.028049e-03
1.026022e-03
1.024309e-03
1.022937e-03
1.021857e-03
1.020935e-03
1.020129e-03
1.019449e-03
1.018850e-03
1.018317e-03
1.017886e-03
1.017612e-03
1.017461e-03
1.017464e-03
1.017671e-03
1.018061e-03
1.018542e-03
1.019165e-03
1.019966e-03
1.020905e-03
1.021974e-03
1.023132e-03
1.024290e-03
1.025281e-03
1.025963e-03
1.026301e-03
1.026382e-03
1.026278e-03
1.026102e-03
1.025956e-03
1.025941e-03
1.026031e-03
1.026290e-03
1.026863e-03
1.027891e-03
1.029307e-03
1.030989e-03
1.033008e-03
1.035414e-03
1.038088e-03
1.041004e-03
1.044557e-03
1.049100e-03
1.054731e-03
1.061519e-03
1.069551e-03
1.078525e-03
1.088173e-03
1.098207e-03
1.108271e-03
1.118104e-03
1.127547e-03
1.136352e-03
1.144226e-03
1.151091e-03
1.156904e-03
1.161804e-03
1.165690e-03
1.168494e-03
1.170311e-03
1.171286e-03
1.171249e-03
1.170343e-03
1.168726e-03
1.166478e-03
1.163394e-03
1.159369e-03
1.154325e-03
1.148382e-03
1.141658e-03
1.134430e-03
1.126937e-03
1.119614e-03
1.112714e-03
1.106161e-03
1.100029e-03
1.094383e-03
1.089350e-03
1.084991e-03
1.081305e-03
1.078223e-03
1.075580e-03
1.073161e-03
1.070948e-03
1.068906e-03
1.066982e-03
1.065190e-03
1.063401e-03
1.061502e-03
1.059384e-03
1.057021e-03
1.054433e-03
1.051643e-03
1.048651e-03
1.045479e-03
1.042206e-03
1.038999e-03
1.037377e-03
1.034440e-03
1.031739e-03
1.029308e-03
1.027154e-03
1.025342e-03
1.023850e-03
1.022646e-03
1.021637e-03
1.020773e-03
1.020036e-03
1.019419e-03
1.018925e-03
1.018595e-03
1.018413e-03
1.018383e-03
1.018555e-03
1.018885e-03
1.019376e-03
1.019962e-03
1.020637e-03
1.021420e-03
1.022306e-03
1.023299e-03
1.024370e-03
1.025464e-03
1.026458e-03
1.027198e-03
1.027669e-03
1.027916e-03
1.027936e-03
1.027872e-03
1.027825e-03
1.027887e-03
1.028116e-03
1.028588e-03
1.029349e-03
1.030461e-03
1.031917e-03
1.033636e-03
1.035681e-03
1.038200e-03
1.041183e-03
1.044596e-03
1.048594e-03
1.053452e-03
1.059310e-03
1.066092e-03
1.073693e-03
1.081984e-03
1.090723e-03
1.099661e-03
1.108602e-03
1.117456e-03
1.126065e-03
1.134075e-03
1.141200e-03
1.147405e-03
1.152812e-03
1.157414e-03
1.160988e-03
1.163669e-03
1.165550e-03
1.166579e-03
1.166647e-03
1.165953e-03
1.164535e-03
1.162403e-03
1.159453e-03
1.155714e-03
1.151128e-03
1.145784e-03
1.139573e-03
1.132790e-03
1.125775e-03
1.118890e-03
1.112244e-03
1.106028e-03
1.100457e-03
1.095450e-03
1.090936e-03
1.086918e-03
1.083422e-03
1.080294e-03
1.077509e-03
1.074937e-03
1.072567e-03
1.070365e-03
1.068309e-03
1.066329e-03
1.064341e-03
1.062276e-03
1.060083e-03
1.057739e-03
1.055244e-03
1.052594e-03
1.049756e-03
1.046746e-03
1.043618e-03
1.040463e-03
1.038661e-03
1.035696e-03
1.032953e-03
1.030467e-03
1.028246e-03
1.026337e-03
1.024770e-03
1.023452e-03
1.022322e-03
1.021400e-03
1.020648e-03
1.020084e-03
1.019691e-03
1.019451e-03
1.019357e-03
1.019438e-03
1.019715e-03
1.020192e-03
1.020805e-03
1.021486e-03
1.022205e-03
1.022940e-03
1.023735e-03
1.024596e-03
1.025539e-03
1.026518e-03
1.027451e-03
1.028231e-03
1.028803e-03
1.029171e-03
1.029367e-03
1.029478e-03
1.029621e-03
1.029872e-03
1.030264e-03
1.030876e-03
1.031807e-03
1.033072e-03
1.034699e-03
1.036711e-03
1.039151e-03
1.042074e-03
1.045580e-03
1.049642e-03
1.054248e-03
1.059427e-03
1.065227e-03
1.071571e-03
1.078411e-03
1.085670e-03
1.093288e-03
1.101173e-03
1.109200e-03
1.117147e-03
1.124817e-03
1.131916e-03
1.138295e-03
1.143854e-03
1.148718e-03
1.153067e-03
1.156378e-03
1.158910e-03
1.160717e-03
1.161854e-03
1.161939e-03
1.161321e-03
1.160058e-03
1.158313e-03
1.155604e-03
1.152237e-03
1.148143e-03
1.143474e-03
1.137953e-03
1.131877e-03
1.125536e-03
1.119097e-03
1.112705e-03
1.106660e-03
1.101195e-03
1.096195e-03
1.091700e-03
1.087697e-03
1.084123e-03
1.080848e-03
1.077958e-03
1.075349e-03
1.073052e-03
1.070931e-03
1.068950e-03
1.067032e-03
1.065085e-03
1.063055e-03
1.060928e-03
1.058670e-03
1.056348e-03
1.053705e-03
1.050929e-03
1.047961e-03
1.044873e-03
1.041737e-03
1.039610e-03
1.036731e-03
1.034103e-03
1.031612e-03
1.029384e-03
1.027424e-03
1.025725e-03
1.024248e-03
1.023031e-03
1.022075e-03
1.021318e-03
1.020797e-03
1.020522e-03
1.020452e-03
1.020497e-03
1.020670e-03
1.021060e-03
1.021603e-03
1.022274e-03
1.023070e-03
1.023808e-03
1.024521e-03
1.025254e-03
1.025956e-03
1.026682e-03
1.027463e-03
1.028235e-03
1.028944e-03
1.029577e-03
1.030111e-03
1.030532e-03
1.030922e-03
1.031392e-03
1.031986e-03
1.032724e-03
1.033684e-03
1.034968e-03
1.036651e-03
1.038698e-03
1.041068e-03
1.043831e-03
1.047131e-03
1.051011e-03
1.055306e-03
1.059828e-03
1.064701e-03
1.070125e-03
1.075957e-03
1.081900e-03
1.088229e-03
1.095032e-03
1.102237e-03
1.109463e-03
1.116622e-03
1.123492e-03
1.129853e-03
1.135558e-03
1.140530e-03
1.144895e-03
1.148694e-03
1.151791e-03
1.154214e-03
1.155979e-03
1.157017e-03
1.157226e-03
1.156735e-03
1.155624e-03
1.153870e-03
1.151464e-03
1.148485e-03
1.144934e-03
1.140823e-03
1.136155e-03
1.130985e-03
1.125416e-03
1.119626e-03
1.113777e-03
1.108135e-03
1.102780e-03
1.097806e-03
1.093245e-03
1.089064e-03
1.085233e-03
1.081768e-03
1.078645e-03
1.075900e-03
1.073505e-03
1.071324e-03
1.069314e-03
1.067354e-03
1.065409e-03
1.063460e-03
1.061425e-03
1.059232e-03
1.056899e-03
1.054381e-03
1.051642e-03
1.048697e-03
1.045653e-03
1.042598e-03
1.040559e-03
1.037841e-03
1.035245e-03
1.032813e-03
1.030556e-03
1.028478e-03
1.026640e-03
1.025090e-03
1.023806e-03
1.022768e-03
1.022047e-03
1.021672e-03
1.021556e-03
1.021588e-03
1.021771e-03
1.022064e-03
1.022533e-03
1.023166e-03
1.023936e-03
1.024730e-03
1.025455e-03
1.026122e-03
1.026723e-03
1.027256e-03
1.027732e-03
1.028297e-03
1.028919e-03
1.029505e-03
1.030093e-03
1.030768e-03
1.031428e-03
1.032099e-03
1.032913e-03
1.033893e-03
1.034994e-03
1.036316e-03
1.037969e-03
1.039944e-03
1.042306e-03
1.044981e-03
1.047986e-03
1.051321e-03
1.055087e-03
1.059232e-03
1.063534e-03
1.067925e-03
1.072851e-03
1.078306e-03
1.083693e-03
1.089726e-03
1.096022e-03
1.102658e-03
1.109244e-03
1.115700e-03
1.121750e-03
1.127222e-03
1.132152e-03
1.136565e-03
1.140554e-03
1.144000e-03
1.146942e-03
1.149249e-03
1.150918e-03
1.151894e-03
1.152162e-03
1.151717e-03
1.150688e-03
1.149022e-03
1.146870e-03
1.144191e-03
1.141052e-03
1.137463e-03
1.133491e-03
1.129122e-03
1.124453e-03
1.119510e-03
1.114366e-03
1.109350e-03
1.104439e-03
1.099724e-03
1.095211e-03
1.090974e-03
1.087025e-03
1.083400e-03
1.080070e-03
1.077068e-03
1.074389e-03
1.071967e-03
1.069729e-03
1.067622e-03
1.065579e-03
1.063552e-03
1.061532e-03
1.059398e-03
1.057090e-03
1.054615e-03
1.051972e-03
1.049153e-03
1.046241e-03
1.043361e-03
1.041592e-03
1.039022e-03
1.036487e-03
1.034058e-03
1.031759e-03
1.029599e-03
1.027646e-03
1.025991e-03
1.024651e-03
1.023638e-03
1.022972e-03
1.022628e-03
1.022552e-03
1.022701e-03
1.023027e-03
1.023488e-03
1.024068e-03
1.024741e-03
1.025521e-03
1.026294e-03
1.027019e-03
1.027708e-03
1.028248e-03
1.028588e-03
1.028851e-03
1.029199e-03
1.029625e-03
1.030127e-03
1.030731e-03
1.031491e-03
1.032396e-03
1.033404e-03
1.034550e-03
1.035880e-03
1.037378e-03
1.039021e-03
1.040919e-03
1.043131e-03
1.045629e-03
1.048309e-03
1.051243e-03
1.054538e-03
1.058105e-03
1.061798e-03
1.065727e-03
1.069989e-03
1.074628e-03
1.079721e-03
1.085102e-03
1.090719e-03
1.096576e-03
1.102647e-03
1.108563e-03
1.114145e-03
1.119293e-03
1.124041e-03
1.128354e-03
1.132232e-03
1.135787e-03
1.138974e-03
1.141688e-03
1.143916e-03
1.145553e-03
1.146510e-03
1.146734e-03
1.146331e-03
1.145322e-03
1.143752e-03
1.141678e-03
1.139207e-03
1.136388e-03
1.133226e-03
1.129790e-03
1.126106e-03
1.122166e-03
1.117954e-03
1.113685e-03
1.109388e-03
1.105051e-03
1.100818e-03
1.096597e-03
1.092487e-03
1.088614e-03
1.085029e-03
1.081557e-03
1.078371e-03
1.075373e-03
1.072670e-03
1.070155e-03
1.067866e-03
1.065740e-03
1.063648e-03
1.061610e-03
1.059390e-03
1.057103e-03
1.054696e-03
1.052216e-03
1.049526e-03
1.046840e-03
1.044192e-03
1.042780e-03
1.040306e-03
1.037831e-03
1.035364e-03
1.032962e-03
1.030686e-03
1.028658e-03
1.026962e-03
1.025599e-03
1.024584e-03
1.023950e-03
1.023680e-03
1.023688e-03
1.023915e-03
1.024354e-03
1.024862e-03
1.025508e-03
1.026232e-03
1.027000e-03
1.027760e-03
1.028454e-03
1.029054e-03
1.029533e-03
1.029778e-03
1.029952e-03
1.030174e-03
1.030501e-03
1.030978e-03
1.031598e-03
1.032444e-03
1.033476e-03
1.034697e-03
1.036116e-03
1.037720e-03
1.039470e-03
1.041353e-03
1.043437e-03
1.045746e-03
1.048341e-03
1.050989e-03
1.053936e-03
1.057119e-03
1.060541e-03
1.064168e-03
1.068016e-03
1.072168e-03
1.076690e-03
1.081508e-03
1.086549e-03
1.091712e-03
1.096937e-03
1.102094e-03
1.107039e-03
1.111683e-03
1.115992e-03
1.119976e-03
1.123673e-03
1.127148e-03
1.130407e-03
1.133436e-03
1.136047e-03
1.138136e-03
1.139677e-03
1.140633e-03
1.140955e-03
1.140623e-03
1.139740e-03
1.138363e-03
1.136505e-03
1.134219e-03
1.131602e-03
1.128727e-03
1.125641e-03
1.122374e-03
1.118948e-03
1.115387e-03
1.111773e-03
1.108119e-03
1.104443e-03
1.100733e-03
1.096997e-03
1.093308e-03
1.089680e-03
1.086123e-03
1.082694e-03
1.079462e-03
1.076398e-03
1.073538e-03
1.070909e-03
1.068500e-03
1.066202e-03
1.063942e-03
1.061752e-03
1.059536e-03
1.057209e-03
1.054824e-03
1.052429e-03
1.050019e-03
1.047603e-03
1.045197e-03
1.043981e-03
1.041601e-03
1.039133e-03
1.036645e-03
1.034203e-03
1.031945e-03
1.029904e-03
1.028139e-03
1.026779e-03
1.025817e-03
1.025184e-03
1.024841e-03
1.024880e-03
1.025129e-03
1.025586e-03
1.026095e-03
1.026827e-03
1.027561e-03
1.028312e-03
1.028945e-03
1.029618e-03
1.030280e-03
1.030707e-03
1.030883e-03
1.031052e-03
1.031232e-03
1.031528e-03
1.031997e-03
1.032685e-03
1.033610e-03
1.034772e-03
1.036160e-03
1.037699e-03
1.039377e-03
1.041531e-03
1.043740e-03
1.046027e-03
1.048504e-03
1.051139e-03
1.053901e-03
1.056721e-03
1.059722e-03
1.063114e-03
1.066743e-03
1.070403e-03
1.074167e-03
1.078398e-03
1.082862e-03
1.087389e-03
1.091911e-03
1.096094e-03
1.100317e-03
1.104489e-03
1.108300e-03
1.111960e-03
1.115347e-03
1.118785e-03
1.122175e-03
1.125238e-03
1.127940e-03
1.130674e-03
1.132810e-03
1.134021e-03
1.135028e-03
1.135529e-03
1.135162e-03
1.134405e-03
1.133190e-03
1.131506e-03
1.129424e-03
1.127040e-03
1.124418e-03
1.121609e-03
1.118674e-03
1.115628e-03
1.112507e-03
1.109392e-03
1.106298e-03
1.103178e-03
1.099987e-03
1.096746e-03
1.093489e-03
1.090224e-03
1.086944e-03
1.083711e-03
1.080582e-03
1.077551e-03
1.074667e-03
1.071942e-03
1.069393e-03
1.066938e-03
1.064559e-03
1.062177e-03
1.059791e-03
1.057428e-03
1.055119e-03
1.052856e-03
1.050639e-03
1.048448e-03
1.046247e-03
1.045073e-03
1.042789e-03
1.040401e-03
1.037986e-03
1.035618e-03
1.033359e-03
1.031319e-03
1.029588e-03
1.028221e-03
1.027222e-03
1.026551e-03
1.026200e-03
1.026139e-03
1.026318e-03
1.026654e-03
1.027129e-03
1.027700e-03
1.028341e-03
1.028999e-03
1.029658e-03
1.030271e-03
1.030839e-03
1.031326e-03
1.031706e-03
1.031992e-03
1.032297e-03
1.032712e-03
1.033257e-03
1.033999e-03
1.034965e-03
1.036148e-03
1.037555e-03
1.039227e-03
1.041086e-03
1.043151e-03
1.045451e-03
1.047867e-03
1.050344e-03
1.052964e-03
1.055792e-03
1.058684e-03
1.061600e-03
1.064830e-03
1.068366e-03
1.071841e-03
1.075371e-03
1.079150e-03
1.083006e-03
1.086667e-03
1.090288e-03
1.093952e-03
1.097425e-03
1.100691e-03
1.104119e-03
1.107471e-03
1.110588e-03
1.113844e-03
1.117220e-03
1.120257e-03
1.122905e-03
1.125348e-03
1.127195e-03
1.128652e-03
1.129635e-03
1.130141e-03
1.130079e-03
1.129498e-03
1.128474e-03
1.127044e-03
1.125228e-03
1.123064e-03
1.120658e-03
1.118096e-03
1.115410e-03
1.112637e-03
1.109862e-03
1.107122e-03
1.104406e-03
1.101706e-03
1.098999e-03
1.096243e-03
1.093433e-03
1.090571e-03
1.087669e-03
1.084719e-03
1.081756e-03
1.078807e-03
1.075932e-03
1.073111e-03
1.070307e-03
1.067660e-03
1.065098e-03
1.062560e-03
1.060109e-03
1.057728e-03
1.055458e-03
1.053340e-03
1.051281e-03
1.049261e-03
1.047216e-03
1.045940e-03
1.043757e-03
1.041523e-03
1.039257e-03
1.037006e-03
1.034873e-03
1.032905e-03
1.031199e-03
1.029796e-03
1.028771e-03
1.028030e-03
1.027581e-03
1.027434e-03
1.027527e-03
1.027745e-03
1.028049e-03
1.028537e-03
1.029023e-03
1.029575e-03
1.030146e-03
1.030738e-03
1.031345e-03
1.031881e-03
1.032409e-03
1.032909e-03
1.033435e-03
1.034012e-03
1.034712e-03
1.035537e-03
1.036587e-03
1.037803e-03
1.039173e-03
1.040781e-03
1.042563e-03
1.044542e-03
1.046804e-03
1.049198e-03
1.051635e-03
1.054108e-03
1.056735e-03
1.059448e-03
1.062117e-03
1.064981e-03
1.068108e-03
1.071284e-03
1.074408e-03
1.077742e-03
1.081061e-03
1.084204e-03
1.087397e-03
1.090605e-03
1.093602e-03
1.096622e-03
1.099829e-03
1.103330e-03
1.106616e-03
1.109704e-03
1.112896e-03
1.116032e-03
1.118745e-03
1.120940e-03
1.122727e-03
1.124174e-03
1.125053e-03
1.125517e-03
1.125527e-03
1.125074e-03
1.124227e-03
1.123008e-03
1.121452e-03
1.119600e-03
1.117400e-03
1.115121e-03
1.112747e-03
1.110267e-03
1.107748e-03
1.105301e-03
1.102884e-03
1.100500e-03
1.098123e-03
1.095719e-03
1.093322e-03
1.090747e-03
1.088159e-03
1.085401e-03
1.082532e-03
1.079788e-03
1.076866e-03
1.073850e-03
1.070874e-03
1.068079e-03
1.065516e-03
1.062829e-03
1.060303e-03
1.057984e-03
1.055876e-03
1.053858e-03
1.051856e-03
1.049935e-03
1.047985e-03
1.046570e-03
1.044586e-03
1.042546e-03
1.040489e-03
1.038483e-03
1.036536e-03
1.034621e-03
1.033039e-03
1.031624e-03
1.030536e-03
1.029722e-03
1.029135e-03
1.028816e-03
1.028685e-03
1.028690e-03
1.028805e-03
1.029069e-03
1.029416e-03
1.029843e-03
1.030328e-03
1.030884e-03
1.031500e-03
1.032218e-03
1.032981e-03
1.033754e-03
1.034562e-03
1.035417e-03
1.036352e-03
1.037250e-03
1.038328e-03
1.039563e-03
1.040925e-03
1.042316e-03
1.043977e-03
1.045837e-03
1.047892e-03
1.049978e-03
1.052161e-03
1.054397e-03
1.056695e-03
1.059084e-03
1.061549e-03
1.064120e-03
1.066840e-03
1.069704e-03
1.072617e-03
1.075519e-03
1.078358e-03
1.081238e-03
1.084176e-03
1.087141e-03
1.090108e-03
1.093217e-03
1.096550e-03
1.100050e-03
1.103454e-03
1.106765e-03
1.110029e-03
1.112953e-03
1.115412e-03
1.117452e-03
1.119092e-03
1.120347e-03
1.121207e-03
1.121673e-03
1.121752e-03
1.121431e-03
1.120732e-03
1.119670e-03
1.118243e-03
1.116536e-03
1.114613e-03
1.112513e-03
1.110304e-03
1.108043e-03
1.105771e-03
1.103530e-03
1.101308e-03
1.099126e-03
1.096956e-03
1.094846e-03
1.092629e-03
1.090400e-03
1.088059e-03
1.085596e-03
1.082993e-03
1.080243e-03
1.077363e-03
1.074393e-03
1.071422e-03
1.068585e-03
1.065858e-03
1.063274e-03
1.060829e-03
1.058521e-03
1.056366e-03
1.054332e-03
1.052322e-03
1.050356e-03
1.048464e-03
1.046912e-03
1.045067e-03
1.043267e-03
1.041462e-03
1.039668e-03
1.037952e-03
1.036341e-03
1.034811e-03
1.033460e-03
1.032359e-03
1.031449e-03
1.030755e-03
1.030303e-03
1.030028e-03
1.029810e-03
1.029736e-03
1.029837e-03
1.030012e-03
1.030300e-03
1.030702e-03
1.031259e-03
1.031958e-03
1.032774e-03
1.033660e-03
1.034671e-03
1.035778e-03
1.036918e-03
1.038007e-03
1.039072e-03
1.040240e-03
1.041476e-03
1.042736e-03
1.044062e-03
1.045513e-03
1.047104e-03
1.048895e-03
1.050752e-03
1.052607e-03
1.054443e-03
1.056429e-03
1.058502e-03
1.060627e-03
1.062825e-03
1.065185e-03
1.067704e-03
1.070332e-03
1.073007e-03
1.075700e-03
1.078540e-03
1.081549e-03
1.084547e-03
1.087587e-03
1.090932e-03
1.094435e-03
1.098040e-03
1.101504e-03
1.104805e-03
1.107875e-03
1.110708e-03
1.113087e-03
1.115051e-03
1.116601e-03
1.117724e-03
1.118437e-03
1.118814e-03
1.118860e-03
1.118580e-03
1.117975e-03
1.117010e-03
1.115718e-03
1.114146e-03
1.112344e-03
1.110401e-03
1.108362e-03
1.106249e-03
1.104097e-03
1.101966e-03
1.099843e-03
1.097720e-03
1.095625e-03
1.093599e-03
1.091575e-03
1.089505e-03
1.087350e-03
1.085082e-03
1.082681e-03
1.080131e-03
1.077382e-03
1.074561e-03
1.071786e-03
1.069020e-03
1.066342e-03
1.063799e-03
1.061388e-03
1.059079e-03
1.056879e-03
1.054764e-03
1.052698e-03
1.050696e-03
1.048788e-03
1.047186e-03
1.045476e-03
1.043874e-03
1.042304e-03
1.040779e-03
1.039295e-03
1.037870e-03
1.036538e-03
1.035286e-03
1.034143e-03
1.033127e-03
1.032304e-03
1.031671e-03
1.031169e-03
1.030757e-03
1.030539e-03
1.030487e-03
1.030586e-03
1.030791e-03
1.031094e-03
1.031644e-03
1.032427e-03
1.033363e-03
1.034413e-03
1.035646e-03
1.036974e-03
1.038342e-03
1.039669e-03
1.040895e-03
1.042117e-03
1.043411e-03
1.044713e-03
1.045941e-03
1.047246e-03
1.048621e-03
1.050079e-03
1.051557e-03
1.053068e-03
1.054636e-03
1.056227e-03
1.057970e-03
1.059928e-03
1.061982e-03
1.064076e-03
1.066463e-03
1.069115e-03
1.071730e-03
1.074277e-03
1.077160e-03
1.080346e-03
1.083564e-03
1.086745e-03
1.090177e-03
1.093869e-03
1.097389e-03
1.100734e-03
1.103947e-03
1.106940e-03
1.109550e-03
1.111806e-03
1.113652e-03
1.114928e-03
1.115863e-03
1.116606e-03
1.116875e-03
1.116869e-03
1.116566e-03
1.115953e-03
1.115052e-03
1.113805e-03
1.112295e-03
1.110606e-03
1.108689e-03
1.106681e-03
1.104641e-03
1.102652e-03
1.100580e-03
1.098482e-03
1.096291e-03
1.094184e-03
1.092218e-03
1.090152e-03
1.088184e-03
1.086181e-03
1.084239e-03
1.082008e-03
1.079741e-03
1.077332e-03
1.074703e-03
1.072007e-03
1.069592e-03
1.067066e-03
1.064449e-03
1.061957e-03
1.059603e-03
1.057407e-03
1.055140e-03
1.052996e-03
1.050964e-03
1.048976e-03
1.047391e-03
1.045812e-03
1.044320e-03
1.042839e-03
1.041553e-03
1.040348e-03
1.039161e-03
1.037961e-03
1.036748e-03
1.035699e-03
1.034710e-03
1.033793e-03
1.033032e-03
1.032426e-03
1.031872e-03
1.031403e-03
1.031122e-03
1.031081e-03
1.031209e-03
1.031534e-03
1.032132e-03
1.032983e-03
1.034046e-03
1.035296e-03
1.036700e-03
1.038207e-03
1.039757e-03
1.041271e-03
1.042689e-03
1.044043e-03
1.045391e-03
1.046698e-03
1.047928e-03
1.049136e-03
1.050342e-03
1.051553e-03
1.052736e-03
1.053938e-03
1.055227e-03
1.056647e-03
1.058191e-03
1.059930e-03
1.061897e-03
1.064056e-03
1.066375e-03
1.068861e-03
1.071552e-03
1.074405e-03
1.077389e-03
1.080524e-03
1.083798e-03
1.087201e-03
1.090673e-03
1.094109e-03
1.097438e-03
1.100633e-03
1.103625e-03
1.106299e-03
1.108628e-03
1.110680e-03
1.112400e-03
1.113674e-03
1.114533e-03
1.115102e-03
1.115390e-03
1.115356e-03
1.115034e-03
1.114433e-03
1.113524e-03
1.112352e-03
1.110971e-03
1.109359e-03
1.107548e-03
1.105629e-03
1.103626e-03
1.101570e-03
1.099473e-03
1.097315e-03
1.095100e-03
1.092911e-03
1.090801e-03
1.088822e-03
1.086953e-03
1.085131e-03
1.083307e-03
1.081435e-03
1.079478e-03
1.077320e-03
1.075042e-03
1.072734e-03
1.070360e-03
1.067909e-03
1.065418e-03
1.062953e-03
1.060495e-03
1.058053e-03
1.055677e-03
1.053348e-03
1.051124e-03
1.049133e-03
1.047576e-03
1.045911e-03
1.044505e-03
1.043251e-03
1.042106e-03
1.041077e-03
1.040106e-03
1.039092e-03
1.038032e-03
1.037015e-03
1.035994e-03
1.035030e-03
1.034164e-03
1.033426e-03
1.032709e-03
1.032109e-03
1.031804e-03
1.031759e-03
1.031817e-03
1.032033e-03
1.032729e-03
1.033703e-03
1.034800e-03
1.036112e-03
1.037642e-03
1.039247e-03
1.040975e-03
1.042665e-03
1.044258e-03
1.045781e-03
1.047365e-03
1.048839e-03
1.050137e-03
1.051345e-03
1.052501e-03
1.053637e-03
1.054730e-03
1.055820e-03
1.056980e-03
1.058301e-03
1.059894e-03
1.061647e-03
1.063605e-03
1.065576e-03
1.068018e-03
1.070596e-03
1.073372e-03
1.076216e-03
1.079247e-03
1.082500e-03
1.085714e-03
1.088938e-03
1.092049e-03
1.095158e-03
1.098058e-03
1.100932e-03
1.103500e-03
1.105934e-03
1.108010e-03
1.109884e-03
1.111443e-03
1.112701e-03
1.113506e-03
1.113980e-03
1.114202e-03
1.114140e-03
1.113801e-03
1.113176e-03
1.112273e-03
1.111107e-03
1.109787e-03
1.108447e-03
1.106772e-03
1.104986e-03
1.103053e-03
1.101036e-03
1.098972e-03
1.096781e-03
1.094463e-03
1.092148e-03
1.089958e-03
1.087928e-03
1.086046e-03
1.084260e-03
1.082581e-03
1.080925e-03
1.079244e-03
1.077444e-03
1.075477e-03
1.073373e-03
1.071200e-03
1.068911e-03
1.066455e-03
1.063901e-03
1.061307e-03
1.058743e-03
1.056233e-03
1.053786e-03
1.051484e-03
1.049426e-03
1.047870e-03
1.046172e-03
1.044736e-03
1.043499e-03
1.042460e-03
1.041577e-03
1.040718e-03
1.039796e-03
1.038881e-03
1.037973e-03
1.036988e-03
1.035993e-03
1.035073e-03
1.034260e-03
1.033448e-03
1.032720e-03
1.032294e-03
1.032166e-03
1.032183e-03
1.032430e-03
1.033129e-03
1.034132e-03
1.035333e-03
1.036770e-03
1.038389e-03
1.040082e-03
1.041930e-03
1.043805e-03
1.045553e-03
1.047245e-03
1.048989e-03
1.050618e-03
1.052141e-03
1.053564e-03
1.054849e-03
1.056037e-03
1.057184e-03
1.058377e-03
1.059662e-03
1.061046e-03
1.062578e-03
1.064328e-03
1.066283e-03
1.068403e-03
1.070764e-03
1.073282e-03
1.075975e-03
1.078815e-03
1.081739e-03
1.084709e-03
1.087642e-03
1.090550e-03
1.093444e-03
1.096201e-03
1.098732e-03
1.101163e-03
1.103477e-03
1.105540e-03
1.107315e-03
1.108962e-03
1.110381e-03
1.111431e-03
1.112160e-03
1.112674e-03
1.112924e-03
1.112829e-03
1.112472e-03
1.111921e-03
1.111154e-03
1.110175e-03
1.109014e-03
1.107692e-03
1.106183e-03
1.104556e-03
1.102801e-03
1.100915e-03
1.098898e-03
1.096727e-03
1.094396e-03
1.092033e-03
1.089775e-03
1.087668e-03
1.085685e-03
1.083849e-03
1.082193e-03
1.080617e-03
1.079078e-03
1.077462e-03
1.075708e-03
1.073823e-03
1.071811e-03
1.069641e-03
1.067282e-03
1.064799e-03
1.062226e-03
1.059600e-03
1.056965e-03
1.054402e-03
1.051980e-03
1.049798e-03
1.048305e-03
1.046596e-03
1.045089e-03
1.043718e-03
1.042689e-03
1.041854e-03
1.041005e-03
1.040048e-03
1.039245e-03
1.038496e-03
1.037598e-03
1.036557e-03
1.035691e-03
1.034991e-03
1.034200e-03
1.033357e-03
1.032941e-03
1.032872e-03
1.032883e-03
1.033065e-03
1.033880e-03
1.034838e-03
1.036007e-03
1.037415e-03
1.039108e-03
1.040675e-03
1.042536e-03
1.044627e-03
1.046449e-03
1.048327e-03
1.050181e-03
1.052119e-03
1.053767e-03
1.055293e-03
1.056694e-03
1.058086e-03
1.059449e-03
1.060829e-03
1.062299e-03
1.063934e-03
1.065658e-03
1.067496e-03
1.069497e-03
1.071616e-03
1.073854e-03
1.076267e-03
1.078863e-03
1.081595e-03
1.084333e-03
1.086915e-03
1.089632e-03
1.092591e-03
1.095035e-03
1.097334e-03
1.099577e-03
1.101989e-03
1.103809e-03
1.105530e-03
1.107148e-03
1.108737e-03
1.109951e-03
1.110811e-03
1.111521e-03
1.111990e-03
1.112116e-03
1.111970e-03
1.111657e-03
1.111154e-03
1.110414e-03
1.109471e-03
1.108398e-03
1.107248e-03
1.105885e-03
1.104359e-03
1.102809e-03
1.100999e-03
1.098978e-03
1.096876e-03
1.094608e-03
1.092259e-03
1.089907e-03
1.087641e-03
1.085597e-03
1.083736e-03
1.082033e-03
1.080506e-03
1.079077e-03
1.077651e-03
1.076094e-03
1.074337e-03
1.072550e-03
1.070532e-03
1.068224e-03
1.065750e-03
1.063164e-03
1.060525e-03
1.057783e-03
1.055162e-03
1.052678e-03
1.050421e-03
1.049047e-03
1.047107e-03
1.045444e-03
1.044025e-03
1.042825e-03
1.041804e-03
1.040930e-03
1.040102e-03
1.039287e-03
1.038471e-03
1.037681e-03
1.036857e-03
1.036041e-03
1.035292e-03
1.034607e-03
1.034002e-03
1.033579e-03
1.033430e-03
1.033531e-03
1.033889e-03
1.034588e-03
1.035564e-03
1.036771e-03
1.038197e-03
1.039872e-03
1.041643e-03
1.043516e-03
1.045447e-03
1.047303e-03
1.049106e-03
1.050961e-03
1.052913e-03
1.054635e-03
1.056184e-03
1.057734e-03
1.059314e-03
1.060780e-03
1.062402e-03
1.064156e-03
1.066062e-03
1.067957e-03
1.069988e-03
1.072071e-03
1.074278e-03
1.076461e-03
1.078812e-03
1.081256e-03
1.083938e-03
1.086480e-03
1.089002e-03
1.091578e-03
1.094285e-03
1.096713e-03
1.098985e-03
1.101024e-03
1.103114e-03
1.104719e-03
1.106044e-03
1.107414e-03
1.109068e-03
1.109901e-03
1.110816e-03
1.111400e-03
1.111747e-03
1.111786e-03
1.111543e-03
1.111310e-03
1.110769e-03
1.110028e-03
1.109031e-03
1.108064e-03
1.106940e-03
1.105607e-03
1.104042e-03
1.102579e-03
1.100873e-03
1.098929e-03
1.096868e-03
1.094614e-03
1.092553e-03
1.090158e-03
1.087921e-03
1.085781e-03
1.083994e-03
1.082200e-03
1.080562e-03
1.079143e-03
1.077717e-03
1.076269e-03
1.074619e-03
1.072885e-03
1.071211e-03
1.069150e-03
1.066788e-03
1.064253e-03
1.061618e-03
1.058923e-03
1.056240e-03
1.053662e-03
1.051257e-03
1.050099e-03
1.047978e-03
1.046109e-03
1.044476e-03
1.043045e-03
1.041822e-03
1.040777e-03
1.039842e-03
1.039000e-03
1.038244e-03
1.037557e-03
1.036901e-03
1.036294e-03
1.035748e-03
1.035262e-03
1.034844e-03
1.034561e-03
1.034492e-03
1.034638e-03
1.035049e-03
1.035734e-03
1.036702e-03
1.037888e-03
1.039275e-03
1.040834e-03
1.042535e-03
1.044366e-03
1.046226e-03
1.048087e-03
1.049845e-03
1.051610e-03
1.053304e-03
1.054871e-03
1.056412e-03
1.057977e-03
1.059522e-03
1.061148e-03
1.062993e-03
1.064990e-03
1.067031e-03
1.069144e-03
1.071352e-03
1.073582e-03
1.075824e-03
1.078083e-03
1.080413e-03
1.082862e-03
1.085456e-03
1.088105e-03
1.090696e-03
1.093449e-03
1.096073e-03
1.098691e-03
1.101006e-03
1.103127e-03
1.104965e-03
1.106638e-03
1.107998e-03
1.109143e-03
1.110238e-03
1.111102e-03
1.111655e-03
1.112009e-03
1.112236e-03
1.112314e-03
1.112116e-03
1.111698e-03
1.111126e-03
1.110433e-03
1.109483e-03
1.108326e-03
1.107074e-03
1.105758e-03
1.104250e-03
1.102603e-03
1.100828e-03
1.098954e-03
1.097003e-03
1.094861e-03
1.092684e-03
1.090472e-03
1.088261e-03
1.086137e-03
1.084177e-03
1.082393e-03
1.080766e-03
1.079279e-03
1.077895e-03
1.076554e-03
1.075150e-03
1.073678e-03
1.071977e-03
1.069967e-03
1.067764e-03
1.065407e-03
1.062838e-03
1.060117e-03
1.057474e-03
1.054903e-03
1.052440e-03
1.051314e-03
1.048983e-03
1.046848e-03
1.044928e-03
1.043218e-03
1.041725e-03
1.040445e-03
1.039375e-03
1.038468e-03
1.037709e-03
1.037115e-03
1.036640e-03
1.036268e-03
1.035950e-03
1.035675e-03
1.035478e-03
1.035408e-03
1.035500e-03
1.035759e-03
1.036233e-03
1.036955e-03
1.037896e-03
1.039045e-03
1.040404e-03
1.041912e-03
1.043496e-03
1.045197e-03
1.046978e-03
1.048701e-03
1.050297e-03
1.051836e-03
1.053348e-03
1.054800e-03
1.056206e-03
1.057683e-03
1.059282e-03
1.061017e-03
1.062961e-03
1.065002e-03
1.067138e-03
1.069358e-03
1.071612e-03
1.073883e-03
1.076172e-03
1.078481e-03
1.080844e-03
1.083329e-03
1.085952e-03
1.088651e-03
1.091386e-03
1.094097e-03
1.096764e-03
1.099384e-03
1.101796e-03
1.103929e-03
1.105684e-03
1.107094e-03
1.108313e-03
1.109440e-03
1.110409e-03
1.111083e-03
1.111605e-03
1.112023e-03
1.112343e-03
1.112365e-03
1.112128e-03
1.111803e-03
1.111368e-03
1.110589e-03
1.109499e-03
1.108327e-03
1.107072e-03
1.105519e-03
1.103772e-03
1.102097e-03
1.100352e-03
1.098466e-03
1.096546e-03
1.094525e-03
1.092436e-03
1.090355e-03
1.088309e-03
1.086283e-03
1.084368e-03
1.082565e-03
1.080883e-03
1.079332e-03
1.077914e-03
1.076591e-03
1.075287e-03
1.073958e-03
1.072515e-03
1.070852e-03
1.068907e-03
1.066712e-03
1.064290e-03
1.061687e-03
1.059020e-03
1.056371e-03
1.053790e-03
1.052422e-03
1.049972e-03
1.047572e-03
1.045349e-03
1.043336e-03
1.041572e-03
1.040068e-03
1.038815e-03
1.037819e-03
1.037076e-03
1.036540e-03
1.036213e-03
1.036070e-03
1.036047e-03
1.036029e-03
1.036033e-03
1.036171e-03
1.036436e-03
1.036813e-03
1.037379e-03
1.038140e-03
1.039000e-03
1.040036e-03
1.041372e-03
1.042863e-03
1.044332e-03
1.045921e-03
1.047626e-03
1.049203e-03
1.050658e-03
1.052095e-03
1.053432e-03
1.054660e-03
1.055976e-03
1.057477e-03
1.059035e-03
1.060733e-03
1.062707e-03
1.064799e-03
1.066931e-03
1.069132e-03
1.071405e-03
1.073710e-03
1.076063e-03
1.078470e-03
1.080941e-03
1.083530e-03
1.086189e-03
1.088930e-03
1.091796e-03
1.094592e-03
1.097196e-03
1.099530e-03
1.101717e-03
1.103814e-03
1.105480e-03
1.106653e-03
1.107750e-03
1.108840e-03
1.109714e-03
1.110325e-03
1.110748e-03
1.111048e-03
1.111417e-03
1.111550e-03
1.111413e-03
1.111237e-03
1.111010e-03
1.110429e-03
1.109531e-03
1.108400e-03
1.107051e-03
1.105404e-03
1.103599e-03
1.101788e-03
1.099928e-03
1.097936e-03
1.095959e-03
1.093961e-03
1.091914e-03
1.089879e-03
1.087894e-03
1.085954e-03
1.084060e-03
1.082264e-03
1.080580e-03
1.079038e-03
1.077652e-03
1.076433e-03
1.075227e-03
1.074091e-03
1.072850e-03
1.071381e-03
1.069581e-03
1.067657e-03
1.065481e-03
1.062929e-03
1.060247e-03
1.057649e-03
1.055090e-03
1.053384e-03
1.050707e-03
1.048175e-03
1.045780e-03
1.043517e-03
1.041581e-03
1.039856e-03
1.038392e-03
1.037326e-03
1.036573e-03
1.036033e-03
1.035728e-03
1.035740e-03
1.035962e-03
1.036127e-03
1.036332e-03
1.036740e-03
1.037222e-03
1.037766e-03
1.038426e-03
1.039205e-03
1.040043e-03
1.041129e-03
1.042452e-03
1.043801e-03
1.045129e-03
1.046667e-03
1.048261e-03
1.049630e-03
1.050865e-03
1.052143e-03
1.053415e-03
1.054567e-03
1.055846e-03
1.057245e-03
1.058810e-03
1.060562e-03
1.062510e-03
1.064508e-03
1.066625e-03
1.068858e-03
1.071145e-03
1.073497e-03
1.075916e-03
1.078385e-03
1.080947e-03
1.083588e-03
1.086289e-03
1.089098e-03
1.091844e-03
1.094379e-03
1.096721e-03
1.098895e-03
1.100829e-03
1.102470e-03
1.103773e-03
1.104837e-03
1.105801e-03
1.106624e-03
1.107379e-03
1.107979e-03
1.108418e-03
1.108797e-03
1.109223e-03
1.109524e-03
1.109620e-03
1.109591e-03
1.109490e-03
1.109122e-03
1.108425e-03
1.107419e-03
1.106219e-03
1.104687e-03
1.102857e-03
1.100924e-03
1.098929e-03
1.096865e-03
1.094826e-03
1.092825e-03
1.090859e-03
1.088855e-03
1.086882e-03
1.084999e-03
1.083177e-03
1.081397e-03
1.079667e-03
1.078051e-03
1.076650e-03
1.075401e-03
1.074201e-03
1.073176e-03
1.072186e-03
1.070891e-03
1.069337e-03
1.067737e-03
1.065840e-03
1.063506e-03
1.061057e-03
1.058670e-03
1.056108e-03
1.053907e-03
1.051406e-03
1.048795e-03
1.046253e-03
1.043728e-03
1.041734e-03
1.039963e-03
1.038398e-03
1.037151e-03
1.036425e-03
1.035894e-03
1.035558e-03
1.035714e-03
1.036028e-03
1.036331e-03
1.036636e-03
1.037241e-03
1.037794e-03
1.038387e-03
1.039236e-03
1.040167e-03
1.040941e-03
1.041910e-03
1.043293e-03
1.044737e-03
1.045907e-03
1.047217e-03
1.048619e-03
1.049983e-03
1.051221e-03
1.052431e-03
1.053366e-03
1.054478e-03
1.055953e-03
1.057547e-03
1.059048e-03
1.060719e-03
1.062726e-03
1.064790e-03
1.066807e-03
1.069005e-03
1.071329e-03
1.073758e-03
1.076278e-03
1.078879e-03
1.081543e-03
1.084223e-03
1.086867e-03
1.089463e-03
1.091939e-03
1.094184e-03
1.096177e-03
1.097937e-03
1.099453e-03
1.100779e-03
1.101924e-03
1.102939e-03
1.103843e-03
1.104644e-03
1.105347e-03
1.106002e-03
1.106501e-03
1.106801e-03
1.107100e-03
1.107387e-03
1.107546e-03
1.107582e-03
1.107382e-03
1.107248e-03
1.106772e-03
1.105993e-03
1.104882e-03
1.103473e-03
1.101788e-03
1.099860e-03
1.097784e-03
1.095678e-03
1.093614e-03
1.091590e-03
1.089535e-03
1.087489e-03
1.085541e-03
1.083647e-03
1.081779e-03
1.079964e-03
1.078190e-03
1.076457e-03
1.074966e-03
1.073720e-03
1.072517e-03
1.071438e-03
1.070511e-03
1.069488e-03
1.068193e-03
1.066821e-03
1.065144e-03
1.063154e-03
1.061069e-03
1.058991e-03
1.056546e-03
1.054016e-03
1.051599e-03
1.049195e-03
1.046687e-03
1.044217e-03
1.042126e-03
1.040262e-03
1.038632e-03
1.037319e-03
1.036374e-03
1.035800e-03
1.035548e-03
1.035577e-03
1.035818e-03
1.036207e-03
1.036779e-03
1.037499e-03
1.038287e-03
1.039083e-03
1.039983e-03
1.041034e-03
1.042091e-03
1.043092e-03
1.044228e-03
1.045552e-03
1.046682e-03
1.047729e-03
1.048851e-03
1.050002e-03
1.051003e-03
1.052128e-03
1.053317e-03
1.054271e-03
1.055909e-03
1.057621e-03
1.059334e-03
1.061113e-03
1.063067e-03
1.065139e-03
1.067255e-03
1.069494e-03
1.071847e-03
1.074314e-03
1.076860e-03
1.079452e-03
1.082069e-03
1.084680e-03
1.087193e-03
1.089507e-03
1.091593e-03
1.093463e-03
1.095131e-03
1.096632e-03
1.097954e-03
1.099119e-03
1.100220e-03
1.101282e-03
1.102224e-03
1.103151e-03
1.104091e-03
1.104882e-03
1.105456e-03
1.105851e-03
1.106065e-03
1.106149e-03
1.106157e-03
1.106023e-03
1.105517e-03
1.104819e-03
1.104046e-03
1.103258e-03
1.102259e-03
1.100950e-03
1.099367e-03
1.097570e-03
1.095663e-03
1.093700e-03
1.091717e-03
1.089745e-03
1.087844e-03
1.085969e-03
1.084112e-03
1.082304e-03
1.080532e-03
1.078746e-03
1.076921e-03
1.075099e-03
1.073316e-03
1.071602e-03
1.070065e-03
1.068734e-03
1.067560e-03
1.066476e-03
1.065418e-03
1.064303e-03
1.063012e-03
1.061605e-03
1.060106e-03
1.058419e-03
1.056246e-03
1.053085e-03
1.051225e-03
1.049132e-03
1.046918e-03
1.044788e-03
1.042841e-03
1.041120e-03
1.039618e-03
1.038338e-03
1.037345e-03
1.036645e-03
1.036238e-03
1.036038e-03
1.036108e-03
1.036420e-03
1.036946e-03
1.037659e-03
1.038546e-03
1.039542e-03
1.040587e-03
1.041697e-03
1.042756e-03
1.043768e-03
1.044781e-03
1.045755e-03
1.046596e-03
1.047339e-03
1.048142e-03
1.049011e-03
1.049960e-03
1.051114e-03
1.052408e-03
1.054417e-03
1.056129e-03
1.057901e-03
1.059737e-03
1.061601e-03
1.063604e-03
1.065673e-03
1.067779e-03
1.070006e-03
1.072348e-03
1.074788e-03
1.077305e-03
1.079864e-03
1.082404e-03
1.084849e-03
1.087110e-03
1.089142e-03
1.090957e-03
1.092594e-03
1.094085e-03
1.095469e-03
1.096805e-03
1.098156e-03
1.099481e-03
1.100728e-03
1.101912e-03
1.103102e-03
1.104210e-03
1.105203e-03
1.105811e-03
1.106124e-03
1.106229e-03
1.106039e-03
1.105669e-03
1.105128e-03
1.104295e-03
1.103023e-03
1.101816e-03
1.100734e-03
1.099497e-03
1.098186e-03
1.096766e-03
1.095064e-03
1.093408e-03
1.091746e-03
1.090064e-03
1.088381e-03
1.086727e-03
1.085062e-03
1.083357e-03
1.081646e-03
1.080002e-03
1.078289e-03
1.076472e-03
1.074578e-03
1.072648e-03
1.070751e-03
1.069058e-03
1.067485e-03
1.066084e-03
1.064824e-03
1.063647e-03
1.062498e-03
1.061295e-03
1.060142e-03
1.058784e-03
1.057148e-03
1.055120e-03
1.052342e-03
1.050619e-03
1.048711e-03
1.046756e-03
1.044925e-03
1.043195e-03
1.041628e-03
1.040299e-03
1.039179e-03
1.038242e-03
1.037484e-03
1.036942e-03
1.036618e-03
1.036535e-03
1.036647e-03
1.036998e-03
1.037593e-03
1.038399e-03
1.039399e-03
1.040485e-03
1.041624e-03
1.042753e-03
1.043831e-03
1.044895e-03
1.045930e-03
1.046752e-03
1.047499e-03
1.048260e-03
1.049080e-03
1.050044e-03
1.051165e-03
1.052465e-03
1.054424e-03
1.056212e-03
1.057973e-03
1.059800e-03
1.061632e-03
1.063556e-03
1.065588e-03
1.067751e-03
1.070065e-03
1.072484e-03
1.074951e-03
1.077417e-03
1.079833e-03
1.082149e-03
1.084341e-03
1.086393e-03
1.088311e-03
1.090086e-03
1.091758e-03
1.093399e-03
1.095039e-03
1.096690e-03
1.098339e-03
1.099926e-03
1.101428e-03
1.102831e-03
1.104127e-03
1.105202e-03
1.105980e-03
1.106485e-03
1.106684e-03
1.106619e-03
1.106270e-03
1.105615e-03
1.104686e-03
1.103527e-03
1.102148e-03
1.100610e-03
1.099093e-03
1.097546e-03
1.095980e-03
1.094371e-03
1.092791e-03
1.091243e-03
1.089748e-03
1.088327e-03
1.086974e-03
1.085619e-03
1.084274e-03
1.082960e-03
1.081625e-03
1.080229e-03
1.078758e-03
1.077117e-03
1.075205e-03
1.073249e-03
1.071510e-03
1.069348e-03
1.067165e-03
1.065150e-03
1.063306e-03
1.061650e-03
1.060191e-03
1.058867e-03
1.057595e-03
1.056378e-03
1.055051e-03
1.053450e-03
1.050932e-03
1.049544e-03
1.048088e-03
1.046538e-03
1.045145e-03
1.043911e-03
1.042731e-03
1.041609e-03
1.040608e-03
1.039631e-03
1.038736e-03
1.037985e-03
1.037400e-03
1.037028e-03
1.036921e-03
1.037168e-03
1.037731e-03
1.038585e-03
1.039614e-03
1.040732e-03
1.041921e-03
1.043037e-03
1.044039e-03
1.044867e-03
1.045571e-03
1.046230e-03
1.046906e-03
1.047666e-03
1.048557e-03
1.049629e-03
1.050920e-03
1.052452e-03
1.054126e-03
1.055888e-03
1.057637e-03
1.059427e-03
1.061230e-03
1.063144e-03
1.065241e-03
1.067521e-03
1.069950e-03
1.072461e-03
1.074974e-03
1.077408e-03
1.079705e-03
1.081844e-03
1.083859e-03
1.085806e-03
1.087713e-03
1.089547e-03
1.091343e-03
1.093195e-03
1.095053e-03
1.096863e-03
1.098498e-03
1.099897e-03
1.101129e-03
1.102227e-03
1.103155e-03
1.103888e-03
1.104401e-03
1.104684e-03
1.104724e-03
1.104647e-03
1.104409e-03
1.103851e-03
1.102965e-03
1.101848e-03
1.100502e-03
1.098971e-03
1.097341e-03
1.095623e-03
1.093860e-03
1.092222e-03
1.090717e-03
1.089182e-03
1.087700e-03
1.086419e-03
1.085269e-03
1.084113e-03
1.082993e-03
1.081972e-03
1.080970e-03
1.079932e-03
1.078827e-03
1.077496e-03
1.075836e-03
1.073974e-03
1.071636e-03
1.069384e-03
1.067094e-03
1.064955e-03
1.063007e-03
1.061249e-03
1.059676e-03
1.058261e-03
1.056966e-03
1.055702e-03
1.054426e-03
1.052836e-03
1.050782e-03
1.049464e-03
1.047998e-03
1.046609e-03
1.045289e-03
1.044143e-03
1.043123e-03
1.042105e-03
1.041104e-03
1.040123e-03
1.039195e-03
1.038365e-03
1.037678e-03
1.037209e-03
1.036997e-03
1.037085e-03
1.037674e-03
1.038484e-03
1.039499e-03
1.040640e-03
1.041766e-03
1.042912e-03
1.043978e-03
1.044846e-03
1.045498e-03
1.046235e-03
1.047004e-03
1.047828e-03
1.048782e-03
1.049927e-03
1.051267e-03
1.052830e-03
1.054531e-03
1.056272e-03
1.058034e-03
1.059827e-03
1.061646e-03
1.063556e-03
1.065674e-03
1.068021e-03
1.070539e-03
1.073155e-03
1.075791e-03
1.078357e-03
1.080777e-03
1.083026e-03
1.085185e-03
1.087302e-03
1.089347e-03
1.091297e-03
1.093203e-03
1.095104e-03
1.095797e-03
1.097335e-03
1.098639e-03
1.099616e-03
1.100305e-03
1.100822e-03
1.101164e-03
1.101377e-03
1.101506e-03
1.101537e-03
1.101503e-03
1.101498e-03
1.101421e-03
1.101146e-03
1.100621e-03
1.099904e-03
1.098964e-03
1.097776e-03
1.096380e-03
1.094757e-03
1.092990e-03
1.091317e-03
1.089725e-03
1.088101e-03
1.086584e-03
1.085248e-03
1.084057e-03
1.082909e-03
1.082078e-03
1.081098e-03
1.080137e-03
1.079241e-03
1.078303e-03
1.077154e-03
1.075693e-03
1.073926e-03
1.071901e-03
1.069832e-03
1.067623e-03
1.065443e-03
1.063377e-03
1.061429e-03
1.059566e-03
1.057865e-03
1.056320e-03
1.054882e-03
1.053527e-03
1.051976e-03
1.050180e-03
1.048897e-03
1.047551e-03
1.046337e-03
1.045228e-03
1.044294e-03
1.043479e-03
1.042605e-03
1.041717e-03
1.040825e-03
1.039909e-03
1.039062e-03
1.038334e-03
1.037818e-03
1.037596e-03
1.037660e-03
1.038051e-03
1.038805e-03
1.039760e-03
1.040790e-03
1.041810e-03
1.042795e-03
1.043680e-03
1.044391e-03
1.045046e-03
1.045743e-03
1.046560e-03
1.047502e-03
1.048600e-03
1.049879e-03
1.051276e-03
1.052797e-03
1.054450e-03
1.056162e-03
1.057898e-03
1.059701e-03
1.061632e-03
1.063734e-03
1.066048e-03
1.068608e-03
1.071335e-03
1.074064e-03
1.076701e-03
1.079265e-03
1.081767e-03
1.083923e-03
1.085997e-03
1.088042e-03
1.090023e-03
1.091929e-03
1.093784e-03
1.095565e-03
1.097137e-03
1.098389e-03
1.099280e-03
1.099776e-03
1.099937e-03
1.099824e-03
1.099550e-03
1.099223e-03
1.098890e-03
1.098582e-03
1.098323e-03
1.098123e-03
1.097950e-03
1.097790e-03
1.097564e-03
1.097200e-03
1.096665e-03
1.095901e-03
1.094822e-03
1.093358e-03
1.091728e-03
1.090139e-03
1.088561e-03
1.087012e-03
1.085583e-03
1.084292e-03
1.083042e-03
1.081832e-03
1.080801e-03
1.079618e-03
1.078636e-03
1.077779e-03
1.077177e-03
1.076114e-03
1.074943e-03
1.073515e-03
1.071939e-03
1.069675e-03
1.067526e-03
1.065148e-03
1.063339e-03
1.061367e-03
1.059314e-03
1.057645e-03
1.055765e-03
1.054424e-03
1.053053e-03
1.051769e-03
1.049732e-03
1.048662e-03
1.047422e-03
1.046252e-03
1.045245e-03
1.044418e-03
1.043711e-03
1.042791e-03
1.041659e-03
1.040857e-03
1.040091e-03
1.039315e-03
1.038694e-03
1.038290e-03
1.038125e-03
1.038146e-03
1.038436e-03
1.039120e-03
1.039981e-03
1.040857e-03
1.041699e-03
1.042502e-03
1.043214e-03
1.043884e-03
1.044553e-03
1.045334e-03
1.046295e-03
1.047414e-03
1.048678e-03
1.050076e-03
1.051544e-03
1.053051e-03
1.054664e-03
1.056384e-03
1.058188e-03
1.060050e-03
1.062018e-03
1.064205e-03
1.066740e-03
1.069469e-03
1.072310e-03
1.075141e-03
1.077910e-03
1.080466e-03
1.082804e-03
1.085019e-03
1.087126e-03
1.089166e-03
1.091209e-03
1.093187e-03
1.095041e-03
1.096745e-03
1.098218e-03
1.099358e-03
1.100176e-03
1.100523e-03
1.100444e-03
1.100044e-03
1.099481e-03
1.098806e-03
1.098067e-03
1.097347e-03
1.096649e-03
1.095975e-03
1.095462e-03
1.095102e-03
1.094766e-03
1.094451e-03
1.094104e-03
1.093610e-03
1.092789e-03
1.091492e-03
1.089939e-03
1.088495e-03
1.087161e-03
1.085766e-03
1.084421e-03
1.083196e-03
1.082048e-03
1.080895e-03
1.079878e-03
1.078856e-03
1.077868e-03
1.076912e-03
1.076099e-03
1.075353e-03
1.074328e-03
1.072923e-03
1.071294e-03
1.069422e-03
1.067342e-03
1.065189e-03
1.063036e-03
1.060939e-03
1.058976e-03
1.057156e-03
1.055499e-03
1.053959e-03
1.052600e-03
1.051124e-03
1.049519e-03
1.048547e-03
1.047468e-03
1.046361e-03
1.045305e-03
1.044383e-03
1.043544e-03
1.042643e-03
1.041630e-03
1.040769e-03
1.039929e-03
1.039180e-03
1.038666e-03
1.038371e-03
1.038248e-03
1.038292e-03
1.038625e-03
1.039285e-03
1.040082e-03
1.040905e-03
1.041715e-03
1.042450e-03
1.043097e-03
1.043703e-03
1.044353e-03
1.045114e-03
1.046064e-03
1.047228e-03
1.048514e-03
1.049916e-03
1.051415e-03
1.052942e-03
1.054550e-03
1.056284e-03
1.058158e-03
1.060132e-03
1.062344e-03
1.064913e-03
1.067533e-03
1.070356e-03
1.073247e-03
1.075933e-03
1.078781e-03
1.081111e-03
1.083402e-03
1.085607e-03
1.087767e-03
1.089868e-03
1.091905e-03
1.093841e-03
1.095810e-03
1.097379e-03
1.098856e-03
1.100030e-03
1.100813e-03
1.101190e-03
1.101152e-03
1.100675e-03
1.100029e-03
1.099054e-03
1.098028e-03
1.096899e-03
1.095945e-03
1.094990e-03
1.094021e-03
1.093497e-03
1.093280e-03
1.092905e-03
1.092397e-03
1.091873e-03
1.091493e-03
1.090310e-03
1.089054e-03
1.087901e-03
1.086934e-03
1.085600e-03
1.084264e-03
1.083119e-03
1.081951e-03
1.080640e-03
1.079345e-03
1.078098e-03
1.076843e-03
1.075481e-03
1.074576e-03
1.073763e-03
1.072689e-03
1.071468e-03
1.070050e-03
1.068387e-03
1.066444e-03
1.064353e-03
1.062278e-03
1.060334e-03
1.058421e-03
1.056536e-03
1.054903e-03
1.053413e-03
1.052072e-03
1.050622e-03
1.049163e-03
1.047994e-03
1.047032e-03
1.045986e-03
1.044983e-03
1.044041e-03
1.043214e-03
1.042250e-03
1.041414e-03
1.040579e-03
1.039898e-03
1.039406e-03
1.039125e-03
1.039017e-03
1.039036e-03
1.039160e-03
1.039431e-03
1.039864e-03
1.040387e-03
1.040943e-03
1.041513e-03
1.042045e-03
1.042575e-03
1.043182e-03
1.043927e-03
1.044843e-03
1.045976e-03
1.047330e-03
1.048764e-03
1.050239e-03
1.051789e-03
1.053347e-03
1.054994e-03
1.056828e-03
1.058906e-03
1.061080e-03
1.063158e-03
1.065764e-03
1.068422e-03
1.071116e-03
1.073829e-03
1.076633e-03
1.079132e-03
1.081449e-03
1.083693e-03
1.085868e-03
1.087978e-03
1.090072e-03
1.092238e-03
1.094179e-03
1.095942e-03
1.097527e-03
1.099116e-03
1.100217e-03
1.100955e-03
1.101251e-03
1.101385e-03
1.100966e-03
1.100372e-03
1.099398e-03
1.098398e-03
1.097050e-03
1.095612e-03
1.094556e-03
1.093836e-03
1.093229e-03
1.092692e-03
1.092284e-03
1.092017e-03
1.091632e-03
1.091006e-03
1.090019e-03
1.088850e-03
1.087745e-03
1.086599e-03
1.085267e-03
1.083921e-03
1.082757e-03
1.081666e-03
1.080472e-03
1.079308e-03
1.078162e-03
1.076986e-03
1.075869e-03
1.074858e-03
1.073845e-03
1.072705e-03
1.071378e-03
1.069869e-03
1.068116e-03
1.066165e-03
1.064059e-03
1.061918e-03
1.059942e-03
1.058040e-03
1.056227e-03
1.054568e-03
1.053082e-03
1.051739e-03
1.050370e-03
1.048850e-03
1.047956e-03
1.046766e-03
1.045577e-03
1.044462e-03
1.043456e-03
1.042520e-03
1.041620e-03
1.040776e-03
1.040017e-03
1.039338e-03
1.038789e-03
1.038437e-03
1.038298e-03
1.038317e-03
1.038491e-03
1.038852e-03
1.039411e-03
1.040101e-03
1.040874e-03
1.041628e-03
1.042308e-03
1.042924e-03
1.043590e-03
1.044390e-03
1.045290e-03
1.046349e-03
1.047577e-03
1.048936e-03
1.050459e-03
1.052018e-03
1.053568e-03
1.055214e-03
1.057039e-03
1.059048e-03
1.061267e-03
1.063835e-03
1.066508e-03
1.068954e-03
1.071616e-03
1.074405e-03
1.076919e-03
1.079105e-03
1.081402e-03
1.083697e-03
1.085829e-03
1.087930e-03
1.090019e-03
1.092042e-03
1.093898e-03
1.095512e-03
1.096942e-03
1.098258e-03
1.099324e-03
1.099876e-03
1.100130e-03
1.100408e-03
1.100197e-03
1.099424e-03
1.098669e-03
1.097993e-03
1.096774e-03
1.095233e-03
1.094146e-03
1.093486e-03
1.092684e-03
1.092013e-03
1.091616e-03
1.091514e-03
1.091104e-03
1.090555e-03
1.089772e-03
1.088897e-03
1.087844e-03
1.086673e-03
1.085352e-03
1.083991e-03
1.082874e-03
1.081837e-03
1.080837e-03
1.079889e-03
1.078983e-03
1.077812e-03
1.076458e-03
1.075160e-03
1.073884e-03
1.072644e-03
1.071237e-03
1.069716e-03
1.067916e-03
1.065980e-03
1.063897e-03
1.061735e-03
1.059621e-03
1.057634e-03
1.055853e-03
1.053926e-03
1.052507e-03
1.051140e-03
1.050074e-03
1.047740e-03
1.046975e-03
1.046007e-03
1.044854e-03
1.043742e-03
1.042810e-03
1.041923e-03
1.040990e-03
1.040189e-03
1.039426e-03
1.038759e-03
1.038290e-03
1.038282e-03
1.038085e-03
1.037937e-03
1.038206e-03
1.038849e-03
1.039314e-03
1.039672e-03
1.040546e-03
1.041216e-03
1.042011e-03
1.042725e-03
1.043519e-03
1.044418e-03
1.045630e-03
1.046791e-03
1.047979e-03
1.049265e-03
1.050751e-03
1.052211e-03
1.053670e-03
1.055436e-03
1.057280e-03
1.059235e-03
1.061386e-03
1.063745e-03
1.066172e-03
1.068457e-03
1.070941e-03
1.073530e-03
1.076029e-03
1.078280e-03
1.080649e-03
1.082924e-03
1.085175e-03
1.087504e-03
1.089610e-03
1.091483e-03
1.093383e-03
1.094998e-03
1.096319e-03
1.097330e-03
1.098325e-03
1.099350e-03
1.099985e-03
1.100313e-03
1.100560e-03
1.100914e-03
1.100635e-03
1.100017e-03
1.098998e-03
1.097720e-03
1.096482e-03
1.095604e-03
1.094482e-03
1.093426e-03
1.092673e-03
1.092027e-03
1.091411e-03
1.090784e-03
1.089991e-03
1.089007e-03
1.087940e-03
1.086765e-03
1.085514e-03
1.084233e-03
1.083018e-03
1.081938e-03
1.081014e-03
1.080098e-03
1.079148e-03
1.078109e-03
1.076961e-03
1.075690e-03
1.074415e-03
1.073087e-03
1.071664e-03
1.070109e-03
1.068360e-03
1.066396e-03
1.064305e-03
1.062201e-03
1.060040e-03
1.057848e-03
1.055667e-03
1.053546e-03
1.051787e-03
1.050413e-03
1.049118e-03
1.046958e-03
1.045948e-03
1.044955e-03
1.043922e-03
1.042907e-03
1.041948e-03
1.041037e-03
1.040173e-03
1.039390e-03
1.038691e-03
1.038119e-03
1.037758e-03
1.037584e-03
1.037548e-03
1.037644e-03
1.037883e-03
1.038272e-03
1.038799e-03
1.039384e-03
1.040146e-03
1.041084e-03
1.041802e-03
1.042539e-03
1.043441e-03
1.044477e-03
1.045603e-03
1.046738e-03
1.047927e-03
1.049327e-03
1.050786e-03
1.052241e-03
1.053797e-03
1.055519e-03
1.057401e-03
1.059420e-03
1.061614e-03
1.063969e-03
1.066309e-03
1.068590e-03
1.070947e-03
1.073345e-03
1.075670e-03
1.077923e-03
1.080184e-03
1.082447e-03
1.084746e-03
1.087080e-03
1.089256e-03
1.091118e-03
1.092863e-03
1.094486e-03
1.095876e-03
1.097034e-03
1.098254e-03
1.099604e-03
1.100910e-03
1.101215e-03
1.102109e-03
1.102798e-03
1.103130e-03
1.103080e-03
1.102353e-03
1.101088e-03
1.099741e-03
1.098328e-03
1.096714e-03
1.095085e-03
1.093770e-03
1.092702e-03
1.091809e-03
1.091060e-03
1.090305e-03
1.089412e-03
1.088401e-03
1.087299e-03
1.086082e-03
1.084756e-03
1.083465e-03
1.082376e-03
1.081475e-03
1.080633e-03
1.079786e-03
1.078773e-03
1.077484e-03
1.076316e-03
1.075049e-03
1.073599e-03
1.071818e-03
1.070395e-03
1.068602e-03
1.066467e-03
1.064245e-03
1.062281e-03
1.059979e-03
1.057463e-03
1.055293e-03
1.053084e-03
1.051108e-03
1.049837e-03
1.048410e-03
1.046248e-03
1.045113e-03
1.044192e-03
1.043115e-03
1.041975e-03
1.041026e-03
1.040162e-03
1.039360e-03
1.038665e-03
1.038053e-03
1.037426e-03
1.037039e-03
1.037059e-03
1.037082e-03
1.037048e-03
1.037437e-03
1.038156e-03
1.038659e-03
1.039246e-03
1.040017e-03
1.041153e-03
1.041979e-03
1.042770e-03
1.043618e-03
1.044525e-03
1.045519e-03
1.046576e-03
1.047687e-03
1.048902e-03
1.050234e-03
1.051674e-03
1.053242e-03
1.054945e-03
1.056833e-03
1.058912e-03
1.061144e-03
1.063489e-03
1.065877e-03
1.068262e-03
1.070673e-03
1.073106e-03
1.075517e-03
1.077911e-03
1.080312e-03
1.082733e-03
1.085195e-03
1.087647e-03
1.089859e-03
1.091831e-03
1.093627e-03
1.095345e-03
1.096965e-03
1.098525e-03
1.100137e-03
1.101791e-03
1.103429e-03
1.104966e-03
1.106372e-03
1.107501e-03
1.108085e-03
1.108039e-03
1.107307e-03
1.106044e-03
1.104454e-03
1.102665e-03
1.100662e-03
1.098672e-03
1.096818e-03
1.095206e-03
1.093825e-03
1.092737e-03
1.091756e-03
1.090725e-03
1.089708e-03
1.088765e-03
1.087695e-03
1.086449e-03
1.085119e-03
1.083958e-03
1.082918e-03
1.081846e-03
1.080748e-03
1.079608e-03
1.078386e-03
1.076991e-03
1.075476e-03
1.074023e-03
1.072402e-03
1.070586e-03
1.068696e-03
1.066722e-03
1.064663e-03
1.062385e-03
1.059997e-03
1.057696e-03
1.055479e-03
1.052915e-03
1.050830e-03
1.049287e-03
1.047688e-03
1.046133e-03
1.044781e-03
1.043461e-03
1.042236e-03
1.041163e-03
1.040153e-03
1.039216e-03
1.038412e-03
1.037736e-03
1.037142e-03
1.036641e-03
1.036330e-03
1.036255e-03
1.036396e-03
1.036730e-03
1.037255e-03
1.037907e-03
1.038637e-03
1.039440e-03
1.040322e-03
1.041169e-03
1.041964e-03
1.042770e-03
1.043573e-03
1.044405e-03
1.045314e-03
1.046300e-03
1.047315e-03
1.048413e-03
1.049700e-03
1.051203e-03
1.052848e-03
1.054628e-03
1.056614e-03
1.058747e-03
1.061008e-03
1.063286e-03
1.065623e-03
1.067948e-03
1.070402e-03
1.072834e-03
1.075355e-03
1.077965e-03
1.080636e-03
1.083371e-03
1.086161e-03
1.088916e-03
1.091525e-03
1.094053e-03
1.096299e-03
1.098517e-03
1.100835e-03
1.103248e-03
1.105683e-03
1.107914e-03
1.109969e-03
1.111626e-03
1.112806e-03
1.113453e-03
1.113398e-03
1.112746e-03
1.111789e-03
1.110645e-03
1.109278e-03
1.107598e-03
1.105720e-03
1.103792e-03
1.101848e-03
1.099954e-03
1.098133e-03
1.096501e-03
1.094987e-03
1.093541e-03
1.092270e-03
1.091112e-03
1.089808e-03
1.088195e-03
1.086721e-03
1.085485e-03
1.084284e-03
1.083074e-03
1.081813e-03
1.080467e-03
1.079087e-03
1.077677e-03
1.076190e-03
1.074534e-03
1.072736e-03
1.070846e-03
1.068939e-03
1.066937e-03
1.064837e-03
1.062638e-03
1.060344e-03
1.058015e-03
1.055658e-03
1.053305e-03
1.051173e-03
1.049339e-03
1.047647e-03
1.046137e-03
1.044552e-03
1.043061e-03
1.041665e-03
1.040356e-03
1.039201e-03
1.038217e-03
1.037384e-03
1.036696e-03
1.036102e-03
1.035609e-03
1.035336e-03
1.035067e-03
1.035271e-03
1.035687e-03
1.036298e-03
1.037193e-03
1.038211e-03
1.039243e-03
1.040269e-03
1.041232e-03
1.042078e-03
1.042846e-03
1.043580e-03
1.044284e-03
1.045076e-03
1.045957e-03
1.046912e-03
1.047961e-03
1.049193e-03
1.050599e-03
1.052144e-03
1.053875e-03
1.055829e-03
1.057972e-03
1.060212e-03
1.062530e-03
1.064930e-03
1.067374e-03
1.069859e-03
1.072454e-03
1.075159e-03
1.077993e-03
1.080935e-03
1.083939e-03
1.087012e-03
1.090186e-03
1.093281e-03
1.096198e-03
1.099049e-03
1.101913e-03
1.104927e-03
1.108051e-03
1.111153e-03
1.113781e-03
1.115968e-03
1.117462e-03
1.118280e-03
1.118525e-03
1.117987e-03
1.116842e-03
1.115677e-03
1.114710e-03
1.113681e-03
1.112121e-03
1.110327e-03
1.108358e-03
1.106153e-03
1.103851e-03
1.101429e-03
1.099292e-03
1.097432e-03
1.095725e-03
1.094362e-03
1.093187e-03
1.091754e-03
1.090682e-03
1.089410e-03
1.088059e-03
1.086668e-03
1.085164e-03
1.083591e-03
1.082039e-03
1.080454e-03
1.078777e-03
1.076979e-03
1.075064e-03
1.073082e-03
1.071038e-03
1.069007e-03
1.066994e-03
1.064953e-03
1.062862e-03
1.060684e-03
1.058375e-03
1.055981e-03
1.053639e-03
1.051468e-03
1.049474e-03
1.047686e-03
1.046002e-03
1.044397e-03
1.042868e-03
1.041365e-03
1.039911e-03
1.038561e-03
1.037354e-03
1.036310e-03
1.035460e-03
1.034822e-03
1.034452e-03
1.034341e-03
1.034366e-03
1.034711e-03
1.035205e-03
1.035812e-03
1.036468e-03
1.037186e-03
1.037961e-03
1.038759e-03
1.039534e-03
1.040346e-03
1.041210e-03
1.042128e-03
1.043058e-03
1.044045e-03
1.045085e-03
1.046177e-03
1.047419e-03
1.048900e-03
1.050591e-03
1.052425e-03
1.054348e-03
1.056399e-03
1.058486e-03
1.060547e-03
1.062642e-03
1.064944e-03
1.067333e-03
1.069847e-03
1.072532e-03
1.075456e-03
1.078699e-03
1.082333e-03
1.086001e-03
1.089858e-03
1.093759e-03
1.097667e-03
1.101590e-03
1.105705e-03
1.110064e-03
1.114608e-03
1.119171e-03
1.123285e-03
1.126502e-03
1.128615e-03
1.129533e-03
1.129058e-03
1.127873e-03
1.126112e-03
1.124296e-03
1.122871e-03
1.121741e-03
1.121208e-03
1.120760e-03
1.119252e-03
1.117766e-03
1.115315e-03
1.111901e-03
1.108253e-03
1.104623e-03
1.101364e-03
1.098603e-03
1.096486e-03
1.094885e-03
1.093297e-03
1.091633e-03
1.090138e-03
1.088881e-03
1.087619e-03
1.086196e-03
1.084640e-03
1.083043e-03
1.081383e-03
1.079612e-03
1.077665e-03
1.075620e-03
1.073562e-03
1.071445e-03
1.069321e-03
1.067211e-03
1.065058e-03
1.062876e-03
1.060643e-03
1.058317e-03
1.055962e-03
1.053709e-03
1.051592e-03
1.049608e-03
1.047745e-03
1.045862e-03
1.044095e-03
1.042427e-03
1.040794e-03
1.039157e-03
1.037685e-03
1.036358e-03
1.035204e-03
1.034271e-03
1.033605e-03
1.033221e-03
1.033153e-03
1.033387e-03
1.033760e-03
1.034005e-03
1.034574e-03
1.035213e-03
1.035679e-03
1.036373e-03
1.037090e-03
1.037543e-03
1.038201e-03
1.039616e-03
1.040544e-03
1.041867e-03
1.043250e-03
1.044775e-03
1.046066e-03
1.047632e-03
1.049371e-03
1.051201e-03
1.053109e-03
1.055449e-03
1.057318e-03
1.059034e-03
1.061039e-03
1.063585e-03
1.065665e-03
1.068083e-03
1.070437e-03
1.073847e-03
1.076632e-03
1.079998e-03
1.083201e-03
1.087213e-03
1.090743e-03
1.094753e-03
1.098459e-03
1.102549e-03
1.106360e-03
1.110843e-03
1.114872e-03
1.118758e-03
1.122389e-03
1.124649e-03
1.126382e-03
1.126347e-03
1.126241e-03
1.125215e-03
1.123924e-03
1.121227e-03
1.120016e-03
1.119013e-03
1.118501e-03
1.117351e-03
1.116057e-03
1.115072e-03
1.112819e-03
1.112010e-03
1.109613e-03
1.106259e-03
1.102921e-03
1.099837e-03
1.097292e-03
1.095255e-03
1.093502e-03
1.091992e-03
1.090582e-03
1.089397e-03
1.088310e-03
1.087023e-03
1.085598e-03
1.084168e-03
1.082732e-03
1.080988e-03
1.078927e-03
1.076688e-03
1.074356e-03
1.071822e-03
1.069362e-03
1.067051e-03
1.064784e-03
1.062546e-03
1.060359e-03
1.058178e-03
1.056011e-03
1.053829e-03
1.051715e-03
1.049678e-03
1.047698e-03
1.045569e-03
1.043823e-03
1.042071e-03
1.040374e-03
1.038690e-03
1.037083e-03
1.035568e-03
1.034227e-03
1.033203e-03
1.032567e-03
1.032285e-03
1.032211e-03
1.032320e-03
1.032573e-03
1.032799e-03
1.033019e-03
1.033112e-03
1.033213e-03
1.033525e-03
1.034041e-03
1.034795e-03
1.035841e-03
1.037243e-03
1.038794e-03
1.040539e-03
1.042362e-03
1.044230e-03
1.046046e-03
1.047885e-03
1.049822e-03
1.051818e-03
1.053887e-03
1.056040e-03
1.058106e-03
1.060170e-03
1.062525e-03
1.065055e-03
1.067896e-03
1.070733e-03
1.073754e-03
1.076722e-03
1.079760e-03
1.083054e-03
1.086645e-03
1.090273e-03
1.093964e-03
1.097859e-03
1.101851e-03
1.105880e-03
1.110064e-03
1.114470e-03
1.118686e-03
1.122431e-03
1.125448e-03
1.127086e-03
1.127745e-03
1.127402e-03
1.125757e-03
1.123519e-03
1.121778e-03
1.120581e-03
1.119353e-03
1.117825e-03
1.116975e-03
1.117111e-03
1.117080e-03
1.116705e-03
1.116089e-03
1.114886e-03
1.112373e-03
1.109005e-03
1.105555e-03
1.102295e-03
1.099369e-03
1.096913e-03
1.094750e-03
1.092812e-03
1.091218e-03
1.089963e-03
1.088777e-03
1.087526e-03
1.086272e-03
1.084996e-03
1.083566e-03
1.081898e-03
1.079952e-03
1.077723e-03
1.075149e-03
1.072394e-03
1.069731e-03
1.067194e-03
1.064763e-03
1.062398e-03
1.060110e-03
1.057885e-03
1.055677e-03
1.053833e-03
1.051641e-03
1.049538e-03
1.047452e-03
1.045094e-03
1.043128e-03
1.041223e-03
1.039352e-03
1.037515e-03
1.035779e-03
1.034177e-03
1.032753e-03
1.031651e-03
1.030951e-03
1.030629e-03
1.030551e-03
1.030671e-03
1.030945e-03
1.031244e-03
1.031579e-03
1.031848e-03
1.032122e-03
1.032532e-03
1.033138e-03
1.033956e-03
1.035000e-03
1.036431e-03
1.038004e-03
1.039503e-03
1.041331e-03
1.043333e-03
1.045299e-03
1.047247e-03
1.049230e-03
1.051261e-03
1.053372e-03
1.055683e-03
1.057910e-03
1.060156e-03
1.062695e-03
1.065554e-03
1.068277e-03
1.071067e-03
1.073854e-03
1.076887e-03
1.079891e-03
1.082687e-03
1.085844e-03
1.089482e-03
1.093273e-03
1.097204e-03
1.101721e-03
1.106752e-03
1.111641e-03
1.116167e-03
1.121003e-03
1.125665e-03
1.129106e-03
1.130925e-03
1.131817e-03
1.131568e-03
1.129900e-03
1.127691e-03
1.126027e-03
1.124957e-03
1.123981e-03
1.122667e-03
1.121996e-03
1.122100e-03
1.121827e-03
1.120716e-03
1.119493e-03
1.117973e-03
1.115450e-03
1.111801e-03
1.108115e-03
1.104382e-03
1.101038e-03
1.098200e-03
1.095817e-03
1.093762e-03
1.092001e-03
1.090591e-03
1.089455e-03
1.088340e-03
1.087089e-03
1.085793e-03
1.084500e-03
1.082944e-03
1.080986e-03
1.078692e-03
1.076017e-03
1.072995e-03
1.070059e-03
1.067260e-03
1.064619e-03
1.062128e-03
1.059783e-03
1.057593e-03
1.055413e-03
1.053237e-03
1.051127e-03
1.049077e-03
1.047037e-03
1.044479e-03
1.042490e-03
1.040587e-03
1.038636e-03
1.036710e-03
1.034892e-03
1.033224e-03
1.031761e-03
1.030584e-03
1.029782e-03
1.029329e-03
1.029155e-03
1.029132e-03
1.029178e-03
1.029290e-03
1.029423e-03
1.029604e-03
1.029900e-03
1.030386e-03
1.031178e-03
1.032228e-03
1.033500e-03
1.035031e-03
1.036745e-03
1.038777e-03
1.040692e-03
1.042594e-03
1.044456e-03
1.046367e-03
1.048301e-03
1.050277e-03
1.052433e-03
1.054870e-03
1.057298e-03
1.059782e-03
1.062478e-03
1.065577e-03
1.068661e-03
1.071703e-03
1.074517e-03
1.077298e-03
1.079989e-03
1.082587e-03
1.085582e-03
1.089190e-03
1.092984e-03
1.096998e-03
1.101785e-03
1.107106e-03
1.112536e-03
1.117763e-03
1.123208e-03
1.128541e-03
1.132331e-03
1.134776e-03
1.135846e-03
1.135253e-03
1.133386e-03
1.130867e-03
1.129325e-03
1.129278e-03
1.128856e-03
1.127770e-03
1.127241e-03
1.127042e-03
1.126277e-03
1.124516e-03
1.122495e-03
1.119888e-03
1.116401e-03
1.112542e-03
1.108657e-03
1.104788e-03
1.101230e-03
1.098170e-03
1.095726e-03
1.093621e-03
1.091740e-03
1.090160e-03
1.088899e-03
1.087745e-03
1.086451e-03
1.085107e-03
1.083669e-03
1.082156e-03
1.080231e-03
1.078045e-03
1.075457e-03
1.072872e-03
1.069807e-03
1.066959e-03
1.064304e-03
1.061838e-03
1.059500e-03
1.057239e-03
1.054974e-03
1.052750e-03
1.050586e-03
1.048432e-03
1.046434e-03
1.043592e-03
1.041360e-03
1.039298e-03
1.037244e-03
1.035206e-03
1.033289e-03
1.031574e-03
1.030050e-03
1.028797e-03
1.027981e-03
1.027544e-03
1.027366e-03
1.027288e-03
1.027282e-03
1.027382e-03
1.027533e-03
1.027612e-03
1.027940e-03
1.028524e-03
1.029583e-03
1.030971e-03
1.032503e-03
1.034152e-03
1.036003e-03
1.037414e-03
1.039282e-03
1.041170e-03
1.043107e-03
1.045120e-03
1.047189e-03
1.049426e-03
1.051641e-03
1.054620e-03
1.057034e-03
1.059607e-03
1.061918e-03
1.065034e-03
1.067349e-03
1.069618e-03
1.071958e-03
1.074510e-03
1.077084e-03
1.079792e-03
1.082674e-03
1.086934e-03
1.090500e-03
1.094555e-03
1.099179e-03
1.104902e-03
1.110442e-03
1.116198e-03
1.122192e-03
1.129140e-03
1.134224e-03
1.138133e-03
1.140398e-03
1.140416e-03
1.138567e-03
1.136126e-03
1.134287e-03
1.133253e-03
1.132354e-03
1.131755e-03
1.131254e-03
1.130740e-03
1.129621e-03
1.127805e-03
1.125283e-03
1.121897e-03
1.117894e-03
1.113632e-03
1.109361e-03
1.105355e-03
1.101848e-03
1.098928e-03
1.096427e-03
1.094096e-03
1.091906e-03
1.090028e-03
1.088612e-03
1.087198e-03
1.085857e-03
1.084493e-03
1.083060e-03
1.081516e-03
1.079805e-03
1.077757e-03
1.075283e-03
1.072504e-03
1.069634e-03
1.066790e-03
1.064275e-03
1.061874e-03
1.059475e-03
1.057097e-03
1.054780e-03
1.052475e-03
1.050201e-03
1.047918e-03
1.045800e-03
1.042734e-03
1.040358e-03
1.038129e-03
1.035940e-03
1.033828e-03
1.031870e-03
1.030133e-03
1.028638e-03
1.027404e-03
1.026500e-03
1.025982e-03
1.025627e-03
1.025472e-03
1.025357e-03
1.025328e-03
1.025466e-03
1.025737e-03
1.026165e-03
1.026883e-03
1.027900e-03
1.029192e-03
1.030626e-03
1.032151e-03
1.033859e-03
1.035742e-03
1.037785e-03
1.039919e-03
1.042157e-03
1.044573e-03
1.047147e-03
1.049796e-03
1.052495e-03
1.055264e-03
1.057991e-03
1.060595e-03
1.062989e-03
1.065255e-03
1.067413e-03
1.069631e-03
1.072155e-03
1.074987e-03
1.078108e-03
1.081542e-03
1.085219e-03
1.089150e-03
1.092893e-03
1.096650e-03
1.100634e-03
1.104814e-03
1.109497e-03
1.114828e-03
1.120757e-03
1.126747e-03
1.133709e-03
1.140883e-03
1.147446e-03
1.152881e-03
1.156971e-03
1.159641e-03
1.160649e-03
1.160049e-03
1.157536e-03
1.153985e-03
1.149374e-03
1.144145e-03
1.138473e-03
1.133074e-03
1.128127e-03
1.123497e-03
1.118965e-03
1.114563e-03
1.110599e-03
1.107153e-03
1.104214e-03
1.101595e-03
1.099002e-03
1.096208e-03
1.093267e-03
1.090387e-03
1.087865e-03
1.085778e-03
1.084144e-03
1.082662e-03
1.081179e-03
1.079639e-03
1.078020e-03
1.076186e-03
1.073909e-03
1.071368e-03
1.068743e-03
1.066188e-03
1.063711e-03
1.061299e-03
1.058934e-03
1.056633e-03
1.054350e-03
1.052036e-03
1.049736e-03
1.047402e-03
1.045073e-03
1.041801e-03
1.039337e-03
1.036955e-03
1.034580e-03
1.032315e-03
1.030270e-03
1.028466e-03
1.026900e-03
1.025534e-03
1.024616e-03
1.023979e-03
1.023541e-03
1.023456e-03
1.023362e-03
1.023396e-03
1.023551e-03
1.023875e-03
1.024396e-03
1.025185e-03
1.026319e-03
1.027536e-03
1.029046e-03
1.030687e-03
1.032700e-03
1.034746e-03
1.037044e-03
1.039569e-03
1.042013e-03
1.044998e-03
1.048016e-03
1.051149e-03
1.053773e-03
1.056271e-03
1.058871e-03
1.061436e-03
1.063472e-03
1.065455e-03
1.067709e-03
1.070009e-03
1.072614e-03
1.075259e-03
1.079028e-03
1.082903e-03
1.086741e-03
1.090654e-03
1.093875e-03
1.097318e-03
1.100529e-03
1.104009e-03
1.107284e-03
1.111387e-03
1.116528e-03
1.122450e-03
1.130029e-03
1.139020e-03
1.147984e-03
1.157198e-03
1.166972e-03
1.172554e-03
1.175609e-03
1.182244e-03
1.176033e-03
1.169834e-03
1.160494e-03
1.153086e-03
1.140907e-03
1.133019e-03
1.127030e-03
1.122057e-03
1.117445e-03
1.113411e-03
1.109882e-03
1.107155e-03
1.104622e-03
1.102436e-03
1.099958e-03
1.097027e-03
1.093777e-03
1.090497e-03
1.087538e-03
1.085145e-03
1.083253e-03
1.081660e-03
1.080188e-03
1.078691e-03
1.077072e-03
1.075224e-03
1.073094e-03
1.070756e-03
1.068317e-03
1.065852e-03
1.063419e-03
1.060999e-03
1.058535e-03
1.056093e-03
1.053709e-03
1.051325e-03
1.048941e-03
1.046532e-03
1.044191e-03
1.040745e-03
1.038196e-03
1.035670e-03
1.033179e-03
1.030850e-03
1.028734e-03
1.026858e-03
1.025221e-03
1.024113e-03
1.023128e-03
1.022167e-03
1.021572e-03
1.021329e-03
1.021165e-03
1.021198e-03
1.021482e-03
1.022019e-03
1.022780e-03
1.023663e-03
1.024825e-03
1.026423e-03
1.028072e-03
1.029802e-03
1.031774e-03
1.034168e-03
1.036736e-03
1.039327e-03
1.042144e-03
1.045110e-03
1.047884e-03
1.050727e-03
1.053549e-03
1.056084e-03
1.058278e-03
1.060584e-03
1.063016e-03
1.065753e-03
1.068113e-03
1.070484e-03
1.073149e-03
1.076042e-03
1.079066e-03
1.082108e-03
1.085223e-03
1.088547e-03
1.091751e-03
1.095095e-03
1.098746e-03
1.102156e-03
1.105392e-03
1.108201e-03
1.111557e-03
1.116439e-03
1.122330e-03
1.128227e-03
1.135954e-03
1.145098e-03
1.153625e-03
1.161245e-03
1.168426e-03
1.170512e-03
1.170351e-03
1.163288e-03
1.151229e-03
1.136595e-03
1.124109e-03
1.116637e-03
1.113333e-03
1.111951e-03
1.110399e-03
1.108645e-03
1.106741e-03
1.104967e-03
1.103593e-03
1.102384e-03
1.100954e-03
1.099009e-03
1.096440e-03
1.093334e-03
1.089975e-03
1.086846e-03
1.084257e-03
1.082068e-03
1.080065e-03
1.077984e-03
1.075926e-03
1.073912e-03
1.071689e-03
1.069333e-03
1.067115e-03
1.064982e-03
1.062653e-03
1.060167e-03
1.057655e-03
1.055181e-03
1.052734e-03
1.050303e-03
1.047911e-03
1.045533e-03
1.043185e-03
1.039266e-03
1.036652e-03
1.034129e-03
1.031729e-03
1.029539e-03
1.027559e-03
1.025759e-03
1.024166e-03
1.022746e-03
1.021546e-03
1.020599e-03
1.019897e-03
1.019460e-03
1.019256e-03
1.019301e-03
1.019620e-03
1.020192e-03
1.021008e-03
1.022056e-03
1.023353e-03
1.024892e-03
1.026662e-03
1.028633e-03
1.030830e-03
1.033310e-03
1.036007e-03
1.038809e-03
1.041503e-03
1.044167e-03
1.046922e-03
1.049705e-03
1.052229e-03
1.054655e-03
1.057030e-03
1.059470e-03
1.061749e-03
1.064279e-03
1.066711e-03
1.068832e-03
1.070734e-03
1.073252e-03
1.075722e-03
1.077572e-03
1.079397e-03
1.082768e-03
1.086492e-03
1.090422e-03
1.093900e-03
1.098341e-03
1.102264e-03
1.104774e-03
1.107806e-03
1.111612e-03
1.116606e-03
1.123549e-03
1.135803e-03
1.158174e-03
1.175608e-03
1.185623e-03
1.184195e-03
1.196251e-03
1.199999e-03
1.195231e-03
1.177989e-03
1.159909e-03
1.141179e-03
1.126634e-03
1.116223e-03
1.108566e-03
1.104493e-03
1.103011e-03
1.102459e-03
1.102202e-03
1.101787e-03
1.101143e-03
1.100205e-03
1.098800e-03
1.096885e-03
1.094485e-03
1.091759e-03
1.088999e-03
1.086422e-03
1.084064e-03
1.081800e-03
1.079492e-03
1.077108e-03
1.074683e-03
1.072250e-03
1.069828e-03
1.067434e-03
1.065068e-03
1.062659e-03
1.060172e-03
1.057558e-03
1.054857e-03
1.052154e-03
1.049441e-03
1.046767e-03
1.044119e-03
1.041654e-03
1.037667e-03
1.034844e-03
1.032386e-03
1.030050e-03
1.027912e-03
1.025970e-03
1.024217e-03
1.022682e-03
1.021335e-03
1.020164e-03
1.019122e-03
1.018283e-03
1.017678e-03
1.017341e-03
1.017298e-03
1.017554e-03
1.018087e-03
1.018904e-03
1.019973e-03
1.021322e-03
1.022920e-03
1.024767e-03
1.026818e-03
1.029108e-03
1.031617e-03
1.034336e-03
1.037132e-03
1.039847e-03
1.042517e-03
1.045180e-03
1.047958e-03
1.050674e-03
1.053250e-03
1.055691e-03
1.058115e-03
1.060382e-03
1.062674e-03
1.064669e-03
1.066156e-03
1.067378e-03
1.068285e-03
1.068763e-03
1.069182e-03
1.070250e-03
1.072656e-03
1.076312e-03
1.080942e-03
1.086389e-03
1.092240e-03
1.097496e-03
1.101282e-03
1.103814e-03
1.104997e-03
1.105815e-03
1.113002e-03
1.130358e-03
1.151278e-03
1.177490e-03
1.195226e-03
1.200660e-03
1.201071e-03
1.203499e-03
1.207176e-03
1.196165e-03
1.180923e-03
1.181461e-03
1.135139e-03
1.111806e-03
1.096803e-03
1.097303e-03
1.097170e-03
1.099219e-03
1.100401e-03
1.101139e-03
1.101290e-03
1.100802e-03
1.098010e-03
1.097832e-03
1.094266e-03
1.092483e-03
1.090313e-03
1.088165e-03
1.085981e-03
1.083848e-03
1.081659e-03
1.079107e-03
1.076498e-03
1.073743e-03
1.070976e-03
1.068243e-03
1.065695e-03
1.063008e-03
1.060090e-03
1.057151e-03
1.054157e-03
1.051222e-03
1.048468e-03
1.045831e-03
1.043235e-03
1.040589e-03
1.036730e-03
1.034000e-03
1.031388e-03
1.028900e-03
1.026447e-03
1.024323e-03
1.022520e-03
1.020870e-03
1.019421e-03
1.018173e-03
1.016994e-03
1.016095e-03
1.015560e-03
1.015304e-03
1.015297e-03
1.015729e-03
1.016430e-03
1.017404e-03
1.018653e-03
1.020175e-03
1.021970e-03
1.023667e-03
1.025952e-03
1.028389e-03
1.030772e-03
1.033420e-03
1.036224e-03
1.038802e-03
1.041066e-03
1.043525e-03
1.046273e-03
1.049081e-03
1.051835e-03
1.054401e-03
1.056790e-03
1.058809e-03
1.060413e-03
1.061635e-03
1.062538e-03
1.063164e-03
1.063611e-03
1.064054e-03
1.064921e-03
1.066856e-03
1.070257e-03
1.074989e-03
1.080571e-03
1.086839e-03
1.093397e-03
1.099338e-03
1.104569e-03
1.109141e-03
1.112511e-03
1.115728e-03
1.128218e-03
1.156912e-03
1.174069e-03
1.171208e-03
1.171876e-03
1.162882e-03
1.164155e-03
1.172228e-03
1.169124e-03
1.194595e-03
1.185347e-03
1.158312e-03
1.131710e-03
1.111508e-03
1.093248e-03
1.091614e-03
1.097428e-03
1.103914e-03
1.106651e-03
1.106252e-03
1.104153e-03
1.101407e-03
1.098255e-03
1.094946e-03
1.092638e-03
1.090546e-03
1.088626e-03
1.086870e-03
1.085211e-03
1.083602e-03
1.081870e-03
1.079766e-03
1.077331e-03
1.074649e-03
1.071879e-03
1.069044e-03
1.066203e-03
1.063338e-03
1.060454e-03
1.057365e-03
1.054084e-03
1.050801e-03
1.047625e-03
1.044702e-03
1.041912e-03
1.039341e-03
1.035326e-03
1.032625e-03
1.030024e-03
1.027454e-03
1.025077e-03
1.022923e-03
1.020941e-03
1.019182e-03
1.017674e-03
1.016314e-03
1.015092e-03
1.014117e-03
1.013480e-03
1.013207e-03
1.013282e-03
1.013694e-03
1.014426e-03
1.015426e-03
1.016678e-03
1.018220e-03
1.020118e-03
1.022191e-03
1.024405e-03
1.026894e-03
1.029653e-03
1.032395e-03
1.035013e-03
1.037558e-03
1.040221e-03
1.042900e-03
1.045803e-03
1.048772e-03
1.051669e-03
1.054339e-03
1.056623e-03
1.058329e-03
1.059479e-03
1.060262e-03
1.060806e-03
1.061299e-03
1.061843e-03
1.062611e-03
1.063932e-03
1.066113e-03
1.069264e-03
1.073472e-03
1.078736e-03
1.084839e-03
1.090946e-03
1.097258e-03
1.104822e-03
1.115933e-03
1.133872e-03
1.158813e-03
1.182978e-03
1.194071e-03
1.189009e-03
1.162083e-03
1.128267e-03
1.100530e-03
1.085563e-03
1.085833e-03
1.101334e-03
1.128697e-03
1.164965e-03
1.196483e-03
1.205106e-03
1.179473e-03
1.140912e-03
1.118743e-03
1.113530e-03
1.115167e-03
1.115606e-03
1.112241e-03
1.106692e-03
1.100726e-03
1.095695e-03
1.092291e-03
1.090310e-03
1.089030e-03
1.087765e-03
1.086280e-03
1.084649e-03
1.083050e-03
1.081524e-03
1.079876e-03
1.077936e-03
1.075715e-03
1.073210e-03
1.070439e-03
1.067453e-03
1.064353e-03
1.061242e-03
1.057920e-03
1.054395e-03
1.050845e-03
1.047397e-03
1.044118e-03
1.040991e-03
1.038057e-03
1.033865e-03
1.031072e-03
1.028475e-03
1.025943e-03
1.023580e-03
1.021417e-03
1.019399e-03
1.017543e-03
1.015905e-03
1.014434e-03
1.013155e-03
1.012149e-03
1.011474e-03
1.011168e-03
1.011258e-03
1.011744e-03
1.012584e-03
1.013721e-03
1.015105e-03
1.016711e-03
1.018613e-03
1.020808e-03
1.023333e-03
1.026120e-03
1.029001e-03
1.031836e-03
1.034542e-03
1.037114e-03
1.039744e-03
1.042609e-03
1.045685e-03
1.048749e-03
1.051570e-03
1.054045e-03
1.056037e-03
1.057433e-03
1.058325e-03
1.058975e-03
1.059650e-03
1.060515e-03
1.061630e-03
1.063035e-03
1.064965e-03
1.067613e-03
1.070921e-03
1.075112e-03
1.080239e-03
1.086629e-03
1.095003e-03
1.107447e-03
1.127918e-03
1.160568e-03
1.209068e-03
1.254146e-03
1.266104e-03
1.231530e-03
1.159036e-03
1.077781e-03
1.016430e-03
9.802431e-04
9.652948e-04
9.653821e-04
9.797301e-04
1.014048e-03
1.076180e-03
1.166716e-03
1.263702e-03
1.307006e-03
1.264816e-03
1.195776e-03
1.156633e-03
1.140490e-03
1.132730e-03
1.124570e-03
1.115392e-03
1.106647e-03
1.099732e-03
1.094916e-03
1.091898e-03
1.089797e-03
1.087881e-03
1.085758e-03
1.083435e-03
1.081215e-03
1.079254e-03
1.077509e-03
1.075833e-03
1.074128e-03
1.072216e-03
1.069976e-03
1.067351e-03
1.064459e-03
1.061337e-03
1.057957e-03
1.054326e-03
1.050525e-03
1.046694e-03
1.043011e-03
1.039538e-03
1.036458e-03
1.032420e-03
1.029396e-03
1.026746e-03
1.024246e-03
1.021934e-03
1.019785e-03
1.017746e-03
1.015840e-03
1.014112e-03
1.012557e-03
1.011192e-03
1.010119e-03
1.009414e-03
1.009100e-03
1.009218e-03
1.009764e-03
1.010666e-03
1.011867e-03
1.013323e-03
1.015026e-03
1.017062e-03
1.019440e-03
1.022227e-03
1.025261e-03
1.028331e-03
1.031281e-03
1.034060e-03
1.036767e-03
1.039579e-03
1.042600e-03
1.045742e-03
1.048784e-03
1.051491e-03
1.053692e-03
1.055333e-03
1.056419e-03
1.057008e-03
1.057404e-03
1.057849e-03
1.058429e-03
1.059129e-03
1.059941e-03
1.061670e-03
1.064584e-03
1.068386e-03
1.073493e-03
1.081163e-03
1.093696e-03
1.113614e-03
1.146780e-03
1.197892e-03
1.265502e-03
1.325069e-03
1.324148e-03
1.241448e-03
1.124654e-03
1.029712e-03
9.776964e-04
9.608008e-04
9.599944e-04
9.634468e-04
9.670830e-04
9.703179e-04
9.758898e-04
9.940242e-04
1.049513e-03
1.161678e-03
1.304234e-03
1.382553e-03
1.339607e-03
1.252097e-03
1.191538e-03
1.158648e-03
1.139324e-03
1.125080e-03
1.113275e-03
1.103325e-03
1.096213e-03
1.092162e-03
1.089635e-03
1.087355e-03
1.084829e-03
1.082162e-03
1.079656e-03
1.077485e-03
1.075660e-03
1.074117e-03
1.072735e-03
1.071300e-03
1.069546e-03
1.067285e-03
1.064507e-03
1.061361e-03
1.057981e-03
1.054371e-03
1.050550e-03
1.046650e-03
1.042831e-03
1.039158e-03
1.035810e-03
1.031415e-03
1.028170e-03
1.025182e-03
1.022406e-03
1.019837e-03
1.017480e-03
1.015319e-03
1.013299e-03
1.011453e-03
1.009838e-03
1.008489e-03
1.007467e-03
1.006897e-03
1.006650e-03
1.006815e-03
1.007455e-03
1.008476e-03
1.009806e-03
1.011414e-03
1.013286e-03
1.015495e-03
1.018140e-03
1.021160e-03
1.024346e-03
1.027460e-03
1.030333e-03
1.033003e-03
1.035690e-03
1.038558e-03
1.041583e-03
1.044575e-03
1.047295e-03
1.049589e-03
1.051434e-03
1.052840e-03
1.053849e-03
1.054531e-03
1.055029e-03
1.055557e-03
1.055762e-03
1.054954e-03
1.054546e-03
1.055681e-03
1.058945e-03
1.063647e-03
1.069932e-03
1.081775e-03
1.107693e-03
1.152989e-03
1.216798e-03
1.289336e-03
1.331350e-03
1.297592e-03
1.188678e-03
1.070599e-03
9.978395e-04
9.755509e-04
9.761863e-04
9.827990e-04
9.901318e-04
9.958533e-04
9.996575e-04
1.001226e-03
1.000817e-03
1.000197e-03
1.006303e-03
1.041679e-03
1.148718e-03
1.308834e-03
1.399843e-03
1.350105e-03
1.256260e-03
1.189397e-03
1.150937e-03
1.129813e-03
1.115808e-03
1.103229e-03
1.095121e-03
1.089295e-03
1.085077e-03
1.082271e-03
1.080204e-03
1.078254e-03
1.076183e-03
1.074078e-03
1.072062e-03
1.070237e-03
1.068687e-03
1.067439e-03
1.066263e-03
1.064806e-03
1.062891e-03
1.060563e-03
1.057812e-03
1.054589e-03
1.050921e-03
1.046924e-03
1.042780e-03
1.038671e-03
1.034927e-03
1.030256e-03
1.026738e-03
1.023617e-03
1.020689e-03
1.017942e-03
1.015432e-03
1.013187e-03
1.011123e-03
1.009286e-03
1.007762e-03
1.006479e-03
1.005390e-03
1.004745e-03
1.004361e-03
1.004393e-03
1.004906e-03
1.005877e-03
1.007305e-03
1.009164e-03
1.011374e-03
1.013834e-03
1.016437e-03
1.019106e-03
1.021767e-03
1.024437e-03
1.027225e-03
1.030211e-03
1.033373e-03
1.036592e-03
1.039696e-03
1.042378e-03
1.044441e-03
1.045746e-03
1.046568e-03
1.047095e-03
1.047816e-03
1.049066e-03
1.050759e-03
1.052135e-03
1.052356e-03
1.050220e-03
1.046721e-03
1.044022e-03
1.043784e-03
1.048227e-03
1.060238e-03
1.088131e-03
1.140483e-03
1.210944e-03
1.275715e-03
1.294326e-03
1.229673e-03
1.115992e-03
1.020525e-03
9.813740e-04
9.813051e-04
9.924597e-04
1.002365e-03
1.008662e-03
1.012928e-03
1.016275e-03
1.019438e-03
1.022223e-03
1.024094e-03
1.023844e-03
1.020417e-03
1.016734e-03
1.036396e-03
1.132145e-03
1.286964e-03
1.356435e-03
1.303357e-03
1.218961e-03
1.160628e-03
1.128182e-03
1.111264e-03
1.099450e-03
1.090483e-03
1.083609e-03
1.078987e-03
1.077084e-03
1.076153e-03
1.075840e-03
1.075038e-03
1.073578e-03
1.071924e-03
1.069998e-03
1.067790e-03
1.065957e-03
1.064314e-03
1.062764e-03
1.061087e-03
1.059346e-03
1.056835e-03
1.054049e-03
1.050745e-03
1.046837e-03
1.042721e-03
1.038326e-03
1.034145e-03
1.029146e-03
1.025375e-03
1.022079e-03
1.019051e-03
1.016323e-03
1.013767e-03
1.011426e-03
1.009262e-03
1.007345e-03
1.005710e-03
1.004345e-03
1.003281e-03
1.002554e-03
1.002203e-03
1.002245e-03
1.002735e-03
1.003681e-03
1.005097e-03
1.006972e-03
1.009229e-03
1.011757e-03
1.014433e-03
1.017160e-03
1.019881e-03
1.022666e-03
1.025668e-03
1.028978e-03
1.032529e-03
1.036124e-03
1.039459e-03
1.042171e-03
1.043875e-03
1.044518e-03
1.044543e-03
1.044645e-03
1.045175e-03
1.046303e-03
1.047667e-03
1.049039e-03
1.050306e-03
1.050408e-03
1.049997e-03
1.050029e-03
1.052214e-03
1.065316e-03
1.098739e-03
1.153033e-03
1.215869e-03
1.260098e-03
1.241317e-03
1.156406e-03
1.051220e-03
9.852192e-04
9.733248e-04
9.874187e-04
1.005065e-03
1.017661e-03
1.023809e-03
1.026087e-03
1.027281e-03
1.028855e-03
1.031575e-03
1.035248e-03
1.039279e-03
1.042089e-03
1.040715e-03
1.031207e-03
1.017640e-03
1.027245e-03
1.116270e-03
1.256238e-03
1.320492e-03
1.275933e-03
1.203767e-03
1.151988e-03
1.122954e-03
1.105843e-03
1.094747e-03
1.087135e-03
1.082801e-03
1.080540e-03
1.079483e-03
1.078754e-03
1.077720e-03
1.076164e-03
1.074572e-03
1.072925e-03
1.071297e-03
1.069474e-03
1.067433e-03
1.065116e-03
1.062626e-03
1.059829e-03
1.056687e-03
1.053293e-03
1.049661e-03
1.045792e-03
1.041692e-03
1.037443e-03
1.033265e-03
1.028279e-03
1.024182e-03
1.020593e-03
1.017315e-03
1.014242e-03
1.011537e-03
1.009082e-03
1.006876e-03
1.004943e-03
1.003289e-03
1.001928e-03
1.000911e-03
1.000253e-03
9.999487e-04
9.999842e-04
1.000403e-03
1.001298e-03
1.002758e-03
1.004747e-03
1.007084e-03
1.009556e-03
1.012074e-03
1.014742e-03
1.017767e-03
1.021372e-03
1.025511e-03
1.029876e-03
1.034079e-03
1.037808e-03
1.040763e-03
1.042937e-03
1.044267e-03
1.044807e-03
1.044360e-03
1.043682e-03
1.043345e-03
1.043821e-03
1.045083e-03
1.047898e-03
1.052321e-03
1.058567e-03
1.065028e-03
1.073666e-03
1.091893e-03
1.124836e-03
1.167007e-03
1.209297e-03
1.220982e-03
1.169530e-03
1.076203e-03
9.952466e-04
9.617259e-04
9.687509e-04
9.909320e-04
1.012926e-03
1.028095e-03
1.035850e-03
1.038041e-03
1.037584e-03
1.037017e-03
1.037657e-03
1.040095e-03
1.044202e-03
1.049454e-03
1.054364e-03
1.056032e-03
1.049347e-03
1.031290e-03
1.008835e-03
1.014231e-03
1.101654e-03
1.235727e-03
1.294312e-03
1.254745e-03
1.189721e-03
1.143104e-03
1.114085e-03
1.096775e-03
1.086627e-03
1.081377e-03
1.079623e-03
1.079400e-03
1.079244e-03
1.078207e-03
1.076567e-03
1.075084e-03
1.073767e-03
1.072224e-03
1.070268e-03
1.068155e-03
1.065918e-03
1.063361e-03
1.060446e-03
1.057213e-03
1.053694e-03
1.049874e-03
1.046516e-03
1.042207e-03
1.037590e-03
1.032874e-03
1.027389e-03
1.023006e-03
1.019106e-03
1.015540e-03
1.012367e-03
1.009519e-03
1.006952e-03
1.004676e-03
1.002724e-03
1.001079e-03
9.997329e-04
9.987025e-04
9.979736e-04
9.975670e-04
9.975111e-04
9.978708e-04
9.987443e-04
1.000212e-03
1.002248e-03
1.004676e-03
1.007290e-03
1.010011e-03
1.012964e-03
1.016388e-03
1.020386e-03
1.024899e-03
1.029683e-03
1.034410e-03
1.038653e-03
1.041934e-03
1.044403e-03
1.045914e-03
1.046614e-03
1.047160e-03
1.047632e-03
1.048082e-03
1.047495e-03
1.046412e-03
1.045283e-03
1.047536e-03
1.056376e-03
1.080426e-03
1.115048e-03
1.168078e-03
1.205899e-03
1.214080e-03
1.173826e-03
1.091987e-03
1.007659e-03
9.574582e-04
9.513750e-04
9.685301e-04
9.934684e-04
1.016648e-03
1.033517e-03
1.043254e-03
1.047054e-03
1.046843e-03
1.045088e-03
1.043814e-03
1.044089e-03
1.046394e-03
1.050622e-03
1.056331e-03
1.062236e-03
1.065896e-03
1.062789e-03
1.048716e-03
1.022756e-03
9.953984e-04
1.000848e-03
1.086459e-03
1.209875e-03
1.261137e-03
1.236235e-03
1.172653e-03
1.124000e-03
1.097043e-03
1.083900e-03
1.076350e-03
1.072015e-03
1.071156e-03
1.071898e-03
1.071501e-03
1.072546e-03
1.072918e-03
1.073179e-03
1.072655e-03
1.071714e-03
1.070194e-03
1.067944e-03
1.065092e-03
1.061808e-03
1.058193e-03
1.054336e-03
1.050269e-03
1.046006e-03
1.041489e-03
1.036808e-03
1.032039e-03
1.026140e-03
1.021599e-03
1.017562e-03
1.013907e-03
1.010618e-03
1.007676e-03
1.005063e-03
1.002779e-03
1.000823e-03
9.991414e-04
9.977590e-04
9.967047e-04
9.959301e-04
9.955453e-04
9.955358e-04
9.959258e-04
9.967579e-04
9.981522e-04
1.000063e-03
1.002398e-03
1.005103e-03
1.008185e-03
1.011855e-03
1.016070e-03
1.020764e-03
1.025976e-03
1.031167e-03
1.036031e-03
1.040386e-03
1.043843e-03
1.046189e-03
1.047536e-03
1.048179e-03
1.048940e-03
1.050667e-03
1.051473e-03
1.053082e-03
1.054070e-03
1.058475e-03
1.071589e-03
1.103114e-03
1.142870e-03
1.187140e-03
1.212185e-03
1.183477e-03
1.107094e-03
1.020351e-03
9.596078e-04
9.410203e-04
9.505946e-04
9.722639e-04
9.961100e-04
1.017795e-03
1.034736e-03
1.045962e-03
1.051721e-03
1.053171e-03
1.051849e-03
1.049707e-03
1.048331e-03
1.048576e-03
1.050823e-03
1.054988e-03
1.060676e-03
1.066852e-03
1.071586e-03
1.071218e-03
1.062029e-03
1.041229e-03
1.010999e-03
9.832150e-04
9.889315e-04
1.067720e-03
1.185586e-03
1.248004e-03
1.224725e-03
1.168303e-03
1.118926e-03
1.088701e-03
1.071042e-03
1.065387e-03
1.062690e-03
1.063484e-03
1.066587e-03
1.069772e-03
1.072128e-03
1.073634e-03
1.074349e-03
1.073845e-03
1.072421e-03
1.069993e-03
1.066722e-03
1.062893e-03
1.058715e-03
1.054336e-03
1.049855e-03
1.045311e-03
1.040642e-03
1.035828e-03
1.030925e-03
1.024485e-03
1.019980e-03
1.015880e-03
1.012142e-03
1.008777e-03
1.005802e-03
1.003192e-03
1.000928e-03
9.989778e-04
9.972990e-04
9.959036e-04
9.948335e-04
9.941130e-04
9.937339e-04
9.937251e-04
9.941027e-04
9.947836e-04
9.959978e-04
9.978448e-04
1.000185e-03
1.002999e-03
1.006346e-03
1.010352e-03
1.015020e-03
1.020190e-03
1.025795e-03
1.031268e-03
1.036266e-03
1.040792e-03
1.044609e-03
1.047403e-03
1.048886e-03
1.049062e-03
1.049038e-03
1.049679e-03
1.051834e-03
1.057361e-03
1.069196e-03
1.097302e-03
1.144294e-03
1.195916e-03
1.222848e-03
1.200161e-03
1.126784e-03
1.036812e-03
9.661605e-04
9.371678e-04
9.401474e-04
9.569092e-04
9.780966e-04
9.990720e-04
1.017664e-03
1.033187e-03
1.044846e-03
1.052287e-03
1.055749e-03
1.056060e-03
1.054454e-03
1.052472e-03
1.051329e-03
1.051707e-03
1.053924e-03
1.057917e-03
1.063340e-03
1.069347e-03
1.074435e-03
1.075743e-03
1.070410e-03
1.055835e-03
1.031629e-03
1.001031e-03
9.745799e-04
9.775305e-04
1.047715e-03
1.161091e-03
1.238539e-03
1.232493e-03
1.171064e-03
1.114963e-03
1.079063e-03
1.066363e-03
1.061319e-03
1.062236e-03
1.066356e-03
1.070906e-03
1.074023e-03
1.075937e-03
1.076814e-03
1.076574e-03
1.074711e-03
1.071763e-03
1.068171e-03
1.064028e-03
1.059460e-03
1.054769e-03
1.050006e-03
1.045104e-03
1.040017e-03
1.034787e-03
1.029536e-03
1.022776e-03
1.018107e-03
1.013977e-03
1.010276e-03
1.006942e-03
1.003990e-03
1.001383e-03
9.990750e-04
9.970874e-04
9.953578e-04
9.939407e-04
9.927906e-04
9.919423e-04
9.914880e-04
9.914451e-04
9.917577e-04
9.926163e-04
9.937914e-04
9.955144e-04
9.978831e-04
1.000897e-03
1.004639e-03
1.009232e-03
1.014501e-03
1.020175e-03
1.025887e-03
1.031141e-03
1.035885e-03
1.040136e-03
1.043815e-03
1.046660e-03
1.048438e-03
1.049073e-03
1.049620e-03
1.052622e-03
1.061584e-03
1.081831e-03
1.121229e-03
1.181146e-03
1.232067e-03
1.232309e-03
1.164036e-03
1.064093e-03
9.796992e-04
9.383807e-04
9.347253e-04
9.475513e-04
9.661393e-04
9.849384e-04
1.002036e-03
1.017226e-03
1.030358e-03
1.041232e-03
1.049388e-03
1.054519e-03
1.056742e-03
1.056667e-03
1.055242e-03
1.053675e-03
1.052911e-03
1.053501e-03
1.055710e-03
1.059486e-03
1.064528e-03
1.070154e-03
1.075211e-03
1.077491e-03
1.074830e-03
1.065177e-03
1.047851e-03
1.023435e-03
9.947232e-04
9.694415e-04
9.681137e-04
1.025104e-03
1.131904e-03
1.217973e-03
1.219914e-03
1.166436e-03
1.115016e-03
1.084816e-03
1.077051e-03
1.078508e-03
1.081435e-03
1.083541e-03
1.084223e-03
1.084236e-03
1.083470e-03
1.081747e-03
1.078944e-03
1.075203e-03
1.070773e-03
1.065735e-03
1.060246e-03
1.054716e-03
1.049274e-03
1.043895e-03
1.038538e-03
1.033178e-03
1.027897e-03
1.020692e-03
1.016008e-03
1.011870e-03
1.008249e-03
1.005053e-03
1.002238e-03
9.997363e-04
9.975225e-04
9.955902e-04
9.939432e-04
9.925712e-04
9.914339e-04
9.905749e-04
9.900500e-04
9.898878e-04
9.901199e-04
9.907579e-04
9.918737e-04
9.935424e-04
9.959082e-04
9.990703e-04
1.003075e-03
1.007900e-03
1.013404e-03
1.019234e-03
1.025054e-03
1.030652e-03
1.035936e-03
1.040856e-03
1.045239e-03
1.048711e-03
1.051021e-03
1.052826e-03
1.056605e-03
1.067252e-03
1.096664e-03
1.150549e-03
1.215267e-03
1.248542e-03
1.210343e-03
1.111715e-03
1.008660e-03
9.462776e-04
9.318163e-04
9.420496e-04
9.586264e-04
9.755297e-04
9.909349e-04
1.004490e-03
1.016500e-03
1.027183e-03
1.036653e-03
1.044604e-03
1.050663e-03
1.054512e-03
1.056179e-03
1.056119e-03
1.055078e-03
1.054004e-03
1.053637e-03
1.054428e-03
1.056607e-03
1.060123e-03
1.064714e-03
1.069830e-03
1.074574e-03
1.077267e-03
1.076227e-03
1.069977e-03
1.058009e-03
1.040397e-03
1.017870e-03
9.918171e-04
9.681754e-04
9.608586e-04
1.000707e-03
1.094635e-03
1.188531e-03
1.222159e-03
1.197310e-03
1.150728e-03
1.118270e-03
1.099220e-03
1.091818e-03
1.089809e-03
1.088705e-03
1.087751e-03
1.086455e-03
1.084240e-03
1.080850e-03
1.076604e-03
1.071756e-03
1.066311e-03
1.060462e-03
1.054539e-03
1.048685e-03
1.042876e-03
1.037083e-03
1.031374e-03
1.025810e-03
1.018388e-03
1.013771e-03
1.009775e-03
1.006316e-03
1.003308e-03
1.000649e-03
9.982611e-04
9.961497e-04
9.941828e-04
9.925423e-04
9.911226e-04
9.899280e-04
9.890604e-04
9.885214e-04
9.884232e-04
9.885019e-04
9.890838e-04
9.901195e-04
9.917257e-04
9.940012e-04
9.971005e-04
1.001058e-03
1.005874e-03
1.011445e-03
1.017555e-03
1.024089e-03
1.030844e-03
1.037420e-03
1.043611e-03
1.049139e-03
1.053914e-03
1.058937e-03
1.065532e-03
1.080509e-03
1.114804e-03
1.177888e-03
1.239271e-03
1.250364e-03
1.177659e-03
1.058950e-03
9.679912e-04
9.329331e-04
9.361196e-04
9.519852e-04
9.695391e-04
9.844228e-04
9.965701e-04
1.007013e-03
1.016226e-03
1.024634e-03
1.032375e-03
1.039431e-03
1.045480e-03
1.050181e-03
1.053237e-03
1.054637e-03
1.054733e-03
1.054104e-03
1.053494e-03
1.053490e-03
1.054453e-03
1.056570e-03
1.059803e-03
1.063928e-03
1.068508e-03
1.072849e-03
1.075660e-03
1.075664e-03
1.071773e-03
1.063656e-03
1.051388e-03
1.035213e-03
1.015222e-03
9.921812e-04
9.693480e-04
9.569130e-04
9.789366e-04
1.056569e-03
1.160862e-03
1.233368e-03
1.241009e-03
1.205470e-03
1.154016e-03
1.117690e-03
1.102158e-03
1.095331e-03
1.092147e-03
1.089535e-03
1.086370e-03
1.082282e-03
1.077696e-03
1.072602e-03
1.066829e-03
1.060556e-03
1.054095e-03
1.047708e-03
1.041491e-03
1.035421e-03
1.029504e-03
1.023686e-03
1.016068e-03
1.011594e-03
1.007689e-03
1.004394e-03
1.001621e-03
9.992227e-04
9.970596e-04
9.950629e-04
9.932662e-04
9.916696e-04
9.902643e-04
9.890493e-04
9.881215e-04
9.875039e-04
9.871666e-04
9.871506e-04
9.875434e-04
9.883867e-04
9.897743e-04
9.918763e-04
9.948386e-04
9.987797e-04
1.003713e-03
1.009521e-03
1.016078e-03
1.023207e-03
1.030593e-03
1.038006e-03
1.045104e-03
1.051149e-03
1.057665e-03
1.067230e-03
1.087552e-03
1.131682e-03
1.204572e-03
1.266143e-03
1.251095e-03
1.145058e-03
1.021838e-03
9.476931e-04
9.327804e-04
9.447449e-04
9.629546e-04
9.792361e-04
9.918821e-04
1.001618e-03
1.009478e-03
1.016396e-03
1.022807e-03
1.028958e-03
1.034839e-03
1.040338e-03
1.045141e-03
1.048958e-03
1.051518e-03
1.052802e-03
1.053081e-03
1.052813e-03
1.052585e-03
1.052864e-03
1.053937e-03
1.055958e-03
1.058900e-03
1.062563e-03
1.066595e-03
1.070464e-03
1.073169e-03
1.073719e-03
1.071328e-03
1.065804e-03
1.057252e-03
1.045877e-03
1.031620e-03
1.014528e-03
9.945940e-04
9.736564e-04
9.583418e-04
9.655389e-04
1.024344e-03
1.128346e-03
1.225695e-03
1.259523e-03
1.223913e-03
1.168403e-03
1.127055e-03
1.107288e-03
1.098248e-03
1.093181e-03
1.088363e-03
1.083292e-03
1.078079e-03
1.072448e-03
1.066241e-03
1.059670e-03
1.052876e-03
1.046087e-03
1.039478e-03
1.033099e-03
1.027020e-03
1.021285e-03
1.013737e-03
1.009426e-03
1.005773e-03
1.002761e-03
1.000270e-03
9.981564e-04
9.962574e-04
9.944430e-04
9.927324e-04
9.911681e-04
9.897698e-04
9.885802e-04
9.876440e-04
9.869443e-04
9.864553e-04
9.862546e-04
9.864026e-04
9.869445e-04
9.879811e-04
9.897095e-04
9.923510e-04
9.960809e-04
1.000976e-03
1.006945e-03
1.013957e-03
1.021891e-03
1.030300e-03
1.038929e-03
1.047513e-03
1.055288e-03
1.066517e-03
1.089631e-03
1.135866e-03
1.208669e-03
1.266467e-03
1.231160e-03
1.107262e-03
9.883316e-04
9.354239e-04
9.350663e-04
9.528740e-04
9.720285e-04
9.873719e-04
9.984378e-04
1.006346e-03
1.012351e-03
1.017356e-03
1.022060e-03
1.026672e-03
1.031316e-03
1.035901e-03
1.040285e-03
1.044184e-03
1.047351e-03
1.049556e-03
1.050779e-03
1.051224e-03
1.051255e-03
1.051335e-03
1.051834e-03
1.052975e-03
1.054883e-03
1.057523e-03
1.060755e-03
1.064284e-03
1.067684e-03
1.070184e-03
1.071026e-03
1.069626e-03
1.065879e-03
1.059928e-03
1.051992e-03
1.042104e-03
1.030261e-03
1.016173e-03
9.994820e-04
9.806560e-04
9.637650e-04
9.607020e-04
9.974174e-04
1.087623e-03
1.192293e-03
1.247271e-03
1.246558e-03
1.193535e-03
1.146856e-03
1.120007e-03
1.104956e-03
1.092174e-03
1.083853e-03
1.077448e-03
1.071247e-03
1.064858e-03
1.058097e-03
1.051114e-03
1.043962e-03
1.036936e-03
1.030358e-03
1.024363e-03
1.018819e-03
1.011568e-03
1.007600e-03
1.004258e-03
1.001487e-03
9.992363e-04
9.973800e-04
9.957341e-04
9.941649e-04
9.926526e-04
9.912260e-04
9.899246e-04
9.887842e-04
9.877979e-04
9.869607e-04
9.862907e-04
9.858740e-04
9.857438e-04
9.859118e-04
9.864639e-04
9.876901e-04
9.899037e-04
9.933512e-04
9.981668e-04
1.004354e-03
1.011902e-03
1.020726e-03
1.030328e-03
1.040336e-03
1.050981e-03
1.063120e-03
1.085951e-03
1.135948e-03
1.218562e-03
1.269550e-03
1.212654e-03
1.075178e-03
9.640711e-04
9.282035e-04
9.379825e-04
9.591401e-04
9.789096e-04
9.936590e-04
1.003802e-03
1.010610e-03
1.015316e-03
1.018992e-03
1.022252e-03
1.025560e-03
1.029000e-03
1.032614e-03
1.036279e-03
1.039839e-03
1.043057e-03
1.045720e-03
1.047640e-03
1.048802e-03
1.049375e-03
1.049624e-03
1.049924e-03
1.050571e-03
1.051736e-03
1.053519e-03
1.055892e-03
1.058731e-03
1.061788e-03
1.064747e-03
1.066997e-03
1.067952e-03
1.067170e-03
1.064601e-03
1.060408e-03
1.054800e-03
1.047871e-03
1.039712e-03
1.030167e-03
1.018822e-03
1.005019e-03
9.884824e-04
9.716054e-04
9.617736e-04
9.787859e-04
1.050967e-03
1.162870e-03
1.255527e-03
1.277675e-03
1.235249e-03
1.174443e-03
1.127620e-03
1.101123e-03
1.087441e-03
1.078649e-03
1.071041e-03
1.063619e-03
1.056450e-03
1.049276e-03
1.042026e-03
1.034789e-03
1.027977e-03
1.021812e-03
1.016182e-03
1.009405e-03
1.005951e-03
1.003069e-03
1.000848e-03
9.990140e-04
9.974872e-04
9.960810e-04
9.946453e-04
9.932618e-04
9.918937e-04
9.906190e-04
9.894487e-04
9.883708e-04
9.874974e-04
9.866447e-04
9.859445e-04
9.853829e-04
9.850253e-04
9.850389e-04
9.856950e-04
9.874099e-04
9.902907e-04
9.947380e-04
1.000910e-03
1.008811e-03
1.018478e-03
1.029784e-03
1.042531e-03
1.060090e-03
1.089188e-03
1.142630e-03
1.222949e-03
1.265615e-03
1.191257e-03
1.048383e-03
9.471674e-04
9.237002e-04
9.400149e-04
9.637138e-04
9.837795e-04
9.982626e-04
1.007944e-03
1.014207e-03
1.018259e-03
1.021054e-03
1.023325e-03
1.025493e-03
1.027863e-03
1.030468e-03
1.033303e-03
1.036250e-03
1.039154e-03
1.041822e-03
1.044073e-03
1.045760e-03
1.046864e-03
1.047512e-03
1.047922e-03
1.048384e-03
1.049128e-03
1.050290e-03
1.051944e-03
1.054069e-03
1.056561e-03
1.059231e-03
1.061800e-03
1.063805e-03
1.064789e-03
1.064422e-03
1.062675e-03
1.059714e-03
1.055746e-03
1.050893e-03
1.045287e-03
1.038908e-03
1.031533e-03
1.022536e-03
1.011077e-03
9.966877e-04
9.799604e-04
9.657287e-04
9.688413e-04
1.020491e-03
1.127602e-03
1.242963e-03
1.290260e-03
1.255916e-03
1.187628e-03
1.132168e-03
1.100885e-03
1.084319e-03
1.073244e-03
1.064439e-03
1.056037e-03
1.047911e-03
1.039996e-03
1.032306e-03
1.025251e-03
1.019143e-03
1.013801e-03
1.007507e-03
1.004583e-03
1.002222e-03
1.000394e-03
9.989663e-04
9.977921e-04
9.967296e-04
9.956730e-04
9.945856e-04
9.934667e-04
9.923383e-04
9.912129e-04
9.900957e-04
9.889716e-04
9.878588e-04
9.867849e-04
9.857828e-04
9.849187e-04
9.843366e-04
9.843271e-04
9.852476e-04
9.874672e-04
9.914103e-04
9.974210e-04
1.005812e-03
1.016665e-03
1.030116e-03
1.047835e-03
1.080147e-03
1.135525e-03
1.216349e-03
1.257725e-03
1.176145e-03
1.028943e-03
9.347690e-04
9.198590e-04
9.403121e-04
9.661080e-04
9.868779e-04
1.001432e-03
1.011091e-03
1.017178e-03
1.020945e-03
1.023287e-03
1.024904e-03
1.026302e-03
1.027754e-03
1.029475e-03
1.031463e-03
1.033698e-03
1.036070e-03
1.038438e-03
1.040646e-03
1.042543e-03
1.044009e-03
1.045037e-03
1.045724e-03
1.046233e-03
1.046799e-03
1.047598e-03
1.048736e-03
1.050268e-03
1.052174e-03
1.054367e-03
1.056700e-03
1.058940e-03
1.060724e-03
1.061704e-03
1.061622e-03
1.060463e-03
1.058383e-03
1.055572e-03
1.052154e-03
1.048277e-03
1.043996e-03
1.039257e-03
1.033656e-03
1.026436e-03
1.016891e-03
1.004154e-03
9.878064e-04
9.711129e-04
9.644986e-04
9.946914e-04
1.084834e-03
1.201235e-03
1.270299e-03
1.253189e-03
1.188310e-03
1.129227e-03
1.093463e-03
1.075399e-03
1.065745e-03
1.056801e-03
1.047097e-03
1.038076e-03
1.029718e-03
1.022271e-03
1.016101e-03
1.011246e-03
