-1.232594e-04
-1.216076e-04
-1.206402e-04
-1.204820e-04
-1.211072e-04
-1.224530e-04
-1.242714e-04
-1.261713e-04
-1.278131e-04
-1.290745e-04
-1.299833e-04
-1.307009e-04
-1.314184e-04
-1.323454e-04
-1.335081e-04
-1.348019e-04
-1.359862e-04
-1.367473e-04
-1.369123e-04
-1.363700e-04
-1.352713e-04
-1.333205e-04
-1.304977e-04
-1.268994e-04
-1.233272e-04
-1.209208e-04
-1.209975e-04
-1.313085e-04
-1.662709e-04
-2.347068e-04
-2.728879e-04
-2.100435e-04
-1.001780e-04
-2.964112e-05
-1.383040e-05
-3.125653e-05
-5.617070e-05
-7.743956e-05
-9.319597e-05
-1.043057e-04
-1.120777e-04
-1.175999e-04
-1.216302e-04
-1.246797e-04
-1.270636e-04
-1.289409e-04
-1.303966e-04
-1.314331e-04
-1.320578e-04
-1.322451e-04
-1.320057e-04
-1.313396e-04
-1.303009e-04
-1.289390e-04
-1.273567e-04
-1.256392e-04
-1.238889e-04
-1.221559e-04
-1.204774e-04
-1.188252e-04
-1.171633e-04
-1.154228e-04
-1.135387e-04
-1.114461e-04
-1.091083e-04
-1.065226e-04
-1.037211e-04
-1.008374e-04
-9.802522e-05
-9.552157e-05
-9.346838e-05
-9.208786e-05
-9.145827e-05
-9.180979e-05
-9.318660e-05
-9.589321e-05
-1.000951e-04
-1.063895e-04
-1.153022e-04
-1.278001e-04
-1.445930e-04
-1.656230e-04
-1.877108e-04
-1.987912e-04
-1.784040e-04
-1.176514e-04
-3.087491e-05
3.692372e-05
4.186692e-05
-1.890891e-05
-8.924845e-05
-1.268746e-04
-1.387326e-04
-1.400490e-04
-1.386954e-04
-1.363509e-04
-1.338392e-04
-1.309767e-04
-1.280062e-04
-1.254471e-04
-1.155936e-04
-1.148124e-04
-1.147373e-04
-1.154291e-04
-1.168787e-04
-1.190261e-04
-1.216481e-04
-1.243493e-04
-1.267264e-04
-1.286833e-04
-1.302966e-04
-1.316586e-04
-1.330228e-04
-1.346521e-04
-1.365624e-04
-1.387002e-04
-1.408577e-04
-1.426990e-04
-1.439297e-04
-1.445313e-04
-1.443944e-04
-1.433284e-04
-1.408666e-04
-1.372832e-04
-1.333512e-04
-1.317775e-04
-1.354336e-04
-1.595783e-04
-2.139916e-04
-2.568527e-04
-2.057457e-04
-9.793102e-05
-2.935919e-05
-1.528165e-05
-3.357092e-05
-5.826304e-05
-7.904667e-05
-9.423538e-05
-1.049030e-04
-1.122948e-04
-1.175336e-04
-1.213156e-04
-1.242007e-04
-1.264486e-04
-1.282861e-04
-1.297541e-04
-1.309226e-04
-1.317442e-04
-1.322370e-04
-1.323454e-04
-1.320968e-04
-1.314648e-04
-1.305139e-04
-1.292622e-04
-1.278119e-04
-1.262118e-04
-1.245651e-04
-1.228959e-04
-1.212532e-04
-1.195993e-04
-1.179283e-04
-1.161710e-04
-1.142997e-04
-1.122545e-04
-1.100167e-04
-1.075783e-04
-1.049817e-04
-1.023311e-04
-9.974569e-05
-9.741807e-05
-9.545530e-05
-9.404476e-05
-9.320940e-05
-9.314233e-05
-9.381693e-05
-9.547041e-05
-9.809226e-05
-1.021125e-04
-1.077845e-04
-1.158868e-04
-1.270410e-04
-1.424186e-04
-1.620930e-04
-1.846268e-04
-2.013678e-04
-1.932008e-04
-1.447418e-04
-6.249948e-05
1.576222e-05
3.729578e-05
-1.710338e-05
-8.416367e-05
-1.211202e-04
-1.287273e-04
-1.316543e-04
-1.290477e-04
-1.255882e-04
-1.224406e-04
-1.194361e-04
-1.171312e-04
-1.059947e-04
-1.065049e-04
-1.077182e-04
-1.095312e-04
-1.120356e-04
-1.150563e-04
-1.185320e-04
-1.219731e-04
-1.251301e-04
-1.277693e-04
-1.301423e-04
-1.322582e-04
-1.343537e-04
-1.367206e-04
-1.394689e-04
-1.425627e-04
-1.457865e-04
-1.488743e-04
-1.514453e-04
-1.534995e-04
-1.547288e-04
-1.549128e-04
-1.533582e-04
-1.504373e-04
-1.462139e-04
-1.443392e-04
-1.525246e-04
-1.909555e-04
-2.359887e-04
-2.039215e-04
-1.034427e-04
-3.248440e-05
-1.704522e-05
-3.471353e-05
-5.907690e-05
-7.943197e-05
-9.436865e-05
-1.047926e-04
-1.120763e-04
-1.171878e-04
-1.209199e-04
-1.237135e-04
-1.259300e-04
-1.277133e-04
-1.292111e-04
-1.304209e-04
-1.313945e-04
-1.320709e-04
-1.324679e-04
-1.325243e-04
-1.322722e-04
-1.316742e-04
-1.307966e-04
-1.296381e-04
-1.282990e-04
-1.268016e-04
-1.252473e-04
-1.236384e-04
-1.220366e-04
-1.203974e-04
-1.187379e-04
-1.169889e-04
-1.151526e-04
-1.131667e-04
-1.110410e-04
-1.087533e-04
-1.063632e-04
-1.039354e-04
-1.015882e-04
-9.945450e-05
-9.764172e-05
-9.627623e-05
-9.539478e-05
-9.511754e-05
-9.542654e-05
-9.646702e-05
-9.819150e-05
-1.008799e-04
-1.045981e-04
-1.099116e-04
-1.171460e-04
-1.273097e-04
-1.410439e-04
-1.592772e-04
-1.808982e-04
-2.007217e-04
-2.014560e-04
-1.647741e-04
-9.040809e-05
-7.100985e-06
2.265062e-05
-1.802341e-05
-8.035245e-05
-1.104682e-04
-1.183296e-04
-1.173425e-04
-1.135892e-04
-1.104972e-04
-1.080039e-04
-1.064238e-04
-9.496053e-05
-9.714249e-05
-9.992608e-05
-1.031958e-04
-1.069328e-04
-1.110174e-04
-1.153623e-04
-1.195531e-04
-1.234642e-04
-1.268293e-04
-1.298365e-04
-1.325972e-04
-1.353396e-04
-1.383988e-04
-1.419241e-04
-1.459796e-04
-1.503105e-04
-1.546738e-04
-1.587599e-04
-1.624662e-04
-1.654146e-04
-1.673244e-04
-1.673799e-04
-1.656251e-04
-1.619477e-04
-1.602235e-04
-1.661810e-04
-2.086569e-04
-1.988416e-04
-1.139265e-04
-3.895436e-05
-1.924517e-05
-3.479334e-05
-5.867156e-05
-7.890830e-05
-9.375683e-05
-1.042066e-04
-1.115203e-04
-1.167067e-04
-1.204651e-04
-1.233017e-04
-1.255066e-04
-1.273096e-04
-1.287975e-04
-1.300610e-04
-1.310929e-04
-1.319164e-04
-1.324809e-04
-1.327972e-04
-1.328119e-04
-1.325510e-04
-1.319796e-04
-1.311570e-04
-1.300758e-04
-1.288253e-04
-1.274152e-04
-1.259394e-04
-1.243897e-04
-1.228312e-04
-1.212178e-04
-1.195829e-04
-1.178588e-04
-1.160695e-04
-1.141505e-04
-1.121383e-04
-1.099971e-04
-1.078017e-04
-1.055796e-04
-1.034598e-04
-1.015160e-04
-9.987255e-05
-9.858721e-05
-9.773684e-05
-9.735680e-05
-9.748413e-05
-9.814828e-05
-9.936432e-05
-1.012236e-04
-1.038175e-04
-1.073856e-04
-1.122056e-04
-1.188552e-04
-1.279289e-04
-1.404291e-04
-1.571238e-04
-1.778773e-04
-1.988627e-04
-2.057477e-04
-1.782639e-04
-1.121124e-04
-2.889893e-05
2.277972e-06
-3.618955e-05
-8.642679e-05
-1.013478e-04
-9.974098e-05
-9.717634e-05
-9.526469e-05
-9.392480e-05
-9.386824e-05
-8.318569e-05
-8.744398e-05
-9.206265e-05
-9.695892e-05
-1.020178e-04
-1.072361e-04
-1.124186e-04
-1.173497e-04
-1.218486e-04
-1.257828e-04
-1.293188e-04
-1.326532e-04
-1.359839e-04
-1.396132e-04
-1.438165e-04
-1.486588e-04
-1.540136e-04
-1.596123e-04
-1.651975e-04
-1.706163e-04
-1.755427e-04
-1.796387e-04
-1.819453e-04
-1.823561e-04
-1.807794e-04
-1.805783e-04
-1.822433e-04
-1.871619e-04
-1.257896e-04
-5.007446e-05
-2.260998e-05
-3.424318e-05
-5.727512e-05
-7.763684e-05
-9.262040e-05
-1.032766e-04
-1.107545e-04
-1.161342e-04
-1.200328e-04
-1.229784e-04
-1.252546e-04
-1.270885e-04
-1.286068e-04
-1.298852e-04
-1.309695e-04
-1.318521e-04
-1.325475e-04
-1.330091e-04
-1.332498e-04
-1.332164e-04
-1.329393e-04
-1.323790e-04
-1.315967e-04
-1.305726e-04
-1.293947e-04
-1.280554e-04
-1.266488e-04
-1.251523e-04
-1.236399e-04
-1.220572e-04
-1.204567e-04
-1.187661e-04
-1.170332e-04
-1.151854e-04
-1.132846e-04
-1.112771e-04
-1.092599e-04
-1.072223e-04
-1.053099e-04
-1.035389e-04
-1.020601e-04
-1.008656e-04
-1.000769e-04
-9.965190e-05
-9.968750e-05
-1.001181e-04
-1.010278e-04
-1.023705e-04
-1.042789e-04
-1.067935e-04
-1.101582e-04
-1.146356e-04
-1.207468e-04
-1.290707e-04
-1.405854e-04
-1.561510e-04
-1.759429e-04
-1.971515e-04
-2.079431e-04
-1.881910e-04
-1.316750e-04
-5.692518e-05
-2.318165e-05
-4.637607e-05
-6.886674e-05
-7.454116e-05
-7.552320e-05
-7.644684e-05
-7.750889e-05
-7.990465e-05
-7.162736e-05
-7.820288e-05
-8.478647e-05
-9.129462e-05
-9.769192e-05
-1.039189e-04
-1.098959e-04
-1.154093e-04
-1.203786e-04
-1.247212e-04
-1.286965e-04
-1.324019e-04
-1.361600e-04
-1.401864e-04
-1.448911e-04
-1.504096e-04
-1.565592e-04
-1.632184e-04
-1.701333e-04
-1.772018e-04
-1.842667e-04
-1.906555e-04
-1.954752e-04
-1.986290e-04
-1.973889e-04
-1.910362e-04
-1.771088e-04
-1.380912e-04
-6.701301e-05
-2.974666e-05
-3.377331e-05
-5.538170e-05
-7.575834e-05
-9.123405e-05
-1.021527e-04
-1.099867e-04
-1.155742e-04
-1.197242e-04
-1.228185e-04
-1.252271e-04
-1.271276e-04
-1.286836e-04
-1.299835e-04
-1.310781e-04
-1.320029e-04
-1.327442e-04
-1.333131e-04
-1.336698e-04
-1.338255e-04
-1.337363e-04
-1.334296e-04
-1.328682e-04
-1.321077e-04
-1.311270e-04
-1.300031e-04
-1.287234e-04
-1.273736e-04
-1.259280e-04
-1.244582e-04
-1.229130e-04
-1.213494e-04
-1.197012e-04
-1.180246e-04
-1.162511e-04
-1.144516e-04
-1.125695e-04
-1.107057e-04
-1.088339e-04
-1.070965e-04
-1.054838e-04
-1.041434e-04
-1.030424e-04
-1.023092e-04
-1.018730e-04
-1.018442e-04
-1.021271e-04
-1.028194e-04
-1.038300e-04
-1.052875e-04
-1.071472e-04
-1.096164e-04
-1.127808e-04
-1.170575e-04
-1.227782e-04
-1.306978e-04
-1.415324e-04
-1.563717e-04
-1.753478e-04
-1.965147e-04
-2.090644e-04
-1.945593e-04
-1.455070e-04
-7.721934e-05
-4.029164e-05
-4.403219e-05
-4.715051e-05
-5.101785e-05
-5.613918e-05
-6.019633e-05
-6.565025e-05
-6.153742e-05
-7.044449e-05
-7.892263e-05
-8.690194e-05
-9.446746e-05
-1.015249e-04
-1.080878e-04
-1.139383e-04
-1.191781e-04
-1.237471e-04
-1.279198e-04
-1.318739e-04
-1.359231e-04
-1.402367e-04
-1.451816e-04
-1.509687e-04
-1.575976e-04
-1.650184e-04
-1.729893e-04
-1.814844e-04
-1.902757e-04
-1.989811e-04
-2.067438e-04
-2.119668e-04
-2.083189e-04
-1.891862e-04
-1.515267e-04
-9.062318e-05
-4.270552e-05
-3.597059e-05
-5.357979e-05
-7.394305e-05
-8.979856e-05
-1.012546e-04
-1.093838e-04
-1.153251e-04
-1.196848e-04
-1.229991e-04
-1.255267e-04
-1.275273e-04
-1.291254e-04
-1.304352e-04
-1.315301e-04
-1.324398e-04
-1.331969e-04
-1.337819e-04
-1.342147e-04
-1.344519e-04
-1.345160e-04
-1.343566e-04
-1.340097e-04
-1.334315e-04
-1.326808e-04
-1.317257e-04
-1.306443e-04
-1.294112e-04
-1.281120e-04
-1.267108e-04
-1.252845e-04
-1.237765e-04
-1.222551e-04
-1.206509e-04
-1.190333e-04
-1.173305e-04
-1.156250e-04
-1.138535e-04
-1.121238e-04
-1.103940e-04
-1.088041e-04
-1.073230e-04
-1.060964e-04
-1.050725e-04
-1.043793e-04
-1.039353e-04
-1.038491e-04
-1.040177e-04
-1.045370e-04
-1.053032e-04
-1.064317e-04
-1.078521e-04
-1.097227e-04
-1.120732e-04
-1.151895e-04
-1.192794e-04
-1.248787e-04
-1.324882e-04
-1.430014e-04
-1.572167e-04
-1.756215e-04
-1.960866e-04
-2.084657e-04
-1.958256e-04
-1.511912e-04
-8.513596e-05
-4.232834e-05
-2.936936e-05
-2.828414e-05
-3.542888e-05
-4.369080e-05
-5.260024e-05
-5.452055e-05
-6.539424e-05
-7.544688e-05
-8.452664e-05
-9.290539e-05
-1.004535e-04
-1.072531e-04
-1.131626e-04
-1.183900e-04
-1.229361e-04
-1.271130e-04
-1.310976e-04
-1.351495e-04
-1.394620e-04
-1.443427e-04
-1.500937e-04
-1.568064e-04
-1.645354e-04
-1.730494e-04
-1.823896e-04
-1.924390e-04
-2.028889e-04
-2.125839e-04
-2.183478e-04
-2.105369e-04
-1.781611e-04
-1.232345e-04
-6.581524e-05
-4.487420e-05
-5.431464e-05
-7.327535e-05
-8.947348e-05
-1.012744e-04
-1.097444e-04
-1.158870e-04
-1.204388e-04
-1.238706e-04
-1.264900e-04
-1.285239e-04
-1.301187e-04
-1.314054e-04
-1.324384e-04
-1.333013e-04
-1.339917e-04
-1.345559e-04
-1.349593e-04
-1.352368e-04
-1.353387e-04
-1.352971e-04
-1.350564e-04
-1.346568e-04
-1.340504e-04
-1.332961e-04
-1.323557e-04
-1.313045e-04
-1.301091e-04
-1.288529e-04
-1.274942e-04
-1.261100e-04
-1.246421e-04
-1.231640e-04
-1.216063e-04
-1.200468e-04
-1.184116e-04
-1.167915e-04
-1.151176e-04
-1.135023e-04
-1.118912e-04
-1.104219e-04
-1.090472e-04
-1.079072e-04
-1.069378e-04
-1.062651e-04
-1.057968e-04
-1.056456e-04
-1.056961e-04
-1.060550e-04
-1.065995e-04
-1.074522e-04
-1.085099e-04
-1.099344e-04
-1.116784e-04
-1.140116e-04
-1.169987e-04
-1.210814e-04
-1.265180e-04
-1.340294e-04
-1.441494e-04
-1.579215e-04
-1.754499e-04
-1.945232e-04
-2.040515e-04
-1.911958e-04
-1.443631e-04
-7.655375e-05
-3.228552e-05
-1.690745e-05
-1.936307e-05
-3.150492e-05
-4.287895e-05
-5.209612e-05
-6.423109e-05
-7.518919e-05
-8.478081e-05
-9.343555e-05
-1.010462e-04
-1.076745e-04
-1.133043e-04
-1.182055e-04
-1.224557e-04
-1.263910e-04
-1.301241e-04
-1.339616e-04
-1.379095e-04
-1.424058e-04
-1.477596e-04
-1.540519e-04
-1.614797e-04
-1.698365e-04
-1.792260e-04
-1.896616e-04
-2.010464e-04
-2.120833e-04
-2.178355e-04
-2.058383e-04
-1.656733e-04
-1.071165e-04
-6.527050e-05
-6.088355e-05
-7.537925e-05
-9.110844e-05
-1.030525e-04
-1.116318e-04
-1.178173e-04
-1.223940e-04
-1.258122e-04
-1.284072e-04
-1.303629e-04
-1.318786e-04
-1.330371e-04
-1.339606e-04
-1.346725e-04
-1.352574e-04
-1.356942e-04
-1.360335e-04
-1.362344e-04
-1.363374e-04
-1.362913e-04
-1.361316e-04
-1.358003e-04
-1.353387e-04
-1.346958e-04
-1.339287e-04
-1.329954e-04
-1.319665e-04
-1.308044e-04
-1.295869e-04
-1.282688e-04
-1.269269e-04
-1.255011e-04
-1.240686e-04
-1.225599e-04
-1.210577e-04
-1.194874e-04
-1.179451e-04
-1.163573e-04
-1.148402e-04
-1.133265e-04
-1.119556e-04
-1.106598e-04
-1.095849e-04
-1.086422e-04
-1.079695e-04
-1.074519e-04
-1.072193e-04
-1.071333e-04
-1.073202e-04
-1.076275e-04
-1.082038e-04
-1.089075e-04
-1.099216e-04
-1.111348e-04
-1.128194e-04
-1.149326e-04
-1.178830e-04
-1.217211e-04
-1.270893e-04
-1.342182e-04
-1.440515e-04
-1.569968e-04
-1.733527e-04
-1.893158e-04
-1.935123e-04
-1.767164e-04
-1.210031e-04
-5.474081e-05
-1.892900e-05
-1.356772e-05
-2.535017e-05
-3.860760e-05
-5.559039e-05
-6.789324e-05
-7.874551e-05
-8.803590e-05
-9.629519e-05
-1.033850e-04
-1.094208e-04
-1.144031e-04
-1.186802e-04
-1.223598e-04
-1.257845e-04
-1.290350e-04
-1.323259e-04
-1.357116e-04
-1.395250e-04
-1.440811e-04
-1.495053e-04
-1.559401e-04
-1.633195e-04
-1.717936e-04
-1.816052e-04
-1.928432e-04
-2.043646e-04
-2.105108e-04
-1.981159e-04
-1.584475e-04
-1.075158e-04
-7.984102e-05
-8.305651e-05
-9.624807e-05
-1.077182e-04
-1.159773e-04
-1.218924e-04
-1.261774e-04
-1.293464e-04
-1.316662e-04
-1.333932e-04
-1.346420e-04
-1.355727e-04
-1.362321e-04
-1.367261e-04
-1.370615e-04
-1.373155e-04
-1.374651e-04
-1.375545e-04
-1.375423e-04
-1.374610e-04
-1.372620e-04
-1.369742e-04
-1.365471e-04
-1.360155e-04
-1.353347e-04
-1.345498e-04
-1.336213e-04
-1.326108e-04
-1.314810e-04
-1.303005e-04
-1.290254e-04
-1.277265e-04
-1.263478e-04
-1.249632e-04
-1.235071e-04
-1.220626e-04
-1.205566e-04
-1.190866e-04
-1.175769e-04
-1.161443e-04
-1.147125e-04
-1.134205e-04
-1.121851e-04
-1.111537e-04
-1.102193e-04
-1.095275e-04
-1.089438e-04
-1.086103e-04
-1.083664e-04
-1.083609e-04
-1.084115e-04
-1.086905e-04
-1.090167e-04
-1.096073e-04
-1.102847e-04
-1.113428e-04
-1.126540e-04
-1.146066e-04
-1.171452e-04
-1.208012e-04
-1.256389e-04
-1.324047e-04
-1.413744e-04
-1.533818e-04
-1.672407e-04
-1.777144e-04
-1.756859e-04
-1.468087e-04
-8.245855e-05
-3.560525e-05
-2.127029e-05
-2.851950e-05
-4.176784e-05
-6.558278e-05
-7.665023e-05
-8.625191e-05
-9.432653e-05
-1.014105e-04
-1.073680e-04
-1.123549e-04
-1.163593e-04
-1.197578e-04
-1.226377e-04
-1.253179e-04
-1.278557e-04
-1.304130e-04
-1.330003e-04
-1.359102e-04
-1.393455e-04
-1.434645e-04
-1.483068e-04
-1.539089e-04
-1.605540e-04
-1.685619e-04
-1.785976e-04
-1.896440e-04
-1.978426e-04
-1.902278e-04
-1.601327e-04
-1.218506e-04
-1.021681e-04
-1.070098e-04
-1.164266e-04
-1.237168e-04
-1.287931e-04
-1.323635e-04
-1.348864e-04
-1.366680e-04
-1.378793e-04
-1.386795e-04
-1.391583e-04
-1.394256e-04
-1.395301e-04
-1.395422e-04
-1.394688e-04
-1.393659e-04
-1.392110e-04
-1.390320e-04
-1.387943e-04
-1.385191e-04
-1.381658e-04
-1.377539e-04
-1.372375e-04
-1.366410e-04
-1.359220e-04
-1.351214e-04
-1.342002e-04
-1.332100e-04
-1.321153e-04
-1.309755e-04
-1.297491e-04
-1.284986e-04
-1.271733e-04
-1.258418e-04
-1.244447e-04
-1.230593e-04
-1.216198e-04
-1.202178e-04
-1.187837e-04
-1.174246e-04
-1.160674e-04
-1.148376e-04
-1.136533e-04
-1.126460e-04
-1.117113e-04
-1.109794e-04
-1.103220e-04
-1.098668e-04
-1.094632e-04
-1.092371e-04
-1.090210e-04
-1.089604e-04
-1.088975e-04
-1.090102e-04
-1.091422e-04
-1.095269e-04
-1.100444e-04
-1.110037e-04
-1.123259e-04
-1.144313e-04
-1.173194e-04
-1.215420e-04
-1.272269e-04
-1.350488e-04
-1.447408e-04
-1.539818e-04
-1.557991e-04
-1.475642e-04
-1.015500e-04
-5.761552e-05
-3.846993e-05
-4.191379e-05
-5.309133e-05
-8.172376e-05
-9.012472e-05
-9.730502e-05
-1.032907e-04
-1.084870e-04
-1.127740e-04
-1.162936e-04
-1.190535e-04
-1.213613e-04
-1.232754e-04
-1.250097e-04
-1.266623e-04
-1.283193e-04
-1.299775e-04
-1.318037e-04
-1.339148e-04
-1.363807e-04
-1.392080e-04
-1.424643e-04
-1.465714e-04
-1.517811e-04
-1.593119e-04
-1.689513e-04
-1.803596e-04
-1.817545e-04
-1.676639e-04
-1.442507e-04
-1.281430e-04
-1.312012e-04
-1.361966e-04
-1.394629e-04
-1.416138e-04
-1.429519e-04
-1.437501e-04
-1.441080e-04
-1.441486e-04
-1.439596e-04
-1.436129e-04
-1.431832e-04
-1.426985e-04
-1.422036e-04
-1.417055e-04
-1.412371e-04
-1.407776e-04
-1.403380e-04
-1.398850e-04
-1.394294e-04
-1.389343e-04
-1.384074e-04
-1.378116e-04
-1.371589e-04
-1.364164e-04
-1.356073e-04
-1.347015e-04
-1.337373e-04
-1.326873e-04
-1.315952e-04
-1.304265e-04
-1.292332e-04
-1.279711e-04
-1.267000e-04
-1.253692e-04
-1.240490e-04
-1.226813e-04
-1.213487e-04
-1.199894e-04
-1.187003e-04
-1.174130e-04
-1.162387e-04
-1.150997e-04
-1.141104e-04
-1.131710e-04
-1.123965e-04
-1.116643e-04
-1.110862e-04
-1.105153e-04
-1.100683e-04
-1.095751e-04
-1.091697e-04
-1.086952e-04
-1.083140e-04
-1.078716e-04
-1.075563e-04
-1.072543e-04
-1.072030e-04
-1.073232e-04
-1.079309e-04
-1.089937e-04
-1.109019e-04
-1.136795e-04
-1.177579e-04
-1.228921e-04
-1.278157e-04
-1.287944e-04
-1.291541e-04
-1.050498e-04
-7.520567e-05
-6.123868e-05
-6.357442e-05
-7.212853e-05
-1.023776e-04
-1.069694e-04
-1.108804e-04
-1.141256e-04
-1.169352e-04
-1.191795e-04
-1.209504e-04
-1.222733e-04
-1.233521e-04
-1.241887e-04
-1.248868e-04
-1.255411e-04
-1.262097e-04
-1.268672e-04
-1.275393e-04
-1.282322e-04
-1.289013e-04
-1.295271e-04
-1.302119e-04
-1.313645e-04
-1.333102e-04
-1.370515e-04
-1.439868e-04
-1.561985e-04
-1.684399e-04
-1.740721e-04
-1.690885e-04
-1.554749e-04
-1.555125e-04
-1.558065e-04
-1.551714e-04
-1.543137e-04
-1.533961e-04
-1.523649e-04
-1.512525e-04
-1.500740e-04
-1.488660e-04
-1.476769e-04
-1.465255e-04
-1.454572e-04
-1.444675e-04
-1.435706e-04
-1.427640e-04
-1.420306e-04
-1.413489e-04
-1.407030e-04
-1.400842e-04
-1.394696e-04
-1.388554e-04
-1.382031e-04
-1.375181e-04
-1.367646e-04
-1.359658e-04
-1.350880e-04
-1.341677e-04
-1.331704e-04
-1.321420e-04
-1.310417e-04
-1.299199e-04
-1.287311e-04
-1.275343e-04
-1.262802e-04
-1.250352e-04
-1.237456e-04
-1.224893e-04
-1.212091e-04
-1.199932e-04
-1.187776e-04
-1.176595e-04
-1.165678e-04
-1.155986e-04
-1.146611e-04
-1.138481e-04
-1.130507e-04
-1.123573e-04
-1.116411e-04
-1.109774e-04
-1.102273e-04
-1.094804e-04
-1.086174e-04
-1.077501e-04
-1.067464e-04
-1.057395e-04
-1.046208e-04
-1.035691e-04
-1.024916e-04
-1.016271e-04
-1.009146e-04
-1.006166e-04
-1.006390e-04
-1.011474e-04
-1.017101e-04
-1.014475e-04
-9.923643e-05
-1.023417e-04
-9.800809e-05
-8.889873e-05
-8.689614e-05
-9.114856e-05
-9.691574e-05
-1.251883e-04
-1.253248e-04
-1.255332e-04
-1.257349e-04
-1.259458e-04
-1.260046e-04
-1.259265e-04
-1.257563e-04
-1.255507e-04
-1.252752e-04
-1.249322e-04
-1.245516e-04
-1.242406e-04
-1.238878e-04
-1.234330e-04
-1.227533e-04
-1.217061e-04
-1.202405e-04
-1.184528e-04
-1.167079e-04
-1.152642e-04
-1.148489e-04
-1.172391e-04
-1.266675e-04
-1.462473e-04
-1.709873e-04
-1.885320e-04
-1.823648e-04
-1.801169e-04
-1.761560e-04
-1.711955e-04
-1.670065e-04
-1.634830e-04
-1.604496e-04
-1.577319e-04
-1.552657e-04
-1.530144e-04
-1.509849e-04
-1.491581e-04
-1.475419e-04
-1.461053e-04
-1.448542e-04
-1.437589e-04
-1.427968e-04
-1.419297e-04
-1.411355e-04
-1.404044e-04
-1.397056e-04
-1.390373e-04
-1.383529e-04
-1.376657e-04
-1.369275e-04
-1.361626e-04
-1.353303e-04
-1.344709e-04
-1.335451e-04
-1.325973e-04
-1.315821e-04
-1.305490e-04
-1.294490e-04
-1.283422e-04
-1.271773e-04
-1.260220e-04
-1.248229e-04
-1.236550e-04
-1.224618e-04
-1.213278e-04
-1.201904e-04
-1.191390e-04
-1.181032e-04
-1.171676e-04
-1.162436e-04
-1.154133e-04
-1.145720e-04
-1.137923e-04
-1.129515e-04
-1.121151e-04
-1.111374e-04
-1.101004e-04
-1.088810e-04
-1.075785e-04
-1.060552e-04
-1.044039e-04
-1.025167e-04
-1.005029e-04
-9.826786e-05
-9.595151e-05
-9.347105e-05
-9.092119e-05
-8.810937e-05
-8.490079e-05
-8.061573e-05
-7.469419e-05
-6.941125e-05
-7.564324e-05
-9.021223e-05
-1.040173e-04
-1.158078e-04
-1.224685e-04
-1.246299e-04
-1.471357e-04
-1.429791e-04
-1.395838e-04
-1.368463e-04
-1.346020e-04
-1.326021e-04
-1.307928e-04
-1.291991e-04
-1.277661e-04
-1.264261e-04
-1.250667e-04
-1.237646e-04
-1.225239e-04
-1.212418e-04
-1.197696e-04
-1.178993e-04
-1.154163e-04
-1.122195e-04
-1.084039e-04
-1.042693e-04
-9.984288e-05
-9.567922e-05
-9.237590e-05
-9.573263e-05
-1.139643e-04
-1.504703e-04
-1.913938e-04
-2.048205e-04
-2.036931e-04
-1.974413e-04
-1.881887e-04
-1.799197e-04
-1.732133e-04
-1.677954e-04
-1.632446e-04
-1.594044e-04
-1.560839e-04
-1.532419e-04
-1.507789e-04
-1.486840e-04
-1.468904e-04
-1.453632e-04
-1.440778e-04
-1.429592e-04
-1.419780e-04
-1.410856e-04
-1.402943e-04
-1.395554e-04
-1.388853e-04
-1.382124e-04
-1.375584e-04
-1.368595e-04
-1.361584e-04
-1.353949e-04
-1.346241e-04
-1.337879e-04
-1.329453e-04
-1.320330e-04
-1.311114e-04
-1.301177e-04
-1.291219e-04
-1.280632e-04
-1.270166e-04
-1.259206e-04
-1.248582e-04
-1.237654e-04
-1.227312e-04
-1.216853e-04
-1.207173e-04
-1.197517e-04
-1.188712e-04
-1.179811e-04
-1.171610e-04
-1.163023e-04
-1.154777e-04
-1.145626e-04
-1.136016e-04
-1.124568e-04
-1.111874e-04
-1.096890e-04
-1.080304e-04
-1.060741e-04
-1.038705e-04
-1.012986e-04
-9.840980e-05
-9.506301e-05
-9.131022e-05
-8.699083e-05
-8.202124e-05
-7.602573e-05
-6.852679e-05
-5.877504e-05
-4.757176e-05
-4.253293e-05
-5.807405e-05
-9.366100e-05
-1.280602e-04
-1.490064e-04
-1.543029e-04
-1.515992e-04
-1.653945e-04
-1.578418e-04
-1.515149e-04
-1.463741e-04
-1.421299e-04
-1.384485e-04
-1.351659e-04
-1.323236e-04
-1.298176e-04
-1.275392e-04
-1.253068e-04
-1.232205e-04
-1.211729e-04
-1.191165e-04
-1.168182e-04
-1.140461e-04
-1.105170e-04
-1.061286e-04
-1.009357e-04
-9.518606e-05
-8.871762e-05
-8.171405e-05
-7.399474e-05
-6.926250e-05
-7.640339e-05
-1.096909e-04
-1.642084e-04
-2.085494e-04
-2.205097e-04
-2.191324e-04
-2.070922e-04
-1.943177e-04
-1.834541e-04
-1.749459e-04
-1.681096e-04
-1.626038e-04
-1.581010e-04
-1.543861e-04
-1.513409e-04
-1.488066e-04
-1.467366e-04
-1.450079e-04
-1.436179e-04
-1.424151e-04
-1.414073e-04
-1.404845e-04
-1.397090e-04
-1.389873e-04
-1.383634e-04
-1.377367e-04
-1.371599e-04
-1.365393e-04
-1.359318e-04
-1.352633e-04
-1.346043e-04
-1.338833e-04
-1.331695e-04
-1.323854e-04
-1.315996e-04
-1.307359e-04
-1.298734e-04
-1.289404e-04
-1.280254e-04
-1.270549e-04
-1.261186e-04
-1.251458e-04
-1.242294e-04
-1.232929e-04
-1.224317e-04
-1.215593e-04
-1.207594e-04
-1.199301e-04
-1.191542e-04
-1.183201e-04
-1.174956e-04
-1.165536e-04
-1.155354e-04
-1.142931e-04
-1.128787e-04
-1.111849e-04
-1.092713e-04
-1.069756e-04
-1.043195e-04
-1.011538e-04
-9.744079e-05
-9.301279e-05
-8.775193e-05
-8.138123e-05
-7.353783e-05
-6.363368e-05
-5.092102e-05
-3.541917e-05
-2.199746e-05
-2.613560e-05
-6.310547e-05
-1.212327e-04
-1.668423e-04
-1.851024e-04
-1.822940e-04
-1.740066e-04
-1.779413e-04
-1.683792e-04
-1.602317e-04
-1.534760e-04
-1.478592e-04
-1.430114e-04
-1.386831e-04
-1.348666e-04
-1.315095e-04
-1.284946e-04
-1.256472e-04
-1.229409e-04
-1.202851e-04
-1.176296e-04
-1.147739e-04
-1.114027e-04
-1.072346e-04
-1.022250e-04
-9.640714e-05
-8.999153e-05
-8.261751e-05
-7.413377e-05
-6.397103e-05
-5.308659e-05
-4.603792e-05
-5.983867e-05
-1.025597e-04
-1.704434e-04
-2.156146e-04
-2.324255e-04
-2.278282e-04
-2.125517e-04
-1.968607e-04
-1.839942e-04
-1.738551e-04
-1.659683e-04
-1.598112e-04
-1.549425e-04
-1.511399e-04
-1.481083e-04
-1.457666e-04
-1.438665e-04
-1.424414e-04
-1.412166e-04
-1.402395e-04
-1.393433e-04
-1.386317e-04
-1.379707e-04
-1.374519e-04
-1.369191e-04
-1.364568e-04
-1.359369e-04
-1.354592e-04
-1.349101e-04
-1.343971e-04
-1.338138e-04
-1.332602e-04
-1.326266e-04
-1.320065e-04
-1.312958e-04
-1.305958e-04
-1.298131e-04
-1.290529e-04
-1.282281e-04
-1.274442e-04
-1.266120e-04
-1.258418e-04
-1.250404e-04
-1.243094e-04
-1.235566e-04
-1.228640e-04
-1.221274e-04
-1.214279e-04
-1.206526e-04
-1.198716e-04
-1.189601e-04
-1.179412e-04
-1.166709e-04
-1.151783e-04
-1.133733e-04
-1.112690e-04
-1.087220e-04
-1.056566e-04
-1.018951e-04
-9.732704e-05
-9.161704e-05
-8.449258e-05
-7.544113e-05
-6.382411e-05
-4.876957e-05
-3.021221e-05
-1.153158e-05
-8.361254e-06
-3.992021e-05
-1.100946e-04
-1.747535e-04
-2.082154e-04
-2.113599e-04
-2.010819e-04
-1.890545e-04
-1.840039e-04
-1.739263e-04
-1.651305e-04
-1.577308e-04
-1.515006e-04
-1.460636e-04
-1.411105e-04
-1.366618e-04
-1.327345e-04
-1.292235e-04
-1.259705e-04
-1.228863e-04
-1.198561e-04
-1.168180e-04
-1.136335e-04
-1.099823e-04
-1.056068e-04
-1.005143e-04
-9.479277e-05
-8.858481e-05
-8.142471e-05
-7.308060e-05
-6.257936e-05
-5.035048e-05
-3.606529e-05
-2.671243e-05
-3.325901e-05
-8.036242e-05
-1.539150e-04
-2.098528e-04
-2.353675e-04
-2.329839e-04
-2.167416e-04
-1.992393e-04
-1.844240e-04
-1.725934e-04
-1.636324e-04
-1.566829e-04
-1.515418e-04
-1.475819e-04
-1.447074e-04
-1.424681e-04
-1.408943e-04
-1.396125e-04
-1.386497e-04
-1.377822e-04
-1.371598e-04
-1.365949e-04
-1.361881e-04
-1.357750e-04
-1.354582e-04
-1.350825e-04
-1.347517e-04
-1.343507e-04
-1.339982e-04
-1.335802e-04
-1.332079e-04
-1.327548e-04
-1.323262e-04
-1.317987e-04
-1.312865e-04
-1.306793e-04
-1.301041e-04
-1.294537e-04
-1.288480e-04
-1.281869e-04
-1.275844e-04
-1.269413e-04
-1.263686e-04
-1.257575e-04
-1.251961e-04
-1.245717e-04
-1.239678e-04
-1.232790e-04
-1.225618e-04
-1.217009e-04
-1.207050e-04
-1.194248e-04
-1.178644e-04
-1.159267e-04
-1.135966e-04
-1.106690e-04
-1.069963e-04
-1.023446e-04
-9.638247e-05
-8.864161e-05
-7.859727e-05
-6.540079e-05
-4.836274e-05
-2.744565e-05
-6.442935e-06
-4.370600e-07
-3.432883e-05
-1.163300e-04
-2.009141e-04
-2.370240e-04
-2.364606e-04
-2.232993e-04
-2.087592e-04
-1.955767e-04
-1.838764e-04
-1.745944e-04
-1.662983e-04
-1.591330e-04
-1.530230e-04
-1.474971e-04
-1.423778e-04
-1.375422e-04
-1.334412e-04
-1.297041e-04
-1.263019e-04
-1.230299e-04
-1.198643e-04
-1.166876e-04
-1.134101e-04
-1.097495e-04
-1.055243e-04
-1.007953e-04
-9.573764e-05
-9.038020e-05
-8.431883e-05
-7.732641e-05
-6.862389e-05
-5.832653e-05
-4.503376e-05
-2.711041e-05
-2.737749e-06
1.046854e-05
-2.671441e-05
-1.100227e-04
-1.848326e-04
-2.277071e-04
-2.365683e-04
-2.241173e-04
-2.061196e-04
-1.891809e-04
-1.752837e-04
-1.643289e-04
-1.561881e-04
-1.500450e-04
-1.456697e-04
-1.424004e-04
-1.401981e-04
-1.384868e-04
-1.372976e-04
-1.363098e-04
-1.356419e-04
-1.350914e-04
-1.347812e-04
-1.344681e-04
-1.342781e-04
-1.340259e-04
-1.338545e-04
-1.336034e-04
-1.334355e-04
-1.331960e-04
-1.330267e-04
-1.327738e-04
-1.325612e-04
-1.322427e-04
-1.319446e-04
-1.315444e-04
-1.311760e-04
-1.307315e-04
-1.303322e-04
-1.298650e-04
-1.294574e-04
-1.289983e-04
-1.285964e-04
-1.281497e-04
-1.277224e-04
-1.272109e-04
-1.266859e-04
-1.260477e-04
-1.253423e-04
-1.244749e-04
-1.234108e-04
-1.219932e-04
-1.201511e-04
-1.178202e-04
-1.148402e-04
-1.109987e-04
-1.059210e-04
-9.926001e-05
-9.046035e-05
-7.880936e-05
-6.357821e-05
-4.440118e-05
-2.209565e-05
-2.300124e-06
-2.599533e-06
-4.754536e-05
-1.484787e-04
-2.572372e-04
-2.888206e-04
-2.664222e-04
-2.415050e-04
-2.211287e-04
-2.063630e-04
-1.942700e-04
-1.787146e-04
-1.712751e-04
-1.642814e-04
-1.579903e-04
-1.524963e-04
-1.474229e-04
-1.424823e-04
-1.378054e-04
-1.336437e-04
-1.299490e-04
-1.265949e-04
-1.233701e-04
-1.202323e-04
-1.171022e-04
-1.139481e-04
-1.105576e-04
-1.068171e-04
-1.027623e-04
-9.861255e-05
-9.446694e-05
-8.999617e-05
-8.501214e-05
-7.917914e-05
-7.228948e-05
-6.428648e-05
-5.145065e-05
-2.716413e-05
1.833459e-05
6.784449e-05
4.759792e-05
-3.347985e-05
-1.269754e-04
-1.969809e-04
-2.312684e-04
-2.343787e-04
-2.209040e-04
-2.035305e-04
-1.868996e-04
-1.732104e-04
-1.621957e-04
-1.540838e-04
-1.478970e-04
-1.435929e-04
-1.403493e-04
-1.380913e-04
-1.363159e-04
-1.351636e-04
-1.342763e-04
-1.337950e-04
-1.334004e-04
-1.332296e-04
-1.330272e-04
-1.329511e-04
-1.328222e-04
-1.327999e-04
-1.327306e-04
-1.327588e-04
-1.327130e-04
-1.327264e-04
-1.326330e-04
-1.325724e-04
-1.323992e-04
-1.322669e-04
-1.320477e-04
-1.318760e-04
-1.316326e-04
-1.314338e-04
-1.311648e-04
-1.309320e-04
-1.306092e-04
-1.302689e-04
-1.297940e-04
-1.292330e-04
-1.284820e-04
-1.275833e-04
-1.264177e-04
-1.248875e-04
-1.228064e-04
-1.200180e-04
-1.163063e-04
-1.114540e-04
-1.050124e-04
-9.640776e-05
-8.514763e-05
-7.060638e-05
-5.243353e-05
-3.127325e-05
-1.035369e-05
-6.429647e-07
-2.158468e-05
-9.244535e-05
-2.127732e-04
-3.394991e-04
-3.620301e-04
-3.019365e-04
-2.485497e-04
-2.224656e-04
-2.067671e-04
-1.958854e-04
-1.868382e-04
-1.704468e-04
-1.652163e-04
-1.599306e-04
-1.549547e-04
-1.503967e-04
-1.460980e-04
-1.416146e-04
-1.373039e-04
-1.334009e-04
-1.299698e-04
-1.267965e-04
-1.238046e-04
-1.208117e-04
-1.179574e-04
-1.151191e-04
-1.122127e-04
-1.091080e-04
-1.058831e-04
-1.027769e-04
-9.991803e-05
-9.705912e-05
-9.427639e-05
-9.130494e-05
-8.826372e-05
-8.523348e-05
-7.983131e-05
-6.964791e-05
-4.067541e-05
2.596392e-05
1.015082e-04
1.175689e-04
6.636674e-05
-2.495922e-05
-1.191343e-04
-1.909269e-04
-2.284883e-04
-2.371584e-04
-2.280456e-04
-2.123911e-04
-1.958197e-04
-1.812062e-04
-1.688685e-04
-1.593564e-04
-1.517990e-04
-1.462634e-04
-1.419510e-04
-1.389359e-04
-1.366442e-04
-1.351707e-04
-1.340437e-04
-1.333975e-04
-1.328810e-04
-1.326460e-04
-1.324308e-04
-1.324426e-04
-1.324376e-04
-1.325921e-04
-1.327024e-04
-1.329051e-04
-1.330239e-04
-1.331858e-04
-1.332485e-04
-1.333448e-04
-1.333640e-04
-1.334166e-04
-1.333786e-04
-1.333532e-04
-1.332260e-04
-1.330609e-04
-1.327480e-04
-1.322827e-04
-1.315535e-04
-1.305662e-04
-1.291924e-04
-1.274016e-04
-1.250307e-04
-1.219034e-04
-1.176547e-04
-1.119409e-04
-1.045003e-04
-9.482948e-05
-8.242092e-05
-6.683879e-05
-4.832443e-05
-2.792873e-05
-9.297694e-06
-1.611889e-06
-2.007616e-05
-7.983775e-05
-1.850288e-04
-3.172841e-04
-4.216729e-04
-4.274497e-04
-3.313409e-04
-2.463024e-04
-2.077044e-04
-1.935414e-04
-1.863684e-04
-1.808201e-04
-1.756976e-04
-1.606043e-04
-1.575113e-04
-1.540439e-04
-1.506783e-04
-1.472820e-04
-1.437987e-04
-1.399743e-04
-1.362285e-04
-1.328022e-04
-1.297657e-04
-1.269363e-04
-1.242508e-04
-1.215853e-04
-1.190687e-04
-1.166863e-04
-1.143632e-04
-1.119975e-04
-1.096684e-04
-1.076030e-04
-1.059152e-04
-1.045099e-04
-1.035410e-04
-1.028683e-04
-1.026789e-04
-1.028446e-04
-1.022579e-04
-1.006787e-04
-9.267090e-05
-6.468164e-05
6.788674e-06
9.127474e-05
1.415104e-04
1.342775e-04
9.291820e-05
1.440218e-05
-7.682297e-05
-1.576053e-04
-2.110256e-04
-2.367919e-04
-2.403622e-04
-2.312336e-04
-2.163823e-04
-2.010044e-04
-1.865404e-04
-1.741772e-04
-1.638313e-04
-1.557333e-04
-1.493220e-04
-1.445653e-04
-1.409050e-04
-1.383287e-04
-1.363650e-04
-1.350660e-04
-1.341187e-04
-1.335895e-04
-1.332718e-04
-1.332241e-04
-1.332556e-04
-1.334496e-04
-1.336377e-04
-1.339026e-04
-1.341106e-04
-1.343442e-04
-1.345087e-04
-1.346477e-04
-1.346959e-04
-1.346529e-04
-1.344184e-04
-1.339258e-04
-1.331031e-04
-1.318505e-04
-1.300299e-04
-1.274166e-04
-1.239612e-04
-1.193849e-04
-1.135113e-04
-1.058209e-04
-9.605642e-05
-8.373491e-05
-6.867626e-05
-5.101019e-05
-3.176443e-05
-1.321963e-05
-1.181752e-06
-5.100785e-06
-3.676379e-05
-1.043773e-04
-2.060021e-04
-3.221003e-04
-4.206094e-04
-4.679185e-04
-4.353888e-04
-3.289296e-04
-2.314287e-04
-1.863183e-04
-1.722081e-04
-1.676255e-04
-1.664286e-04
-1.651118e-04
-1.632716e-04
-1.506205e-04
-1.493668e-04
-1.474984e-04
-1.455834e-04
-1.433689e-04
-1.408002e-04
-1.378012e-04
-1.347672e-04
-1.319367e-04
-1.293744e-04
-1.269815e-04
-1.246600e-04
-1.224051e-04
-1.202990e-04
-1.184384e-04
-1.167529e-04
-1.151624e-04
-1.136746e-04
-1.125168e-04
-1.117953e-04
-1.115309e-04
-1.118542e-04
-1.128124e-04
-1.143361e-04
-1.160740e-04
-1.177719e-04
-1.193540e-04
-1.193726e-04
-1.144413e-04
-9.209126e-05
-4.020738e-05
3.713282e-05
9.979749e-05
1.322829e-04
1.357348e-04
1.202651e-04
7.630360e-05
3.900501e-06
-7.929240e-05
-1.526135e-04
-2.050191e-04
-2.343743e-04
-2.448393e-04
-2.413217e-04
-2.302747e-04
-2.158689e-04
-2.015520e-04
-1.882148e-04
-1.767072e-04
-1.669028e-04
-1.589766e-04
-1.525754e-04
-1.476496e-04
-1.438240e-04
-1.410592e-04
-1.389730e-04
-1.375577e-04
-1.365545e-04
-1.359367e-04
-1.355449e-04
-1.353310e-04
-1.351871e-04
-1.350524e-04
-1.348682e-04
-1.345389e-04
-1.340233e-04
-1.331092e-04
-1.317626e-04
-1.296543e-04
-1.267895e-04
-1.227027e-04
-1.173334e-04
-1.101675e-04
-1.011285e-04
-8.981914e-05
-7.635378e-05
-6.051515e-05
-4.299581e-05
-2.458322e-05
-8.515918e-06
4.968228e-07
-5.173888e-06
-3.304009e-05
-8.968711e-05
-1.734750e-04
-2.726872e-04
-3.621141e-04
-4.223666e-04
-4.491131e-04
-4.412220e-04
-3.837523e-04
-2.914651e-04
-2.100577e-04
-1.668563e-04
-1.518607e-04
-1.479988e-04
-1.479122e-04
-1.495582e-04
-1.507021e-04
-1.512181e-04
-1.413809e-04
-1.414862e-04
-1.409725e-04
-1.402357e-04
-1.390641e-04
-1.374243e-04
-1.352753e-04
-1.330276e-04
-1.308378e-04
-1.288144e-04
-1.268662e-04
-1.249832e-04
-1.231580e-04
-1.215260e-04
-1.201996e-04
-1.191389e-04
-1.182704e-04
-1.175322e-04
-1.171173e-04
-1.171410e-04
-1.177046e-04
-1.188430e-04
-1.207204e-04
-1.230812e-04
-1.255801e-04
-1.278338e-04
-1.302461e-04
-1.323479e-04
-1.328614e-04
-1.297923e-04
-1.204462e-04
-9.354117e-05
-4.336715e-05
2.258568e-05
7.149476e-05
9.998050e-05
1.042956e-04
1.144336e-04
1.100233e-04
8.853546e-05
3.493599e-05
-3.217972e-05
-1.037474e-04
-1.619855e-04
-2.059749e-04
-2.318774e-04
-2.435526e-04
-2.434704e-04
-2.364236e-04
-2.252580e-04
-2.125654e-04
-2.001004e-04
-1.887352e-04
-1.785845e-04
-1.697602e-04
-1.624044e-04
-1.561996e-04
-1.510924e-04
-1.468617e-04
-1.433577e-04
-1.403367e-04
-1.376471e-04
-1.349870e-04
-1.322758e-04
-1.291545e-04
-1.255365e-04
-1.209871e-04
-1.153629e-04
-1.082178e-04
-9.946820e-05
-8.869034e-05
-7.601763e-05
-6.116328e-05
-4.505384e-05
-2.850710e-05
-1.429764e-05
-5.583342e-06
-7.892558e-06
-2.578795e-05
-6.381275e-05
-1.232142e-04
-2.002983e-04
-2.828846e-04
-3.526449e-04
-3.972753e-04
-4.101629e-04
-4.141066e-04
-3.966659e-04
-3.644705e-04
-2.947816e-04
-2.240846e-04
-1.751532e-04
-1.485220e-04
-1.368385e-04
-1.326824e-04
-1.326958e-04
-1.340966e-04
-1.366582e-04
-1.388785e-04
-1.406461e-04
-1.332777e-04
-1.342368e-04
-1.347170e-04
-1.349127e-04
-1.346152e-04
-1.337766e-04
-1.325859e-04
-1.310127e-04
-1.295450e-04
-1.280613e-04
-1.266762e-04
-1.251474e-04
-1.237498e-04
-1.226067e-04
-1.218598e-04
-1.212646e-04
-1.209218e-04
-1.209818e-04
-1.212024e-04
-1.217446e-04
-1.228174e-04
-1.244107e-04
-1.266648e-04
-1.293056e-04
-1.319893e-04
-1.342497e-04
-1.364495e-04
-1.387062e-04
-1.409755e-04
-1.428524e-04
-1.447346e-04
-1.413456e-04
-1.314068e-04
-1.074060e-04
-7.405063e-05
-2.865528e-05
1.418514e-05
4.983254e-05
6.829788e-05
7.882622e-05
8.396318e-05
9.228612e-05
9.392699e-05
7.984698e-05
4.649025e-05
-3.578844e-06
-5.963892e-05
-1.135933e-04
-1.581026e-04
-1.916657e-04
-2.132949e-04
-2.254227e-04
-2.290306e-04
-2.268130e-04
-2.200518e-04
-2.107104e-04
-1.998688e-04
-1.885424e-04
-1.770882e-04
-1.659498e-04
-1.550487e-04
-1.443947e-04
-1.337673e-04
-1.230400e-04
-1.119230e-04
-1.004262e-04
-8.834781e-05
-7.583645e-05
-6.316730e-05
-5.132151e-05
-4.153841e-05
-3.569447e-05
-3.626355e-05
-4.588118e-05
-6.764823e-05
-1.034241e-04
-1.534639e-04
-2.143533e-04
-2.773461e-04
-3.301477e-04
-3.617978e-04
-3.731059e-04
-3.700187e-04
-3.674990e-04
-3.608563e-04
-3.409849e-04
-2.996107e-04
-2.471538e-04
-2.008907e-04
-1.665659e-04
-1.456400e-04
-1.326988e-04
-1.259557e-04
-1.228396e-04
-1.219269e-04
-1.228367e-04
-1.244571e-04
-1.269855e-04
-1.295585e-04
-1.317711e-04
-1.263732e-04
-1.278465e-04
-1.289961e-04
-1.298529e-04
-1.302995e-04
-1.301997e-04
-1.296666e-04
-1.289288e-04
-1.281185e-04
-1.272210e-04
-1.262306e-04
-1.252898e-04
-1.243826e-04
-1.236954e-04
-1.232975e-04
-1.232792e-04
-1.235709e-04
-1.240329e-04
-1.246842e-04
-1.255711e-04
-1.268539e-04
-1.286177e-04
-1.309040e-04
-1.335253e-04
-1.361221e-04
-1.382886e-04
-1.401613e-04
-1.418388e-04
-1.437654e-04
-1.461807e-04
-1.491831e-04
-1.513243e-04
-1.518462e-04
-1.498507e-04
-1.455351e-04
-1.338395e-04
-1.150882e-04
-8.681916e-05
-5.683868e-05
-2.153192e-05
1.066318e-05
3.656129e-05
4.596543e-05
4.375244e-05
4.550076e-05
5.391895e-05
6.102558e-05
6.454785e-05
5.852315e-05
4.390700e-05
1.989022e-05
-1.055186e-05
-4.314285e-05
-7.365551e-05
-9.950406e-05
-1.199517e-04
-1.344177e-04
-1.431712e-04
-1.471869e-04
-1.471270e-04
-1.443684e-04
-1.396016e-04
-1.341899e-04
-1.289270e-04
-1.252417e-04
-1.236551e-04
-1.260108e-04
-1.331883e-04
-1.465446e-04
-1.664610e-04
-1.934871e-04
-2.261456e-04
-2.617470e-04
-2.960139e-04
-3.229124e-04
-3.387857e-04
-3.407322e-04
-3.348223e-04
-3.272112e-04
-3.228522e-04
-3.207113e-04
-3.138417e-04
-2.935884e-04
-2.607572e-04
-2.230999e-04
-1.902349e-04
-1.637748e-04
-1.455000e-04
-1.308849e-04
-1.237446e-04
-1.197945e-04
-1.176502e-04
-1.162179e-04
-1.154838e-04
-1.154819e-04
-1.162567e-04
-1.177735e-04
-1.199556e-04
-1.223631e-04
-1.245535e-04
-1.206467e-04
-1.223485e-04
-1.238835e-04
-1.251486e-04
-1.260993e-04
-1.265867e-04
-1.267518e-04
-1.267341e-04
-1.265377e-04
-1.261994e-04
-1.257125e-04
-1.252574e-04
-1.248296e-04
-1.246055e-04
-1.245884e-04
-1.249519e-04
-1.255927e-04
-1.264798e-04
-1.275240e-04
-1.286634e-04
-1.299967e-04
-1.317512e-04
-1.338310e-04
-1.362488e-04
-1.386248e-04
-1.406106e-04
-1.422029e-04
-1.434564e-04
-1.447749e-04
-1.464921e-04
-1.491021e-04
-1.519914e-04
-1.551048e-04
-1.586668e-04
-1.617138e-04
-1.637777e-04
-1.585988e-04
-1.450745e-04
-1.331193e-04
-1.242166e-04
-1.117359e-04
-8.257507e-05
-5.598132e-05
-4.209514e-05
-2.014118e-05
-3.406590e-06
6.676603e-06
4.973896e-06
-3.097920e-06
-8.513732e-06
-1.447087e-05
-2.022067e-05
-2.189216e-05
-2.518491e-05
-2.584140e-05
-3.083038e-05
-3.804132e-05
-4.919991e-05
-6.301569e-05
-7.929514e-05
-9.720746e-05
-1.163626e-04
-1.362587e-04
-1.566827e-04
-1.771306e-04
-1.971336e-04
-2.161473e-04
-2.333840e-04
-2.480409e-04
-2.590132e-04
-2.662675e-04
-2.700379e-04
-2.719375e-04
-2.735095e-04
-2.756772e-04
-2.777514e-04
-2.768757e-04
-2.700602e-04
-2.551437e-04
-2.320264e-04
-2.049327e-04
-1.790482e-04
-1.569488e-04
-1.390423e-04
-1.262501e-04
-1.177326e-04
-1.135452e-04
-1.107792e-04
-1.095513e-04
-1.096849e-04
-1.104893e-04
-1.110008e-04
-1.110012e-04
-1.109363e-04
-1.111573e-04
-1.118041e-04
-1.130031e-04
-1.147880e-04
-1.168412e-04
-1.188155e-04
-1.161093e-04
-1.178667e-04
-1.195516e-04
-1.210222e-04
-1.222422e-04
-1.231760e-04
-1.239148e-04
-1.244983e-04
-1.248645e-04
-1.250496e-04
-1.250494e-04
-1.250477e-04
-1.250715e-04
-1.252550e-04
-1.256039e-04
-1.262903e-04
-1.272119e-04
-1.284089e-04
-1.297236e-04
-1.310327e-04
-1.323697e-04
-1.339028e-04
-1.357218e-04
-1.378404e-04
-1.399708e-04
-1.417594e-04
-1.430954e-04
-1.440627e-04
-1.450118e-04
-1.462793e-04
-1.483162e-04
-1.510406e-04
-1.541870e-04
-1.577218e-04
-1.609172e-04
-1.638071e-04
-1.648572e-04
-1.636476e-04
-1.607154e-04
-1.594470e-04
-1.562299e-04
-1.492442e-04
-1.385334e-04
-1.325490e-04
-1.194632e-04
-1.124326e-04
-9.977372e-05
-9.266807e-05
-8.545770e-05
-7.779030e-05
-7.441809e-05
-7.189688e-05
-7.032701e-05
-7.184939e-05
-7.290180e-05
-7.629970e-05
-8.061478e-05
-8.676216e-05
-9.425609e-05
-1.033325e-04
-1.135567e-04
-1.249199e-04
-1.370478e-04
-1.497982e-04
-1.625089e-04
-1.748617e-04
-1.864820e-04
-1.975339e-04
-2.075501e-04
-2.155858e-04
-2.207883e-04
-2.223405e-04
-2.197892e-04
-2.123648e-04
-2.004753e-04
-1.848209e-04
-1.677214e-04
-1.506672e-04
-1.357391e-04
-1.230770e-04
-1.122480e-04
-1.039571e-04
-9.834763e-05
-9.508437e-05
-9.389503e-05
-9.513243e-05
-9.773772e-05
-1.005026e-04
-1.030625e-04
-1.051082e-04
-1.064800e-04
-1.071221e-04
-1.073209e-04
-1.074666e-04
-1.078002e-04
-1.083679e-04
-1.092958e-04
-1.106366e-04
-1.122786e-04
-1.140802e-04
-1.118871e-04
-1.136633e-04
-1.153584e-04
-1.169258e-04
-1.183621e-04
-1.196907e-04
-1.209282e-04
-1.220464e-04
-1.229813e-04
-1.237067e-04
-1.242623e-04
-1.247749e-04
-1.252991e-04
-1.259048e-04
-1.266224e-04
-1.274636e-04
-1.283336e-04
-1.297201e-04
-1.311844e-04
-1.325892e-04
-1.338977e-04
-1.352352e-04
-1.367721e-04
-1.385619e-04
-1.403998e-04
-1.419752e-04
-1.431270e-04
-1.439511e-04
-1.447855e-04
-1.458946e-04
-1.475791e-04
-1.498457e-04
-1.525273e-04
-1.553805e-04
-1.583469e-04
-1.610596e-04
-1.633579e-04
-1.654411e-04
-1.669903e-04
-1.684543e-04
-1.693531e-04
-1.687055e-04
-1.672720e-04
-1.647821e-04
-1.620314e-04
-1.591259e-04
-1.582698e-04
-1.572078e-04
-1.580267e-04
-1.557159e-04
-1.527171e-04
-1.485298e-04
-1.436153e-04
-1.385985e-04
-1.334985e-04
-1.285469e-04
-1.247187e-04
-1.225457e-04
-1.224937e-04
-1.243977e-04
-1.278896e-04
-1.325669e-04
-1.381497e-04
-1.442075e-04
-1.500176e-04
-1.548722e-04
-1.583135e-04
-1.602449e-04
-1.603196e-04
-1.578898e-04
-1.527991e-04
-1.454993e-04
-1.365673e-04
-1.266857e-04
-1.165898e-04
-1.070275e-04
-9.854420e-05
-9.128646e-05
-8.566546e-05
-8.245767e-05
-8.124062e-05
-8.082286e-05
-8.171882e-05
-8.360665e-05
-8.627170e-05
-9.008025e-05
-9.406220e-05
-9.763953e-05
-1.005200e-04
-1.025568e-04
-1.037711e-04
-1.043370e-04
-1.046064e-04
-1.047894e-04
-1.050865e-04
-1.054896e-04
-1.062010e-04
-1.072444e-04
-1.086271e-04
-1.102161e-04
-1.087985e-04
-1.103572e-04
-1.119142e-04
-1.134780e-04
-1.150076e-04
-1.166276e-04
-1.182467e-04
-1.198079e-04
-1.211738e-04
-1.223889e-04
-1.233852e-04
-1.243395e-04
-1.252417e-04
-1.262328e-04
-1.272379e-04
-1.283383e-04
-1.295700e-04
-1.309380e-04
-1.323892e-04
-1.337394e-04
-1.348858e-04
-1.360402e-04
-1.373572e-04
-1.389474e-04
-1.405438e-04
-1.419049e-04
-1.428649e-04
-1.435913e-04
-1.443534e-04
-1.454618e-04
-1.470221e-04
-1.489699e-04
-1.511692e-04
-1.535631e-04
-1.561402e-04
-1.588327e-04
-1.616513e-04
-1.644355e-04
-1.670300e-04
-1.695617e-04
-1.718819e-04
-1.734293e-04
-1.745130e-04
-1.755185e-04
-1.764687e-04
-1.774931e-04
-1.801297e-04
-1.832119e-04
-1.856585e-04
-1.861009e-04
-1.850722e-04
-1.830467e-04
-1.801811e-04
-1.767492e-04
-1.720865e-04
-1.665940e-04
-1.604824e-04
-1.549073e-04
-1.502450e-04
-1.465242e-04
-1.432666e-04
-1.405641e-04
-1.386238e-04
-1.366986e-04
-1.345429e-04
-1.320160e-04
-1.291874e-04
-1.258829e-04
-1.215851e-04
-1.164132e-04
-1.103226e-04
-1.033615e-04
-9.618086e-05
-8.924818e-05
-8.325116e-05
-7.851759e-05
-7.510472e-05
-7.269905e-05
-7.152885e-05
-7.211057e-05
-7.412680e-05
-7.687368e-05
-7.986095e-05
-8.289785e-05
-8.604120e-05
-8.948475e-05
-9.286031e-05
-9.591381e-05
-9.842668e-05
-1.003308e-04
-1.016205e-04
-1.023287e-04
-1.027349e-04
-1.029617e-04
-1.032145e-04
-1.034982e-04
-1.040490e-04
-1.048918e-04
-1.060475e-04
-1.073744e-04
-1.066642e-04
-1.080538e-04
-1.094200e-04
-1.108986e-04
-1.124508e-04
-1.142098e-04
-1.160287e-04
-1.178473e-04
-1.195118e-04
-1.210392e-04
-1.223702e-04
-1.236542e-04
-1.248760e-04
-1.261405e-04
-1.273921e-04
-1.287030e-04
-1.301114e-04
-1.315891e-04
-1.331222e-04
-1.345278e-04
-1.355968e-04
-1.366383e-04
-1.376925e-04
-1.390522e-04
-1.404323e-04
-1.416178e-04
-1.425431e-04
-1.432451e-04
-1.439335e-04
-1.449006e-04
-1.462575e-04
-1.479828e-04
-1.499648e-04
-1.521578e-04
-1.545582e-04
-1.572902e-04
-1.602512e-04
-1.631173e-04
-1.658323e-04
-1.683497e-04
-1.708491e-04
-1.731128e-04
-1.750908e-04
-1.770815e-04
-1.794114e-04
-1.820603e-04
-1.854927e-04
-1.887953e-04
-1.915410e-04
-1.932257e-04
-1.937127e-04
-1.930332e-04
-1.912678e-04
-1.886439e-04
-1.847588e-04
-1.795842e-04
-1.734504e-04
-1.672358e-04
-1.613757e-04
-1.554254e-04
-1.497113e-04
-1.438123e-04
-1.387349e-04
-1.329190e-04
-1.275387e-04
-1.218946e-04
-1.168404e-04
-1.116152e-04
-1.062143e-04
-1.005783e-04
-9.417244e-05
-8.896892e-05
-8.347050e-05
-7.863670e-05
-7.518085e-05
-7.289163e-05
-7.184007e-05
-7.146399e-05
-7.178051e-05
-7.303748e-05
-7.533530e-05
-7.820307e-05
-8.130541e-05
-8.419650e-05
-8.696869e-05
-8.961577e-05
-9.216193e-05
-9.459240e-05
-9.676654e-05
-9.856214e-05
-9.988698e-05
-1.007416e-04
-1.012813e-04
-1.015819e-04
-1.018463e-04
-1.020716e-04
-1.025383e-04
-1.032319e-04
-1.042286e-04
-1.053921e-04
-1.050206e-04
-1.062264e-04
-1.074691e-04
-1.088639e-04
-1.104229e-04
-1.122179e-04
-1.141302e-04
-1.160798e-04
-1.179556e-04
-1.197140e-04
-1.213415e-04
-1.228946e-04
-1.243774e-04
-1.258628e-04
-1.273252e-04
-1.287851e-04
-1.302932e-04
-1.318858e-04
-1.334309e-04
-1.347821e-04
-1.358377e-04
-1.367505e-04
-1.376765e-04
-1.388248e-04
-1.400601e-04
-1.412477e-04
-1.421970e-04
-1.428722e-04
-1.435425e-04
-1.443940e-04
-1.455925e-04
-1.471728e-04
-1.490604e-04
-1.511974e-04
-1.535739e-04
-1.562186e-04
-1.590519e-04
-1.618229e-04
-1.643416e-04
-1.667869e-04
-1.692138e-04
-1.716788e-04
-1.739448e-04
-1.763327e-04
-1.790042e-04
-1.819034e-04
-1.848881e-04
-1.877117e-04
-1.900833e-04
-1.916325e-04
-1.922892e-04
-1.919078e-04
-1.905519e-04
-1.881413e-04
-1.846861e-04
-1.799932e-04
-1.746814e-04
-1.687993e-04
-1.631619e-04
-1.569406e-04
-1.509303e-04
-1.442103e-04
-1.381225e-04
-1.313610e-04
-1.252397e-04
-1.190463e-04
-1.134933e-04
-1.080328e-04
-1.027605e-04
-9.759851e-05
-9.258104e-05
-8.752452e-05
-8.295512e-05
-7.920141e-05
-7.653439e-05
-7.495791e-05
-7.447136e-05
-7.461837e-05
-7.531496e-05
-7.650532e-05
-7.834088e-05
-8.058400e-05
-8.308468e-05
-8.541858e-05
-8.774786e-05
-8.988484e-05
-9.195835e-05
-9.390161e-05
-9.582575e-05
-9.741172e-05
-9.864729e-05
-9.944384e-05
-1.000750e-04
-1.004384e-04
-1.007111e-04
-1.009434e-04
-1.013599e-04
-1.020181e-04
-1.029094e-04
-1.039152e-04
-1.037038e-04
-1.047996e-04
-1.059700e-04
-1.072969e-04
-1.087918e-04
-1.105378e-04
-1.124614e-04
-1.144983e-04
-1.165236e-04
-1.184714e-04
-1.203311e-04
-1.221107e-04
-1.238056e-04
-1.254803e-04
-1.270527e-04
-1.286524e-04
-1.302140e-04
-1.318652e-04
-1.334027e-04
-1.347061e-04
-1.357361e-04
-1.365497e-04
-1.373515e-04
-1.383121e-04
-1.394435e-04
-1.405823e-04
-1.416129e-04
-1.423857e-04
-1.431778e-04
-1.440120e-04
-1.451309e-04
-1.465948e-04
-1.483813e-04
-1.504641e-04
-1.527460e-04
-1.552588e-04
-1.578767e-04
-1.604658e-04
-1.628671e-04
-1.652364e-04
-1.676458e-04
-1.702199e-04
-1.726786e-04
-1.751606e-04
-1.776597e-04
-1.802385e-04
-1.826285e-04
-1.848587e-04
-1.866607e-04
-1.877937e-04
-1.881570e-04
-1.876864e-04
-1.863676e-04
-1.840402e-04
-1.808026e-04
-1.765865e-04
-1.718793e-04
-1.666147e-04
-1.614348e-04
-1.557441e-04
-1.500157e-04
-1.436432e-04
-1.374506e-04
-1.310446e-04
-1.249425e-04
-1.191221e-04
-1.137266e-04
-1.085121e-04
-1.036369e-04
-9.887073e-05
-9.426955e-05
-8.973480e-05
-8.557151e-05
-8.210155e-05
-7.963283e-05
-7.813121e-05
-7.767365e-05
-7.786905e-05
-7.869941e-05
-7.972196e-05
-8.122272e-05
-8.290201e-05
-8.472457e-05
-8.661258e-05
-8.852462e-05
-9.037764e-05
-9.219141e-05
-9.391355e-05
-9.546702e-05
-9.675183e-05
-9.779180e-05
-9.853995e-05
-9.909179e-05
-9.945247e-05
-9.970914e-05
-9.993246e-05
-1.003402e-04
-1.009351e-04
-1.017487e-04
-1.026748e-04
-1.027143e-04
-1.037528e-04
-1.048678e-04
-1.060949e-04
-1.075172e-04
-1.091658e-04
-1.110444e-04
-1.131137e-04
-1.152453e-04
-1.173477e-04
-1.193817e-04
-1.213158e-04
-1.231628e-04
-1.249296e-04
-1.265697e-04
-1.282107e-04
-1.298287e-04
-1.315024e-04
-1.330659e-04
-1.343918e-04
-1.354026e-04
-1.361546e-04
-1.368392e-04
-1.376600e-04
-1.386731e-04
-1.397821e-04
-1.408812e-04
-1.418129e-04
-1.427400e-04
-1.436382e-04
-1.447382e-04
-1.461026e-04
-1.477778e-04
-1.497430e-04
-1.519184e-04
-1.542573e-04
-1.566516e-04
-1.590764e-04
-1.614079e-04
-1.637403e-04
-1.661553e-04
-1.686873e-04
-1.712023e-04
-1.735681e-04
-1.757402e-04
-1.777974e-04
-1.796541e-04
-1.813100e-04
-1.826126e-04
-1.834265e-04
-1.836046e-04
-1.830667e-04
-1.817560e-04
-1.795473e-04
-1.765267e-04
-1.727459e-04
-1.685510e-04
-1.638579e-04
-1.591169e-04
-1.539892e-04
-1.486593e-04
-1.428122e-04
-1.369155e-04
-1.309988e-04
-1.252870e-04
-1.197720e-04
-1.145757e-04
-1.096857e-04
-1.051201e-04
-1.007542e-04
-9.655950e-05
-9.254255e-05
-8.882047e-05
-8.558150e-05
-8.313532e-05
-8.149158e-05
-8.078816e-05
-8.071265e-05
-8.137870e-05
-8.228050e-05
-8.351728e-05
-8.480257e-05
-8.627252e-05
-8.783379e-05
-8.950641e-05
-9.118452e-05
-9.278970e-05
-9.427192e-05
-9.553039e-05
-9.654900e-05
-9.735552e-05
-9.795103e-05
-9.839261e-05
-9.863581e-05
-9.880907e-05
-9.900535e-05
-9.939939e-05
-9.998962e-05
-1.007921e-04
-1.017077e-04
-1.021339e-04
-1.031032e-04
-1.041422e-04
-1.052437e-04
-1.065771e-04
-1.081142e-04
-1.099304e-04
-1.119674e-04
-1.141337e-04
-1.163133e-04
-1.184353e-04
-1.204559e-04
-1.223862e-04
-1.241894e-04
-1.258999e-04
-1.275366e-04
-1.291782e-04
-1.308402e-04
-1.324310e-04
-1.338054e-04
-1.348529e-04
-1.355917e-04
-1.362179e-04
-1.369381e-04
-1.378678e-04
-1.389220e-04
-1.400304e-04
-1.410975e-04
-1.421041e-04
-1.431226e-04
-1.442543e-04
-1.456061e-04
-1.471837e-04
-1.490426e-04
-1.510636e-04
-1.532388e-04
-1.554190e-04
-1.576769e-04
-1.598510e-04
-1.621106e-04
-1.643772e-04
-1.667284e-04
-1.690468e-04
-1.712367e-04
-1.731481e-04
-1.748042e-04
-1.762672e-04
-1.775989e-04
-1.786516e-04
-1.792743e-04
-1.793165e-04
-1.787238e-04
-1.774142e-04
-1.752771e-04
-1.724217e-04
-1.689797e-04
-1.652321e-04
-1.612057e-04
-1.567845e-04
-1.520602e-04
-1.470120e-04
-1.416574e-04
-1.362413e-04
-1.307703e-04
-1.253696e-04
-1.202088e-04
-1.153198e-04
-1.107747e-04
-1.064305e-04
-1.024309e-04
-9.870281e-05
-9.517539e-05
-9.187081e-05
-8.904524e-05
-8.679048e-05
-8.507454e-05
-8.411447e-05
-8.382458e-05
-8.411006e-05
-8.466116e-05
-8.555354e-05
-8.660069e-05
-8.777772e-05
-8.908521e-05
-9.050178e-05
-9.194884e-05
-9.330651e-05
-9.451158e-05
-9.552805e-05
-9.637038e-05
-9.700907e-05
-9.746913e-05
-9.778389e-05
-9.794592e-05
-9.814290e-05
-9.828542e-05
-9.873040e-05
-9.937967e-05
-1.002309e-04
-1.011462e-04
-1.018361e-04
-1.027109e-04
-1.036692e-04
-1.046091e-04
-1.058436e-04
-1.073026e-04
-1.090471e-04
-1.110034e-04
-1.131468e-04
-1.153392e-04
-1.174878e-04
-1.195159e-04
-1.214481e-04
-1.232746e-04
-1.250288e-04
-1.266488e-04
-1.282852e-04
-1.299183e-04
-1.315058e-04
-1.329739e-04
-1.341132e-04
-1.349048e-04
-1.355349e-04
-1.362006e-04
-1.370655e-04
-1.380528e-04
-1.391769e-04
-1.402743e-04
-1.413435e-04
-1.424361e-04
-1.436371e-04
-1.449985e-04
-1.464845e-04
-1.482238e-04
-1.500664e-04
-1.520676e-04
-1.540159e-04
-1.560635e-04
-1.580120e-04
-1.601115e-04
-1.621502e-04
-1.642579e-04
-1.662372e-04
-1.682669e-04
-1.700775e-04
-1.716030e-04
-1.728530e-04
-1.741078e-04
-1.750872e-04
-1.755586e-04
-1.753796e-04
-1.746824e-04
-1.733095e-04
-1.712820e-04
-1.686483e-04
-1.656268e-04
-1.623439e-04
-1.587138e-04
-1.547574e-04
-1.503271e-04
-1.456102e-04
-1.406689e-04
-1.356632e-04
-1.305242e-04
-1.255142e-04
-1.206817e-04
-1.161349e-04
-1.117727e-04
-1.077949e-04
-1.041029e-04
-1.007672e-04
-9.756065e-05
-9.470541e-05
-9.223852e-05
-9.017864e-05
-8.862270e-05
-8.752663e-05
-8.698495e-05
-8.686990e-05
-8.717595e-05
-8.776324e-05
-8.854720e-05
-8.941473e-05
-9.044246e-05
-9.154288e-05
-9.265327e-05
-9.370850e-05
-9.463347e-05
-9.544543e-05
-9.613907e-05
-9.665986e-05
-9.701522e-05
-9.723555e-05
-9.735127e-05
-9.750380e-05
-9.780452e-05
-9.834718e-05
-9.907476e-05
-9.996863e-05
-1.008957e-04
-1.016213e-04
-1.024310e-04
-1.032592e-04
-1.041735e-04
-1.053466e-04
-1.067276e-04
-1.083801e-04
-1.102405e-04
-1.123347e-04
-1.144308e-04
-1.165432e-04
-1.185378e-04
-1.204986e-04
-1.222669e-04
-1.239780e-04
-1.255905e-04
-1.271766e-04
-1.288022e-04
-1.304156e-04
-1.318923e-04
-1.331051e-04
-1.340509e-04
-1.347797e-04
-1.355182e-04
-1.363295e-04
-1.372609e-04
-1.383386e-04
-1.394248e-04
-1.405006e-04
-1.415796e-04
-1.427800e-04
-1.441143e-04
-1.455311e-04
-1.470911e-04
-1.487582e-04
-1.505321e-04
-1.522824e-04
-1.540925e-04
-1.558206e-04
-1.577007e-04
-1.595000e-04
-1.613938e-04
-1.632097e-04
-1.650051e-04
-1.667862e-04
-1.682649e-04
-1.696470e-04
-1.708604e-04
-1.715056e-04
-1.719185e-04
-1.716929e-04
-1.708108e-04
-1.693862e-04
-1.675222e-04
-1.653071e-04
-1.627489e-04
-1.598452e-04
-1.565313e-04
-1.528189e-04
-1.485825e-04
-1.441723e-04
-1.395562e-04
-1.349288e-04
-1.302347e-04
-1.256576e-04
-1.211414e-04
-1.168347e-04
-1.127217e-04
-1.090209e-04
-1.055833e-04
-1.024364e-04
-9.955785e-05
-9.707782e-05
-9.490946e-05
-9.306973e-05
-9.163460e-05
-9.059389e-05
-8.994994e-05
-8.969378e-05
-8.979644e-05
-9.015305e-05
-9.067495e-05
-9.128362e-05
-9.201609e-05
-9.278593e-05
-9.354552e-05
-9.425784e-05
-9.488530e-05
-9.546073e-05
-9.595934e-05
-9.636204e-05
-9.660198e-05
-9.673920e-05
-9.685886e-05
-9.709318e-05
-9.749687e-05
-9.813995e-05
-9.893579e-05
-9.984887e-05
-1.007491e-04
-1.014130e-04
-1.022005e-04
-1.030270e-04
-1.039334e-04
-1.050656e-04
-1.063830e-04
-1.079494e-04
-1.096780e-04
-1.115989e-04
-1.135529e-04
-1.155597e-04
-1.174601e-04
-1.193297e-04
-1.210376e-04
-1.226925e-04
-1.243378e-04
-1.259424e-04
-1.275804e-04
-1.292158e-04
-1.307653e-04
-1.321524e-04
-1.333406e-04
-1.342375e-04
-1.350220e-04
-1.358220e-04
-1.367128e-04
-1.376540e-04
-1.386263e-04
-1.396231e-04
-1.406514e-04
-1.417121e-04
-1.429288e-04
-1.442268e-04
-1.456595e-04
-1.471331e-04
-1.486963e-04
-1.502582e-04
-1.518991e-04
-1.534659e-04
-1.552026e-04
-1.568396e-04
-1.586270e-04
-1.603850e-04
-1.621420e-04
-1.637878e-04
-1.653495e-04
-1.667595e-04
-1.677473e-04
-1.682394e-04
-1.683471e-04
-1.680204e-04
-1.671469e-04
-1.658671e-04
-1.642887e-04
-1.624273e-04
-1.602246e-04
-1.575970e-04
-1.545144e-04
-1.509241e-04
-1.469242e-04
-1.427444e-04
-1.384689e-04
-1.341940e-04
-1.298906e-04
-1.256328e-04
-1.214592e-04
-1.174195e-04
-1.136217e-04
-1.100916e-04
-1.068426e-04
-1.038604e-04
-1.011881e-04
-9.889697e-05
-9.694009e-05
-9.532606e-05
-9.404636e-05
-9.313172e-05
-9.251100e-05
-9.221841e-05
-9.222438e-05
-9.242464e-05
-9.284406e-05
-9.326396e-05
-9.378143e-05
-9.425184e-05
-9.472250e-05
-9.506462e-05
-9.545518e-05
-9.576151e-05
-9.600550e-05
-9.623401e-05
-9.629803e-05
-9.643745e-05
-9.651186e-05
-9.682653e-05
-9.729951e-05
-9.806754e-05
-9.888448e-05
-9.974992e-05
-1.005704e-04
-1.012051e-04
-1.020630e-04
-1.029572e-04
-1.039134e-04
-1.050224e-04
-1.062764e-04
-1.077077e-04
-1.092666e-04
-1.109594e-04
-1.127292e-04
-1.145316e-04
-1.162840e-04
-1.179946e-04
-1.196647e-04
-1.213399e-04
-1.229558e-04
-1.246002e-04
-1.262825e-04
-1.279760e-04
-1.296665e-04
-1.312501e-04
-1.326393e-04
-1.337725e-04
-1.346444e-04
-1.354604e-04
-1.362683e-04
-1.370588e-04
-1.378883e-04
-1.387088e-04
-1.395627e-04
-1.404310e-04
-1.414985e-04
-1.426147e-04
-1.439111e-04
-1.452258e-04
-1.466736e-04
-1.480777e-04
-1.496054e-04
-1.511467e-04
-1.527357e-04
-1.543135e-04
-1.560501e-04
-1.577077e-04
-1.594792e-04
-1.610478e-04
-1.624967e-04
-1.636105e-04
-1.644905e-04
-1.648713e-04
-1.649383e-04
-1.644943e-04
-1.638398e-04
-1.627751e-04
-1.615557e-04
-1.600085e-04
-1.580839e-04
-1.556387e-04
-1.526783e-04
-1.492004e-04
-1.453610e-04
-1.413764e-04
-1.374027e-04
-1.334637e-04
-1.295384e-04
-1.256410e-04
-1.217992e-04
-1.180759e-04
-1.145243e-04
-1.111814e-04
-1.080847e-04
-1.052372e-04
-1.026771e-04
-1.004937e-04
-9.865268e-05
-9.716093e-05
-9.597184e-05
-9.512572e-05
-9.460263e-05
-9.433487e-05
-9.435615e-05
-9.453794e-05
-9.490517e-05
-9.524902e-05
-9.562309e-05
-9.587446e-05
-9.609315e-05
-9.623361e-05
-9.628921e-05
-9.631895e-05
-9.628452e-05
-9.626016e-05
-9.617172e-05
-9.620639e-05
-9.631703e-05
-9.665588e-05
-9.714800e-05
-9.786154e-05
-9.863677e-05
-9.950269e-05
-1.003524e-04
-1.010888e-04
-1.020627e-04
-1.030762e-04
-1.041158e-04
-1.051923e-04
-1.063511e-04
-1.076243e-04
-1.090115e-04
-1.104737e-04
-1.119792e-04
-1.135558e-04
-1.151102e-04
-1.167428e-04
-1.183481e-04
-1.199635e-04
-1.214962e-04
-1.232470e-04
-1.249389e-04
-1.266734e-04
-1.284740e-04
-1.302250e-04
-1.316891e-04
-1.330008e-04
-1.341725e-04
-1.350313e-04
-1.357680e-04
-1.364366e-04
-1.370732e-04
-1.376960e-04
-1.383227e-04
-1.390009e-04
-1.398580e-04
-1.407390e-04
-1.419264e-04
-1.430915e-04
-1.444236e-04
-1.457755e-04
-1.471914e-04
-1.486139e-04
-1.501804e-04
-1.517179e-04
-1.533821e-04
-1.549375e-04
-1.566066e-04
-1.581198e-04
-1.594841e-04
-1.604622e-04
-1.613031e-04
-1.617033e-04
-1.617391e-04
-1.615077e-04
-1.611052e-04
-1.603123e-04
-1.592573e-04
-1.580201e-04
-1.561846e-04
-1.536655e-04
-1.507593e-04
-1.475274e-04
-1.438136e-04
-1.401615e-04
-1.362959e-04
-1.326539e-04
-1.290692e-04
-1.256271e-04
-1.220277e-04
-1.186339e-04
-1.153521e-04
-1.121833e-04
-1.092565e-04
-1.065197e-04
-1.040620e-04
-1.019207e-04
-1.001400e-04
-9.868913e-05
-9.755586e-05
-9.675942e-05
-9.629777e-05
-9.608510e-05
-9.615616e-05
-9.638569e-05
-9.675971e-05
-9.706205e-05
-9.733880e-05
-9.746188e-05
-9.749874e-05
-9.739209e-05
-9.722959e-05
-9.697548e-05
-9.670259e-05
-9.644836e-05
-9.627747e-05
-9.620762e-05
-9.628382e-05
-9.656097e-05
-9.701669e-05
-9.765404e-05
-9.837826e-05
-9.922749e-05
-1.001189e-04
-1.010273e-04
-1.021371e-04
-1.032946e-04
-1.044097e-04
-1.054980e-04
-1.065861e-04
-1.076813e-04
-1.088247e-04
-1.100059e-04
-1.112614e-04
-1.125749e-04
-1.139698e-04
-1.154009e-04
-1.168885e-04
-1.184377e-04
-1.200430e-04
-1.217548e-04
-1.235312e-04
-1.253820e-04
-1.272720e-04
-1.291461e-04
-1.308740e-04
-1.323734e-04
-1.335766e-04
-1.345169e-04
-1.352298e-04
-1.357744e-04
-1.362092e-04
-1.366126e-04
-1.370150e-04
-1.374820e-04
-1.381197e-04
-1.389234e-04
-1.398732e-04
-1.409193e-04
-1.420811e-04
-1.433772e-04
-1.447021e-04
-1.461376e-04
-1.475924e-04
-1.490799e-04
-1.507406e-04
-1.523279e-04
-1.538932e-04
-1.552640e-04
-1.566777e-04
-1.576771e-04
-1.585425e-04
-1.588921e-04
-1.591359e-04
-1.591086e-04
-1.589079e-04
-1.581463e-04
-1.571756e-04
-1.559198e-04
-1.541365e-04
-1.516770e-04
-1.487613e-04
-1.456010e-04
-1.421577e-04
-1.385890e-04
-1.351402e-04
-1.317253e-04
-1.284872e-04
-1.252489e-04
-1.221114e-04
-1.190400e-04
-1.160267e-04
-1.130582e-04
-1.102919e-04
-1.076987e-04
-1.053371e-04
-1.032443e-04
-1.014812e-04
-1.000296e-04
-9.887810e-05
-9.805252e-05
-9.757249e-05
-9.739620e-05
-9.750516e-05
-9.780299e-05
-9.818949e-05
-9.852329e-05
-9.879906e-05
-9.889530e-05
-9.882214e-05
-9.856557e-05
-9.824995e-05
-9.781968e-05
-9.737627e-05
-9.695263e-05
-9.666701e-05
-9.649346e-05
-9.645920e-05
-9.660810e-05
-9.691938e-05
-9.742109e-05
-9.808163e-05
-9.894265e-05
-9.991327e-05
-1.010127e-04
-1.022527e-04
-1.035422e-04
-1.047295e-04
-1.058387e-04
-1.068345e-04
-1.077661e-04
-1.086883e-04
-1.096330e-04
-1.106463e-04
-1.117570e-04
-1.129568e-04
-1.142438e-04
-1.156310e-04
-1.171265e-04
-1.186851e-04
-1.204088e-04
-1.222257e-04
-1.241516e-04
-1.260863e-04
-1.280357e-04
-1.298495e-04
-1.314866e-04
-1.327764e-04
-1.337984e-04
-1.344962e-04
-1.349384e-04
-1.352288e-04
-1.354333e-04
-1.356519e-04
-1.359381e-04
-1.363795e-04
-1.369414e-04
-1.376917e-04
-1.386730e-04
-1.397559e-04
-1.409124e-04
-1.421816e-04
-1.435936e-04
-1.450568e-04
-1.465284e-04
-1.481708e-04
-1.498113e-04
-1.514104e-04
-1.528196e-04
-1.542214e-04
-1.553176e-04
-1.562526e-04
-1.568229e-04
-1.572578e-04
-1.573003e-04
-1.570817e-04
-1.565485e-04
-1.555288e-04
-1.539540e-04
-1.519702e-04
-1.496490e-04
-1.468333e-04
-1.436286e-04
-1.404067e-04
-1.371050e-04
-1.337925e-04
-1.307254e-04
-1.277560e-04
-1.248613e-04
-1.220647e-04
-1.192769e-04
-1.165336e-04
-1.138119e-04
-1.111637e-04
-1.087060e-04
-1.064429e-04
-1.044607e-04
-1.026823e-04
-1.012313e-04
-9.999555e-05
-9.914330e-05
-9.857083e-05
-9.839512e-05
-9.845603e-05
-9.878536e-05
-9.927769e-05
-9.962582e-05
-9.996103e-05
-1.000765e-04
-1.000312e-04
-9.977124e-05
-9.938491e-05
-9.872776e-05
-9.827320e-05
-9.774195e-05
-9.732895e-05
-9.695190e-05
-9.684740e-05
-9.681243e-05
-9.691553e-05
-9.729861e-05
-9.794712e-05
-9.879759e-05
-9.978640e-05
-1.009603e-04
-1.022772e-04
-1.036508e-04
-1.049182e-04
-1.060586e-04
-1.069847e-04
-1.077815e-04
-1.085627e-04
-1.093315e-04
-1.101725e-04
-1.111212e-04
-1.121628e-04
-1.133599e-04
-1.146411e-04
-1.160460e-04
-1.175921e-04
-1.192545e-04
-1.211141e-04
-1.230137e-04
-1.250023e-04
-1.268724e-04
-1.287652e-04
-1.303810e-04
-1.317309e-04
-1.327367e-04
-1.333805e-04
-1.337442e-04
-1.339992e-04
-1.340751e-04
-1.341494e-04
-1.343328e-04
-1.346551e-04
-1.350323e-04
-1.356038e-04
-1.364428e-04
-1.374652e-04
-1.385331e-04
-1.398014e-04
-1.412482e-04
-1.427966e-04
-1.442628e-04
-1.458880e-04
-1.474693e-04
-1.491462e-04
-1.505721e-04
-1.520446e-04
-1.531737e-04
-1.542796e-04
-1.549342e-04
-1.555298e-04
-1.555928e-04
-1.553638e-04
-1.546926e-04
-1.536306e-04
-1.519161e-04
-1.497722e-04
-1.473280e-04
-1.447165e-04
-1.417614e-04
-1.387130e-04
-1.355801e-04
-1.325848e-04
-1.297560e-04
-1.270690e-04
-1.244474e-04
-1.219153e-04
-1.193624e-04
-1.168521e-04
-1.143442e-04
-1.118881e-04
-1.095683e-04
-1.074082e-04
-1.054945e-04
-1.037352e-04
-1.022644e-04
-1.009752e-04
-1.000489e-04
-9.938877e-05
-9.917590e-05
-9.918763e-05
-9.954475e-05
-9.999197e-05
-1.005060e-04
-1.009209e-04
-1.011625e-04
-1.011880e-04
-1.009785e-04
-1.005907e-04
-1.000002e-04
-9.939784e-05
-9.876971e-05
-9.814930e-05
-9.763340e-05
-9.724085e-05
-9.698795e-05
-9.697312e-05
-9.715042e-05
-9.766916e-05
-9.852253e-05
-9.963823e-05
-1.008421e-04
-1.022825e-04
-1.037156e-04
-1.049802e-04
-1.061590e-04
-1.070579e-04
-1.078404e-04
-1.084735e-04
-1.091614e-04
-1.097824e-04
-1.105858e-04
-1.115055e-04
-1.125851e-04
-1.137582e-04
-1.150854e-04
-1.165814e-04
-1.182030e-04
-1.200072e-04
-1.219760e-04
-1.239154e-04
-1.257078e-04
-1.275290e-04
-1.291157e-04
-1.304573e-04
-1.314312e-04
-1.321047e-04
-1.324798e-04
-1.326744e-04
-1.328019e-04
-1.328202e-04
-1.328669e-04
-1.330577e-04
-1.333822e-04
-1.338361e-04
-1.345362e-04
-1.354361e-04
-1.364887e-04
-1.377929e-04
-1.392600e-04
-1.408400e-04
-1.422625e-04
-1.438716e-04
-1.454702e-04
-1.470816e-04
-1.484224e-04
-1.498729e-04
-1.511216e-04
-1.522659e-04
-1.529495e-04
-1.535211e-04
-1.534645e-04
-1.531863e-04
-1.523018e-04
-1.510634e-04
-1.493422e-04
-1.472538e-04
-1.448908e-04
-1.424424e-04
-1.397605e-04
-1.369652e-04
-1.341719e-04
-1.314880e-04
-1.288704e-04
-1.263978e-04
-1.240210e-04
-1.217313e-04
-1.193593e-04
-1.170976e-04
-1.147595e-04
-1.125174e-04
-1.103531e-04
-1.082911e-04
-1.064332e-04
-1.047062e-04
-1.032179e-04
-1.019032e-04
-1.009056e-04
-1.002191e-04
-9.990186e-05
-9.990642e-05
-1.001530e-04
-1.006851e-04
-1.012220e-04
-1.017238e-04
-1.020777e-04
-1.022299e-04
-1.020758e-04
-1.017534e-04
-1.012014e-04
-1.005332e-04
-9.977052e-05
-9.898733e-05
-9.830086e-05
-9.774355e-05
-9.733028e-05
-9.711450e-05
-9.719024e-05
-9.759968e-05
-9.839638e-05
-9.950792e-05
-1.007876e-04
-1.021786e-04
-1.036305e-04
-1.049352e-04
-1.060816e-04
-1.069951e-04
-1.077516e-04
-1.083485e-04
-1.089188e-04
-1.094562e-04
-1.101308e-04
-1.109273e-04
-1.118888e-04
-1.129833e-04
-1.143238e-04
-1.157143e-04
-1.173482e-04
-1.190506e-04
-1.210022e-04
-1.227891e-04
-1.245222e-04
-1.261882e-04
-1.277251e-04
-1.289344e-04
-1.298702e-04
-1.305391e-04
-1.309063e-04
-1.311836e-04
-1.312899e-04
-1.313857e-04
-1.313608e-04
-1.316040e-04
-1.318233e-04
-1.322429e-04
-1.328296e-04
-1.337112e-04
-1.347866e-04
-1.360804e-04
-1.375576e-04
-1.391255e-04
-1.405702e-04
-1.420584e-04
-1.436198e-04
-1.451056e-04
-1.464507e-04
-1.477510e-04
-1.490195e-04
-1.500449e-04
-1.507314e-04
-1.510906e-04
-1.510575e-04
-1.505725e-04
-1.495636e-04
-1.481111e-04
-1.464426e-04
-1.445645e-04
-1.424365e-04
-1.401938e-04
-1.378064e-04
-1.352712e-04
-1.328897e-04
-1.306037e-04
-1.282398e-04
-1.257866e-04
-1.236478e-04
-1.214971e-04
-1.193443e-04
-1.172815e-04
-1.151689e-04
-1.131123e-04
-1.111409e-04
-1.091872e-04
-1.073464e-04
-1.056732e-04
-1.041726e-04
-1.028510e-04
-1.018557e-04
-1.011030e-04
-1.006790e-04
-1.005830e-04
-1.008530e-04
-1.012527e-04
-1.018178e-04
-1.023495e-04
-1.028494e-04
-1.030202e-04
-1.029634e-04
-1.027211e-04
-1.021002e-04
-1.014920e-04
-1.006931e-04
-9.985378e-05
-9.892065e-05
-9.830307e-05
-9.780827e-05
-9.750097e-05
-9.750658e-05
-9.784744e-05
-9.855166e-05
-9.952626e-05
-1.007830e-04
-1.020210e-04
-1.033637e-04
-1.046296e-04
-1.057614e-04
-1.066426e-04
-1.074459e-04
-1.081110e-04
-1.086541e-04
-1.091856e-04
-1.097961e-04
-1.104984e-04
-1.113933e-04
-1.124571e-04
-1.137676e-04
-1.151098e-04
-1.166352e-04
-1.182799e-04
-1.200647e-04
-1.216811e-04
-1.232279e-04
-1.247320e-04
-1.260968e-04
-1.271854e-04
-1.280381e-04
-1.286763e-04
-1.290883e-04
-1.294433e-04
-1.296167e-04
-1.297703e-04
-1.298279e-04
-1.301013e-04
-1.303557e-04
-1.307940e-04
-1.314084e-04
-1.323196e-04
-1.334254e-04
-1.347622e-04
-1.361564e-04
-1.376290e-04
-1.389972e-04
-1.404214e-04
-1.418138e-04
-1.431818e-04
-1.444429e-04
-1.456547e-04
-1.467832e-04
-1.476715e-04
-1.483018e-04
-1.485492e-04
-1.483456e-04
-1.477104e-04
-1.466894e-04
-1.453637e-04
-1.437359e-04
-1.418918e-04
-1.400305e-04
-1.379573e-04
-1.358670e-04
-1.336176e-04
-1.315491e-04
-1.293604e-04
-1.272715e-04
-1.252101e-04
-1.232859e-04
-1.212955e-04
-1.193697e-04
-1.174944e-04
-1.156272e-04
-1.137565e-04
-1.119110e-04
-1.100795e-04
-1.083580e-04
-1.066747e-04
-1.051789e-04
-1.038377e-04
-1.028172e-04
-1.020123e-04
-1.015575e-04
-1.013501e-04
-1.014870e-04
-1.018204e-04
-1.023357e-04
-1.028402e-04
-1.032923e-04
-1.035887e-04
-1.036877e-04
-1.035018e-04
-1.030787e-04
-1.024199e-04
-1.016239e-04
-1.007281e-04
-9.985413e-05
-9.905998e-05
-9.847036e-05
-9.809752e-05
-9.801889e-05
-9.821008e-05
-9.876422e-05
-9.963837e-05
-1.007356e-04
-1.018983e-04
-1.030763e-04
-1.042416e-04
-1.053320e-04
-1.062934e-04
-1.071592e-04
-1.077983e-04
-1.083739e-04
-1.089475e-04
-1.095971e-04
-1.103028e-04
-1.111583e-04
-1.121778e-04
-1.134214e-04
-1.147140e-04
-1.161459e-04
-1.176315e-04
-1.191712e-04
-1.205676e-04
-1.219532e-04
-1.231963e-04
-1.243380e-04
-1.252669e-04
-1.260530e-04
-1.266579e-04
-1.271150e-04
-1.275037e-04
-1.277321e-04
-1.279906e-04
-1.282021e-04
-1.284629e-04
-1.288209e-04
-1.293866e-04
-1.301428e-04
-1.310882e-04
-1.322182e-04
-1.335510e-04
-1.348872e-04
-1.362338e-04
-1.376002e-04
-1.388561e-04
-1.400576e-04
-1.411906e-04
-1.424157e-04
-1.434206e-04
-1.443720e-04
-1.451882e-04
-1.456977e-04
-1.458508e-04
-1.454921e-04
-1.449253e-04
-1.438402e-04
-1.425519e-04
-1.410161e-04
-1.394884e-04
-1.376970e-04
-1.358263e-04
-1.339225e-04
-1.320599e-04
-1.301757e-04
-1.282675e-04
-1.264177e-04
-1.246402e-04
-1.229046e-04
-1.211532e-04
-1.194251e-04
-1.177318e-04
-1.159853e-04
-1.143767e-04
-1.126415e-04
-1.108717e-04
-1.091684e-04
-1.075907e-04
-1.061317e-04
-1.048866e-04
-1.038850e-04
-1.031236e-04
-1.025925e-04
-1.023402e-04
-1.023219e-04
-1.025540e-04
-1.028888e-04
-1.033042e-04
-1.037074e-04
-1.039787e-04
-1.041891e-04
-1.040420e-04
-1.037946e-04
-1.031676e-04
-1.024728e-04
-1.015635e-04
-1.007006e-04
-9.988283e-05
-9.926221e-05
-9.883360e-05
-9.865548e-05
-9.874896e-05
-9.912969e-05
-9.986542e-05
-1.008983e-04
-1.018337e-04
-1.028575e-04
-1.039101e-04
-1.048947e-04
-1.058860e-04
-1.067348e-04
-1.074544e-04
-1.081028e-04
-1.087620e-04
-1.094814e-04
-1.102240e-04
-1.110643e-04
-1.120656e-04
-1.132651e-04
-1.144144e-04
-1.156378e-04
-1.169197e-04
-1.182820e-04
-1.194080e-04
-1.205006e-04
-1.214827e-04
-1.224545e-04
-1.232203e-04
-1.239194e-04
-1.244773e-04
-1.249312e-04
-1.253814e-04
-1.256622e-04
-1.259958e-04
-1.262520e-04
-1.266884e-04
-1.271915e-04
-1.279427e-04
-1.287664e-04
-1.298484e-04
-1.310130e-04
-1.323355e-04
-1.336494e-04
-1.348750e-04
-1.360279e-04
-1.371171e-04
-1.381676e-04
-1.391846e-04
-1.401666e-04
-1.410756e-04
-1.419053e-04
-1.426121e-04
-1.430381e-04
-1.431531e-04
-1.428196e-04
-1.422687e-04
-1.413447e-04
-1.401906e-04
-1.387788e-04
-1.373059e-04
-1.357218e-04
-1.340182e-04
-1.322530e-04
-1.305788e-04
-1.289275e-04
-1.272113e-04
-1.255679e-04
-1.240304e-04
-1.224834e-04
-1.209015e-04
-1.193700e-04
-1.178756e-04
-1.163289e-04
-1.147500e-04
-1.131140e-04
-1.114856e-04
-1.098987e-04
-1.084371e-04
-1.070511e-04
-1.059190e-04
-1.049542e-04
-1.042486e-04
-1.037258e-04
-1.034430e-04
-1.032960e-04
-1.033333e-04
-1.034878e-04
-1.037303e-04
-1.040141e-04
-1.042309e-04
-1.044543e-04
-1.043754e-04
-1.042516e-04
-1.037654e-04
-1.031918e-04
-1.023905e-04
-1.016374e-04
-1.008803e-04
-1.002654e-04
-9.978293e-05
-9.954555e-05
-9.951428e-05
-9.974228e-05
-1.002376e-04
-1.012346e-04
-1.018668e-04
-1.026541e-04
-1.035499e-04
-1.044704e-04
-1.053148e-04
-1.061687e-04
-1.070352e-04
-1.078297e-04
-1.084990e-04
-1.092899e-04
-1.101693e-04
-1.110752e-04
-1.119556e-04
-1.130311e-04
-1.141651e-04
-1.152783e-04
-1.162815e-04
-1.173352e-04
-1.182030e-04
-1.191618e-04
-1.199976e-04
-1.207149e-04
-1.211211e-04
-1.217821e-04
-1.223970e-04
-1.228197e-04
-1.231584e-04
-1.234177e-04
-1.238399e-04
-1.241269e-04
-1.247707e-04
-1.254597e-04
-1.263259e-04
-1.272741e-04
-1.284951e-04
-1.297005e-04
-1.309778e-04
-1.322002e-04
-1.333379e-04
-1.343626e-04
-1.353205e-04
-1.362325e-04
-1.371049e-04
-1.379576e-04
-1.387410e-04
-1.394530e-04
-1.400797e-04
-1.405386e-04
-1.406826e-04
-1.403147e-04
-1.398436e-04
-1.390818e-04
-1.380653e-04
-1.366876e-04
-1.353214e-04
-1.338335e-04
-1.322871e-04
-1.306333e-04
-1.291605e-04
-1.277252e-04
-1.261939e-04
-1.247219e-04
-1.233982e-04
-1.220535e-04
-1.206790e-04
-1.192944e-04
-1.179596e-04
-1.165349e-04
-1.150350e-04
-1.134585e-04
-1.119940e-04
-1.105397e-04
-1.091840e-04
-1.078732e-04
-1.069026e-04
-1.059899e-04
-1.053663e-04
-1.049242e-04
-1.046345e-04
-1.044065e-04
-1.042161e-04
-1.041924e-04
-1.042028e-04
-1.043237e-04
-1.044227e-04
-1.045631e-04
-1.045638e-04
-1.045368e-04
-1.042523e-04
-1.037677e-04
-1.031927e-04
-1.026073e-04
-1.019719e-04
-1.013906e-04
-1.009205e-04
-1.006212e-04
-1.004760e-04
-1.005583e-04
-1.008027e-04
-1.018299e-04
-1.021688e-04
-1.027025e-04
-1.033272e-04
-1.040976e-04
-1.049212e-04
-1.057926e-04
-1.066306e-04
-1.074921e-04
-1.083372e-04
-1.091984e-04
-1.100559e-04
-1.110011e-04
-1.119834e-04
-1.129718e-04
-1.139195e-04
-1.148570e-04
-1.156760e-04
-1.164004e-04
-1.170351e-04
-1.176519e-04
-1.181176e-04
-1.186061e-04
-1.190636e-04
-1.195542e-04
-1.199289e-04
-1.203350e-04
-1.207544e-04
-1.210311e-04
-1.214639e-04
-1.219300e-04
-1.226470e-04
-1.234266e-04
-1.244169e-04
-1.255977e-04
-1.268821e-04
-1.280215e-04
-1.292091e-04
-1.303881e-04
-1.314900e-04
-1.324386e-04
-1.333113e-04
-1.341378e-04
-1.349848e-04
-1.356923e-04
-1.363483e-04
-1.369852e-04
-1.375875e-04
-1.378735e-04
-1.379832e-04
-1.377374e-04
-1.373914e-04
-1.364968e-04
-1.355449e-04
-1.345022e-04
-1.334666e-04
-1.318915e-04
-1.306081e-04
-1.292772e-04
-1.279941e-04
-1.265413e-04
-1.253904e-04
-1.240628e-04
-1.228686e-04
-1.216332e-04
-1.205523e-04
-1.193062e-04
-1.180192e-04
-1.166943e-04
-1.153887e-04
-1.139151e-04
-1.124717e-04
-1.111021e-04
-1.098896e-04
-1.087382e-04
-1.078297e-04
-1.069940e-04
-1.065058e-04
-1.060542e-04
-1.059016e-04
-1.054813e-04
-1.052366e-04
-1.049622e-04
-1.048352e-04
-1.047197e-04
-1.047295e-04
-1.048178e-04
-1.046211e-04
-1.046687e-04
-1.045053e-04
-1.043847e-04
-1.038844e-04
-1.034706e-04
-1.029043e-04
-1.024746e-04
-1.019722e-04
-1.017326e-04
-1.014660e-04
-1.014678e-04
-1.015187e-04
-1.025056e-04
-1.026148e-04
-1.029348e-04
-1.033544e-04
-1.039846e-04
-1.046929e-04
-1.055043e-04
-1.063344e-04
-1.072056e-04
-1.080978e-04
-1.089800e-04
-1.098705e-04
-1.108391e-04
-1.118227e-04
-1.127568e-04
-1.135793e-04
-1.143364e-04
-1.149662e-04
-1.154712e-04
-1.158622e-04
-1.162008e-04
-1.164593e-04
-1.167728e-04
-1.170769e-04
-1.174419e-04
-1.177152e-04
-1.180553e-04
-1.184197e-04
-1.188317e-04
-1.193060e-04
-1.199400e-04
-1.207067e-04
-1.216603e-04
-1.227937e-04
-1.239922e-04
-1.251619e-04
-1.262825e-04
-1.274027e-04
-1.284784e-04
-1.294525e-04
-1.303774e-04
-1.312199e-04
-1.320114e-04
-1.327669e-04
-1.334927e-04
-1.340992e-04
-1.346592e-04
-1.350665e-04
-1.353114e-04
-1.353915e-04
-1.353731e-04
-1.350452e-04
-1.344698e-04
-1.336197e-04
-1.328264e-04
-1.318752e-04
-1.306959e-04
-1.293598e-04
-1.282004e-04
-1.269835e-04
-1.257139e-04
-1.245303e-04
-1.234584e-04
-1.223789e-04
-1.213163e-04
-1.202651e-04
-1.191961e-04
-1.180480e-04
-1.168472e-04
-1.155961e-04
-1.142985e-04
-1.129739e-04
-1.116832e-04
-1.105471e-04
-1.095752e-04
-1.086791e-04
-1.081245e-04
-1.076813e-04
-1.073515e-04
-1.070370e-04
-1.067226e-04
-1.063451e-04
-1.059810e-04
-1.055934e-04
-1.052857e-04
-1.050136e-04
-1.048608e-04
-1.047360e-04
-1.046821e-04
-1.046865e-04
-1.047197e-04
-1.045399e-04
-1.042838e-04
-1.039108e-04
-1.036282e-04
-1.032083e-04
-1.029540e-04
-1.026878e-04
-1.025759e-04
-1.024567e-04
-1.034114e-04
-1.033368e-04
-1.034569e-04
-1.037057e-04
-1.041718e-04
-1.047168e-04
-1.054008e-04
-1.061314e-04
-1.069235e-04
-1.077401e-04
-1.086063e-04
-1.094780e-04
-1.104271e-04
-1.113762e-04
-1.123028e-04
-1.130646e-04
-1.137152e-04
-1.142033e-04
-1.145620e-04
-1.147840e-04
-1.149441e-04
-1.150360e-04
-1.151681e-04
-1.152691e-04
-1.154900e-04
-1.157125e-04
-1.159719e-04
-1.163131e-04
-1.167917e-04
-1.173633e-04
-1.180766e-04
-1.190032e-04
-1.200803e-04
-1.212057e-04
-1.223202e-04
-1.233810e-04
-1.243735e-04
-1.253453e-04
-1.263146e-04
-1.272124e-04
-1.280675e-04
-1.289211e-04
-1.297008e-04
-1.304453e-04
-1.310864e-04
-1.316793e-04
-1.321470e-04
-1.324881e-04
-1.326669e-04
-1.327324e-04
-1.326929e-04
-1.325174e-04
-1.322033e-04
-1.315032e-04
-1.308269e-04
-1.301701e-04
-1.293397e-04
-1.281337e-04
-1.270315e-04
-1.259526e-04
-1.249314e-04
-1.238240e-04
-1.227612e-04
-1.218056e-04
-1.209427e-04
-1.200013e-04
-1.190103e-04
-1.180473e-04
-1.170569e-04
-1.159370e-04
-1.147089e-04
-1.135353e-04
-1.124112e-04
-1.113209e-04
-1.104020e-04
-1.096584e-04
-1.092110e-04
-1.087487e-04
-1.084417e-04
-1.081173e-04
-1.078506e-04
-1.074135e-04
-1.069360e-04
-1.064117e-04
-1.058984e-04
-1.054565e-04
-1.051149e-04
-1.049266e-04
-1.048425e-04
-1.048551e-04
-1.049209e-04
-1.049932e-04
-1.049466e-04
-1.048232e-04
-1.046723e-04
-1.044906e-04
-1.042952e-04
-1.040377e-04
-1.037932e-04
-1.035553e-04
-1.046227e-04
-1.044258e-04
-1.043700e-04
-1.044423e-04
-1.047155e-04
-1.050685e-04
-1.055683e-04
-1.060953e-04
-1.067286e-04
-1.073972e-04
-1.081610e-04
-1.089130e-04
-1.097929e-04
-1.106927e-04
-1.116148e-04
-1.123178e-04
-1.128789e-04
-1.132692e-04
-1.135291e-04
-1.136173e-04
-1.136029e-04
-1.135271e-04
-1.135136e-04
-1.134876e-04
-1.135908e-04
-1.137366e-04
-1.139603e-04
-1.143431e-04
-1.149100e-04
-1.156049e-04
-1.164162e-04
-1.173854e-04
-1.184544e-04
-1.195311e-04
-1.205469e-04
-1.214969e-04
-1.223499e-04
-1.231690e-04
-1.240281e-04
-1.248713e-04
-1.256985e-04
-1.265288e-04
-1.272922e-04
-1.280079e-04
-1.285794e-04
-1.291357e-04
-1.294590e-04
-1.297245e-04
-1.298281e-04
-1.298842e-04
-1.299073e-04
-1.296958e-04
-1.295595e-04
-1.291495e-04
-1.288104e-04
-1.281445e-04
-1.275250e-04
-1.266926e-04
-1.259762e-04
-1.249977e-04
-1.240050e-04
-1.230636e-04
-1.221585e-04
-1.212228e-04
-1.204074e-04
-1.196327e-04
-1.188612e-04
-1.180180e-04
-1.171550e-04
-1.162530e-04
-1.152962e-04
-1.142219e-04
-1.131621e-04
-1.122282e-04
-1.114651e-04
-1.107944e-04
-1.102677e-04
-1.098450e-04
-1.095343e-04
-1.092210e-04
-1.089159e-04
-1.084514e-04
-1.079294e-04
-1.072923e-04
-1.066299e-04
-1.059919e-04
-1.054504e-04
-1.050640e-04
-1.048580e-04
-1.048157e-04
-1.049175e-04
-1.051214e-04
-1.053213e-04
-1.054465e-04
-1.055412e-04
-1.056203e-04
-1.055881e-04
-1.053875e-04
-1.051208e-04
-1.048808e-04
-1.060378e-04
-1.057257e-04
-1.056185e-04
-1.055721e-04
-1.056234e-04
-1.057649e-04
-1.060308e-04
-1.063059e-04
-1.066552e-04
-1.071082e-04
-1.077039e-04
-1.083274e-04
-1.090083e-04
-1.098370e-04
-1.106718e-04
-1.113336e-04
-1.118282e-04
-1.121683e-04
-1.123198e-04
-1.123190e-04
-1.121698e-04
-1.119700e-04
-1.117800e-04
-1.117147e-04
-1.117086e-04
-1.118041e-04
-1.120624e-04
-1.125389e-04
-1.131948e-04
-1.139996e-04
-1.149535e-04
-1.159439e-04
-1.169912e-04
-1.179669e-04
-1.188839e-04
-1.196463e-04
-1.203445e-04
-1.210509e-04
-1.218077e-04
-1.225507e-04
-1.233174e-04
-1.240946e-04
-1.248018e-04
-1.254440e-04
-1.259512e-04
-1.263893e-04
-1.266509e-04
-1.268845e-04
-1.270204e-04
-1.270990e-04
-1.271892e-04
-1.271839e-04
-1.272155e-04
-1.270674e-04
-1.269184e-04
-1.264635e-04
-1.260760e-04
-1.255115e-04
-1.249548e-04
-1.240811e-04
-1.231914e-04
-1.222337e-04
-1.213526e-04
-1.205059e-04
-1.197089e-04
-1.189854e-04
-1.184065e-04
-1.177751e-04
-1.170971e-04
-1.164292e-04
-1.157589e-04
-1.149368e-04
-1.140396e-04
-1.132299e-04
-1.125749e-04
-1.119611e-04
-1.114016e-04
-1.109897e-04
-1.106597e-04
-1.103058e-04
-1.099342e-04
-1.094435e-04
-1.088946e-04
-1.082016e-04
-1.074286e-04
-1.066465e-04
-1.058735e-04
-1.052634e-04
-1.048239e-04
-1.047339e-04
-1.048315e-04
-1.051032e-04
-1.053766e-04
-1.058289e-04
-1.062589e-04
-1.064735e-04
-1.065296e-04
-1.064612e-04
-1.064370e-04
-1.061896e-04
-1.072593e-04
-1.070639e-04
-1.069048e-04
-1.067493e-04
-1.066020e-04
-1.064674e-04
-1.064933e-04
-1.067217e-04
-1.067515e-04
-1.068494e-04
-1.072160e-04
-1.077249e-04
-1.083344e-04
-1.089388e-04
-1.096342e-04
-1.101923e-04
-1.107239e-04
-1.110921e-04
-1.111339e-04
-1.109412e-04
-1.107400e-04
-1.105946e-04
-1.102632e-04
-1.099595e-04
-1.098845e-04
-1.100818e-04
-1.104009e-04
-1.108859e-04
-1.116185e-04
-1.124456e-04
-1.135408e-04
-1.147139e-04
-1.155882e-04
-1.163385e-04
-1.170088e-04
-1.177944e-04
-1.183148e-04
-1.188634e-04
-1.194806e-04
-1.202049e-04
-1.208931e-04
-1.215848e-04
-1.221995e-04
-1.227418e-04
-1.231648e-04
-1.235176e-04
-1.237978e-04
-1.240723e-04
-1.243238e-04
-1.245391e-04
-1.247281e-04
-1.250055e-04
-1.252453e-04
-1.253145e-04
-1.252405e-04
-1.250850e-04
-1.248501e-04
-1.244191e-04
-1.238423e-04
-1.230827e-04
-1.222673e-04
-1.213443e-04
-1.204694e-04
-1.196562e-04
-1.189054e-04
-1.182257e-04
-1.176928e-04
-1.171729e-04
-1.167931e-04
-1.165398e-04
-1.161334e-04
-1.156350e-04
-1.150325e-04
-1.143972e-04
-1.138099e-04
-1.132978e-04
-1.127977e-04
-1.123497e-04
-1.119075e-04
-1.114743e-04
-1.110297e-04
-1.104972e-04
-1.098824e-04
-1.091652e-04
-1.083232e-04
-1.074016e-04
-1.064721e-04
-1.056953e-04
-1.050451e-04
-1.047152e-04
-1.047200e-04
-1.050095e-04
-1.054011e-04
-1.059972e-04
-1.066326e-04
-1.070336e-04
-1.072205e-04
-1.073557e-04
-1.075243e-04
-1.074113e-04
-1.083694e-04
-1.082824e-04
-1.081243e-04
-1.078339e-04
-1.076430e-04
-1.074328e-04
-1.072083e-04
-1.069957e-04
-1.068015e-04
-1.066964e-04
-1.067726e-04
-1.070369e-04
-1.074738e-04
-1.079261e-04
-1.084093e-04
-1.089362e-04
-1.093952e-04
-1.096472e-04
-1.096998e-04
-1.096033e-04
-1.093217e-04
-1.089651e-04
-1.086961e-04
-1.084979e-04
-1.083574e-04
-1.084767e-04
-1.089219e-04
-1.095004e-04
-1.102305e-04
-1.111373e-04
-1.121973e-04
-1.133454e-04
-1.141966e-04
-1.149215e-04
-1.154669e-04
-1.159930e-04
-1.163953e-04
-1.168610e-04
-1.173001e-04
-1.178553e-04
-1.184144e-04
-1.189709e-04
-1.194594e-04
-1.198867e-04
-1.202449e-04
-1.205813e-04
-1.209132e-04
-1.212847e-04
-1.216924e-04
-1.221213e-04
-1.225441e-04
-1.230198e-04
-1.234457e-04
-1.237152e-04
-1.237929e-04
-1.237152e-04
-1.235256e-04
-1.231682e-04
-1.226267e-04
-1.219175e-04
-1.211644e-04
-1.203776e-04
-1.196150e-04
-1.188393e-04
-1.181489e-04
-1.175427e-04
-1.170426e-04
-1.166695e-04
-1.165026e-04
-1.162116e-04
-1.160597e-04
-1.159407e-04
-1.157463e-04
-1.154552e-04
-1.151353e-04
-1.148297e-04
-1.144364e-04
-1.139271e-04
-1.133692e-04
-1.128218e-04
-1.122535e-04
-1.116109e-04
-1.109042e-04
-1.101091e-04
-1.092113e-04
-1.082530e-04
-1.072688e-04
-1.062867e-04
-1.053973e-04
-1.047413e-04
-1.044551e-04
-1.045439e-04
-1.049472e-04
-1.055732e-04
-1.063328e-04
-1.070810e-04
-1.077346e-04
-1.081586e-04
-1.085383e-04
-1.086465e-04
-1.100770e-04
-1.100624e-04
-1.102097e-04
-1.100202e-04
-1.097237e-04
-1.092823e-04
-1.087544e-04
-1.081094e-04
-1.074981e-04
-1.070000e-04
-1.066719e-04
-1.065429e-04
-1.065465e-04
-1.067125e-04
-1.069208e-04
-1.071736e-04
-1.074092e-04
-1.075747e-04
-1.075974e-04
-1.074817e-04
-1.072479e-04
-1.069835e-04
-1.067775e-04
-1.066879e-04
-1.067718e-04
-1.071134e-04
-1.076850e-04
-1.084924e-04
-1.094090e-04
-1.103446e-04
-1.111982e-04
-1.115798e-04
-1.121364e-04
-1.130387e-04
-1.135092e-04
-1.138461e-04
-1.141696e-04
-1.145376e-04
-1.149464e-04
-1.153911e-04
-1.158331e-04
-1.162738e-04
-1.166791e-04
-1.170530e-04
-1.174272e-04
-1.178340e-04
-1.182942e-04
-1.188434e-04
-1.194583e-04
-1.200727e-04
-1.206446e-04
-1.212200e-04
-1.217306e-04
-1.220789e-04
-1.222180e-04
-1.221590e-04
-1.219800e-04
-1.216587e-04
-1.211523e-04
-1.205505e-04
-1.199789e-04
-1.194575e-04
-1.189125e-04
-1.183525e-04
-1.178150e-04
-1.173515e-04
-1.169027e-04
-1.165403e-04
-1.163889e-04
-1.164651e-04
-1.165655e-04
-1.166123e-04
-1.166275e-04
-1.164603e-04
-1.162675e-04
-1.160206e-04
-1.156686e-04
-1.151096e-04
-1.145059e-04
-1.139411e-04
-1.133599e-04
-1.126945e-04
-1.119546e-04
-1.111403e-04
-1.102626e-04
-1.093022e-04
-1.082296e-04
-1.071237e-04
-1.060637e-04
-1.052021e-04
-1.047125e-04
-1.046016e-04
-1.049107e-04
-1.055260e-04
-1.063427e-04
-1.070792e-04
-1.080479e-04
-1.086842e-04
-1.092082e-04
-1.097462e-04
-1.105031e-04
-1.110872e-04
-1.112443e-04
-1.111156e-04
-1.107270e-04
-1.101293e-04
-1.094484e-04
-1.086275e-04
-1.077951e-04
-1.070839e-04
-1.065826e-04
-1.062100e-04
-1.060108e-04
-1.059936e-04
-1.060485e-04
-1.061173e-04
-1.061833e-04
-1.062215e-04
-1.061632e-04
-1.059975e-04
-1.057816e-04
-1.055523e-04
-1.054197e-04
-1.053615e-04
-1.055941e-04
-1.060021e-04
-1.065855e-04
-1.073699e-04
-1.082597e-04
-1.090841e-04
-1.097829e-04
-1.104812e-04
-1.109709e-04
-1.111846e-04
-1.115126e-04
-1.118385e-04
-1.121114e-04
-1.123775e-04
-1.126595e-04
-1.129138e-04
-1.131318e-04
-1.133555e-04
-1.136114e-04
-1.139261e-04
-1.143255e-04
-1.148328e-04
-1.154845e-04
-1.162927e-04
-1.171666e-04
-1.179618e-04
-1.186322e-04
-1.192392e-04
-1.197393e-04
-1.200771e-04
-1.202355e-04
-1.202151e-04
-1.200603e-04
-1.197450e-04
-1.193657e-04
-1.189457e-04
-1.186130e-04
-1.183320e-04
-1.180969e-04
-1.179468e-04
-1.178125e-04
-1.176022e-04
-1.173542e-04
-1.172140e-04
-1.171887e-04
-1.172814e-04
-1.174144e-04
-1.175017e-04
-1.175024e-04
-1.174966e-04
-1.173419e-04
-1.169902e-04
-1.164991e-04
-1.159553e-04
-1.153127e-04
-1.146428e-04
-1.139464e-04
-1.132421e-04
-1.124898e-04
-1.117244e-04
-1.109950e-04
-1.101748e-04
-1.092782e-04
-1.081677e-04
-1.069838e-04
-1.059484e-04
-1.051177e-04
-1.047449e-04
-1.047549e-04
-1.051609e-04
-1.058550e-04
-1.067746e-04
-1.076730e-04
-1.084664e-04
-1.092617e-04
-1.097968e-04
-1.112796e-04
-1.115628e-04
-1.118433e-04
-1.117320e-04
-1.114166e-04
-1.107442e-04
-1.099675e-04
-1.090593e-04
-1.082439e-04
-1.074426e-04
-1.067711e-04
-1.061994e-04
-1.057436e-04
-1.054394e-04
-1.051763e-04
-1.049467e-04
-1.047439e-04
-1.046190e-04
-1.044726e-04
-1.043645e-04
-1.042766e-04
-1.042947e-04
-1.044060e-04
-1.046441e-04
-1.050827e-04
-1.055270e-04
-1.060876e-04
-1.067224e-04
-1.073553e-04
-1.079444e-04
-1.084795e-04
-1.090132e-04
-1.095233e-04
-1.098915e-04
-1.101794e-04
-1.103919e-04
-1.105300e-04
-1.105717e-04
-1.105114e-04
-1.104041e-04
-1.102936e-04
-1.102266e-04
-1.102997e-04
-1.105596e-04
-1.110172e-04
-1.116464e-04
-1.124514e-04
-1.134410e-04
-1.144818e-04
-1.154095e-04
-1.162124e-04
-1.168908e-04
-1.174565e-04
-1.178063e-04
-1.180121e-04
-1.180502e-04
-1.179847e-04
-1.177454e-04
-1.174662e-04
-1.172523e-04
-1.170850e-04
-1.169916e-04
-1.170726e-04
-1.172821e-04
-1.174298e-04
-1.175615e-04
-1.177238e-04
-1.179723e-04
-1.181704e-04
-1.183907e-04
-1.184852e-04
-1.185583e-04
-1.185301e-04
-1.185170e-04
-1.182407e-04
-1.178146e-04
-1.172449e-04
-1.166470e-04
-1.158719e-04
-1.150841e-04
-1.142958e-04
-1.135526e-04
-1.128034e-04
-1.121392e-04
-1.115345e-04
-1.108775e-04
-1.101544e-04
-1.092462e-04
-1.079189e-04
-1.070292e-04
-1.060855e-04
-1.054838e-04
-1.052024e-04
-1.053674e-04
-1.058438e-04
-1.065735e-04
-1.074799e-04
-1.084409e-04
-1.094483e-04
-1.104187e-04
-1.115854e-04
-1.122062e-04
-1.124745e-04
-1.123463e-04
-1.119892e-04
-1.112978e-04
-1.104085e-04
-1.095062e-04
-1.086075e-04
-1.077367e-04
-1.068991e-04
-1.061728e-04
-1.054885e-04
-1.048897e-04
-1.043596e-04
-1.038323e-04
-1.034100e-04
-1.031428e-04
-1.029310e-04
-1.027862e-04
-1.028698e-04
-1.029698e-04
-1.032386e-04
-1.036196e-04
-1.041050e-04
-1.046689e-04
-1.052627e-04
-1.058623e-04
-1.063616e-04
-1.067680e-04
-1.071071e-04
-1.073757e-04
-1.076732e-04
-1.079663e-04
-1.082145e-04
-1.083631e-04
-1.084175e-04
-1.083445e-04
-1.081371e-04
-1.078560e-04
-1.075837e-04
-1.073783e-04
-1.073369e-04
-1.075236e-04
-1.079780e-04
-1.086641e-04
-1.095592e-04
-1.106707e-04
-1.118348e-04
-1.129060e-04
-1.138630e-04
-1.147541e-04
-1.152675e-04
-1.157581e-04
-1.160812e-04
-1.162930e-04
-1.163538e-04
-1.162693e-04
-1.161073e-04
-1.159764e-04
-1.159039e-04
-1.159028e-04
-1.160978e-04
-1.164440e-04
-1.168401e-04
-1.172500e-04
-1.177279e-04
-1.182185e-04
-1.187335e-04
-1.191488e-04
-1.193770e-04
-1.194805e-04
-1.194868e-04
-1.193783e-04
-1.190504e-04
-1.185683e-04
-1.179829e-04
-1.172999e-04
-1.164594e-04
-1.156003e-04
-1.147497e-04
-1.141046e-04
-1.133554e-04
-1.127433e-04
-1.121568e-04
-1.116329e-04
-1.110526e-04
-1.102967e-04
-1.094178e-04
-1.083634e-04
-1.073200e-04
-1.065402e-04
-1.059878e-04
-1.059258e-04
-1.061494e-04
-1.067264e-04
-1.075582e-04
-1.086230e-04
-1.097718e-04
-1.108215e-04
-1.121988e-04
-1.127764e-04
-1.129623e-04
-1.127554e-04
-1.123154e-04
-1.115648e-04
-1.107102e-04
-1.098225e-04
-1.089292e-04
-1.080625e-04
-1.071894e-04
-1.063307e-04
-1.054156e-04
-1.044646e-04
-1.035863e-04
-1.027660e-04
-1.021132e-04
-1.015194e-04
-1.012395e-04
-1.011213e-04
-1.012167e-04
-1.015377e-04
-1.019844e-04
-1.025717e-04
-1.032174e-04
-1.038893e-04
-1.045368e-04
-1.050537e-04
-1.054345e-04
-1.056698e-04
-1.059284e-04
-1.060825e-04
-1.062964e-04
-1.064641e-04
-1.066371e-04
-1.066209e-04
-1.064971e-04
-1.061777e-04
-1.057279e-04
-1.051935e-04
-1.047060e-04
-1.043671e-04
-1.041816e-04
-1.042936e-04
-1.047163e-04
-1.053623e-04
-1.063369e-04
-1.076233e-04
-1.089096e-04
-1.100807e-04
-1.112088e-04
-1.122898e-04
-1.131755e-04
-1.139389e-04
-1.145108e-04
-1.149531e-04
-1.152092e-04
-1.152964e-04
-1.152457e-04
-1.151503e-04
-1.150730e-04
-1.150627e-04
-1.151938e-04
-1.155461e-04
-1.160960e-04
-1.167087e-04
-1.174477e-04
-1.181813e-04
-1.189668e-04
-1.196117e-04
-1.200934e-04
-1.203966e-04
-1.204733e-04
-1.202750e-04
-1.198658e-04
-1.193630e-04
-1.187260e-04
-1.179651e-04
-1.169888e-04
-1.161978e-04
-1.153001e-04
-1.145602e-04
-1.137939e-04
-1.132058e-04
-1.128804e-04
-1.123193e-04
-1.118698e-04
-1.112754e-04
-1.104069e-04
-1.093964e-04
-1.082469e-04
-1.073812e-04
-1.066784e-04
-1.063487e-04
-1.064559e-04
-1.069824e-04
-1.079713e-04
-1.089864e-04
-1.102167e-04
-1.111886e-04
-1.127207e-04
-1.133067e-04
-1.133893e-04
-1.131813e-04
-1.126022e-04
-1.118089e-04
-1.108875e-04
-1.099464e-04
-1.090502e-04
-1.082728e-04
-1.074355e-04
-1.064895e-04
-1.053699e-04
-1.041520e-04
-1.029576e-04
-1.017822e-04
-1.008826e-04
-1.002466e-04
-9.988546e-05
-9.981935e-05
-1.000329e-04
-1.005122e-04
-1.010795e-04
-1.018013e-04
-1.024914e-04
-1.031101e-04
-1.036367e-04
-1.040003e-04
-1.042165e-04
-1.042830e-04
-1.044172e-04
-1.044914e-04
-1.046171e-04
-1.046763e-04
-1.047186e-04
-1.045452e-04
-1.042309e-04
-1.036604e-04
-1.030380e-04
-1.023899e-04
-1.018127e-04
-1.013982e-04
-1.012228e-04
-1.012843e-04
-1.018039e-04
-1.023982e-04
-1.034086e-04
-1.046793e-04
-1.060354e-04
-1.073529e-04
-1.086286e-04
-1.098771e-04
-1.110382e-04
-1.120950e-04
-1.129964e-04
-1.136569e-04
-1.141602e-04
-1.144511e-04
-1.145307e-04
-1.145364e-04
-1.145020e-04
-1.144978e-04
-1.146021e-04
-1.149618e-04
-1.155669e-04
-1.163266e-04
-1.172003e-04
-1.181011e-04
-1.190192e-04
-1.198799e-04
-1.206074e-04
-1.210702e-04
-1.211978e-04
-1.209216e-04
-1.205616e-04
-1.200450e-04
-1.193679e-04
-1.185544e-04
-1.176242e-04
-1.167912e-04
-1.157922e-04
-1.148592e-04
-1.140288e-04
-1.133758e-04
-1.128140e-04
-1.125498e-04
-1.122681e-04
-1.118677e-04
-1.111639e-04
-1.103498e-04
-1.093699e-04
-1.084256e-04
-1.075762e-04
-1.071116e-04
-1.070350e-04
-1.074437e-04
-1.082219e-04
-1.092842e-04
-1.105205e-04
-1.116726e-04
-1.129081e-04
-1.135472e-04
-1.136846e-04
-1.133373e-04
-1.127795e-04
-1.119681e-04
-1.110960e-04
-1.100464e-04
-1.090902e-04
-1.084425e-04
-1.076350e-04
-1.065603e-04
-1.053171e-04
-1.039353e-04
-1.025503e-04
-1.012748e-04
-1.002559e-04
-9.953600e-05
-9.916274e-05
-9.915087e-05
-9.947206e-05
-1.000001e-04
-1.006184e-04
-1.012582e-04
-1.018381e-04
-1.022705e-04
-1.025373e-04
-1.026540e-04
-1.026734e-04
-1.026226e-04
-1.025706e-04
-1.025323e-04
-1.025336e-04
-1.025140e-04
-1.023713e-04
-1.021004e-04
-1.016797e-04
-1.009768e-04
-1.002371e-04
-9.951068e-05
-9.901989e-05
-9.851503e-05
-9.838272e-05
-9.845349e-05
-9.890883e-05
-9.976595e-05
-1.007993e-04
-1.019898e-04
-1.033615e-04
-1.047687e-04
-1.061796e-04
-1.075832e-04
-1.089627e-04
-1.103151e-04
-1.114903e-04
-1.123476e-04
-1.130345e-04
-1.135933e-04
-1.140024e-04
-1.143098e-04
-1.143323e-04
-1.144582e-04
-1.145483e-04
-1.148307e-04
-1.154044e-04
-1.161465e-04
-1.169316e-04
-1.177140e-04
-1.187268e-04
-1.196542e-04
-1.205383e-04
-1.208823e-04
-1.214580e-04
-1.212863e-04
-1.210740e-04
-1.206025e-04
-1.200071e-04
-1.192695e-04
-1.185505e-04
-1.175734e-04
-1.165701e-04
-1.155567e-04
-1.148794e-04
-1.137616e-04
-1.130585e-04
-1.126531e-04
-1.124410e-04
-1.121161e-04
-1.117269e-04
-1.111119e-04
-1.102438e-04
-1.093335e-04
-1.084160e-04
-1.077445e-04
-1.075504e-04
-1.077656e-04
-1.084384e-04
-1.094180e-04
-1.105532e-04
-1.118630e-04
-1.132996e-04
-1.137165e-04
-1.137459e-04
-1.134822e-04
-1.129157e-04
-1.121623e-04
-1.112474e-04
-1.103860e-04
-1.095858e-04
-1.087275e-04
-1.077838e-04
-1.066112e-04
-1.051515e-04
-1.035122e-04
-1.018584e-04
-1.003312e-04
-9.909448e-05
-9.825403e-05
-9.789587e-05
-9.805711e-05
-9.859998e-05
-9.937179e-05
-1.001539e-04
-1.008637e-04
-1.013993e-04
-1.016723e-04
-1.017195e-04
-1.016358e-04
-1.015035e-04
-1.013892e-04
-1.012988e-04
-1.011893e-04
-1.010651e-04
-1.008711e-04
-1.004610e-04
-9.979098e-05
-9.896937e-05
-9.824196e-05
-9.739628e-05
-9.660463e-05
-9.596481e-05
-9.573360e-05
-9.566805e-05
-9.584358e-05
-9.629579e-05
-9.712671e-05
-9.813041e-05
-9.930146e-05
-1.006640e-04
-1.020828e-04
-1.036408e-04
-1.052099e-04
-1.068795e-04
-1.083444e-04
-1.097589e-04
-1.109158e-04
-1.120035e-04
-1.127961e-04
-1.135378e-04
-1.141717e-04
-1.144848e-04
-1.146163e-04
-1.145095e-04
-1.145498e-04
-1.149630e-04
-1.155901e-04
-1.162749e-04
-1.170542e-04
-1.181396e-04
-1.192833e-04
-1.203481e-04
-1.211835e-04
-1.218024e-04
-1.219099e-04
-1.218043e-04
-1.213373e-04
-1.208040e-04
-1.200694e-04
-1.193312e-04
-1.183865e-04
-1.173616e-04
-1.162440e-04
-1.152443e-04
-1.142472e-04
-1.134654e-04
-1.128835e-04
-1.126017e-04
-1.124289e-04
-1.122613e-04
-1.118113e-04
-1.110632e-04
-1.100425e-04
-1.090341e-04
-1.082170e-04
-1.078695e-04
-1.079265e-04
-1.085610e-04
-1.095251e-04
-1.108616e-04
-1.121492e-04
-1.135741e-04
-1.140904e-04
-1.142029e-04
-1.138731e-04
-1.132540e-04
-1.124658e-04
-1.115793e-04
-1.106950e-04
-1.098197e-04
-1.089014e-04
-1.078311e-04
-1.065181e-04
-1.049027e-04
-1.030884e-04
-1.012515e-04
-9.954211e-05
-9.813036e-05
-9.718143e-05
-9.678646e-05
-9.697761e-05
-9.762591e-05
-9.854229e-05
-9.945609e-05
-1.001962e-04
-1.006981e-04
-1.009052e-04
-1.008400e-04
-1.006561e-04
-1.003954e-04
-1.001867e-04
-9.997323e-05
-9.976392e-05
-9.946510e-05
-9.899138e-05
-9.824914e-05
-9.734118e-05
-9.635944e-05
-9.533189e-05
-9.453467e-05
-9.392202e-05
-9.332784e-05
-9.308892e-05
-9.318231e-05
-9.349324e-05
-9.394664e-05
-9.470464e-05
-9.570238e-05
-9.682040e-05
-9.804921e-05
-9.952132e-05
-1.011751e-04
-1.028829e-04
-1.045097e-04
-1.061067e-04
-1.077827e-04
-1.094523e-04
-1.106826e-04
-1.116257e-04
-1.126063e-04
-1.136899e-04
-1.141588e-04
-1.143724e-04
-1.143570e-04
-1.143922e-04
-1.146688e-04
-1.150896e-04
-1.156606e-04
-1.164934e-04
-1.177336e-04
-1.188957e-04
-1.200594e-04
-1.211221e-04
-1.220099e-04
-1.223946e-04
-1.223727e-04
-1.220239e-04
-1.214721e-04
-1.208272e-04
-1.200529e-04
-1.191966e-04
-1.182314e-04
-1.171707e-04
-1.161856e-04
-1.152385e-04
-1.143536e-04
-1.136196e-04
-1.132359e-04
-1.130362e-04
-1.129192e-04
-1.125932e-04
-1.118584e-04
-1.109094e-04
-1.098071e-04
-1.088740e-04
-1.083874e-04
-1.083591e-04
-1.088990e-04
-1.098103e-04
-1.111280e-04
-1.123752e-04
-1.136544e-04
-1.141842e-04
-1.143611e-04
-1.140574e-04
-1.133771e-04
-1.125804e-04
-1.116705e-04
-1.107367e-04
-1.098158e-04
-1.088029e-04
-1.077063e-04
-1.063252e-04
-1.047092e-04
-1.028317e-04
-1.010429e-04
-9.922265e-05
-9.770881e-05
-9.660110e-05
-9.617036e-05
-9.614479e-05
-9.670002e-05
-9.764115e-05
-9.856382e-05
-9.929309e-05
-9.979236e-05
-9.994743e-05
-9.984788e-05
-9.954351e-05
-9.916607e-05
-9.884784e-05
-9.852496e-05
-9.821839e-05
-9.768521e-05
-9.690436e-05
-9.592513e-05
-9.485779e-05
-9.365385e-05
-9.259001e-05
-9.175146e-05
-9.125185e-05
-9.085957e-05
-9.066708e-05
-9.087602e-05
-9.127858e-05
-9.184116e-05
-9.257106e-05
-9.348441e-05
-9.450550e-05
-9.574727e-05
-9.717016e-05
-9.871219e-05
-1.004745e-04
-1.021961e-04
-1.037817e-04
-1.055473e-04
-1.073264e-04
-1.089028e-04
-1.101675e-04
-1.113887e-04
-1.125486e-04
-1.133638e-04
-1.137740e-04
-1.139655e-04
-1.142333e-04
-1.144657e-04
-1.146996e-04
-1.151619e-04
-1.159486e-04
-1.170693e-04
-1.183561e-04
-1.196718e-04
-1.208965e-04
-1.219704e-04
-1.226511e-04
-1.228598e-04
-1.226557e-04
-1.221721e-04
-1.214234e-04
-1.205321e-04
-1.196485e-04
-1.187964e-04
-1.179143e-04
-1.170506e-04
-1.160577e-04
-1.150780e-04
-1.142110e-04
-1.136859e-04
-1.134252e-04
-1.132845e-04
-1.131503e-04
-1.128379e-04
-1.121662e-04
-1.113350e-04
-1.105207e-04
-1.098571e-04
-1.096651e-04
-1.098998e-04
-1.103459e-04
-1.112395e-04
-1.124419e-04
-1.135508e-04
-1.140097e-04
-1.141602e-04
-1.140234e-04
-1.135564e-04
-1.128471e-04
-1.119801e-04
-1.110268e-04
-1.099941e-04
-1.088825e-04
-1.075816e-04
-1.060141e-04
-1.042234e-04
-1.023843e-04
-1.005241e-04
-9.868879e-05
-9.713475e-05
-9.608978e-05
-9.564054e-05
-9.566369e-05
-9.611935e-05
-9.692735e-05
-9.779047e-05
-9.852300e-05
-9.896150e-05
-9.908676e-05
-9.894831e-05
-9.872655e-05
-9.835374e-05
-9.794683e-05
-9.750121e-05
-9.702109e-05
-9.620238e-05
-9.505955e-05
-9.374679e-05
-9.251742e-05
-9.125545e-05
-9.008653e-05
-8.924447e-05
-8.882015e-05
-8.853845e-05
-8.849641e-05
-8.874766e-05
-8.920690e-05
-8.976170e-05
-9.047383e-05
-9.128879e-05
-9.220888e-05
-9.343086e-05
-9.503088e-05
-9.664722e-05
-9.814881e-05
-9.965719e-05
-1.013200e-04
-1.028945e-04
-1.041959e-04
-1.062397e-04
-1.078380e-04
-1.094744e-04
-1.108888e-04
-1.119820e-04
-1.128184e-04
-1.133566e-04
-1.137920e-04
-1.142128e-04
-1.146054e-04
-1.150602e-04
-1.157763e-04
-1.168752e-04
-1.181580e-04
-1.195419e-04
-1.209314e-04
-1.221706e-04
-1.230353e-04
-1.234168e-04
-1.233371e-04
-1.228914e-04
-1.221115e-04
-1.211552e-04
-1.202671e-04
-1.194583e-04
-1.186862e-04
-1.178542e-04
-1.169835e-04
-1.160324e-04
-1.150559e-04
-1.145182e-04
-1.140692e-04
-1.139662e-04
-1.139446e-04
-1.137333e-04
-1.131972e-04
-1.125902e-04
-1.117612e-04
-1.109757e-04
-1.106048e-04
-1.106206e-04
-1.110394e-04
-1.117568e-04
-1.126876e-04
-1.134651e-04
-1.141300e-04
-1.142922e-04
-1.141336e-04
-1.136587e-04
-1.129338e-04
-1.120692e-04
-1.110905e-04
-1.100871e-04
-1.089725e-04
-1.076524e-04
-1.060652e-04
-1.042570e-04
-1.023041e-04
-1.002908e-04
-9.830493e-05
-9.666218e-05
-9.554472e-05
-9.501917e-05
-9.506272e-05
-9.566834e-05
-9.632971e-05
-9.710664e-05
-9.777146e-05
-9.810748e-05
-9.816171e-05
-9.800718e-05
-9.780379e-05
-9.746039e-05
-9.701916e-05
-9.642049e-05
-9.567994e-05
-9.459107e-05
-9.323197e-05
-9.171368e-05
-9.028890e-05
-8.890569e-05
-8.774649e-05
-8.687372e-05
-8.639391e-05
-8.613583e-05
-8.616636e-05
-8.644447e-05
-8.690274e-05
-8.743045e-05
-8.807521e-05
-8.887222e-05
-8.983202e-05
-9.110229e-05
-9.263984e-05
-9.422268e-05
-9.565252e-05
-9.696012e-05
-9.840038e-05
-9.972767e-05
-1.009523e-04
-1.022872e-04
-1.039105e-04
-1.059031e-04
-1.078056e-04
-1.095930e-04
-1.113900e-04
-1.130431e-04
-1.141772e-04
-1.150873e-04
-1.160074e-04
-1.166341e-04
-1.170625e-04
-1.176809e-04
-1.185188e-04
-1.195681e-04
-1.207341e-04
-1.218977e-04
-1.228559e-04
-1.234712e-04
-1.236077e-04
-1.232593e-04
-1.225537e-04
-1.217151e-04
-1.208300e-04
-1.199459e-04
-1.190624e-04
-1.182708e-04
-1.175967e-04
-1.168190e-04
-1.161007e-04
-1.153860e-04
-1.148376e-04
-1.146901e-04
-1.147727e-04
-1.147987e-04
-1.145914e-04
-1.142511e-04
-1.136500e-04
-1.129094e-04
-1.123358e-04
-1.118564e-04
-1.120899e-04
-1.124409e-04
-1.128354e-04
-1.139204e-04
-1.142192e-04
-1.142249e-04
-1.140525e-04
-1.136364e-04
-1.130210e-04
-1.122397e-04
-1.113617e-04
-1.103358e-04
-1.091115e-04
-1.076475e-04
-1.059199e-04
-1.038868e-04
-1.017129e-04
-9.956317e-05
-9.761027e-05
-9.591015e-05
-9.467060e-05
-9.418299e-05
-9.435108e-05
-9.491160e-05
-9.569027e-05
-9.649736e-05
-9.711293e-05
-9.740908e-05
-9.744323e-05
-9.726815e-05
-9.699303e-05
-9.658942e-05
-9.605471e-05
-9.529895e-05
-9.431309e-05
-9.301439e-05
-9.147580e-05
-8.977719e-05
-8.819524e-05
-8.671667e-05
-8.551329e-05
-8.454959e-05
-8.402574e-05
-8.374891e-05
-8.376387e-05
-8.403129e-05
-8.444400e-05
-8.492957e-05
-8.549231e-05
-8.633002e-05
-8.736202e-05
-8.875883e-05
-9.016729e-05
-9.163873e-05
-9.291805e-05
-9.395381e-05
-9.501849e-05
-9.612084e-05
-9.741354e-05
-9.870889e-05
-1.003698e-04
-1.025003e-04
-1.050343e-04
-1.076218e-04
-1.099368e-04
-1.120427e-04
-1.139410e-04
-1.157319e-04
-1.168553e-04
-1.173769e-04
-1.176490e-04
-1.181905e-04
-1.189537e-04
-1.199072e-04
-1.209803e-04
-1.221000e-04
-1.231613e-04
-1.239246e-04
-1.240861e-04
-1.237731e-04
-1.230102e-04
-1.221131e-04
-1.210755e-04
-1.200769e-04
-1.191512e-04
-1.184452e-04
-1.178608e-04
-1.172018e-04
-1.165181e-04
-1.159366e-04
-1.155873e-04
-1.155686e-04
-1.157710e-04
-1.159551e-04
-1.160038e-04
-1.157519e-04
-1.151922e-04
-1.143643e-04
-1.134718e-04
-1.129060e-04
-1.128594e-04
-1.130621e-04
-1.135283e-04
-1.144308e-04
-1.146569e-04
-1.146430e-04
-1.143925e-04
-1.139315e-04
-1.132874e-04
-1.125393e-04
-1.116732e-04
-1.106343e-04
-1.093287e-04
-1.078104e-04
-1.058212e-04
-1.038376e-04
-1.015022e-04
-9.918452e-05
-9.695850e-05
-9.516212e-05
-9.391408e-05
-9.337144e-05
-9.347429e-05
-9.411168e-05
-9.502344e-05
-9.592752e-05
-9.658906e-05
-9.692398e-05
-9.697029e-05
-9.678167e-05
-9.644545e-05
-9.594618e-05
-9.527931e-05
-9.438468e-05
-9.323234e-05
-9.174155e-05
-8.997280e-05
-8.808024e-05
-8.626590e-05
-8.464642e-05
-8.329573e-05
-8.229148e-05
-8.162324e-05
-8.127405e-05
-8.119519e-05
-8.138368e-05
-8.172620e-05
-8.216222e-05
-8.267099e-05
-8.346818e-05
-8.459157e-05
-8.595209e-05
-8.720504e-05
-8.847181e-05
-8.959058e-05
-9.042953e-05
-9.126970e-05
-9.238653e-05
-9.372819e-05
-9.534361e-05
-9.734878e-05
-9.976296e-05
-1.024603e-04
-1.051199e-04
-1.077868e-04
-1.104438e-04
-1.129919e-04
-1.151806e-04
-1.168151e-04
-1.178991e-04
-1.185227e-04
-1.191994e-04
-1.199297e-04
-1.207064e-04
-1.216266e-04
-1.226170e-04
-1.236165e-04
-1.243759e-04
-1.250369e-04
-1.242491e-04
-1.234395e-04
-1.225204e-04
-1.214552e-04
-1.204506e-04
-1.195331e-04
-1.187980e-04
-1.181808e-04
-1.176522e-04
-1.171931e-04
-1.168327e-04
-1.166448e-04
-1.166837e-04
-1.168747e-04
-1.170847e-04
-1.171924e-04
-1.169793e-04
-1.164261e-04
-1.155867e-04
-1.146555e-04
-1.139641e-04
-1.137143e-04
-1.137614e-04
-1.141383e-04
-1.151675e-04
-1.152893e-04
-1.152148e-04
-1.149351e-04
-1.144168e-04
-1.137219e-04
-1.129392e-04
-1.120301e-04
-1.109297e-04
-1.095316e-04
-1.078548e-04
-1.057710e-04
-1.034718e-04
-1.009297e-04
-9.847456e-05
-9.622891e-05
-9.442372e-05
-9.325418e-05
-9.278009e-05
-9.293935e-05
-9.361632e-05
-9.454651e-05
-9.545425e-05
-9.614212e-05
-9.651297e-05
-9.656276e-05
-9.637305e-05
-9.596864e-05
-9.533695e-05
-9.447276e-05
-9.337925e-05
-9.203440e-05
-9.041915e-05
-8.855217e-05
-8.658160e-05
-8.469701e-05
-8.295601e-05
-8.143648e-05
-8.022440e-05
-7.946341e-05
-7.894441e-05
-7.866952e-05
-7.855663e-05
-7.865340e-05
-7.884141e-05
-7.913689e-05
-7.975134e-05
-8.076835e-05
-8.186129e-05
-8.275476e-05
-8.360724e-05
-8.439456e-05
-8.512471e-05
-8.652113e-05
-8.811805e-05
-8.959779e-05
-9.236612e-05
-9.537543e-05
-9.774961e-05
-1.000344e-04
-1.028262e-04
-1.056994e-04
-1.083888e-04
-1.109433e-04
-1.141667e-04
-1.171655e-04
-1.189932e-04
-1.203451e-04
-1.214604e-04
-1.224305e-04
-1.228227e-04
-1.231170e-04
-1.235701e-04
-1.241762e-04
-1.246653e-04
-1.248040e-04
-1.245662e-04
-1.239411e-04
-1.230786e-04
-1.221201e-04
-1.211502e-04
-1.202537e-04
-1.195003e-04
-1.189078e-04
-1.184669e-04
-1.181826e-04
-1.179676e-04
-1.178637e-04
-1.178640e-04
-1.179750e-04
-1.181132e-04
-1.181877e-04
-1.180236e-04
-1.175527e-04
-1.167976e-04
-1.159166e-04
-1.151924e-04
-1.147961e-04
-1.147341e-04
-1.149470e-04
-1.159820e-04
-1.160022e-04
-1.158868e-04
-1.155434e-04
-1.149919e-04
-1.142591e-04
-1.134020e-04
-1.123761e-04
-1.111162e-04
-1.095502e-04
-1.076536e-04
-1.055145e-04
-1.031336e-04
-1.005320e-04
-9.786928e-05
-9.567905e-05
-9.386961e-05
-9.269563e-05
-9.222787e-05
-9.253218e-05
-9.310623e-05
-9.404697e-05
-9.501894e-05
-9.564152e-05
-9.598001e-05
-9.597373e-05
-9.571960e-05
-9.520397e-05
-9.450780e-05
-9.351965e-05
-9.226748e-05
-9.064320e-05
-8.895613e-05
-8.725484e-05
-8.538132e-05
-8.338406e-05
-8.129775e-05
-7.965981e-05
-7.827202e-05
-7.726086e-05
-7.648681e-05
-7.613113e-05
-7.591759e-05
-7.566399e-05
-7.549675e-05
-7.564148e-05
-7.633855e-05
-7.685587e-05
-7.756956e-05
-7.818994e-05
-7.900356e-05
-7.907599e-05
-7.991394e-05
-8.112309e-05
-8.370283e-05
-8.677675e-05
-9.018857e-05
-9.304277e-05
-9.570190e-05
-9.845362e-05
-1.008296e-04
-1.036318e-04
-1.064475e-04
-1.094694e-04
-1.133945e-04
-1.167445e-04
-1.197170e-04
-1.220329e-04
-1.242392e-04
-1.246568e-04
-1.248688e-04
-1.248407e-04
-1.247813e-04
-1.249193e-04
-1.250664e-04
-1.251481e-04
-1.249477e-04
-1.244085e-04
-1.236526e-04
-1.228689e-04
-1.220250e-04
-1.211984e-04
-1.204641e-04
-1.199522e-04
-1.196539e-04
-1.195102e-04
-1.193484e-04
-1.192493e-04
-1.191382e-04
-1.190847e-04
-1.191030e-04
-1.191140e-04
-1.189675e-04
-1.185966e-04
-1.179761e-04
-1.172451e-04
-1.165078e-04
-1.159915e-04
-1.157782e-04
-1.158446e-04
-1.168379e-04
-1.167951e-04
-1.166225e-04
-1.162283e-04
-1.156723e-04
-1.149312e-04
-1.139977e-04
-1.128287e-04
-1.113805e-04
-1.096301e-04
-1.075495e-04
-1.051885e-04
-1.026275e-04
-1.000207e-04
-9.754336e-05
-9.536371e-05
-9.371014e-05
-9.264187e-05
-9.215374e-05
-9.228043e-05
-9.274927e-05
-9.353547e-05
-9.429501e-05
-9.497024e-05
-9.525612e-05
-9.520194e-05
-9.486180e-05
-9.429255e-05
-9.346141e-05
-9.237440e-05
-9.110226e-05
-8.926911e-05
-8.773017e-05
-8.608728e-05
-8.422750e-05
-8.197928e-05
-7.992395e-05
-7.803144e-05
-7.631637e-05
-7.488717e-05
-7.418887e-05
-7.362318e-05
-7.332362e-05
-7.280447e-05
-7.249606e-05
-7.217925e-05
-7.261111e-05
-7.295895e-05
-7.339508e-05
-7.338001e-05
-7.375043e-05
-7.394700e-05
-7.485424e-05
-7.659731e-05
-7.962594e-05
-8.326770e-05
-8.683707e-05
-9.059130e-05
-9.358754e-05
-9.637318e-05
-9.949940e-05
-1.021795e-04
-1.048589e-04
-1.082073e-04
-1.120559e-04
-1.162104e-04
-1.205136e-04
-1.236529e-04
-1.258630e-04
-1.268576e-04
-1.272843e-04
-1.268204e-04
-1.263630e-04
-1.258155e-04
-1.256021e-04
-1.255226e-04
-1.253835e-04
-1.249149e-04
-1.242432e-04
-1.235139e-04
-1.228236e-04
-1.220819e-04
-1.214457e-04
-1.210145e-04
-1.209127e-04
-1.209347e-04
-1.210175e-04
-1.208569e-04
-1.205879e-04
-1.202614e-04
-1.201299e-04
-1.200828e-04
-1.199302e-04
-1.196979e-04
-1.192886e-04
-1.187678e-04
-1.174545e-04
-1.171783e-04
-1.168411e-04
-1.167894e-04
-1.178590e-04
-1.176789e-04
-1.174754e-04
-1.171200e-04
-1.165727e-04
-1.158271e-04
-1.147818e-04
-1.134497e-04
-1.117625e-04
-1.098109e-04
-1.075512e-04
-1.050551e-04
-1.024226e-04
-9.976481e-05
-9.733401e-05
-9.526226e-05
-9.363655e-05
-9.260802e-05
-9.192566e-05
-9.188103e-05
-9.218230e-05
-9.287540e-05
-9.347130e-05
-9.404735e-05
-9.445878e-05
-9.432890e-05
-9.398567e-05
-9.334132e-05
-9.239966e-05
-9.120892e-05
-8.980819e-05
-8.824363e-05
-8.656459e-05
-8.464944e-05
-8.260700e-05
-8.015083e-05
-7.799033e-05
-7.591692e-05
-7.424648e-05
-7.281912e-05
-7.209532e-05
-7.148086e-05
-7.093745e-05
-7.008666e-05
-6.964268e-05
-6.929033e-05
-6.933471e-05
-6.911227e-05
-6.913340e-05
-6.906741e-05
-6.914123e-05
-6.924729e-05
-7.037372e-05
-7.237239e-05
-7.543947e-05
-7.915070e-05
-8.321842e-05
-8.730759e-05
-9.089180e-05
-9.374540e-05
-9.771039e-05
-1.008987e-04
-1.041316e-04
-1.075003e-04
-1.115644e-04
-1.158896e-04
-1.202369e-04
-1.238237e-04
-1.268129e-04
-1.285055e-04
-1.290368e-04
-1.286287e-04
-1.278226e-04
-1.270241e-04
-1.265075e-04
-1.262155e-04
-1.260290e-04
-1.256671e-04
-1.250613e-04
-1.242754e-04
-1.235402e-04
-1.229481e-04
-1.224765e-04
-1.221205e-04
-1.220665e-04
-1.222582e-04
-1.224786e-04
-1.223784e-04
-1.219914e-04
-1.215860e-04
-1.212908e-04
-1.211462e-04
-1.210013e-04
-1.208351e-04
-1.204998e-04
-1.199997e-04
-1.192878e-04
-1.186093e-04
-1.180459e-04
-1.177830e-04
-1.186670e-04
-1.185137e-04
-1.183454e-04
-1.180630e-04
-1.175990e-04
-1.168618e-04
-1.157286e-04
-1.141554e-04
-1.121972e-04
-1.099231e-04
-1.074424e-04
-1.047917e-04
-1.021997e-04
-9.966738e-05
-9.742406e-05
-9.553981e-05
-9.403747e-05
-9.296798e-05
-9.215636e-05
-9.186527e-05
-9.179860e-05
-9.219250e-05
-9.255268e-05
-9.285131e-05
-9.349193e-05
-9.335594e-05
-9.312685e-05
-9.244935e-05
-9.141276e-05
-9.017199e-05
-8.871259e-05
-8.699913e-05
-8.506259e-05
-8.295201e-05
-8.072920e-05
-7.824230e-05
-7.588510e-05
-7.384592e-05
-7.236860e-05
-7.132127e-05
-7.054138e-05
-6.955026e-05
-6.869793e-05
-6.782529e-05
-6.689800e-05
-6.613854e-05
-6.562604e-05
-6.514151e-05
-6.451489e-05
-6.395084e-05
-6.363843e-05
-6.397892e-05
-6.495711e-05
-6.698580e-05
-7.039031e-05
-7.466207e-05
-7.903264e-05
-8.354491e-05
-8.762789e-05
-9.150667e-05
-9.557323e-05
-9.931131e-05
-1.033940e-04
-1.076039e-04
-1.119794e-04
-1.164146e-04
-1.206466e-04
-1.244295e-04
-1.274699e-04
-1.294264e-04
-1.302660e-04
-1.300301e-04
-1.289607e-04
-1.280092e-04
-1.274627e-04
-1.272462e-04
-1.270710e-04
-1.266871e-04
-1.260257e-04
-1.252117e-04
-1.245367e-04
-1.239167e-04
-1.234698e-04
-1.232166e-04
-1.232850e-04
-1.234551e-04
-1.235866e-04
-1.234212e-04
-1.232258e-04
-1.229293e-04
-1.225879e-04
-1.223667e-04
-1.221747e-04
-1.219593e-04
-1.215917e-04
-1.210196e-04
-1.203599e-04
-1.196712e-04
-1.191548e-04
-1.188066e-04
-1.198599e-04
-1.196517e-04
-1.194776e-04
-1.192123e-04
-1.187099e-04
-1.178752e-04
-1.166301e-04
-1.149029e-04
-1.127721e-04
-1.102842e-04
-1.076268e-04
-1.048885e-04
-1.022908e-04
-9.987755e-05
-9.773753e-05
-9.590045e-05
-9.438489e-05
-9.308262e-05
-9.216247e-05
-9.158860e-05
-9.139206e-05
-9.146555e-05
-9.186212e-05
-9.216666e-05
-9.268868e-05
-9.278985e-05
-9.260281e-05
-9.186231e-05
-9.066985e-05
-8.923477e-05
-8.755295e-05
-8.553185e-05
-8.322216e-05
-8.106892e-05
-7.856697e-05
-7.611823e-05
-7.377148e-05
-7.208959e-05
-7.082475e-05
-6.997121e-05
-6.902461e-05
-6.795882e-05
-6.669807e-05
-6.538765e-05
-6.373735e-05
-6.271007e-05
-6.161738e-05
-6.069881e-05
-5.945507e-05
-5.840555e-05
-5.759105e-05
-5.755830e-05
-5.836144e-05
-6.078872e-05
-6.419263e-05
-6.882178e-05
-7.396817e-05
-7.877999e-05
-8.294965e-05
-8.705240e-05
-9.166978e-05
-9.682547e-05
-1.025712e-04
-1.085108e-04
-1.136195e-04
-1.180673e-04
-1.223051e-04
-1.262582e-04
-1.291733e-04
-1.309509e-04
-1.316971e-04
-1.312516e-04
-1.299808e-04
-1.286997e-04
-1.281057e-04
-1.280998e-04
-1.280894e-04
-1.276911e-04
-1.269836e-04
-1.261685e-04
-1.254918e-04
-1.248110e-04
-1.243623e-04
-1.241165e-04
-1.241856e-04
-1.244311e-04
-1.246183e-04
-1.246505e-04
-1.244119e-04
-1.241850e-04
-1.238631e-04
-1.236511e-04
-1.233913e-04
-1.231095e-04
-1.226644e-04
-1.220655e-04
-1.213838e-04
-1.207358e-04
-1.201689e-04
-1.199807e-04
-1.209479e-04
-1.210418e-04
-1.208903e-04
-1.205970e-04
-1.200206e-04
-1.190506e-04
-1.176086e-04
-1.157260e-04
-1.133884e-04
-1.107363e-04
-1.079401e-04
-1.051177e-04
-1.024950e-04
-1.000950e-04
-9.793975e-05
-9.601082e-05
-9.459777e-05
-9.328519e-05
-9.217393e-05
-9.132491e-05
-9.083726e-05
-9.072625e-05
-9.097442e-05
-9.141150e-05
-9.190492e-05
-9.213805e-05
-9.193851e-05
-9.122513e-05
-8.991327e-05
-8.827485e-05
-8.627241e-05
-8.408525e-05
-8.162830e-05
-7.914287e-05
-7.665143e-05
-7.439177e-05
-7.240925e-05
-7.091857e-05
-6.972658e-05
-6.869385e-05
-6.740112e-05
-6.605948e-05
-6.441722e-05
-6.283814e-05
-6.096867e-05
-5.965244e-05
-5.833378e-05
-5.719563e-05
-5.566055e-05
-5.398088e-05
-5.240894e-05
-5.146970e-05
-5.152640e-05
-5.276744e-05
-5.550088e-05
-5.983901e-05
-6.503962e-05
-7.039376e-05
-7.571600e-05
-8.161210e-05
-8.855449e-05
-9.577425e-05
-1.038159e-04
-1.115703e-04
-1.182425e-04
-1.231290e-04
-1.265981e-04
-1.294315e-04
-1.316295e-04
-1.326021e-04
-1.325514e-04
-1.316949e-04
-1.303176e-04
-1.289236e-04
-1.283426e-04
-1.286604e-04
-1.291416e-04
-1.291481e-04
-1.285262e-04
-1.274263e-04
-1.265311e-04
-1.256427e-04
-1.251226e-04
-1.248228e-04
-1.248381e-04
-1.250043e-04
-1.252781e-04
-1.255164e-04
-1.255276e-04
-1.253986e-04
-1.252615e-04
-1.250730e-04
-1.247560e-04
-1.243649e-04
-1.238900e-04
-1.233213e-04
-1.226621e-04
-1.220432e-04
-1.215141e-04
-1.212345e-04
-1.225166e-04
-1.226420e-04
-1.224576e-04
-1.220938e-04
-1.213725e-04
-1.201988e-04
-1.185277e-04
-1.163861e-04
-1.138739e-04
-1.110719e-04
-1.082363e-04
-1.054255e-04
-1.027547e-04
-1.003632e-04
-9.818907e-05
-9.638487e-05
-9.477158e-05
-9.319967e-05
-9.194734e-05
-9.105077e-05
-9.043030e-05
-9.020044e-05
-9.030212e-05
-9.064044e-05
-9.105577e-05
-9.123543e-05
-9.096959e-05
-9.009802e-05
-8.872778e-05
-8.707715e-05
-8.516242e-05
-8.298950e-05
-8.045409e-05
-7.806126e-05
-7.576124e-05
-7.358505e-05
-7.158107e-05
-7.007375e-05
-6.860733e-05
-6.699047e-05
-6.520713e-05
-6.328605e-05
-6.154556e-05
-5.982114e-05
-5.835056e-05
-5.732396e-05
-5.631718e-05
-5.544891e-05
-5.401214e-05
-5.211009e-05
-4.959414e-05
-4.695107e-05
-4.450766e-05
-4.285135e-05
-4.306463e-05
-4.504967e-05
-4.860401e-05
-5.255976e-05
-5.995356e-05
-7.140446e-05
-8.363255e-05
-9.560535e-05
-1.071412e-04
-1.207555e-04
-1.297685e-04
-1.345762e-04
-1.356478e-04
-1.355542e-04
-1.353119e-04
-1.343120e-04
-1.324154e-04
-1.303986e-04
-1.289045e-04
-1.278176e-04
-1.280354e-04
-1.292394e-04
-1.305047e-04
-1.309975e-04
-1.304743e-04
-1.291827e-04
-1.278939e-04
-1.267433e-04
-1.259604e-04
-1.255842e-04
-1.254480e-04
-1.254928e-04
-1.257817e-04
-1.262339e-04
-1.263514e-04
-1.262842e-04
-1.262117e-04
-1.261079e-04
-1.258442e-04
-1.254339e-04
-1.249844e-04
-1.244518e-04
-1.238312e-04
-1.232332e-04
-1.228476e-04
-1.226477e-04
-1.243597e-04
-1.242418e-04
-1.240742e-04
-1.235964e-04
-1.226771e-04
-1.213079e-04
-1.194239e-04
-1.171769e-04
-1.144121e-04
-1.115398e-04
-1.086314e-04
-1.057419e-04
-1.031276e-04
-1.007212e-04
-9.862685e-05
-9.669997e-05
-9.504109e-05
-9.364080e-05
-9.222762e-05
-9.095987e-05
-9.010710e-05
-8.970369e-05
-8.960689e-05
-8.976860e-05
-8.992112e-05
-8.991958e-05
-8.947526e-05
-8.859132e-05
-8.738279e-05
-8.594800e-05
-8.389364e-05
-8.154046e-05
-7.942456e-05
-7.736157e-05
-7.502434e-05
-7.273758e-05
-7.115031e-05
-6.946524e-05
-6.754417e-05
-6.521851e-05
-6.270439e-05
-6.041503e-05
-5.854685e-05
-5.742093e-05
-5.625350e-05
-5.536159e-05
-5.506464e-05
-5.473302e-05
-5.374181e-05
-5.193828e-05
-4.937977e-05
-4.547576e-05
-4.031346e-05
-3.514359e-05
-3.202091e-05
-2.969639e-05
-3.113694e-05
-3.533644e-05
-4.531050e-05
-5.868729e-05
-7.666789e-05
-9.381252e-05
-1.152062e-04
-1.329807e-04
-1.445982e-04
-1.476302e-04
-1.451944e-04
-1.409846e-04
-1.375291e-04
-1.338210e-04
-1.302761e-04
-1.272708e-04
-1.257742e-04
-1.255147e-04
-1.266170e-04
-1.288710e-04
-1.313023e-04
-1.327687e-04
-1.327434e-04
-1.314565e-04
-1.297892e-04
-1.282671e-04
-1.271103e-04
-1.263789e-04
-1.260349e-04
-1.261179e-04
-1.263308e-04
-1.265875e-04
-1.267830e-04
-1.269404e-04
-1.269930e-04
-1.269998e-04
-1.269386e-04
-1.267816e-04
-1.264233e-04
-1.258513e-04
-1.252433e-04
-1.246360e-04
-1.242075e-04
-1.241993e-04
-1.255116e-04
-1.255345e-04
-1.253323e-04
-1.247522e-04
-1.237339e-04
-1.222409e-04
-1.202172e-04
-1.177988e-04
-1.151154e-04
-1.122209e-04
-1.092249e-04
-1.063016e-04
-1.036183e-04
-1.012181e-04
-9.916136e-05
-9.740144e-05
-9.578900e-05
-9.423851e-05
-9.265226e-05
-9.120802e-05
-9.002092e-05
-8.922202e-05
-8.878037e-05
-8.859284e-05
-8.842610e-05
-8.815887e-05
-8.771139e-05
-8.703315e-05
-8.605684e-05
-8.460484e-05
-8.270149e-05
-8.053970e-05
-7.840143e-05
-7.618437e-05
-7.398421e-05
-7.201740e-05
-7.027355e-05
-6.855123e-05
-6.638684e-05
-6.388202e-05
-6.141711e-05
-5.896326e-05
-5.706794e-05
-5.589062e-05
-5.510564e-05
-5.413740e-05
-5.413423e-05
-5.396833e-05
-5.393650e-05
-5.312614e-05
-5.130081e-05
-4.686630e-05
-4.033845e-05
-3.313805e-05
-2.883890e-05
-2.350855e-05
-2.391054e-05
-3.388682e-05
-4.514195e-05
-5.779345e-05
-6.845472e-05
-8.950176e-05
-1.091009e-04
-1.258172e-04
-1.381560e-04
-1.492103e-04
-1.482798e-04
-1.415010e-04
-1.351621e-04
-1.291571e-04
-1.247234e-04
-1.218179e-04
-1.208244e-04
-1.214123e-04
-1.236740e-04
-1.271567e-04
-1.306890e-04
-1.330926e-04
-1.338080e-04
-1.330135e-04
-1.314017e-04
-1.296597e-04
-1.282310e-04
-1.273001e-04
-1.268762e-04
-1.268581e-04
-1.270437e-04
-1.272437e-04
-1.273986e-04
-1.275716e-04
-1.278060e-04
-1.280582e-04
-1.281801e-04
-1.280845e-04
-1.277119e-04
-1.271347e-04
-1.264839e-04
-1.259260e-04
-1.256360e-04
-1.255826e-04
-1.271152e-04
-1.271858e-04
-1.268988e-04
-1.262366e-04
-1.250555e-04
-1.234075e-04
-1.212839e-04
-1.188174e-04
-1.159771e-04
-1.129736e-04
-1.098628e-04
-1.068637e-04
-1.040378e-04
-1.015401e-04
-9.935956e-05
-9.751246e-05
-9.579854e-05
-9.414320e-05
-9.249240e-05
-9.099324e-05
-8.973565e-05
-8.881442e-05
-8.819848e-05
-8.781541e-05
-8.750621e-05
-8.718899e-05
-8.678018e-05
-8.617875e-05
-8.536261e-05
-8.411539e-05
-8.236901e-05
-8.031842e-05
-7.801707e-05
-7.565898e-05
-7.331882e-05
-7.128669e-05
-6.953332e-05
-6.773215e-05
-6.576101e-05
-6.349846e-05
-6.126975e-05
-5.934176e-05
-5.769812e-05
-5.595254e-05
-5.441879e-05
-5.326788e-05
-5.275105e-05
-5.271398e-05
-5.315676e-05
-5.365310e-05
-5.347939e-05
-5.139192e-05
-4.702318e-05
-4.387929e-05
-3.741471e-05
-3.764310e-05
-4.349966e-05
-6.264300e-05
-7.681637e-05
-8.534185e-05
-8.569726e-05
-8.644078e-05
-8.429449e-05
-7.697792e-05
-8.995223e-05
-1.217225e-04
-1.352253e-04
-1.349182e-04
-1.280031e-04
-1.206154e-04
-1.153631e-04
-1.131529e-04
-1.134440e-04
-1.156472e-04
-1.196538e-04
-1.247748e-04
-1.296517e-04
-1.331729e-04
-1.345397e-04
-1.343034e-04
-1.327347e-04
-1.308638e-04
-1.291485e-04
-1.280607e-04
-1.276501e-04
-1.275438e-04
-1.277756e-04
-1.279968e-04
-1.281976e-04
-1.284880e-04
-1.290715e-04
-1.295823e-04
-1.299244e-04
-1.298247e-04
-1.293909e-04
-1.286037e-04
-1.277861e-04
-1.272275e-04
-1.269969e-04
-1.269946e-04
-1.288471e-04
-1.288197e-04
-1.285849e-04
-1.277135e-04
-1.264347e-04
-1.246636e-04
-1.224119e-04
-1.197833e-04
-1.169092e-04
-1.138529e-04
-1.106031e-04
-1.075452e-04
-1.045626e-04
-1.019215e-04
-9.957561e-05
-9.771270e-05
-9.591244e-05
-9.416274e-05
-9.242213e-05
-9.085496e-05
-8.955763e-05
-8.859629e-05
-8.787796e-05
-8.726563e-05
-8.683552e-05
-8.657192e-05
-8.630507e-05
-8.566737e-05
-8.496401e-05
-8.366434e-05
-8.197501e-05
-7.985402e-05
-7.748183e-05
-7.513620e-05
-7.290550e-05
-7.111651e-05
-6.951464e-05
-6.795209e-05
-6.618167e-05
-6.427088e-05
-6.235986e-05
-6.046393e-05
-5.846864e-05
-5.613370e-05
-5.373691e-05
-5.168425e-05
-5.048475e-05
-5.027643e-05
-5.162078e-05
-5.436266e-05
-5.793140e-05
-6.296977e-05
-7.085712e-05
-8.448863e-05
-9.883871e-05
-1.313913e-04
-1.585478e-04
-1.773628e-04
-1.706794e-04
-1.455945e-04
-1.127978e-04
-7.059476e-05
-3.149715e-05
2.907117e-06
1.468299e-05
-2.067686e-06
-3.599055e-05
-6.568582e-05
-7.708671e-05
-8.311885e-05
-9.130686e-05
-9.896092e-05
-1.057184e-04
-1.120210e-04
-1.175420e-04
-1.229946e-04
-1.280700e-04
-1.314765e-04
-1.336698e-04
-1.340242e-04
-1.330650e-04
-1.313437e-04
-1.296060e-04
-1.284602e-04
-1.281089e-04
-1.284368e-04
-1.289689e-04
-1.294829e-04
-1.298998e-04
-1.303367e-04
-1.309042e-04
-1.314122e-04
-1.318624e-04
-1.317200e-04
-1.310893e-04
-1.300808e-04
-1.290765e-04
-1.284292e-04
-1.283381e-04
-1.285084e-04
-1.301529e-04
-1.301982e-04
-1.299088e-04
-1.290623e-04
-1.276306e-04
-1.256510e-04
-1.232931e-04
-1.206970e-04
-1.178583e-04
-1.147724e-04
-1.115438e-04
-1.083542e-04
-1.052934e-04
-1.025157e-04
-1.001124e-04
-9.803540e-05
-9.610559e-05
-9.421345e-05
-9.241464e-05
-9.080541e-05
-8.945356e-05
-8.839768e-05
-8.756933e-05
-8.694425e-05
-8.647437e-05
-8.617402e-05
-8.590932e-05
-8.550146e-05
-8.466439e-05
-8.332651e-05
-8.142923e-05
-7.914082e-05
-7.677625e-05
-7.459932e-05
-7.272297e-05
-7.128545e-05
-7.014503e-05
-6.889623e-05
-6.732726e-05
-6.547082e-05
-6.351118e-05
-6.131853e-05
-5.862154e-05
-5.543005e-05
-5.228565e-05
-4.972777e-05
-4.796440e-05
-4.733887e-05
-4.940814e-05
-5.579153e-05
-6.733926e-05
-8.711715e-05
-1.284830e-04
-1.961278e-04
-2.804374e-04
-3.386239e-04
-3.333921e-04
-2.870103e-04
-2.337578e-04
-1.764362e-04
-1.156833e-04
-5.503591e-05
3.514678e-06
5.841185e-05
1.133412e-04
1.628338e-04
1.765014e-04
1.277657e-04
4.238477e-05
-2.218140e-05
-5.976035e-05
-8.374746e-05
-9.956135e-05
-1.098949e-04
-1.172902e-04
-1.233758e-04
-1.279378e-04
-1.309727e-04
-1.327114e-04
-1.332285e-04
-1.327148e-04
-1.313606e-04
-1.297272e-04
-1.285121e-04
-1.281926e-04
-1.287736e-04
-1.296988e-04
-1.307629e-04
-1.315434e-04
-1.322561e-04
-1.329522e-04
-1.336363e-04
-1.340368e-04
-1.339463e-04
-1.333129e-04
-1.322252e-04
-1.310273e-04
-1.300717e-04
-1.295822e-04
-1.294749e-04
-1.309812e-04
-1.309192e-04
-1.304663e-04
-1.296024e-04
-1.282108e-04
-1.263202e-04
-1.240835e-04
-1.216397e-04
-1.189276e-04
-1.159369e-04
-1.127458e-04
-1.095294e-04
-1.064065e-04
-1.035535e-04
-1.010315e-04
-9.881519e-05
-9.676609e-05
-9.479368e-05
-9.292950e-05
-9.122417e-05
-8.958419e-05
-8.829846e-05
-8.727197e-05
-8.655521e-05
-8.609887e-05
-8.584844e-05
-8.569217e-05
-8.532465e-05
-8.441739e-05
-8.290184e-05
-8.079302e-05
-7.843421e-05
-7.615765e-05
-7.423855e-05
-7.284902e-05
-7.183311e-05
-7.102049e-05
-6.994126e-05
-6.837999e-05
-6.649513e-05
-6.439836e-05
-6.200784e-05
-5.895487e-05
-5.543870e-05
-5.190952e-05
-4.894174e-05
-4.704794e-05
-4.741839e-05
-5.274760e-05
-6.676038e-05
-9.732972e-05
-1.604131e-04
-2.670280e-04
-3.842584e-04
-4.619368e-04
-4.744542e-04
-4.306169e-04
-3.536218e-04
-2.655338e-04
-1.841736e-04
-1.146981e-04
-5.215303e-05
1.306634e-05
8.903406e-05
1.763339e-04
2.626600e-04
3.231810e-04
3.153070e-04
2.170733e-04
8.517152e-05
-9.127241e-06
-6.125131e-05
-9.077367e-05
-1.080170e-04
-1.187084e-04
-1.256503e-04
-1.296156e-04
-1.319061e-04
-1.330293e-04
-1.334480e-04
-1.331520e-04
-1.319677e-04
-1.302939e-04
-1.289828e-04
-1.285709e-04
-1.290639e-04
-1.301231e-04
-1.312801e-04
-1.324773e-04
-1.334944e-04
-1.344536e-04
-1.352712e-04
-1.358037e-04
-1.357473e-04
-1.350780e-04
-1.339434e-04
-1.326691e-04
-1.316317e-04
-1.310425e-04
-1.310180e-04
-1.323876e-04
-1.321997e-04
-1.316607e-04
-1.306434e-04
-1.291688e-04
-1.272291e-04
-1.249968e-04
-1.225560e-04
-1.198845e-04
-1.169372e-04
-1.137745e-04
-1.104743e-04
-1.072995e-04
-1.043787e-04
-1.017619e-04
-9.940220e-05
-9.723736e-05
-9.521205e-05
-9.327632e-05
-9.147246e-05
-8.975646e-05
-8.825810e-05
-8.708883e-05
-8.630429e-05
-8.592840e-05
-8.584554e-05
-8.581133e-05
-8.540525e-05
-8.437577e-05
-8.273782e-05
-8.064379e-05
-7.847655e-05
-7.654114e-05
-7.501239e-05
-7.408745e-05
-7.335742e-05
-7.258323e-05
-7.130688e-05
-6.942695e-05
-6.719710e-05
-6.477149e-05
-6.188596e-05
-5.834630e-05
-5.453255e-05
-5.085304e-05
-4.785018e-05
-4.719578e-05
-5.218567e-05
-6.823907e-05
-1.031074e-04
-1.745715e-04
-2.843387e-04
-3.920980e-04
-4.384687e-04
-3.945338e-04
-2.902428e-04
-1.816585e-04
-1.060854e-04
-6.869067e-05
-5.975134e-05
-6.611849e-05
-7.823988e-05
-8.764837e-05
-8.512653e-05
-5.669487e-05
9.968053e-06
1.152206e-04
2.252523e-04
2.615651e-04
1.801683e-04
5.141666e-05
-4.092010e-05
-8.972935e-05
-1.139563e-04
-1.252958e-04
-1.306925e-04
-1.325316e-04
-1.323079e-04
-1.325147e-04
-1.332662e-04
-1.339115e-04
-1.335301e-04
-1.320243e-04
-1.303182e-04
-1.293152e-04
-1.293518e-04
-1.301938e-04
-1.314670e-04
-1.329180e-04
-1.343858e-04
-1.357484e-04
-1.369031e-04
-1.377020e-04
-1.379508e-04
-1.375388e-04
-1.364939e-04
-1.350624e-04
-1.336372e-04
-1.326525e-04
-1.322538e-04
-1.335133e-04
-1.329775e-04
-1.322803e-04
-1.311852e-04
-1.297511e-04
-1.279713e-04
-1.259211e-04
-1.236333e-04
-1.210577e-04
-1.182551e-04
-1.151452e-04
-1.118024e-04
-1.086030e-04
-1.054203e-04
-1.026542e-04
-1.001347e-04
-9.788269e-05
-9.581520e-05
-9.382061e-05
-9.182794e-05
-8.990631e-05
-8.819606e-05
-8.686760e-05
-8.608078e-05
-8.585984e-05
-8.598528e-05
-8.601384e-05
-8.549335e-05
-8.424131e-05
-8.243585e-05
-8.040653e-05
-7.855972e-05
-7.714491e-05
-7.622638e-05
-7.583071e-05
-7.565256e-05
-7.510920e-05
-7.375222e-05
-7.152610e-05
-6.908860e-05
-6.646438e-05
-6.276155e-05
-5.796144e-05
-5.400619e-05
-5.265793e-05
-5.354827e-05
-5.729650e-05
-7.252965e-05
-1.147167e-04
-1.903874e-04
-2.823252e-04
-3.407758e-04
-3.236452e-04
-2.346906e-04
-1.241538e-04
-4.428792e-05
-1.034136e-05
-1.136294e-05
-2.887631e-05
-5.045271e-05
-7.151371e-05
-9.178437e-05
-1.119276e-04
-1.322344e-04
-1.491128e-04
-1.502128e-04
-1.165396e-04
-3.990035e-05
6.362830e-05
1.209992e-04
7.384359e-05
-2.350698e-05
-9.013560e-05
-1.193682e-04
-1.306637e-04
-1.352393e-04
-1.358782e-04
-1.355607e-04
-1.352632e-04
-1.351535e-04
-1.351625e-04
-1.347535e-04
-1.334751e-04
-1.317464e-04
-1.305119e-04
-1.302548e-04
-1.307952e-04
-1.317233e-04
-1.329246e-04
-1.343835e-04
-1.359219e-04
-1.372872e-04
-1.383518e-04
-1.389760e-04
-1.390092e-04
-1.383949e-04
-1.372811e-04
-1.359356e-04
-1.347615e-04
-1.337296e-04
-1.351215e-04
-1.342082e-04
-1.333016e-04
-1.321143e-04
-1.306816e-04
-1.289487e-04
-1.269855e-04
-1.247420e-04
-1.221808e-04
-1.193988e-04
-1.163592e-04
-1.131732e-04
-1.099307e-04
-1.066850e-04
-1.036817e-04
-1.009490e-04
-9.851184e-05
-9.627526e-05
-9.409697e-05
-9.194892e-05
-8.993654e-05
-8.830279e-05
-8.726701e-05
-8.684839e-05
-8.683362e-05
-8.680543e-05
-8.638989e-05
-8.542745e-05
-8.402303e-05
-8.240290e-05
-8.083041e-05
-7.961140e-05
-7.876667e-05
-7.825569e-05
-7.802790e-05
-7.734766e-05
-7.598044e-05
-7.458367e-05
-7.341419e-05
-7.190159e-05
-7.068371e-05
-6.673350e-05
-6.182944e-05
-5.846171e-05
-6.105381e-05
-6.877136e-05
-8.793704e-05
-1.372958e-04
-2.153662e-04
-2.849034e-04
-2.988003e-04
-2.402680e-04
-1.366821e-04
-4.374012e-05
4.396967e-06
9.552894e-06
-8.403583e-06
-3.147770e-05
-5.257392e-05
-7.037006e-05
-8.544907e-05
-9.915025e-05
-1.131415e-04
-1.288578e-04
-1.469704e-04
-1.658223e-04
-1.762052e-04
-1.586193e-04
-1.014755e-04
-1.527765e-05
2.922934e-05
-1.274678e-05
-9.090885e-05
-1.265193e-04
-1.369264e-04
-1.396143e-04
-1.406535e-04
-1.405560e-04
-1.395943e-04
-1.379434e-04
-1.369737e-04
-1.357009e-04
-1.343527e-04
-1.327319e-04
-1.315068e-04
-1.313861e-04
-1.316021e-04
-1.322118e-04
-1.330253e-04
-1.341773e-04
-1.356112e-04
-1.370119e-04
-1.384500e-04
-1.392165e-04
-1.397511e-04
-1.397548e-04
-1.390761e-04
-1.381637e-04
-1.370269e-04
-1.359347e-04
-1.367519e-04
-1.357348e-04
-1.346909e-04
-1.333230e-04
-1.320280e-04
-1.301458e-04
-1.281476e-04
-1.258428e-04
-1.232464e-04
-1.204188e-04
-1.174206e-04
-1.142945e-04
-1.110705e-04
-1.078075e-04
-1.046494e-04
-1.017471e-04
-9.914370e-05
-9.674771e-05
-9.444144e-05
-9.222045e-05
-9.026612e-05
-8.884437e-05
-8.812354e-05
-8.798395e-05
-8.799799e-05
-8.772123e-05
-8.696729e-05
-8.583174e-05
-8.453234e-05
-8.328937e-05
-8.229021e-05
-8.197459e-05
-8.187960e-05
-8.196835e-05
-8.152630e-05
-8.007876e-05
-7.759999e-05
-7.541541e-05
-7.434268e-05
-7.460138e-05
-7.593554e-05
-7.571713e-05
-7.606733e-05
-8.020148e-05
-9.455754e-05
-1.314949e-04
-1.957100e-04
-2.651696e-04
-2.912562e-04
-2.632980e-04
-1.786411e-04
-7.609661e-05
-5.269157e-06
1.807918e-05
6.711898e-06
-1.678421e-05
-3.956583e-05
-5.816169e-05
-7.299359e-05
-8.484510e-05
-9.496470e-05
-1.041652e-04
-1.135959e-04
-1.240819e-04
-1.367910e-04
-1.522002e-04
-1.697045e-04
-1.816921e-04
-1.708260e-04
-1.251808e-04
-5.524238e-05
-1.439866e-05
-3.659287e-05
-9.190206e-05
-1.283686e-04
-1.451311e-04
-1.492223e-04
-1.477092e-04
-1.443650e-04
-1.404927e-04
-1.372230e-04
-1.354114e-04
-1.343329e-04
-1.333193e-04
-1.323085e-04
-1.320742e-04
-1.325827e-04
-1.333257e-04
-1.339697e-04
-1.346528e-04
-1.357278e-04
-1.369649e-04
-1.382369e-04
-1.393823e-04
-1.403341e-04
-1.409080e-04
-1.409106e-04
-1.402800e-04
-1.391998e-04
-1.379902e-04
-1.383709e-04
-1.369798e-04
-1.356083e-04
-1.341553e-04
-1.326593e-04
-1.309817e-04
-1.290536e-04
-1.267972e-04
-1.242473e-04
-1.215013e-04
-1.186657e-04
-1.157494e-04
-1.126883e-04
-1.094788e-04
-1.062490e-04
-1.031694e-04
-1.003044e-04
-9.762232e-05
-9.508334e-05
-9.281361e-05
-9.103592e-05
-8.998009e-05
-8.960999e-05
-8.952598e-05
-8.915059e-05
-8.815280e-05
-8.669464e-05
-8.521745e-05
-8.416766e-05
-8.362563e-05
-8.376666e-05
-8.452406e-05
-8.522976e-05
-8.596568e-05
-8.558568e-05
-8.352411e-05
-8.029334e-05
-7.766098e-05
-7.696062e-05
-7.931383e-05
-8.620841e-05
-9.763860e-05
-1.164283e-04
-1.488166e-04
-2.013562e-04
-2.599831e-04
-2.955065e-04
-2.901737e-04
-2.271953e-04
-1.274848e-04
-3.430844e-05
1.408319e-05
1.756104e-05
-3.271274e-06
-2.837513e-05
-4.941581e-05
-6.537208e-05
-7.724662e-05
-8.658431e-05
-9.437085e-05
-1.013227e-04
-1.078725e-04
-1.144880e-04
-1.215915e-04
-1.298506e-04
-1.401614e-04
-1.538271e-04
-1.706901e-04
-1.836499e-04
-1.732614e-04
-1.269762e-04
-5.315352e-05
-7.838571e-06
-3.428701e-05
-9.659104e-05
-1.334383e-04
-1.472985e-04
-1.491522e-04
-1.479132e-04
-1.434537e-04
-1.392902e-04
-1.366008e-04
-1.353871e-04
-1.340607e-04
-1.330543e-04
-1.325185e-04
-1.331082e-04
-1.339576e-04
-1.346596e-04
-1.351712e-04
-1.362166e-04
-1.374534e-04
-1.388137e-04
-1.401684e-04
-1.413456e-04
-1.421611e-04
-1.424022e-04
-1.420151e-04
-1.410915e-04
-1.397746e-04
-1.399511e-04
-1.382856e-04
-1.367506e-04
-1.351524e-04
-1.335711e-04
-1.318596e-04
-1.299541e-04
-1.277541e-04
-1.252959e-04
-1.226646e-04
-1.199462e-04
-1.171407e-04
-1.141506e-04
-1.109808e-04
-1.077346e-04
-1.045803e-04
-1.015452e-04
-9.868179e-05
-9.600693e-05
-9.375872e-05
-9.210541e-05
-9.119234e-05
-9.088617e-05
-9.056496e-05
-8.995451e-05
-8.859280e-05
-8.692740e-05
-8.550001e-05
-8.472988e-05
-8.470549e-05
-8.565076e-05
-8.700586e-05
-8.837887e-05
-8.934891e-05
-8.923580e-05
-8.815263e-05
-8.646909e-05
-8.572689e-05
-8.715893e-05
-9.413511e-05
-1.073696e-04
-1.419181e-04
-2.041956e-04
-2.820840e-04
-3.249532e-04
-3.229156e-04
-2.684496e-04
-1.734101e-04
-7.100716e-05
-1.911503e-06
2.004620e-05
7.268105e-06
-1.831369e-05
-4.266023e-05
-6.140556e-05
-7.459885e-05
-8.375058e-05
-9.049242e-05
-9.603093e-05
-1.010370e-04
-1.058216e-04
-1.105054e-04
-1.151598e-04
-1.199081e-04
-1.250407e-04
-1.312670e-04
-1.400294e-04
-1.532356e-04
-1.708625e-04
-1.845090e-04
-1.728034e-04
-1.212621e-04
-4.190215e-05
3.032126e-06
-1.881476e-05
-8.013678e-05
-1.272288e-04
-1.452850e-04
-1.478311e-04
-1.453728e-04
-1.413694e-04
-1.371884e-04
-1.358404e-04
-1.339703e-04
-1.332405e-04
-1.322414e-04
-1.327843e-04
-1.337284e-04
-1.351206e-04
-1.361493e-04
-1.371922e-04
-1.382540e-04
-1.395340e-04
-1.408349e-04
-1.420701e-04
-1.430280e-04
-1.436454e-04
-1.435415e-04
-1.428132e-04
-1.414702e-04
-1.413895e-04
-1.396007e-04
-1.378349e-04
-1.360944e-04
-1.343822e-04
-1.326219e-04
-1.307240e-04
-1.286311e-04
-1.263103e-04
-1.238427e-04
-1.212522e-04
-1.185812e-04
-1.156884e-04
-1.126227e-04
-1.094429e-04
-1.062868e-04
-1.031211e-04
-1.000613e-04
-9.726082e-05
-9.501894e-05
-9.347864e-05
-9.255097e-05
-9.202902e-05
-9.114175e-05
-9.011276e-05
-8.852423e-05
-8.703968e-05
-8.594899e-05
-8.560510e-05
-8.627757e-05
-8.793656e-05
-8.998458e-05
-9.176917e-05
-9.253217e-05
-9.262694e-05
-9.323018e-05
-9.599038e-05
-1.013759e-04
-1.136585e-04
-1.411438e-04
-1.942112e-04
-2.669240e-04
-3.333300e-04
-3.526925e-04
-3.136717e-04
-2.205284e-04
-1.104972e-04
-2.417704e-05
1.483792e-05
1.307646e-05
-9.913270e-06
-3.632639e-05
-5.868858e-05
-7.496045e-05
-8.571076e-05
-9.250066e-05
-9.687118e-05
-1.001163e-04
-1.030321e-04
-1.060218e-04
-1.091253e-04
-1.122981e-04
-1.153960e-04
-1.183818e-04
-1.213254e-04
-1.246770e-04
-1.295773e-04
-1.380408e-04
-1.521909e-04
-1.713629e-04
-1.856370e-04
-1.719348e-04
-1.168111e-04
-3.524851e-05
1.680132e-05
5.118382e-06
-5.383317e-05
-1.040250e-04
-1.324369e-04
-1.408996e-04
-1.414773e-04
-1.377859e-04
-1.334351e-04
-1.314415e-04
-1.302088e-04
-1.299760e-04
-1.307731e-04
-1.329013e-04
-1.356201e-04
-1.373604e-04
-1.386543e-04
-1.397543e-04
-1.409379e-04
-1.421351e-04
-1.432143e-04
-1.441769e-04
-1.447830e-04
-1.448684e-04
-1.442121e-04
-1.429328e-04
-1.424941e-04
-1.406710e-04
-1.387203e-04
-1.368666e-04
-1.350804e-04
-1.333190e-04
-1.314608e-04
-1.294929e-04
-1.273147e-04
-1.250021e-04
-1.225680e-04
-1.199654e-04
-1.171818e-04
-1.141806e-04
-1.111534e-04
-1.079972e-04
-1.049233e-04
-1.017269e-04
-9.891405e-05
-9.663075e-05
-9.494755e-05
-9.384925e-05
-9.293469e-05
-9.179977e-05
-9.047252e-05
-8.893144e-05
-8.763992e-05
-8.689435e-05
-8.692678e-05
-8.813702e-05
-9.053321e-05
-9.363596e-05
-9.607489e-05
-9.712336e-05
-9.793669e-05
-1.015643e-04
-1.093457e-04
-1.269436e-04
-1.679423e-04
-2.455357e-04
-3.276811e-04
-3.667070e-04
-3.447817e-04
-2.628002e-04
-1.496265e-04
-5.074872e-05
3.043079e-06
1.240956e-05
-5.478306e-06
-3.175490e-05
-5.624160e-05
-7.552981e-05
-8.904805e-05
-9.759716e-05
-1.023901e-04
-1.048444e-04
-1.060665e-04
-1.069990e-04
-1.081052e-04
-1.095979e-04
-1.113776e-04
-1.132909e-04
-1.151074e-04
-1.166906e-04
-1.179681e-04
-1.192858e-04
-1.213482e-04
-1.259837e-04
-1.351858e-04
-1.510020e-04
-1.718530e-04
-1.873467e-04
-1.737391e-04
-1.159416e-04
-2.833236e-05
3.676148e-05
3.656962e-05
-1.743244e-05
-8.423792e-05
-1.218210e-04
-1.348744e-04
-1.341912e-04
-1.292694e-04
-1.275116e-04
-1.275819e-04
-1.283772e-04
-1.301097e-04
-1.331632e-04
-1.365678e-04
-1.391094e-04
-1.406907e-04
-1.416890e-04
-1.425447e-04
-1.433955e-04
-1.442665e-04
-1.451318e-04
-1.457965e-04
-1.459805e-04
-1.454531e-04
-1.441944e-04
-1.432330e-04
-1.412654e-04
-1.391916e-04
-1.372914e-04
-1.355025e-04
-1.337738e-04
-1.319916e-04
-1.301244e-04
-1.280881e-04
-1.259565e-04
-1.237423e-04
-1.213318e-04
-1.187536e-04
-1.160072e-04
-1.132157e-04
-1.101704e-04
-1.072575e-04
-1.040526e-04
-1.011139e-04
-9.873330e-05
-9.690776e-05
-9.544840e-05
-9.402820e-05
-9.235674e-05
-9.065385e-05
-8.914275e-05
-8.817133e-05
-8.790376e-05
-8.838793e-05
-8.998597e-05
-9.303056e-05
-9.711203e-05
-1.006845e-04
-1.045416e-04
-1.104990e-04
-1.239321e-04
-1.509493e-04
-2.081698e-04
-2.920685e-04
-3.604507e-04
-3.663945e-04
-2.983017e-04
-1.878573e-04
-7.997695e-05
-1.315547e-05
7.304667e-06
-4.527300e-06
-2.889265e-05
-5.382587e-05
-7.477806e-05
-9.063473e-05
-1.015382e-04
-1.082832e-04
-1.117494e-04
-1.129182e-04
-1.127989e-04
-1.121664e-04
-1.116781e-04
-1.115942e-04
-1.120307e-04
-1.127837e-04
-1.136995e-04
-1.144634e-04
-1.149432e-04
-1.149751e-04
-1.147826e-04
-1.148714e-04
-1.165408e-04
-1.214501e-04
-1.316626e-04
-1.484569e-04
-1.700661e-04
-1.872228e-04
-1.767975e-04
-1.231602e-04
-3.540065e-05
4.022661e-05
5.933303e-05
1.470798e-05
-4.701245e-05
-9.095718e-05
-1.192957e-04
-1.177317e-04
-1.206036e-04
-1.243818e-04
-1.277202e-04
-1.308542e-04
-1.348714e-04
-1.388914e-04
-1.417590e-04
-1.432648e-04
-1.440667e-04
-1.445587e-04
-1.449768e-04
-1.455028e-04
-1.461094e-04
-1.466076e-04
-1.467451e-04
-1.462529e-04
-1.451524e-04
-1.436680e-04
-1.413858e-04
-1.392231e-04
-1.372910e-04
-1.355730e-04
-1.339380e-04
-1.322827e-04
-1.305445e-04
-1.287270e-04
-1.268422e-04
-1.248639e-04
-1.226646e-04
-1.203711e-04
-1.179377e-04
-1.154196e-04
-1.127325e-04
-1.098159e-04
-1.066860e-04
-1.036953e-04
-1.011537e-04
-9.906135e-05
-9.720137e-05
-9.534868e-05
-9.341330e-05
-9.164378e-05
-9.037604e-05
-8.974341e-05
-8.966367e-05
-9.015906e-05
-9.179032e-05
-9.517315e-05
-1.003758e-04
-1.064870e-04
-1.146540e-04
-1.313410e-04
-1.685910e-04
-2.408306e-04
-3.251371e-04
-3.659155e-04
-3.322592e-04
-2.317367e-04
-1.152029e-04
-3.271386e-05
3.075868e-07
-4.295432e-06
-2.650190e-05
-5.125643e-05
-7.295640e-05
-9.011954e-05
-1.027230e-04
-1.113595e-04
-1.166923e-04
-1.192978e-04
-1.198779e-04
-1.190689e-04
-1.175932e-04
-1.159831e-04
-1.146996e-04
-1.138949e-04
-1.135988e-04
-1.136055e-04
-1.137319e-04
-1.136762e-04
-1.132793e-04
-1.123622e-04
-1.110581e-04
-1.097142e-04
-1.092845e-04
-1.110296e-04
-1.165737e-04
-1.275019e-04
-1.446169e-04
-1.666523e-04
-1.859538e-04
-1.826242e-04
-1.372337e-04
-5.394623e-05
3.117953e-05
7.089106e-05
5.351610e-05
-1.684396e-06
-5.667897e-05
-9.100037e-05
-1.112664e-04
-1.219605e-04
-1.287227e-04
-1.334585e-04
-1.382258e-04
-1.422519e-04
-1.448672e-04
-1.460156e-04
-1.465368e-04
-1.467837e-04
-1.467987e-04
-1.468197e-04
-1.470150e-04
-1.472752e-04
-1.472955e-04
-1.467900e-04
-1.454471e-04
-1.434147e-04
-1.410256e-04
-1.387218e-04
-1.367553e-04
-1.351249e-04
-1.336694e-04
-1.322886e-04
-1.309881e-04
-1.292901e-04
-1.277274e-04
-1.260555e-04
-1.241044e-04
-1.221577e-04
-1.200551e-04
-1.177651e-04
-1.153863e-04
-1.126654e-04
-1.096227e-04
-1.066193e-04
-1.040046e-04
-1.016978e-04
-9.958447e-05
-9.746469e-05
-9.533538e-05
-9.337573e-05
-9.186632e-05
-9.087520e-05
-9.043851e-05
-9.081712e-05
-9.307827e-05
-9.804986e-05
-1.058426e-04
-1.178642e-04
-1.394415e-04
-1.847384e-04
-2.640008e-04
-3.476792e-04
-3.592319e-04
-2.819146e-04
-1.625175e-04
-6.145718e-05
-9.460868e-06
-3.208843e-06
-2.189908e-05
-4.660646e-05
-6.900722e-05
-8.718421e-05
-1.010041e-04
-1.110702e-04
-1.180103e-04
-1.223690e-04
-1.245694e-04
-1.250218e-04
-1.241611e-04
-1.224447e-04
-1.203727e-04
-1.183379e-04
-1.166575e-04
-1.154282e-04
-1.146365e-04
-1.140964e-04
-1.136262e-04
-1.129529e-04
-1.119153e-04
-1.103390e-04
-1.082888e-04
-1.059934e-04
-1.041363e-04
-1.036517e-04
-1.057608e-04
-1.117331e-04
-1.226998e-04
-1.395301e-04
-1.613736e-04
-1.833072e-04
-1.888536e-04
-1.569027e-04
-8.236931e-05
1.182023e-05
8.432563e-05
1.001603e-04
5.152403e-05
-2.734817e-05
-8.457583e-05
-1.163908e-04
-1.312873e-04
-1.385879e-04
-1.431762e-04
-1.463520e-04
-1.482342e-04
-1.488740e-04
-1.490320e-04
-1.489603e-04
-1.485269e-04
-1.479483e-04
-1.475941e-04
-1.474975e-04
-1.473437e-04
-1.468299e-04
-1.455448e-04
-1.427651e-04
-1.401085e-04
-1.376696e-04
-1.356602e-04
-1.341429e-04
-1.329300e-04
-1.318896e-04
-1.308482e-04
-1.297427e-04
-1.284661e-04
-1.270735e-04
-1.254419e-04
-1.237797e-04
-1.220142e-04
-1.201972e-04
-1.180922e-04
-1.156597e-04
-1.128654e-04
-1.100386e-04
-1.074136e-04
-1.050059e-04
-1.027131e-04
-1.003514e-04
-9.797236e-05
-9.573606e-05
-9.395334e-05
-9.270311e-05
-9.184516e-05
-9.200775e-05
-9.462366e-05
-1.013524e-04
-1.138988e-04
-1.383327e-04
-1.911010e-04
-2.757248e-04
-3.453082e-04
-3.343453e-04
-2.331709e-04
-1.124989e-04
-3.079888e-05
-3.732545e-06
-1.383928e-05
-3.811655e-05
-6.194216e-05
-8.175603e-05
-9.682498e-05
-1.081270e-04
-1.162909e-04
-1.220730e-04
-1.257873e-04
-1.278364e-04
-1.284160e-04
-1.278331e-04
-1.263351e-04
-1.242901e-04
-1.220233e-04
-1.198613e-04
-1.180013e-04
-1.165305e-04
-1.153988e-04
-1.144624e-04
-1.135393e-04
-1.124073e-04
-1.109061e-04
-1.088866e-04
-1.063656e-04
-1.035021e-04
-1.007786e-04
-9.886625e-05
-9.867794e-05
-1.011177e-04
-1.071453e-04
-1.176954e-04
-1.336355e-04
-1.548388e-04
-1.782148e-04
-1.919550e-04
-1.741419e-04
-1.109977e-04
-1.295558e-05
7.874694e-05
1.146496e-04
7.482855e-05
-5.827314e-06
-7.587246e-05
-1.141468e-04
-1.343120e-04
-1.446536e-04
-1.494927e-04
-1.510681e-04
-1.512469e-04
-1.510552e-04
-1.506145e-04
-1.497364e-04
-1.487151e-04
-1.479291e-04
-1.474479e-04
-1.469934e-04
-1.462247e-04
-1.447273e-04
-1.409674e-04
-1.384223e-04
-1.359977e-04
-1.340813e-04
-1.327765e-04
-1.319045e-04
-1.312747e-04
-1.306700e-04
-1.299482e-04
-1.290078e-04
-1.278824e-04
-1.266324e-04
-1.253191e-04
-1.239638e-04
-1.225360e-04
-1.208898e-04
-1.188830e-04
-1.165434e-04
-1.140740e-04
-1.116166e-04
-1.091670e-04
-1.066567e-04
-1.040337e-04
-1.013306e-04
-9.878354e-05
-9.668734e-05
-9.514707e-05
-9.394046e-05
-9.493501e-05
-9.944734e-05
-1.107806e-04
-1.354655e-04
-1.899429e-04
-2.758268e-04
-3.309885e-04
-2.956431e-04
-1.854426e-04
-7.720204e-05
-1.781902e-05
-8.153740e-06
-2.674796e-05
-5.145299e-05
-7.327685e-05
-9.030941e-05
-1.030116e-04
-1.123732e-04
-1.192327e-04
-1.241476e-04
-1.274890e-04
-1.294851e-04
-1.303212e-04
-1.301332e-04
-1.291010e-04
-1.274086e-04
-1.253199e-04
-1.230781e-04
-1.209322e-04
-1.190205e-04
-1.174181e-04
-1.160595e-04
-1.148472e-04
-1.135934e-04
-1.121494e-04
-1.103368e-04
-1.080655e-04
-1.052986e-04
-1.021723e-04
-9.899552e-05
-9.631673e-05
-9.471081e-05
-9.490508e-05
-9.750806e-05
-1.033073e-04
-1.130414e-04
-1.276315e-04
-1.472730e-04
-1.703456e-04
-1.892834e-04
-1.850067e-04
-1.383269e-04
-5.029550e-05
4.558512e-05
1.015216e-04
8.832607e-05
2.649275e-05
-5.934581e-05
-1.135022e-04
-1.399289e-04
-1.495679e-04
-1.528807e-04
-1.531302e-04
-1.524424e-04
-1.516184e-04
-1.502752e-04
-1.488482e-04
-1.475756e-04
-1.466068e-04
-1.458239e-04
-1.448418e-04
-1.432944e-04
-1.387717e-04
-1.358738e-04
-1.335408e-04
-1.318204e-04
-1.308279e-04
-1.304023e-04
-1.302856e-04
-1.301991e-04
-1.299461e-04
-1.294326e-04
-1.286823e-04
-1.277917e-04
-1.268461e-04
-1.259223e-04
-1.249994e-04
-1.239137e-04
-1.224694e-04
-1.206673e-04
-1.186347e-04
-1.164429e-04
-1.140712e-04
-1.114945e-04
-1.087011e-04
-1.057479e-04
-1.028843e-04
-1.003790e-04
-9.863151e-05
-9.728833e-05
-9.991387e-05
-1.087661e-04
-1.296316e-04
-1.828142e-04
-2.690641e-04
-3.169369e-04
-2.644024e-04
-1.497793e-04
-5.498878e-05
-1.311509e-05
-1.568388e-05
-3.796346e-05
-6.166058e-05
-8.128313e-05
-9.604640e-05
-1.069146e-04
-1.148467e-04
-1.207247e-04
-1.250101e-04
-1.280764e-04
-1.300778e-04
-1.311552e-04
-1.313824e-04
-1.308480e-04
-1.296686e-04
-1.279777e-04
-1.259754e-04
-1.238401e-04
-1.217746e-04
-1.198755e-04
-1.182067e-04
-1.167045e-04
-1.152958e-04
-1.138195e-04
-1.121596e-04
-1.101580e-04
-1.077638e-04
-1.049078e-04
-1.017292e-04
-9.840624e-05
-9.539247e-05
-9.305522e-05
-9.196848e-05
-9.247735e-05
-9.521530e-05
-1.005910e-04
-1.094510e-04
-1.223918e-04
-1.401933e-04
-1.618891e-04
-1.833993e-04
-1.902714e-04
-1.619599e-04
-9.050191e-05
6.052181e-06
8.222927e-05
9.270384e-05
2.927160e-05
-5.849965e-05
-1.176910e-04
-1.422444e-04
-1.505102e-04
-1.526943e-04
-1.524914e-04
-1.512311e-04
-1.494337e-04
-1.477689e-04
-1.462611e-04
-1.450084e-04
-1.438656e-04
-1.427118e-04
-1.409730e-04
-1.351305e-04
-1.323094e-04
-1.302100e-04
-1.288117e-04
-1.281687e-04
-1.282363e-04
-1.286874e-04
-1.291599e-04
-1.295328e-04
-1.295614e-04
-1.293181e-04
-1.289828e-04
-1.285332e-04
-1.281013e-04
-1.277913e-04
-1.274058e-04
-1.265960e-04
-1.254299e-04
-1.238707e-04
-1.220664e-04
-1.198102e-04
-1.173220e-04
-1.144139e-04
-1.112615e-04
-1.081596e-04
-1.054770e-04
-1.036530e-04
-1.034519e-04
-1.100177e-04
-1.307148e-04
-1.830172e-04
-2.606377e-04
-2.989508e-04
-2.385317e-04
-1.255173e-04
-4.176970e-05
-1.216124e-05
-2.251037e-05
-4.633092e-05
-6.905380e-05
-8.686636e-05
-1.000130e-04
-1.094665e-04
-1.163643e-04
-1.214221e-04
-1.252073e-04
-1.280085e-04
-1.300059e-04
-1.312735e-04
-1.318556e-04
-1.317944e-04
-1.311282e-04
-1.299469e-04
-1.283438e-04
-1.264719e-04
-1.244765e-04
-1.225102e-04
-1.206575e-04
-1.189606e-04
-1.173743e-04
-1.158331e-04
-1.142150e-04
-1.124242e-04
-1.103341e-04
-1.078986e-04
-1.050712e-04
-1.019476e-04
-9.867763e-05
-9.558761e-05
-9.296735e-05
-9.121659e-05
-9.058516e-05
-9.148798e-05
-9.419034e-05
-9.924695e-05
-1.070948e-04
-1.186132e-04
-1.343361e-04
-1.544325e-04
-1.764025e-04
-1.913036e-04
-1.789028e-04
-1.248351e-04
-3.673533e-05
4.589967e-05
7.419593e-05
3.329149e-05
-4.645476e-05
-1.096837e-04
-1.391015e-04
-1.491733e-04
-1.512998e-04
-1.503391e-04
-1.479700e-04
-1.457170e-04
-1.440678e-04
-1.425458e-04
-1.409518e-04
-1.393397e-04
-1.373680e-04
-1.297206e-04
-1.275846e-04
-1.259028e-04
-1.249764e-04
-1.248656e-04
-1.254496e-04
-1.264886e-04
-1.276391e-04
-1.286084e-04
-1.292683e-04
-1.296476e-04
-1.298708e-04
-1.300838e-04
-1.303967e-04
-1.307911e-04
-1.311231e-04
-1.312069e-04
-1.309016e-04
-1.300755e-04
-1.288759e-04
-1.269400e-04
-1.246422e-04
-1.216688e-04
-1.183131e-04
-1.149274e-04
-1.120668e-04
-1.104974e-04
-1.133128e-04
-1.288891e-04
-1.744592e-04
-2.513206e-04
-2.865567e-04
-2.224345e-04
-1.097966e-04
-3.405098e-05
-1.275309e-05
-2.759731e-05
-5.222932e-05
-7.410209e-05
-9.068349e-05
-1.026402e-04
-1.110898e-04
-1.172037e-04
-1.216605e-04
-1.250440e-04
-1.276084e-04
-1.295651e-04
-1.309490e-04
-1.318105e-04
-1.321307e-04
-1.319424e-04
-1.312506e-04
-1.301295e-04
-1.286422e-04
-1.269184e-04
-1.250641e-04
-1.232075e-04
-1.214075e-04
-1.197111e-04
-1.180759e-04
-1.164566e-04
-1.147545e-04
-1.128950e-04
-1.107842e-04
-1.083772e-04
-1.056479e-04
-1.026647e-04
-9.956180e-05
-9.656744e-05
-9.393257e-05
-9.191547e-05
-9.073461e-05
-9.061330e-05
-9.177783e-05
-9.448536e-05
-9.910026e-05
-1.060894e-04
-1.162043e-04
-1.301721e-04
-1.486715e-04
-1.705187e-04
-1.904396e-04
-1.914131e-04
-1.546640e-04
-7.954244e-05
6.860252e-06
5.590010e-05
3.752670e-05
-3.123007e-05
-9.900732e-05
-1.342482e-04
-1.453984e-04
-1.472377e-04
-1.458007e-04
-1.429831e-04
-1.409725e-04
-1.390972e-04
-1.368683e-04
-1.344469e-04
-1.319656e-04
