1.000000e+00
1.000000e+00
1.000000e+00
1.000000e+00
1.000000e+00
1.000000e+00
1.000000e+00
1.000000e+00
1.000000e+00
1.000000e+00
1.000000e+00
1.000000e+00
1.000000e+00
1.000000e+00
1.000000e+00
1.000000e+00
1.000000e+00
1.000000e+00
1.000000e+00
1.000000e+00
1.000000e+00
1.000000e+00
1.000000e+00
1.000000e+00
1.000000e+00
1.000000e+00
1.000000e+00
1.000000e+00
1.000000e+00
1.000000e+00
1.000000e+00
1.000000e+00
1.000000e+00
1.000000e+00
1.000000e+00
1.000000e+00
1.000000e+00
1.000000e+00
1.000000e+00
1.000000e+00
1.000000e+00
1.000000e+00
1.000000e+00
1.000000e+00
1.000000e+00
1.000000e+00
1.000000e+00
1.000000e+00
1.000000e+00
1.000000e+00
1.000000e+00
1.000000e+00
1.000000e+00
1.000000e+00
1.000000e+00
1.000000e+00
1.000000e+00
1.000000e+00
1.000000e+00
1.000000e+00
1.000000e+00
1.000000e+00
1.000000e+00
1.000000e+00
1.000000e+00
1.000000e+00
1.000000e+00
1.000000e+00
1.000000e+00
1.000000e+00
1.000000e+00
1.000000e+00
1.000000e+00
1.000000e+00
1.000000e+00
1.000000e+00
1.000000e+00
1.000000e+00
1.000000e+00
1.000000e+00
1.000000e+00
1.000000e+00
1.000000e+00
1.000000e+00
1.000000e+00
1.000000e+00
1.000000e+00
1.000000e+00
1.000000e+00
1.000000e+00
1.000000e+00
1.000000e+00
1.000000e+00
1.000000e+00
1.000000e+00
1.000000e+00
1.000000e+00
1.000000e+00
1.000000e+00
1.000000e+00
1.000000e+00
1.000000e+00
1.000000e+00
1.000000e+00
1.000000e+00
1.000000e+00
1.000000e+00
1.000000e+00
1.000000e+00
1.000000e+00
1.000000e+00
1.000000e+00
1.000000e+00
1.000000e+00
1.000000e+00
1.000000e+00
1.000000e+00
1.000000e+00
1.000000e+00
1.000000e+00
1.000000e+00
1.000000e+00
1.000000e+00
1.000000e+00
1.000000e+00
1.000000e+00
1.000000e+00
1.000000e+00
1.000000e+00
1.000000e+00
1.000000e+00
1.000000e+00
1.000000e+00
1.000000e+00
1.000000e+00
1.000000e+00
1.000000e+00
1.000000e+00
1.000000e+00
1.000000e+00
1.000000e+00
1.000000e+00
1.000000e+00
1.000000e+00
1.000000e+00
1.000000e+00
1.000000e+00
1.000000e+00
1.000000e+00
1.000000e+00
1.000000e+00
1.000000e+00
1.000000e+00
1.000000e+00
1.000000e+00
1.000000e+00
1.000000e+00
1.000000e+00
1.000000e+00
1.000000e+00
1.000000e+00
1.000000e+00
1.000000e+00
1.000000e+00
1.000000e+00
1.000000e+00
1.000000e+00
1.000000e+00
1.000000e+00
1.000000e+00
1.000000e+00
1.000000e+00
1.000000e+00
1.000000e+00
1.000000e+00
1.000000e+00
1.000000e+00
1.000000e+00
1.000000e+00
1.000000e+00
1.000000e+00
1.000000e+00
1.000000e+00
1.000000e+00
1.000000e+00
1.000000e+00
1.000000e+00
1.000000e+00
1.000000e+00
1.000000e+00
1.000000e+00
1.000000e+00
1.000000e+00
1.000000e+00
1.000000e+00
1.000000e+00
1.000000e+00
1.000000e+00
1.000000e+00
1.000000e+00
1.000000e+00
1.000000e+00
1.000000e+00
1.000000e+00
1.000000e+00
1.000000e+00
1.000000e+00
1.000000e+00
1.000000e+00
1.000000e+00
1.000000e+00
1.000000e+00
1.000000e+00
1.000000e+00
1.000000e+00
1.000000e+00
1.000000e+00
1.000000e+00
1.000000e+00
1.000000e+00
1.000000e+00
1.000000e+00
1.000000e+00
1.000000e+00
1.000000e+00
1.000000e+00
1.000000e+00
1.000000e+00
1.000000e+00
1.000000e+00
1.000000e+00
1.000000e+00
1.000000e+00
1.000000e+00
1.000000e+00
1.000000e+00
1.000000e+00
1.000000e+00
1.000000e+00
1.000000e+00
1.000000e+00
1.000000e+00
1.000000e+00
1.000000e+00
1.000000e+00
1.000000e+00
1.000000e+00
1.000000e+00
1.000000e+00
1.000000e+00
1.000000e+00
1.000000e+00
1.000000e+00
1.000000e+00
1.000000e+00
1.000000e+00
1.000000e+00
1.000000e+00
1.000000e+00
1.000000e+00
1.000000e+00
1.000000e+00
1.000000e+00
1.000000e+00
1.000000e+00
1.000000e+00
1.000000e+00
1.000000e+00
1.000000e+00
1.000000e+00
1.000000e+00
1.000000e+00
1.000000e+00
1.000000e+00
1.000000e+00
1.000000e+00
1.000000e+00
1.000000e+00
1.000000e+00
1.000000e+00
1.000000e+00
1.000000e+00
1.000000e+00
1.000000e+00
1.000000e+00
1.000000e+00
1.000000e+00
1.000000e+00
1.000000e+00
1.000000e+00
1.000000e+00
1.000000e+00
1.000000e+00
1.000000e+00
1.000000e+00
1.000000e+00
1.000000e+00
1.000000e+00
1.000000e+00
1.000000e+00
1.000000e+00
1.000000e+00
1.000000e+00
1.000000e+00
1.000000e+00
1.000000e+00
1.000000e+00
1.000000e+00
1.000000e+00
1.000000e+00
1.000000e+00
1.000000e+00
1.000000e+00
1.000000e+00
1.000000e+00
1.000000e+00
1.000000e+00
1.000000e+00
1.000000e+00
1.000000e+00
1.000000e+00
1.000000e+00
1.000000e+00
1.000000e+00
1.000000e+00
1.000000e+00
1.000000e+00
1.000000e+00
1.000000e+00
1.000000e+00
1.000000e+00
1.000000e+00
1.000000e+00
1.000000e+00
1.000000e+00
1.000000e+00
1.000000e+00
1.000000e+00
1.000000e+00
1.000000e+00
1.000000e+00
1.000000e+00
1.000000e+00
1.000000e+00
1.000000e+00
1.000000e+00
1.000000e+00
1.000000e+00
1.000000e+00
1.000000e+00
1.000000e+00
1.000000e+00
1.000000e+00
1.000000e+00
1.000000e+00
1.000000e+00
1.000000e+00
1.000000e+00
1.000000e+00
1.000000e+00
1.000000e+00
1.000000e+00
1.000000e+00
1.000000e+00
1.000000e+00
1.000000e+00
1.000000e+00
1.000000e+00
1.000000e+00
1.000000e+00
1.000000e+00
1.000000e+00
1.000000e+00
1.000000e+00
1.000000e+00
1.000000e+00
1.000000e+00
1.000000e+00
1.000000e+00
1.000000e+00
1.000000e+00
1.000000e+00
1.000000e+00
1.000000e+00
1.000000e+00
1.000000e+00
1.000000e+00
1.000000e+00
1.000000e+00
1.000000e+00
1.000000e+00
1.000000e+00
1.000000e+00
1.000000e+00
1.000000e+00
1.000000e+00
1.000000e+00
1.000000e+00
1.000000e+00
1.000000e+00
1.000000e+00
1.000000e+00
1.000000e+00
1.000000e+00
1.000000e+00
1.000000e+00
1.000000e+00
1.000000e+00
1.000000e+00
1.000000e+00
1.000000e+00
1.000000e+00
1.000000e+00
1.000000e+00
1.000000e+00
1.000000e+00
1.000000e+00
1.000000e+00
1.000000e+00
1.000000e+00
1.000000e+00
1.000000e+00
1.000000e+00
1.000000e+00
1.000000e+00
1.000000e+00
1.000000e+00
1.000000e+00
1.000000e+00
1.000000e+00
1.000000e+00
1.000000e+00
1.000000e+00
1.000000e+00
1.000000e+00
1.000000e+00
1.000000e+00
1.000000e+00
1.000000e+00
1.000000e+00
1.000000e+00
1.000000e+00
1.000000e+00
1.000000e+00
1.000000e+00
1.000000e+00
1.000000e+00
1.000000e+00
1.000000e+00
1.000000e+00
1.000000e+00
1.000000e+00
1.000000e+00
1.000000e+00
1.000000e+00
1.000000e+00
1.000000e+00
1.000000e+00
1.000000e+00
1.000000e+00
1.000000e+00
1.000000e+00
1.000000e+00
1.000000e+00
1.000000e+00
1.000000e+00
1.000000e+00
1.000000e+00
1.000000e+00
1.000000e+00
1.000000e+00
1.000000e+00
1.000000e+00
1.000000e+00
1.000000e+00
1.000000e+00
1.000000e+00
1.000000e+00
1.000000e+00
1.000000e+00
1.000000e+00
1.000000e+00
1.000000e+00
1.000000e+00
1.000000e+00
1.000000e+00
1.000000e+00
1.000000e+00
1.000000e+00
1.000000e+00
1.000000e+00
1.000000e+00
1.000000e+00
1.000000e+00
1.000000e+00
1.000000e+00
1.000000e+00
1.000000e+00
1.000000e+00
1.000000e+00
1.000000e+00
1.000000e+00
1.000000e+00
1.000000e+00
1.000000e+00
1.000000e+00
1.000000e+00
1.000000e+00
1.000000e+00
1.000000e+00
1.000000e+00
1.000000e+00
1.000000e+00
1.000000e+00
1.000000e+00
1.000000e+00
1.000000e+00
1.000000e+00
1.000000e+00
1.000000e+00
1.000000e+00
1.000000e+00
1.000000e+00
1.000000e+00
1.000000e+00
1.000000e+00
1.000000e+00
1.000000e+00
1.000000e+00
1.000000e+00
1.000000e+00
1.000000e+00
1.000000e+00
1.000000e+00
1.000000e+00
1.000000e+00
1.000000e+00
1.000000e+00
1.000000e+00
1.000000e+00
1.000000e+00
1.000000e+00
1.000000e+00
1.000000e+00
1.000000e+00
1.000000e+00
1.000000e+00
1.000000e+00
1.000000e+00
1.000000e+00
1.000000e+00
1.000000e+00
1.000000e+00
1.000000e+00
1.000000e+00
1.000000e+00
1.000000e+00
1.000000e+00
1.000000e+00
1.000000e+00
1.000000e+00
1.000000e+00
1.000000e+00
1.000000e+00
1.000000e+00
1.000000e+00
1.000000e+00
1.000000e+00
1.000000e+00
1.000000e+00
1.000000e+00
1.000000e+00
1.000000e+00
1.000000e+00
1.000000e+00
1.000000e+00
1.000000e+00
1.000000e+00
1.000000e+00
1.000000e+00
1.000000e+00
1.000000e+00
1.000000e+00
1.000000e+00
1.000000e+00
1.000000e+00
1.000000e+00
1.000000e+00
1.000000e+00
1.000000e+00
1.000000e+00
1.000000e+00
1.000000e+00
1.000000e+00
1.000000e+00
1.000000e+00
1.000000e+00
1.000000e+00
1.000000e+00
1.000000e+00
1.000000e+00
1.000000e+00
1.000000e+00
1.000000e+00
1.000000e+00
1.000000e+00
1.000000e+00
1.000000e+00
1.000000e+00
1.000000e+00
1.000000e+00
1.000000e+00
1.000000e+00
1.000000e+00
1.000000e+00
1.000000e+00
1.000000e+00
1.000000e+00
1.000000e+00
1.000000e+00
1.000000e+00
1.000000e+00
1.000000e+00
1.000000e+00
1.000000e+00
1.000000e+00
1.000000e+00
1.000000e+00
1.000000e+00
1.000000e+00
1.000000e+00
1.000000e+00
1.000000e+00
1.000000e+00
1.000000e+00
1.000000e+00
1.000000e+00
1.000000e+00
1.000000e+00
1.000000e+00
1.000000e+00
1.000000e+00
1.000000e+00
1.000000e+00
1.000000e+00
1.000000e+00
1.000000e+00
1.000000e+00
1.000000e+00
1.000000e+00
1.000000e+00
1.000000e+00
1.000000e+00
1.000000e+00
1.000000e+00
1.000000e+00
1.000000e+00
1.000000e+00
1.000000e+00
1.000000e+00
1.000000e+00
1.000000e+00
1.000000e+00
1.000000e+00
1.000000e+00
1.000000e+00
1.000000e+00
1.000000e+00
1.000000e+00
1.000000e+00
1.000000e+00
1.000000e+00
1.000000e+00
1.000000e+00
1.000000e+00
1.000000e+00
1.000000e+00
1.000000e+00
1.000000e+00
1.000000e+00
1.000000e+00
1.000000e+00
1.000000e+00
1.000000e+00
1.000000e+00
1.000000e+00
1.000000e+00
1.000000e+00
1.000000e+00
1.000000e+00
1.000000e+00
1.000000e+00
1.000000e+00
1.000000e+00
1.000000e+00
1.000000e+00
1.000000e+00
1.000000e+00
1.000000e+00
1.000000e+00
1.000000e+00
1.000000e+00
1.000000e+00
1.000000e+00
1.000000e+00
1.000000e+00
1.000000e+00
1.000000e+00
1.000000e+00
1.000000e+00
1.000000e+00
1.000000e+00
1.000000e+00
1.000000e+00
1.000000e+00
1.000000e+00
1.000000e+00
1.000000e+00
1.000000e+00
1.000000e+00
1.000000e+00
1.000000e+00
1.000000e+00
1.000000e+00
1.000000e+00
1.000000e+00
1.000000e+00
1.000000e+00
1.000000e+00
1.000000e+00
1.000000e+00
1.000000e+00
1.000000e+00
1.000000e+00
1.000000e+00
1.000000e+00
1.000000e+00
1.000000e+00
1.000000e+00
1.000000e+00
1.000000e+00
1.000000e+00
1.000000e+00
1.000000e+00
1.000000e+00
1.000000e+00
1.000000e+00
1.000000e+00
1.000000e+00
1.000000e+00
1.000000e+00
1.000000e+00
1.000000e+00
1.000000e+00
1.000000e+00
1.000000e+00
1.000000e+00
1.000000e+00
1.000000e+00
1.000000e+00
1.000000e+00
1.000000e+00
1.000000e+00
1.000000e+00
1.000000e+00
1.000000e+00
1.000000e+00
1.000000e+00
1.000000e+00
1.000000e+00
1.000000e+00
1.000000e+00
1.000000e+00
1.000000e+00
1.000000e+00
1.000000e+00
1.000000e+00
1.000000e+00
1.000000e+00
1.000000e+00
1.000000e+00
1.000000e+00
1.000000e+00
1.000000e+00
1.000000e+00
1.000000e+00
1.000000e+00
1.000000e+00
1.000000e+00
1.000000e+00
1.000000e+00
1.000000e+00
1.000000e+00
1.000000e+00
1.000000e+00
1.000000e+00
1.000000e+00
1.000000e+00
1.000000e+00
1.000000e+00
1.000000e+00
1.000000e+00
1.000000e+00
1.000000e+00
1.000000e+00
1.000000e+00
1.000000e+00
1.000000e+00
1.000000e+00
1.000000e+00
1.000000e+00
1.000000e+00
1.000000e+00
1.000000e+00
1.000000e+00
1.000000e+00
1.000000e+00
1.000000e+00
1.000000e+00
1.000000e+00
1.000000e+00
1.000000e+00
1.000000e+00
1.000000e+00
1.000000e+00
1.000000e+00
1.000000e+00
1.000000e+00
1.000000e+00
1.000000e+00
1.000000e+00
1.000000e+00
1.000000e+00
1.000000e+00
1.000000e+00
1.000000e+00
1.000000e+00
1.000000e+00
1.000000e+00
1.000000e+00
1.000000e+00
1.000000e+00
1.000000e+00
1.000000e+00
1.000000e+00
1.000000e+00
1.000000e+00
1.000000e+00
1.000000e+00
1.000000e+00
1.000000e+00
1.000000e+00
1.000000e+00
1.000000e+00
1.000000e+00
1.000000e+00
1.000000e+00
1.000000e+00
1.000000e+00
1.000000e+00
1.000000e+00
1.000000e+00
1.000000e+00
1.000000e+00
1.000000e+00
1.000000e+00
1.000000e+00
1.000000e+00
1.000000e+00
1.000000e+00
1.000000e+00
1.000000e+00
1.000000e+00
1.000000e+00
1.000000e+00
1.000000e+00
1.000000e+00
1.000000e+00
1.000000e+00
1.000000e+00
1.000000e+00
1.000000e+00
1.000000e+00
1.000000e+00
1.000000e+00
1.000000e+00
1.000000e+00
1.000000e+00
1.000000e+00
1.000000e+00
1.000000e+00
1.000000e+00
1.000000e+00
1.000000e+00
1.000000e+00
1.000000e+00
1.000000e+00
1.000000e+00
1.000000e+00
1.000000e+00
1.000000e+00
1.000000e+00
1.000000e+00
1.000000e+00
1.000000e+00
1.000000e+00
1.000000e+00
1.000000e+00
1.000000e+00
1.000000e+00
1.000000e+00
1.000000e+00
1.000000e+00
1.000000e+00
1.000000e+00
1.000000e+00
1.000000e+00
1.000000e+00
1.000000e+00
1.000000e+00
1.000000e+00
1.000000e+00
1.000000e+00
1.000000e+00
1.000000e+00
1.000000e+00
1.000000e+00
1.000000e+00
1.000000e+00
1.000000e+00
1.000000e+00
1.000000e+00
1.000000e+00
1.000000e+00
1.000000e+00
1.000000e+00
1.000000e+00
1.000000e+00
1.000000e+00
1.000000e+00
1.000000e+00
1.000000e+00
1.000000e+00
1.000000e+00
1.000000e+00
1.000000e+00
1.000000e+00
1.000000e+00
1.000000e+00
1.000000e+00
1.000000e+00
1.000000e+00
1.000000e+00
1.000000e+00
1.000000e+00
1.000000e+00
1.000000e+00
1.000000e+00
1.000000e+00
1.000000e+00
1.000000e+00
1.000000e+00
1.000000e+00
1.000000e+00
1.000000e+00
1.000000e+00
1.000000e+00
1.000000e+00
1.000000e+00
1.000000e+00
1.000000e+00
1.000000e+00
1.000000e+00
1.000000e+00
1.000000e+00
1.000000e+00
1.000000e+00
1.000000e+00
1.000000e+00
1.000000e+00
1.000000e+00
1.000000e+00
1.000000e+00
1.000000e+00
1.000000e+00
1.000000e+00
1.000000e+00
1.000000e+00
1.000000e+00
1.000000e+00
1.000000e+00
1.000000e+00
1.000000e+00
1.000000e+00
1.000000e+00
1.000000e+00
1.000000e+00
1.000000e+00
1.000000e+00
1.000000e+00
1.000000e+00
1.000000e+00
1.000000e+00
1.000000e+00
1.000000e+00
1.000000e+00
1.000000e+00
1.000000e+00
1.000000e+00
1.000000e+00
1.000000e+00
1.000000e+00
1.000000e+00
1.000000e+00
1.000000e+00
1.000000e+00
1.000000e+00
1.000000e+00
1.000000e+00
1.000000e+00
1.000000e+00
1.000000e+00
1.000000e+00
1.000000e+00
1.000000e+00
1.000000e+00
1.000000e+00
1.000000e+00
1.000000e+00
1.000000e+00
1.000000e+00
1.000000e+00
1.000000e+00
1.000000e+00
1.000000e+00
1.000000e+00
1.000000e+00
1.000000e+00
1.000000e+00
1.000000e+00
1.000000e+00
1.000000e+00
1.000000e+00
1.000000e+00
1.000000e+00
1.000000e+00
1.000000e+00
1.000000e+00
1.000000e+00
1.000000e+00
1.000000e+00
1.000000e+00
1.000000e+00
1.000000e+00
1.000000e+00
1.000000e+00
1.000000e+00
1.000000e+00
1.000000e+00
1.000000e+00
1.000000e+00
1.000000e+00
1.000000e+00
1.000000e+00
1.000000e+00
1.000000e+00
1.000000e+00
1.000000e+00
1.000000e+00
1.000000e+00
1.000000e+00
1.000000e+00
1.000000e+00
1.000000e+00
1.000000e+00
1.000000e+00
1.000000e+00
1.000000e+00
1.000000e+00
1.000000e+00
1.000000e+00
1.000000e+00
1.000000e+00
1.000000e+00
1.000000e+00
1.000000e+00
1.000000e+00
1.000000e+00
1.000000e+00
1.000000e+00
1.000000e+00
1.000000e+00
1.000000e+00
1.000000e+00
1.000000e+00
1.000000e+00
1.000000e+00
1.000000e+00
1.000000e+00
1.000000e+00
1.000000e+00
1.000000e+00
1.000000e+00
1.000000e+00
1.000000e+00
1.000000e+00
1.000000e+00
1.000000e+00
1.000000e+00
1.000000e+00
1.000000e+00
1.000000e+00
1.000000e+00
1.000000e+00
1.000000e+00
1.000000e+00
1.000000e+00
1.000000e+00
1.000000e+00
1.000000e+00
1.000000e+00
1.000000e+00
1.000000e+00
1.000000e+00
1.000000e+00
1.000000e+00
1.000000e+00
1.000000e+00
1.000000e+00
1.000000e+00
1.000000e+00
1.000000e+00
1.000000e+00
1.000000e+00
1.000000e+00
1.000000e+00
1.000000e+00
1.000000e+00
1.000000e+00
1.000000e+00
1.000000e+00
1.000000e+00
1.000000e+00
1.000000e+00
1.000000e+00
1.000000e+00
1.000000e+00
1.000000e+00
1.000000e+00
1.000000e+00
1.000000e+00
1.000000e+00
1.000000e+00
1.000000e+00
1.000000e+00
1.000000e+00
1.000000e+00
1.000000e+00
1.000000e+00
1.000000e+00
1.000000e+00
1.000000e+00
1.000000e+00
1.000000e+00
1.000000e+00
1.000000e+00
1.000000e+00
1.000000e+00
1.000000e+00
1.000000e+00
1.000000e+00
1.000000e+00
1.000000e+00
1.000000e+00
1.000000e+00
1.000000e+00
1.000000e+00
1.000000e+00
1.000000e+00
1.000000e+00
1.000000e+00
1.000000e+00
1.000000e+00
1.000000e+00
1.000000e+00
1.000000e+00
1.000000e+00
1.000000e+00
1.000000e+00
1.000000e+00
1.000000e+00
1.000000e+00
1.000000e+00
1.000000e+00
1.000000e+00
1.000000e+00
1.000000e+00
1.000000e+00
1.000000e+00
1.000000e+00
1.000000e+00
1.000000e+00
1.000000e+00
1.000000e+00
1.000000e+00
1.000000e+00
1.000000e+00
1.000000e+00
1.000000e+00
1.000000e+00
1.000000e+00
1.000000e+00
1.000000e+00
1.000000e+00
1.000000e+00
1.000000e+00
1.000000e+00
1.000000e+00
1.000000e+00
1.000000e+00
1.000000e+00
1.000000e+00
1.000000e+00
1.000000e+00
1.000000e+00
1.000000e+00
1.000000e+00
1.000000e+00
1.000000e+00
1.000000e+00
1.000000e+00
1.000000e+00
1.000000e+00
1.000000e+00
1.000000e+00
1.000000e+00
1.000000e+00
1.000000e+00
1.000000e+00
1.000000e+00
1.000000e+00
1.000000e+00
1.000000e+00
1.000000e+00
1.000000e+00
1.000000e+00
1.000000e+00
1.000000e+00
1.000000e+00
1.000000e+00
1.000000e+00
1.000000e+00
1.000000e+00
1.000000e+00
1.000000e+00
1.000000e+00
1.000000e+00
1.000000e+00
1.000000e+00
1.000000e+00
1.000000e+00
1.000000e+00
1.000000e+00
1.000000e+00
1.000000e+00
1.000000e+00
1.000000e+00
1.000000e+00
1.000000e+00
1.000000e+00
1.000000e+00
1.000000e+00
1.000000e+00
1.000000e+00
1.000000e+00
1.000000e+00
1.000000e+00
1.000000e+00
1.000000e+00
1.000000e+00
1.000000e+00
1.000000e+00
1.000000e+00
1.000000e+00
1.000000e+00
1.000000e+00
1.000000e+00
1.000000e+00
1.000000e+00
1.000000e+00
1.000000e+00
1.000000e+00
1.000000e+00
1.000000e+00
1.000000e+00
1.000000e+00
1.000000e+00
1.000000e+00
1.000000e+00
1.000000e+00
1.000000e+00
1.000000e+00
1.000000e+00
1.000000e+00
1.000000e+00
1.000000e+00
1.000000e+00
1.000000e+00
1.000000e+00
1.000000e+00
1.000000e+00
1.000000e+00
1.000000e+00
1.000000e+00
1.000000e+00
1.000000e+00
1.000000e+00
1.000000e+00
1.000000e+00
1.000000e+00
1.000000e+00
1.000000e+00
1.000000e+00
1.000000e+00
1.000000e+00
1.000000e+00
1.000000e+00
1.000000e+00
1.000000e+00
1.000000e+00
1.000000e+00
1.000000e+00
1.000000e+00
1.000000e+00
1.000000e+00
1.000000e+00
1.000000e+00
1.000000e+00
1.000000e+00
1.000000e+00
1.000000e+00
1.000000e+00
1.000000e+00
1.000000e+00
1.000000e+00
1.000000e+00
1.000000e+00
1.000000e+00
1.000000e+00
1.000000e+00
1.000000e+00
1.000000e+00
1.000000e+00
1.000000e+00
1.000000e+00
1.000000e+00
1.000000e+00
1.000000e+00
1.000000e+00
1.000000e+00
1.000000e+00
1.000000e+00
1.000000e+00
1.000000e+00
1.000000e+00
1.000000e+00
1.000000e+00
1.000000e+00
1.000000e+00
1.000000e+00
1.000000e+00
1.000000e+00
1.000000e+00
1.000000e+00
1.000000e+00
1.000000e+00
1.000000e+00
1.000000e+00
1.000000e+00
1.000000e+00
1.000000e+00
1.000000e+00
1.000000e+00
1.000000e+00
1.000000e+00
1.000000e+00
1.000000e+00
1.000000e+00
1.000000e+00
1.000000e+00
1.000000e+00
1.000000e+00
1.000000e+00
1.000000e+00
1.000000e+00
1.000000e+00
1.000000e+00
1.000000e+00
1.000000e+00
1.000000e+00
1.000000e+00
1.000000e+00
1.000000e+00
1.000000e+00
1.000000e+00
1.000000e+00
1.000000e+00
1.000000e+00
1.000000e+00
1.000000e+00
1.000000e+00
1.000000e+00
1.000000e+00
1.000000e+00
1.000000e+00
1.000000e+00
1.000000e+00
1.000000e+00
1.000000e+00
1.000000e+00
1.000000e+00
1.000000e+00
1.000000e+00
1.000000e+00
1.000000e+00
1.000000e+00
1.000000e+00
1.000000e+00
1.000000e+00
1.000000e+00
1.000000e+00
1.000000e+00
1.000000e+00
1.000000e+00
1.000000e+00
1.000000e+00
1.000000e+00
1.000000e+00
1.000000e+00
1.000000e+00
1.000000e+00
1.000000e+00
1.000000e+00
1.000000e+00
1.000000e+00
1.000000e+00
1.000000e+00
1.000000e+00
1.000000e+00
1.000000e+00
1.000000e+00
1.000000e+00
1.000000e+00
1.000000e+00
1.000000e+00
1.000000e+00
1.000000e+00
1.000000e+00
1.000000e+00
1.000000e+00
1.000000e+00
1.000000e+00
1.000000e+00
1.000000e+00
1.000000e+00
1.000000e+00
1.000000e+00
1.000000e+00
1.000000e+00
1.000000e+00
1.000000e+00
1.000000e+00
1.000000e+00
1.000000e+00
1.000000e+00
1.000000e+00
1.000000e+00
1.000000e+00
1.000000e+00
1.000000e+00
1.000000e+00
1.000000e+00
1.000000e+00
1.000000e+00
1.000000e+00
1.000000e+00
1.000000e+00
1.000000e+00
1.000000e+00
1.000000e+00
1.000000e+00
1.000000e+00
1.000000e+00
1.000000e+00
1.000000e+00
1.000000e+00
1.000000e+00
1.000000e+00
1.000000e+00
1.000000e+00
1.000000e+00
1.000000e+00
1.000000e+00
1.000000e+00
1.000000e+00
1.000000e+00
1.000000e+00
1.000000e+00
1.000000e+00
1.000000e+00
1.000000e+00
1.000000e+00
1.000000e+00
1.000000e+00
1.000000e+00
1.000000e+00
1.000000e+00
1.000000e+00
1.000000e+00
1.000000e+00
1.000000e+00
1.000000e+00
1.000000e+00
1.000000e+00
1.000000e+00
1.000000e+00
1.000000e+00
1.000000e+00
1.000000e+00
1.000000e+00
1.000000e+00
1.000000e+00
1.000000e+00
1.000000e+00
1.000000e+00
1.000000e+00
1.000000e+00
1.000000e+00
1.000000e+00
1.000000e+00
1.000000e+00
1.000000e+00
1.000000e+00
1.000000e+00
1.000000e+00
1.000000e+00
1.000000e+00
1.000000e+00
1.000000e+00
1.000000e+00
1.000000e+00
1.000000e+00
1.000000e+00
1.000000e+00
1.000000e+00
1.000000e+00
1.000000e+00
1.000000e+00
1.000000e+00
1.000000e+00
1.000000e+00
1.000000e+00
1.000000e+00
1.000000e+00
1.000000e+00
1.000000e+00
1.000000e+00
1.000000e+00
1.000000e+00
1.000000e+00
1.000000e+00
1.000000e+00
1.000000e+00
1.000000e+00
1.000000e+00
1.000000e+00
1.000000e+00
1.000000e+00
1.000000e+00
1.000000e+00
1.000000e+00
1.000000e+00
1.000000e+00
1.000000e+00
1.000000e+00
1.000000e+00
1.000000e+00
1.000000e+00
1.000000e+00
1.000000e+00
1.000000e+00
1.000000e+00
1.000000e+00
1.000000e+00
1.000000e+00
1.000000e+00
1.000000e+00
1.000000e+00
1.000000e+00
1.000000e+00
1.000000e+00
1.000000e+00
1.000000e+00
1.000000e+00
1.000000e+00
1.000000e+00
1.000000e+00
1.000000e+00
1.000000e+00
1.000000e+00
1.000000e+00
1.000000e+00
1.000000e+00
1.000000e+00
1.000000e+00
1.000000e+00
1.000000e+00
1.000000e+00
1.000000e+00
1.000000e+00
1.000000e+00
1.000000e+00
1.000000e+00
1.000000e+00
1.000000e+00
1.000000e+00
1.000000e+00
1.000000e+00
1.000000e+00
1.000000e+00
1.000000e+00
1.000000e+00
1.000000e+00
1.000000e+00
1.000000e+00
1.000000e+00
1.000000e+00
1.000000e+00
1.000000e+00
1.000000e+00
1.000000e+00
1.000000e+00
9.999999e-01
9.999999e-01
9.999999e-01
9.999999e-01
9.999998e-01
9.999998e-01
9.999998e-01
9.999998e-01
9.999998e-01
9.999998e-01
9.999998e-01
9.999998e-01
9.999998e-01
9.999999e-01
9.999999e-01
9.999999e-01
9.999999e-01
1.000000e+00
1.000000e+00
1.000000e+00
1.000000e+00
1.000000e+00
1.000000e+00
1.000000e+00
1.000000e+00
1.000000e+00
1.000000e+00
1.000000e+00
1.000000e+00
1.000000e+00
1.000000e+00
1.000000e+00
1.000000e+00
1.000000e+00
1.000000e+00
1.000000e+00
1.000000e+00
1.000000e+00
1.000000e+00
1.000000e+00
1.000000e+00
1.000000e+00
1.000000e+00
1.000000e+00
1.000000e+00
1.000000e+00
1.000000e+00
1.000000e+00
1.000000e+00
1.000000e+00
1.000000e+00
1.000000e+00
1.000000e+00
1.000000e+00
1.000000e+00
1.000000e+00
1.000000e+00
1.000000e+00
1.000000e+00
1.000000e+00
1.000000e+00
1.000000e+00
1.000000e+00
1.000000e+00
1.000000e+00
1.000000e+00
1.000000e+00
1.000000e+00
1.000000e+00
1.000000e+00
1.000000e+00
1.000000e+00
1.000000e+00
1.000000e+00
1.000000e+00
1.000000e+00
1.000000e+00
1.000000e+00
1.000000e+00
1.000000e+00
1.000000e+00
1.000000e+00
1.000000e+00
1.000000e+00
1.000000e+00
1.000000e+00
1.000000e+00
1.000000e+00
1.000000e+00
1.000000e+00
1.000000e+00
1.000000e+00
1.000000e+00
1.000000e+00
1.000000e+00
1.000000e+00
9.999999e-01
9.999999e-01
9.999999e-01
9.999998e-01
9.999997e-01
9.999996e-01
9.999994e-01
9.999993e-01
9.999991e-01
9.999990e-01
9.999989e-01
9.999988e-01
9.999988e-01
9.999988e-01
9.999989e-01
9.999990e-01
9.999991e-01
9.999993e-01
9.999994e-01
9.999996e-01
9.999997e-01
9.999998e-01
9.999999e-01
9.999999e-01
9.999999e-01
1.000000e+00
1.000000e+00
1.000000e+00
1.000000e+00
1.000000e+00
1.000000e+00
1.000000e+00
1.000000e+00
1.000000e+00
1.000000e+00
1.000000e+00
1.000000e+00
1.000000e+00
1.000000e+00
1.000000e+00
1.000000e+00
1.000000e+00
1.000000e+00
1.000000e+00
1.000000e+00
1.000000e+00
1.000000e+00
1.000000e+00
1.000000e+00
1.000000e+00
1.000000e+00
1.000000e+00
1.000000e+00
1.000000e+00
1.000000e+00
1.000000e+00
1.000000e+00
1.000000e+00
1.000000e+00
1.000000e+00
1.000000e+00
1.000000e+00
1.000000e+00
1.000000e+00
1.000000e+00
1.000000e+00
1.000000e+00
1.000000e+00
1.000000e+00
1.000000e+00
1.000000e+00
1.000000e+00
1.000000e+00
1.000000e+00
1.000000e+00
1.000000e+00
1.000000e+00
1.000000e+00
1.000000e+00
1.000000e+00
1.000000e+00
1.000000e+00
1.000000e+00
1.000000e+00
1.000000e+00
1.000000e+00
1.000000e+00
1.000000e+00
1.000000e+00
1.000000e+00
1.000000e+00
1.000000e+00
1.000000e+00
1.000000e+00
1.000000e+00
1.000000e+00
1.000000e+00
1.000000e+00
9.999999e-01
9.999998e-01
9.999997e-01
9.999995e-01
9.999992e-01
9.999988e-01
9.999983e-01
9.999976e-01
9.999969e-01
9.999960e-01
9.999951e-01
9.999943e-01
9.999936e-01
9.999932e-01
9.999931e-01
9.999932e-01
9.999936e-01
9.999943e-01
9.999951e-01
9.999960e-01
9.999969e-01
9.999976e-01
9.999983e-01
9.999988e-01
9.999992e-01
9.999995e-01
9.999997e-01
9.999998e-01
9.999999e-01
1.000000e+00
1.000000e+00
1.000000e+00
1.000000e+00
1.000000e+00
1.000000e+00
1.000000e+00
1.000000e+00
1.000000e+00
1.000000e+00
1.000000e+00
1.000000e+00
1.000000e+00
1.000000e+00
1.000000e+00
1.000000e+00
1.000000e+00
1.000000e+00
1.000000e+00
1.000000e+00
1.000000e+00
1.000000e+00
1.000000e+00
1.000000e+00
1.000000e+00
1.000000e+00
1.000000e+00
1.000000e+00
1.000000e+00
1.000000e+00
1.000000e+00
1.000000e+00
1.000000e+00
1.000000e+00
1.000000e+00
1.000000e+00
1.000000e+00
1.000000e+00
1.000000e+00
1.000000e+00
1.000000e+00
1.000000e+00
1.000000e+00
1.000000e+00
1.000000e+00
1.000000e+00
1.000000e+00
1.000000e+00
1.000000e+00
1.000000e+00
1.000000e+00
1.000000e+00
1.000000e+00
1.000000e+00
1.000000e+00
1.000000e+00
1.000000e+00
1.000000e+00
1.000000e+00
1.000000e+00
1.000000e+00
1.000000e+00
1.000000e+00
1.000000e+00
1.000000e+00
1.000000e+00
1.000000e+00
1.000000e+00
1.000000e+00
9.999999e-01
9.999998e-01
9.999996e-01
9.999992e-01
9.999985e-01
9.999975e-01
9.999960e-01
9.999938e-01
9.999909e-01
9.999871e-01
9.999827e-01
9.999778e-01
9.999728e-01
9.999682e-01
9.999645e-01
9.999620e-01
9.999611e-01
9.999620e-01
9.999645e-01
9.999682e-01
9.999728e-01
9.999778e-01
9.999827e-01
9.999871e-01
9.999909e-01
9.999938e-01
9.999960e-01
9.999975e-01
9.999985e-01
9.999992e-01
9.999996e-01
9.999998e-01
9.999999e-01
1.000000e+00
1.000000e+00
1.000000e+00
1.000000e+00
1.000000e+00
1.000000e+00
1.000000e+00
1.000000e+00
1.000000e+00
1.000000e+00
1.000000e+00
1.000000e+00
1.000000e+00
1.000000e+00
1.000000e+00
1.000000e+00
1.000000e+00
1.000000e+00
1.000000e+00
1.000000e+00
1.000000e+00
1.000000e+00
1.000000e+00
1.000000e+00
1.000000e+00
1.000000e+00
1.000000e+00
1.000000e+00
1.000000e+00
1.000000e+00
1.000000e+00
1.000000e+00
1.000000e+00
1.000000e+00
1.000000e+00
1.000000e+00
1.000000e+00
1.000000e+00
1.000000e+00
1.000000e+00
1.000000e+00
1.000000e+00
1.000000e+00
1.000000e+00
1.000000e+00
1.000000e+00
1.000000e+00
1.000000e+00
1.000000e+00
1.000000e+00
1.000000e+00
1.000000e+00
1.000000e+00
1.000000e+00
1.000000e+00
1.000000e+00
1.000000e+00
1.000000e+00
1.000000e+00
1.000000e+00
1.000000e+00
1.000000e+00
1.000000e+00
1.000000e+00
1.000000e+00
9.999999e-01
9.999998e-01
9.999995e-01
9.999989e-01
9.999978e-01
9.999958e-01
9.999925e-01
9.999870e-01
9.999787e-01
9.999667e-01
9.999504e-01
9.999297e-01
9.999050e-01
9.998776e-01
9.998495e-01
9.998233e-01
9.998020e-01
9.997880e-01
9.997831e-01
9.997880e-01
9.998020e-01
9.998233e-01
9.998495e-01
9.998776e-01
9.999050e-01
9.999297e-01
9.999504e-01
9.999667e-01
9.999787e-01
9.999870e-01
9.999925e-01
9.999958e-01
9.999978e-01
9.999989e-01
9.999995e-01
9.999998e-01
9.999999e-01
1.000000e+00
1.000000e+00
1.000000e+00
1.000000e+00
1.000000e+00
1.000000e+00
1.000000e+00
1.000000e+00
1.000000e+00
1.000000e+00
1.000000e+00
1.000000e+00
1.000000e+00
1.000000e+00
1.000000e+00
1.000000e+00
1.000000e+00
1.000000e+00
1.000000e+00
1.000000e+00
1.000000e+00
1.000000e+00
1.000000e+00
1.000000e+00
1.000000e+00
1.000000e+00
1.000000e+00
1.000000e+00
1.000000e+00
1.000000e+00
1.000000e+00
1.000000e+00
1.000000e+00
1.000000e+00
1.000000e+00
1.000000e+00
1.000000e+00
1.000000e+00
1.000000e+00
1.000000e+00
1.000000e+00
1.000000e+00
1.000000e+00
1.000000e+00
1.000000e+00
1.000000e+00
1.000000e+00
1.000000e+00
1.000000e+00
1.000000e+00
1.000000e+00
1.000000e+00
1.000000e+00
1.000000e+00
1.000000e+00
1.000000e+00
1.000000e+00
1.000000e+00
1.000000e+00
1.000000e+00
1.000000e+00
9.999999e-01
9.999998e-01
9.999995e-01
9.999989e-01
9.999975e-01
9.999946e-01
9.999890e-01
9.999788e-01
9.999610e-01
9.999318e-01
9.998869e-01
9.998217e-01
9.997326e-01
9.996186e-01
9.994823e-01
9.993305e-01
9.991749e-01
9.990302e-01
9.989120e-01
9.988347e-01
9.988077e-01
9.988347e-01
9.989120e-01
9.990302e-01
9.991749e-01
9.993305e-01
9.994823e-01
9.996186e-01
9.997326e-01
9.998217e-01
9.998869e-01
9.999318e-01
9.999610e-01
9.999788e-01
9.999890e-01
9.999946e-01
9.999975e-01
9.999989e-01
9.999995e-01
9.999998e-01
9.999999e-01
1.000000e+00
1.000000e+00
1.000000e+00
1.000000e+00
1.000000e+00
1.000000e+00
1.000000e+00
1.000000e+00
1.000000e+00
1.000000e+00
1.000000e+00
1.000000e+00
1.000000e+00
1.000000e+00
1.000000e+00
1.000000e+00
1.000000e+00
1.000000e+00
1.000000e+00
1.000000e+00
1.000000e+00
1.000000e+00
1.000000e+00
1.000000e+00
1.000000e+00
1.000000e+00
1.000000e+00
1.000000e+00
1.000000e+00
1.000000e+00
1.000000e+00
1.000000e+00
1.000000e+00
1.000000e+00
1.000000e+00
1.000000e+00
1.000000e+00
1.000000e+00
1.000000e+00
1.000000e+00
1.000000e+00
1.000000e+00
1.000000e+00
1.000000e+00
1.000000e+00
1.000000e+00
1.000000e+00
1.000000e+00
1.000000e+00
1.000000e+00
1.000000e+00
1.000000e+00
1.000000e+00
1.000000e+00
1.000000e+00
1.000000e+00
1.000000e+00
1.000000e+00
9.999999e-01
9.999997e-01
9.999991e-01
9.999978e-01
9.999947e-01
9.999879e-01
9.999736e-01
9.999454e-01
9.998926e-01
9.997997e-01
9.996462e-01
9.994080e-01
9.990613e-01
9.985892e-01
9.979887e-01
9.972769e-01
9.964945e-01
9.957024e-01
9.949746e-01
9.943870e-01
9.940049e-01
9.938724e-01
9.940049e-01
9.943870e-01
9.949746e-01
9.957024e-01
9.964945e-01
9.972769e-01
9.979887e-01
9.985892e-01
9.990613e-01
9.994080e-01
9.996462e-01
9.997997e-01
9.998926e-01
9.999454e-01
9.999736e-01
9.999879e-01
9.999947e-01
9.999978e-01
9.999991e-01
9.999997e-01
9.999999e-01
1.000000e+00
1.000000e+00
1.000000e+00
1.000000e+00
1.000000e+00
1.000000e+00
1.000000e+00
1.000000e+00
1.000000e+00
1.000000e+00
1.000000e+00
1.000000e+00
1.000000e+00
1.000000e+00
1.000000e+00
1.000000e+00
1.000000e+00
1.000000e+00
1.000000e+00
1.000000e+00
1.000000e+00
1.000000e+00
1.000000e+00
1.000000e+00
1.000000e+00
1.000000e+00
1.000000e+00
1.000000e+00
1.000000e+00
1.000000e+00
1.000000e+00
1.000000e+00
1.000000e+00
1.000000e+00
1.000000e+00
1.000000e+00
1.000000e+00
1.000000e+00
1.000000e+00
1.000000e+00
1.000000e+00
1.000000e+00
1.000000e+00
1.000000e+00
1.000000e+00
1.000000e+00
1.000000e+00
1.000000e+00
1.000000e+00
1.000000e+00
1.000000e+00
1.000000e+00
1.000000e+00
1.000000e+00
1.000000e+00
9.999999e-01
9.999998e-01
9.999995e-01
9.999986e-01
9.999962e-01
9.999901e-01
9.999756e-01
9.999428e-01
9.998725e-01
9.997312e-01
9.994645e-01
9.989940e-01
9.982198e-01
9.970354e-01
9.953529e-01
9.931328e-01
9.904086e-01
9.872979e-01
9.839962e-01
9.807553e-01
9.778524e-01
9.755528e-01
9.740763e-01
9.735673e-01
9.740763e-01
9.755528e-01
9.778524e-01
9.807553e-01
9.839962e-01
9.872979e-01
9.904086e-01
9.931328e-01
9.953529e-01
9.970354e-01
9.982198e-01
9.989940e-01
9.994645e-01
9.997312e-01
9.998725e-01
9.999428e-01
9.999756e-01
9.999901e-01
9.999962e-01
9.999986e-01
9.999995e-01
9.999998e-01
9.999999e-01
1.000000e+00
1.000000e+00
1.000000e+00
1.000000e+00
1.000000e+00
1.000000e+00
1.000000e+00
1.000000e+00
1.000000e+00
1.000000e+00
1.000000e+00
1.000000e+00
1.000000e+00
1.000000e+00
1.000000e+00
1.000000e+00
1.000000e+00
1.000000e+00
1.000000e+00
1.000000e+00
1.000000e+00
1.000000e+00
1.000000e+00
1.000000e+00
1.000000e+00
1.000000e+00
1.000000e+00
1.000000e+00
1.000000e+00
1.000000e+00
1.000000e+00
1.000000e+00
1.000000e+00
1.000000e+00
1.000000e+00
1.000000e+00
1.000000e+00
1.000000e+00
1.000000e+00
1.000000e+00
1.000000e+00
1.000000e+00
1.000000e+00
1.000000e+00
1.000000e+00
1.000000e+00
1.000000e+00
1.000000e+00
1.000000e+00
1.000000e+00
1.000000e+00
1.000000e+00
9.999999e-01
9.999998e-01
9.999993e-01
9.999980e-01
9.999941e-01
9.999835e-01
9.999560e-01
9.998887e-01
9.997330e-01
9.993961e-01
9.987173e-01
9.974528e-01
9.952856e-01
9.918751e-01
9.869342e-01
9.803075e-01
9.720247e-01
9.623246e-01
9.516550e-01
9.406494e-01
9.300728e-01
9.207414e-01
9.134267e-01
9.087608e-01
9.071576e-01
9.087608e-01
9.134267e-01
9.207414e-01
9.300728e-01
9.406494e-01
9.516550e-01
9.623246e-01
9.720247e-01
9.803075e-01
9.869342e-01
9.918751e-01
9.952856e-01
9.974528e-01
9.987173e-01
9.993961e-01
9.997330e-01
9.998887e-01
9.999560e-01
9.999835e-01
9.999941e-01
9.999980e-01
9.999993e-01
9.999998e-01
9.999999e-01
1.000000e+00
1.000000e+00
1.000000e+00
1.000000e+00
1.000000e+00
1.000000e+00
1.000000e+00
1.000000e+00
1.000000e+00
1.000000e+00
1.000000e+00
1.000000e+00
1.000000e+00
1.000000e+00
1.000000e+00
1.000000e+00
1.000000e+00
1.000000e+00
1.000000e+00
1.000000e+00
1.000000e+00
1.000000e+00
1.000000e+00
1.000000e+00
1.000000e+00
1.000000e+00
1.000000e+00
1.000000e+00
1.000000e+00
1.000000e+00
1.000000e+00
1.000000e+00
1.000000e+00
1.000000e+00
1.000000e+00
1.000000e+00
1.000000e+00
1.000000e+00
1.000000e+00
1.000000e+00
1.000000e+00
1.000000e+00
1.000000e+00
1.000000e+00
1.000000e+00
1.000000e+00
1.000000e+00
1.000000e+00
1.000000e+00
1.000000e+00
9.999999e-01
9.999998e-01
9.999992e-01
9.999974e-01
9.999919e-01
9.999755e-01
9.999297e-01
9.998078e-01
9.995036e-01
9.987980e-01
9.972940e-01
9.943781e-01
9.892554e-01
9.810644e-01
9.690209e-01
9.525495e-01
9.314061e-01
9.058044e-01
8.765293e-01
8.449829e-01
8.130995e-01
7.831085e-01
7.572140e-01
7.373098e-01
7.248016e-01
7.205383e-01
7.248016e-01
7.373098e-01
7.572140e-01
7.831085e-01
8.130995e-01
8.449829e-01
8.765293e-01
9.058044e-01
9.314061e-01
9.525495e-01
9.690209e-01
9.810644e-01
9.892554e-01
9.943781e-01
9.972940e-01
9.987980e-01
9.995036e-01
9.998078e-01
9.999297e-01
9.999755e-01
9.999919e-01
9.999974e-01
9.999992e-01
9.999998e-01
9.999999e-01
1.000000e+00
1.000000e+00
1.000000e+00
1.000000e+00
1.000000e+00
1.000000e+00
1.000000e+00
1.000000e+00
1.000000e+00
1.000000e+00
1.000000e+00
1.000000e+00
1.000000e+00
1.000000e+00
1.000000e+00
1.000000e+00
1.000000e+00
1.000000e+00
1.000000e+00
1.000000e+00
1.000000e+00
1.000000e+00
1.000000e+00
1.000000e+00
1.000000e+00
1.000000e+00
1.000000e+00
1.000000e+00
1.000000e+00
1.000000e+00
1.000000e+00
1.000000e+00
1.000000e+00
1.000000e+00
1.000000e+00
1.000000e+00
1.000000e+00
1.000000e+00
1.000000e+00
1.000000e+00
1.000000e+00
1.000000e+00
1.000000e+00
1.000000e+00
1.000000e+00
1.000000e+00
1.000000e+00
1.000000e+00
9.999999e-01
9.999998e-01
9.999992e-01
9.999971e-01
9.999901e-01
9.999680e-01
9.999010e-01
9.997081e-01
9.991891e-01
9.979048e-01
9.950329e-01
9.892871e-01
9.789736e-01
9.621370e-01
9.367222e-01
9.008264e-01
8.532166e-01
7.941253e-01
7.259395e-01
6.531858e-01
5.815636e-01
5.164443e-01
4.616392e-01
4.190357e-01
3.890421e-01
3.713382e-01
3.654966e-01
3.713382e-01
3.890421e-01
4.190357e-01
4.616392e-01
5.164443e-01
5.815636e-01
6.531858e-01
7.259395e-01
7.941253e-01
8.532166e-01
9.008264e-01
9.367222e-01
9.621370e-01
9.789736e-01
9.892871e-01
9.950329e-01
9.979048e-01
9.991891e-01
9.997081e-01
9.999010e-01
9.999680e-01
9.999901e-01
9.999971e-01
9.999992e-01
9.999998e-01
9.999999e-01
1.000000e+00
1.000000e+00
1.000000e+00
1.000000e+00
1.000000e+00
1.000000e+00
1.000000e+00
1.000000e+00
1.000000e+00
1.000000e+00
1.000000e+00
1.000000e+00
1.000000e+00
1.000000e+00
1.000000e+00
1.000000e+00
1.000000e+00
1.000000e+00
1.000000e+00
1.000000e+00
1.000000e+00
1.000000e+00
1.000000e+00
1.000000e+00
1.000000e+00
1.000000e+00
1.000000e+00
1.000000e+00
1.000000e+00
1.000000e+00
1.000000e+00
1.000000e+00
1.000000e+00
1.000000e+00
1.000000e+00
1.000000e+00
1.000000e+00
1.000000e+00
1.000000e+00
1.000000e+00
1.000000e+00
1.000000e+00
1.000000e+00
1.000000e+00
1.000000e+00
1.000000e+00
9.999999e-01
9.999998e-01
9.999992e-01
9.999971e-01
9.999895e-01
9.999634e-01
9.998781e-01
9.996128e-01
9.988445e-01
9.968218e-01
9.920881e-01
9.823049e-01
9.642304e-01
9.337287e-01
8.859479e-01
8.163916e-01
7.235744e-01
6.124146e-01
4.950793e-01
3.863478e-01
2.964685e-01
2.282155e-01
1.792122e-01
1.453525e-01
1.227799e-01
1.085602e-01
1.007472e-01
9.825782e-02
1.007472e-01
1.085602e-01
1.227799e-01
1.453525e-01
1.792122e-01
2.282155e-01
2.964685e-01
3.863478e-01
4.950793e-01
6.124146e-01
7.235744e-01
8.163916e-01
8.859479e-01
9.337287e-01
9.642304e-01
9.823049e-01
9.920881e-01
9.968218e-01
9.988445e-01
9.996128e-01
9.998781e-01
9.999634e-01
9.999895e-01
9.999971e-01
9.999992e-01
9.999998e-01
9.999999e-01
1.000000e+00
1.000000e+00
1.000000e+00
1.000000e+00
1.000000e+00
1.000000e+00
1.000000e+00
1.000000e+00
1.000000e+00
1.000000e+00
1.000000e+00
1.000000e+00
1.000000e+00
1.000000e+00
1.000000e+00
1.000000e+00
1.000000e+00
1.000000e+00
1.000000e+00
1.000000e+00
1.000000e+00
1.000000e+00
1.000000e+00
1.000000e+00
1.000000e+00
1.000000e+00
1.000000e+00
1.000000e+00
1.000000e+00
1.000000e+00
1.000000e+00
1.000000e+00
1.000000e+00
1.000000e+00
1.000000e+00
1.000000e+00
1.000000e+00
1.000000e+00
1.000000e+00
1.000000e+00
1.000000e+00
1.000000e+00
1.000000e+00
1.000000e+00
1.000000e+00
9.999998e-01
9.999993e-01
9.999974e-01
9.999901e-01
9.999634e-01
9.998693e-01
9.995536e-01
9.985695e-01
9.958094e-01
9.890244e-01
9.744339e-01
9.463929e-01
8.970102e-01
8.168416e-01
6.996062e-01
5.519613e-01
3.985740e-01
2.683025e-01
1.744056e-01
1.133857e-01
7.567714e-02
5.270432e-02
3.862417e-02
2.989865e-02
2.448799e-02
2.123440e-02
1.949555e-02
1.894865e-02
1.949555e-02
2.123440e-02
2.448799e-02
2.989865e-02
3.862417e-02
5.270432e-02
7.567714e-02
1.133857e-01
1.744056e-01
2.683025e-01
3.985740e-01
5.519613e-01
6.996062e-01
8.168416e-01
8.970102e-01
9.463929e-01
9.744339e-01
9.890244e-01
9.958094e-01
9.985695e-01
9.995536e-01
9.998693e-01
9.999634e-01
9.999901e-01
9.999974e-01
9.999993e-01
9.999998e-01
1.000000e+00
1.000000e+00
1.000000e+00
1.000000e+00
1.000000e+00
1.000000e+00
1.000000e+00
1.000000e+00
1.000000e+00
1.000000e+00
1.000000e+00
1.000000e+00
1.000000e+00
1.000000e+00
1.000000e+00
1.000000e+00
1.000000e+00
1.000000e+00
1.000000e+00
1.000000e+00
1.000000e+00
1.000000e+00
1.000000e+00
1.000000e+00
1.000000e+00
1.000000e+00
1.000000e+00
1.000000e+00
1.000000e+00
1.000000e+00
1.000000e+00
1.000000e+00
1.000000e+00
1.000000e+00
1.000000e+00
1.000000e+00
1.000000e+00
1.000000e+00
1.000000e+00
1.000000e+00
1.000000e+00
1.000000e+00
1.000000e+00
1.000000e+00
9.999999e-01
9.999995e-01
9.999980e-01
9.999919e-01
9.999680e-01
9.998781e-01
9.995536e-01
9.984638e-01
9.951910e-01
9.866738e-01
9.674409e-01
9.286520e-01
8.570757e-01
7.378629e-01
5.693615e-01
3.830978e-01
2.282400e-01
1.270212e-01
6.989022e-02
3.955808e-02
2.353226e-02
1.484883e-02
9.971200e-03
7.130597e-03
5.427852e-03
4.394955e-03
3.782755e-03
3.458482e-03
3.356931e-03
3.458482e-03
3.782755e-03
4.394955e-03
5.427852e-03
7.130597e-03
9.971200e-03
1.484883e-02
2.353226e-02
3.955808e-02
6.989022e-02
1.270212e-01
2.282400e-01
3.830978e-01
5.693615e-01
7.378629e-01
8.570757e-01
9.286520e-01
9.674409e-01
9.866738e-01
9.951910e-01
9.984638e-01
9.995536e-01
9.998781e-01
9.999680e-01
9.999919e-01
9.999980e-01
9.999995e-01
9.999999e-01
1.000000e+00
1.000000e+00
1.000000e+00
1.000000e+00
1.000000e+00
1.000000e+00
1.000000e+00
1.000000e+00
1.000000e+00
1.000000e+00
1.000000e+00
1.000000e+00
1.000000e+00
1.000000e+00
1.000000e+00
1.000000e+00
1.000000e+00
1.000000e+00
1.000000e+00
1.000000e+00
1.000000e+00
1.000000e+00
1.000000e+00
1.000000e+00
1.000000e+00
1.000000e+00
1.000000e+00
1.000000e+00
1.000000e+00
1.000000e+00
1.000000e+00
1.000000e+00
1.000000e+00
1.000000e+00
1.000000e+00
1.000000e+00
1.000000e+00
1.000000e+00
1.000000e+00
1.000000e+00
1.000000e+00
1.000000e+00
9.999999e-01
9.999997e-01
9.999986e-01
9.999941e-01
9.999755e-01
9.999010e-01
9.996128e-01
9.985695e-01
9.951910e-01
9.857890e-01
9.632900e-01
9.153713e-01
8.225155e-01
6.650465e-01
4.552224e-01
2.580271e-01
1.277539e-01
6.018522e-02
2.878586e-02
1.446976e-02
7.753950e-03
4.450736e-03
2.738935e-03
1.805906e-03
1.274112e-03
9.603108e-04
7.720751e-04
6.613577e-04
6.029980e-04
5.847660e-04
6.029980e-04
6.613577e-04
7.720751e-04
9.603108e-04
1.274112e-03
1.805906e-03
2.738935e-03
4.450736e-03
7.753950e-03
1.446976e-02
2.878586e-02
6.018522e-02
1.277539e-01
2.580271e-01
4.552224e-01
6.650464e-01
8.225155e-01
9.153713e-01
9.632900e-01
9.857890e-01
9.951910e-01
9.985695e-01
9.996128e-01
9.999010e-01
9.999755e-01
9.999941e-01
9.999986e-01
9.999997e-01
9.999999e-01
1.000000e+00
1.000000e+00
1.000000e+00
1.000000e+00
1.000000e+00
1.000000e+00
1.000000e+00
1.000000e+00
1.000000e+00
1.000000e+00
1.000000e+00
1.000000e+00
1.000000e+00
1.000000e+00
1.000000e+00
1.000000e+00
1.000000e+00
1.000000e+00
1.000000e+00
1.000000e+00
1.000000e+00
1.000000e+00
1.000000e+00
1.000000e+00
1.000000e+00
1.000000e+00
1.000000e+00
1.000000e+00
1.000000e+00
1.000000e+00
1.000000e+00
1.000000e+00
1.000000e+00
1.000000e+00
1.000000e+00
1.000000e+00
1.000000e+00
1.000000e+00
1.000000e+00
1.000000e+00
1.000000e+00
9.999998e-01
9.999991e-01
9.999962e-01
9.999835e-01
9.999297e-01
9.997081e-01
9.988445e-01
9.958094e-01
9.866738e-01
9.632900e-01
9.104257e-01
8.023922e-01
6.146786e-01
3.767392e-01
1.828177e-01
7.704965e-02
3.140919e-02
1.322398e-02
5.920032e-03
2.848382e-03
1.478145e-03
8.277665e-04
4.997128e-04
3.245918e-04
2.263665e-04
1.691169e-04
1.350905e-04
1.152065e-04
1.047698e-04
1.015162e-04
1.047698e-04
1.152065e-04
1.350905e-04
1.691169e-04
2.263665e-04
3.245918e-04
4.997128e-04
8.277665e-04
1.478145e-03
2.848382e-03
5.920032e-03
1.322398e-02
3.140919e-02
7.704965e-02
1.828177e-01
3.767392e-01
6.146786e-01
8.023922e-01
9.104257e-01
9.632900e-01
9.866738e-01
9.958094e-01
9.988445e-01
9.997081e-01
9.999297e-01
9.999835e-01
9.999962e-01
9.999991e-01
9.999998e-01
1.000000e+00
1.000000e+00
1.000000e+00
1.000000e+00
1.000000e+00
1.000000e+00
1.000000e+00
1.000000e+00
1.000000e+00
1.000000e+00
1.000000e+00
1.000000e+00
1.000000e+00
1.000000e+00
1.000000e+00
1.000000e+00
1.000000e+00
1.000000e+00
1.000000e+00
1.000000e+00
1.000000e+00
1.000000e+00
1.000000e+00
1.000000e+00
1.000000e+00
1.000000e+00
1.000000e+00
1.000000e+00
1.000000e+00
1.000000e+00
1.000000e+00
1.000000e+00
1.000000e+00
1.000000e+00
1.000000e+00
1.000000e+00
1.000000e+00
1.000000e+00
1.000000e+00
1.000000e+00
9.999999e-01
9.999995e-01
9.999978e-01
9.999901e-01
9.999560e-01
9.998078e-01
9.991891e-01
9.968218e-01
9.890244e-01
9.674409e-01
9.153713e-01
8.023922e-01
5.968560e-01
3.382682e-01
1.451186e-01
5.337279e-02
1.907999e-02
7.088008e-03
2.811731e-03
1.203817e-03
5.587644e-04
2.815825e-04
1.539731e-04
9.118635e-05
5.833589e-05
4.020183e-05
2.976356e-05
2.361765e-05
2.005006e-05
1.818552e-05
1.760550e-05
1.818552e-05
2.005006e-05
2.361765e-05
2.976356e-05
4.020183e-05
5.833589e-05
9.118635e-05
1.539731e-04
2.815825e-04
5.587644e-04
1.203817e-03
2.811731e-03
7.088008e-03
1.907999e-02
5.337279e-02
1.451186e-01
3.382682e-01
5.968560e-01
8.023922e-01
9.153713e-01
9.674409e-01
9.890244e-01
9.968218e-01
9.991891e-01
9.998078e-01
9.999560e-01
9.999901e-01
9.999978e-01
9.999995e-01
9.999999e-01
1.000000e+00
1.000000e+00
1.000000e+00
1.000000e+00
1.000000e+00
1.000000e+00
1.000000e+00
1.000000e+00
1.000000e+00
1.000000e+00
1.000000e+00
1.000000e+00
1.000000e+00
1.000000e+00
1.000000e+00
1.000000e+00
1.000000e+00
1.000000e+00
1.000000e+00
1.000000e+00
1.000000e+00
1.000000e+00
1.000000e+00
1.000000e+00
1.000000e+00
1.000000e+00
1.000000e+00
1.000000e+00
1.000000e+00
1.000000e+00
1.000000e+00
1.000000e+00
1.000000e+00
1.000000e+00
1.000000e+00
1.000000e+00
1.000000e+00
1.000000e+00
1.000000e+00
9.999998e-01
9.999989e-01
9.999947e-01
9.999756e-01
9.998887e-01
9.995036e-01
9.979048e-01
9.920881e-01
9.744339e-01
9.286520e-01
8.225155e-01
6.146786e-01
3.382682e-01
1.338448e-01
4.404586e-02
1.395519e-02
4.577739e-03
1.599951e-03
6.033967e-04
2.472814e-04
1.105483e-04
5.397893e-05
2.876168e-05
1.668266e-05
1.049915e-05
7.144225e-06
5.238748e-06
4.128031e-06
3.487834e-06
3.154759e-06
3.051378e-06
3.154759e-06
3.487834e-06
4.128031e-06
5.238748e-06
7.144225e-06
1.049915e-05
1.668266e-05
2.876168e-05
5.397893e-05
1.105483e-04
2.472814e-04
6.033967e-04
1.599951e-03
4.577739e-03
1.395519e-02
4.404586e-02
1.338448e-01
3.382682e-01
6.146786e-01
8.225155e-01
9.286520e-01
9.744339e-01
9.920881e-01
9.979048e-01
9.995036e-01
9.998887e-01
9.999756e-01
9.999947e-01
9.999989e-01
9.999998e-01
1.000000e+00
1.000000e+00
1.000000e+00
1.000000e+00
1.000000e+00
1.000000e+00
1.000000e+00
1.000000e+00
1.000000e+00
1.000000e+00
1.000000e+00
1.000000e+00
1.000000e+00
1.000000e+00
1.000000e+00
1.000000e+00
1.000000e+00
1.000000e+00
1.000000e+00
1.000000e+00
1.000000e+00
1.000000e+00
1.000000e+00
1.000000e+00
1.000000e+00
1.000000e+00
1.000000e+00
1.000000e+00
1.000000e+00
1.000000e+00
1.000000e+00
1.000000e+00
1.000000e+00
1.000000e+00
1.000000e+00
1.000000e+00
1.000000e+00
1.000000e+00
9.999999e-01
9.999995e-01
9.999975e-01
9.999879e-01
9.999428e-01
9.997330e-01
9.987980e-01
9.950329e-01
9.823049e-01
9.463929e-01
8.570757e-01
6.650465e-01
3.767392e-01
1.451186e-01
4.404586e-02
1.254355e-02
3.652315e-03
1.123321e-03
3.705734e-04
1.324814e-04
5.172315e-05
2.216178e-05
1.044077e-05
5.403352e-06
3.062556e-06
1.893162e-06
1.270714e-06
9.223116e-07
7.214111e-07
6.064916e-07
5.469895e-07
5.285643e-07
5.469895e-07
6.064916e-07
7.214111e-07
9.223116e-07
1.270714e-06
1.893162e-06
3.062556e-06
5.403352e-06
1.044077e-05
2.216178e-05
5.172315e-05
1.324814e-04
3.705734e-04
1.123321e-03
3.652315e-03
1.254355e-02
4.404586e-02
1.451186e-01
3.767392e-01
6.650464e-01
8.570757e-01
9.463929e-01
9.823049e-01
9.950329e-01
9.987980e-01
9.997330e-01
9.999428e-01
9.999879e-01
9.999975e-01
9.999995e-01
9.999999e-01
1.000000e+00
1.000000e+00
1.000000e+00
1.000000e+00
1.000000e+00
1.000000e+00
1.000000e+00
1.000000e+00
1.000000e+00
1.000000e+00
1.000000e+00
1.000000e+00
1.000000e+00
1.000000e+00
1.000000e+00
1.000000e+00
1.000000e+00
1.000000e+00
1.000000e+00
1.000000e+00
1.000000e+00
1.000000e+00
1.000000e+00
1.000000e+00
1.000000e+00
1.000000e+00
1.000000e+00
1.000000e+00
1.000000e+00
1.000000e+00
1.000000e+00
1.000000e+00
1.000000e+00
1.000000e+00
1.000000e+00
1.000000e+00
1.000000e+00
9.999998e-01
9.999989e-01
9.999946e-01
9.999736e-01
9.998725e-01
9.993961e-01
9.972940e-01
9.892871e-01
9.642304e-01
8.970102e-01
7.378629e-01
4.552224e-01
1.828177e-01
5.337279e-02
1.395519e-02
3.652315e-03
9.954842e-04
2.875658e-04
8.916406e-05
3.001802e-05
1.108266e-05
4.519457e-06
2.042424e-06
1.022205e-06
5.644801e-07
3.420980e-07
2.262391e-07
1.624236e-07
1.260542e-07
1.054187e-07
9.478878e-08
9.150528e-08
9.478878e-08
1.054187e-07
1.260542e-07
1.624236e-07
2.262391e-07
3.420980e-07
5.644801e-07
1.022204e-06
2.042424e-06
4.519457e-06
1.108266e-05
3.001802e-05
8.916406e-05
2.875658e-04
9.954842e-04
3.652315e-03
1.395519e-02
5.337279e-02
1.828177e-01
4.552224e-01
7.378629e-01
8.970102e-01
9.642304e-01
9.892871e-01
9.972940e-01
9.993961e-01
9.998725e-01
9.999736e-01
9.999946e-01
9.999989e-01
9.999998e-01
1.000000e+00
1.000000e+00
1.000000e+00
1.000000e+00
1.000000e+00
1.000000e+00
1.000000e+00
1.000000e+00
1.000000e+00
1.000000e+00
1.000000e+00
1.000000e+00
1.000000e+00
1.000000e+00
1.000000e+00
1.000000e+00
1.000000e+00
1.000000e+00
1.000000e+00
1.000000e+00
1.000000e+00
1.000000e+00
1.000000e+00
1.000000e+00
1.000000e+00
1.000000e+00
1.000000e+00
1.000000e+00
1.000000e+00
1.000000e+00
1.000000e+00
1.000000e+00
1.000000e+00
1.000000e+00
1.000000e+00
1.000000e+00
9.999999e-01
9.999996e-01
9.999978e-01
9.999890e-01
9.999454e-01
9.997312e-01
9.987173e-01
9.943781e-01
9.789736e-01
9.337287e-01
8.168416e-01
5.693615e-01
2.580272e-01
7.704965e-02
1.907999e-02
4.577739e-03
1.123321e-03
2.875658e-04
7.780575e-05
2.253873e-05
7.086618e-06
2.450906e-06
9.424465e-07
4.053378e-07
1.950416e-07
1.045333e-07
6.196495e-08
4.032180e-08
2.861149e-08
2.202202e-08
1.831567e-08
1.641674e-08
1.583171e-08
1.641674e-08
1.831567e-08
2.202202e-08
2.861149e-08
4.032180e-08
6.196495e-08
1.045333e-07
1.950416e-07
4.053378e-07
9.424464e-07
2.450906e-06
7.086618e-06
2.253873e-05
7.780575e-05
2.875658e-04
1.123321e-03
4.577739e-03
1.907999e-02
7.704965e-02
2.580271e-01
5.693615e-01
8.168416e-01
9.337287e-01
9.789736e-01
9.943781e-01
9.987173e-01
9.997312e-01
9.999454e-01
9.999890e-01
9.999978e-01
9.999996e-01
9.999999e-01
1.000000e+00
1.000000e+00
1.000000e+00
1.000000e+00
1.000000e+00
1.000000e+00
1.000000e+00
1.000000e+00
1.000000e+00
1.000000e+00
1.000000e+00
1.000000e+00
1.000000e+00
1.000000e+00
1.000000e+00
1.000000e+00
1.000000e+00
1.000000e+00
1.000000e+00
1.000000e+00
1.000000e+00
1.000000e+00
1.000000e+00
1.000000e+00
1.000000e+00
1.000000e+00
1.000000e+00
1.000000e+00
1.000000e+00
1.000000e+00
1.000000e+00
1.000000e+00
1.000000e+00
1.000000e+00
1.000000e+00
9.999998e-01
9.999992e-01
9.999958e-01
9.999788e-01
9.998926e-01
9.994645e-01
9.974528e-01
9.892554e-01
9.621370e-01
8.859479e-01
6.996062e-01
3.830978e-01
1.277539e-01
3.140919e-02
7.088008e-03
1.599951e-03
3.705734e-04
8.916406e-05
2.253873e-05
6.065288e-06
1.765382e-06
5.654812e-07
2.025457e-07
8.199860e-08
3.762183e-08
1.946639e-08
1.125315e-08
7.193982e-09
5.041228e-09
3.846505e-09
3.180715e-09
2.841545e-09
2.737335e-09
2.841545e-09
3.180715e-09
3.846505e-09
5.041228e-09
7.193982e-09
1.125315e-08
1.946639e-08
3.762183e-08
8.199860e-08
2.025457e-07
5.654812e-07
1.765382e-06
6.065288e-06
2.253873e-05
8.916406e-05
3.705734e-04
1.599951e-03
7.088008e-03
3.140919e-02
1.277539e-01
3.830978e-01
6.996062e-01
8.859479e-01
9.621370e-01
9.892554e-01
9.974528e-01
9.994645e-01
9.998926e-01
9.999788e-01
9.999958e-01
9.999992e-01
9.999998e-01
1.000000e+00
1.000000e+00
1.000000e+00
1.000000e+00
1.000000e+00
1.000000e+00
1.000000e+00
1.000000e+00
1.000000e+00
1.000000e+00
1.000000e+00
1.000000e+00
1.000000e+00
1.000000e+00
1.000000e+00
1.000000e+00
1.000000e+00
1.000000e+00
1.000000e+00
1.000000e+00
1.000000e+00
1.000000e+00
1.000000e+00
1.000000e+00
1.000000e+00
1.000000e+00
1.000000e+00
1.000000e+00
1.000000e+00
1.000000e+00
1.000000e+00
1.000000e+00
1.000000e+00
1.000000e+00
9.999999e-01
9.999997e-01
9.999985e-01
9.999925e-01
9.999610e-01
9.997997e-01
9.989940e-01
9.952856e-01
9.810644e-01
9.367222e-01
8.163916e-01
5.519613e-01
2.282400e-01
6.018522e-02
1.322398e-02
2.811731e-03
6.033967e-04
1.324814e-04
3.001802e-05
7.086618e-06
1.765382e-06
4.719718e-07
1.382896e-07
4.542408e-08
1.704189e-08
7.364029e-09
3.649996e-09
2.049360e-09
1.284739e-09
8.883670e-10
6.716717e-10
5.520843e-10
4.915230e-10
4.729678e-10
4.915230e-10
5.520843e-10
6.716717e-10
8.883670e-10
1.284739e-09
2.049360e-09
3.649996e-09
7.364029e-09
1.704189e-08
4.542408e-08
1.382896e-07
4.719718e-07
1.765382e-06
7.086618e-06
3.001802e-05
1.324814e-04
6.033967e-04
2.811731e-03
1.322398e-02
6.018522e-02
2.282400e-01
5.519613e-01
8.163916e-01
9.367222e-01
9.810644e-01
9.952856e-01
9.989940e-01
9.997997e-01
9.999610e-01
9.999925e-01
9.999985e-01
9.999997e-01
9.999999e-01
1.000000e+00
1.000000e+00
1.000000e+00
1.000000e+00
1.000000e+00
1.000000e+00
1.000000e+00
1.000000e+00
1.000000e+00
1.000000e+00
1.000000e+00
1.000000e+00
1.000000e+00
1.000000e+00
1.000000e+00
1.000000e+00
1.000000e+00
1.000000e+00
1.000000e+00
1.000000e+00
1.000000e+00
1.000000e+00
1.000000e+00
1.000000e+00
1.000000e+00
1.000000e+00
1.000000e+00
1.000000e+00
1.000000e+00
1.000000e+00
1.000000e+00
1.000000e+00
1.000000e+00
9.999999e-01
9.999995e-01
9.999975e-01
9.999870e-01
9.999318e-01
9.996462e-01
9.982198e-01
9.918751e-01
9.690209e-01
9.008264e-01
7.235744e-01
3.985740e-01
1.270212e-01
2.878586e-02
5.920032e-03
1.203817e-03
2.472814e-04
5.172315e-05
1.108266e-05
2.450906e-06
5.654812e-07
1.382896e-07
3.666129e-08
1.084527e-08
3.689520e-09
1.472866e-09
6.905833e-10
3.743056e-10
2.295791e-10
1.565320e-10
1.172410e-10
9.577272e-11
8.496495e-11
8.166285e-11
8.496495e-11
9.577272e-11
1.172410e-10
1.565320e-10
2.295791e-10
3.743056e-10
6.905833e-10
1.472866e-09
3.689520e-09
1.084527e-08
3.666129e-08
1.382896e-07
5.654812e-07
2.450906e-06
1.108266e-05
5.172315e-05
2.472814e-04
1.203817e-03
5.920032e-03
2.878586e-02
1.270212e-01
3.985740e-01
7.235744e-01
9.008264e-01
9.690209e-01
9.918751e-01
9.982198e-01
9.996462e-01
9.999318e-01
9.999870e-01
9.999975e-01
9.999995e-01
9.999999e-01
1.000000e+00
1.000000e+00
1.000000e+00
1.000000e+00
1.000000e+00
1.000000e+00
1.000000e+00
1.000000e+00
1.000000e+00
1.000000e+00
1.000000e+00
1.000000e+00
1.000000e+00
1.000000e+00
1.000000e+00
1.000000e+00
1.000000e+00
1.000000e+00
1.000000e+00
1.000000e+00
1.000000e+00
1.000000e+00
1.000000e+00
1.000000e+00
1.000000e+00
1.000000e+00
1.000000e+00
1.000000e+00
1.000000e+00
1.000000e+00
1.000000e+00
1.000000e+00
1.000000e+00
9.999999e-01
9.999992e-01
9.999960e-01
9.999787e-01
9.998869e-01
9.994080e-01
9.970354e-01
9.869342e-01
9.525495e-01
8.532166e-01
6.124146e-01
2.683025e-01
6.989022e-02
1.446976e-02
2.848382e-03
5.587644e-04
1.105483e-04
2.216178e-05
4.519457e-06
9.424465e-07
2.025457e-07
4.542408e-08
1.084527e-08
2.843418e-09
8.534325e-10
3.053458e-10
1.324612e-10
6.857130e-11
4.101572e-11
2.756260e-11
2.045186e-11
1.660356e-11
1.467669e-11
1.408948e-11
1.467668e-11
1.660356e-11
2.045185e-11
2.756260e-11
4.101571e-11
6.857130e-11
1.324612e-10
3.053458e-10
8.534325e-10
2.843418e-09
1.084527e-08
4.542408e-08
2.025457e-07
9.424464e-07
4.519457e-06
2.216178e-05
1.105483e-04
5.587644e-04
2.848382e-03
1.446976e-02
6.989022e-02
2.683025e-01
6.124146e-01
8.532166e-01
9.525495e-01
9.869342e-01
9.970354e-01
9.994080e-01
9.998869e-01
9.999787e-01
9.999960e-01
9.999992e-01
9.999999e-01
1.000000e+00
1.000000e+00
1.000000e+00
1.000000e+00
1.000000e+00
1.000000e+00
1.000000e+00
1.000000e+00
1.000000e+00
1.000000e+00
1.000000e+00
1.000000e+00
1.000000e+00
1.000000e+00
1.000000e+00
1.000000e+00
1.000000e+00
1.000000e+00
1.000000e+00
1.000000e+00
1.000000e+00
1.000000e+00
1.000000e+00
1.000000e+00
1.000000e+00
1.000000e+00
1.000000e+00
1.000000e+00
1.000000e+00
1.000000e+00
1.000000e+00
1.000000e+00
1.000000e+00
9.999998e-01
9.999988e-01
9.999938e-01
9.999667e-01
9.998217e-01
9.990613e-01
9.953529e-01
9.803075e-01
9.314061e-01
7.941253e-01
4.950793e-01
1.744056e-01
3.955808e-02
7.753950e-03
1.478145e-03
2.815825e-04
5.397893e-05
1.044077e-05
2.042424e-06
4.053378e-07
8.199860e-08
1.704189e-08
3.689520e-09
8.534325e-10
2.204523e-10
6.771293e-11
2.608328e-11
1.261299e-11
7.312313e-12
4.843506e-12
3.563596e-12
2.876239e-12
2.533355e-12
2.429049e-12
2.533354e-12
2.876237e-12
3.563593e-12
4.843504e-12
7.312311e-12
1.261299e-11
2.608328e-11
6.771293e-11
2.204523e-10
8.534325e-10
3.689520e-09
1.704189e-08
8.199860e-08
4.053378e-07
2.042424e-06
1.044077e-05
5.397893e-05
2.815825e-04
1.478145e-03
7.753950e-03
3.955808e-02
1.744056e-01
4.950793e-01
7.941253e-01
9.314061e-01
9.803075e-01
9.953529e-01
9.990613e-01
9.998217e-01
9.999667e-01
9.999938e-01
9.999988e-01
9.999998e-01
1.000000e+00
1.000000e+00
1.000000e+00
1.000000e+00
1.000000e+00
1.000000e+00
1.000000e+00
1.000000e+00
1.000000e+00
1.000000e+00
1.000000e+00
1.000000e+00
1.000000e+00
1.000000e+00
1.000000e+00
1.000000e+00
1.000000e+00
1.000000e+00
1.000000e+00
1.000000e+00
1.000000e+00
1.000000e+00
1.000000e+00
1.000000e+00
1.000000e+00
1.000000e+00
1.000000e+00
1.000000e+00
1.000000e+00
1.000000e+00
1.000000e+00
1.000000e+00
9.999999e-01
9.999997e-01
9.999983e-01
9.999909e-01
9.999504e-01
9.997326e-01
9.985892e-01
9.931328e-01
9.720247e-01
9.058044e-01
7.259395e-01
3.863478e-01
1.133857e-01
2.353226e-02
4.450736e-03
8.277665e-04
1.539731e-04
2.876168e-05
5.403352e-06
1.022205e-06
1.950416e-07
3.762183e-08
7.364029e-09
1.472866e-09
3.053458e-10
6.771293e-11
1.714372e-11
5.471650e-12
2.346879e-12
1.296732e-12
8.467726e-13
6.194094e-13
4.977041e-13
4.369476e-13
4.184585e-13
4.369463e-13
4.977019e-13
6.194070e-13
8.467706e-13
1.296730e-12
2.346878e-12
5.471649e-12
1.714372e-11
6.771293e-11
3.053458e-10
1.472866e-09
7.364029e-09
3.762183e-08
1.950416e-07
1.022204e-06
5.403352e-06
2.876168e-05
1.539731e-04
8.277665e-04
4.450736e-03
2.353226e-02
1.133857e-01
3.863478e-01
7.259395e-01
9.058044e-01
9.720247e-01
9.931328e-01
9.985892e-01
9.997326e-01
9.999504e-01
9.999909e-01
9.999983e-01
9.999997e-01
9.999999e-01
1.000000e+00
1.000000e+00
1.000000e+00
1.000000e+00
1.000000e+00
1.000000e+00
1.000000e+00
1.000000e+00
1.000000e+00
1.000000e+00
1.000000e+00
1.000000e+00
1.000000e+00
1.000000e+00
1.000000e+00
1.000000e+00
1.000000e+00
1.000000e+00
1.000000e+00
1.000000e+00
1.000000e+00
1.000000e+00
1.000000e+00
1.000000e+00
1.000000e+00
1.000000e+00
1.000000e+00
1.000000e+00
1.000000e+00
1.000000e+00
1.000000e+00
9.999999e-01
9.999996e-01
9.999976e-01
9.999871e-01
9.999297e-01
9.996186e-01
9.979887e-01
9.904086e-01
9.623246e-01
8.765293e-01
6.531858e-01
2.964685e-01
7.567714e-02
1.484883e-02
2.738935e-03
4.997128e-04
9.118635e-05
1.668266e-05
3.062556e-06
5.644801e-07
1.045333e-07
1.946639e-08
3.649996e-09
6.905833e-10
1.324612e-10
2.608328e-11
5.471650e-12
1.348888e-12
4.592578e-13
2.285505e-13
1.463057e-13
1.070378e-13
8.594447e-14
7.529650e-14
7.203778e-14
7.529501e-14
8.594272e-14
1.070359e-13
1.463035e-13
2.285494e-13
4.592566e-13
1.348887e-12
5.471649e-12
2.608328e-11
1.324612e-10
6.905833e-10
3.649996e-09
1.946639e-08
1.045333e-07
5.644801e-07
3.062556e-06
1.668266e-05
9.118635e-05
4.997128e-04
2.738935e-03
1.484883e-02
7.567714e-02
2.964685e-01
6.531858e-01
8.765293e-01
9.623246e-01
9.904086e-01
9.979887e-01
9.996186e-01
9.999297e-01
9.999871e-01
9.999976e-01
9.999996e-01
9.999999e-01
1.000000e+00
1.000000e+00
1.000000e+00
1.000000e+00
1.000000e+00
1.000000e+00
1.000000e+00
1.000000e+00
1.000000e+00
1.000000e+00
1.000000e+00
1.000000e+00
1.000000e+00
1.000000e+00
1.000000e+00
1.000000e+00
1.000000e+00
1.000000e+00
1.000000e+00
1.000000e+00
1.000000e+00
1.000000e+00
1.000000e+00
1.000000e+00
1.000000e+00
1.000000e+00
1.000000e+00
1.000000e+00
1.000000e+00
1.000000e+00
1.000000e+00
9.999999e-01
9.999994e-01
9.999969e-01
9.999827e-01
9.999050e-01
9.994823e-01
9.972769e-01
9.872979e-01
9.516550e-01
8.449829e-01
5.815637e-01
2.282155e-01
5.270432e-02
9.971200e-03
1.805906e-03
3.245918e-04
5.833589e-05
1.049915e-05
1.893162e-06
3.420980e-07
6.196495e-08
1.125315e-08
2.049360e-09
3.743056e-10
6.857130e-11
1.261299e-11
2.346879e-12
4.592576e-13
1.095140e-13
4.139739e-14
2.474216e-14
1.823838e-14
1.476856e-14
1.295642e-14
1.238952e-14
1.295459e-14
1.476625e-14
1.823603e-14
2.474018e-14
4.139687e-14
1.095134e-13
4.592579e-13
2.346880e-12
1.261299e-11
6.857130e-11
3.743056e-10
2.049360e-09
1.125315e-08
6.196495e-08
3.420980e-07
1.893162e-06
1.049915e-05
5.833589e-05
3.245918e-04
1.805906e-03
9.971200e-03
5.270432e-02
2.282155e-01
5.815636e-01
8.449829e-01
9.516550e-01
9.872979e-01
9.972769e-01
9.994823e-01
9.999050e-01
9.999827e-01
9.999969e-01
9.999994e-01
9.999999e-01
1.000000e+00
1.000000e+00
1.000000e+00
1.000000e+00
1.000000e+00
1.000000e+00
1.000000e+00
1.000000e+00
1.000000e+00
1.000000e+00
1.000000e+00
1.000000e+00
1.000000e+00
1.000000e+00
1.000000e+00
1.000000e+00
1.000000e+00
1.000000e+00
1.000000e+00
1.000000e+00
1.000000e+00
1.000000e+00
1.000000e+00
1.000000e+00
1.000000e+00
1.000000e+00
1.000000e+00
1.000000e+00
1.000000e+00
1.000000e+00
1.000000e+00
9.999999e-01
9.999993e-01
9.999960e-01
9.999778e-01
9.998776e-01
9.993305e-01
9.964945e-01
9.839962e-01
9.406494e-01
8.130995e-01
5.164443e-01
1.792122e-01
3.862417e-02
7.130597e-03
1.274112e-03
2.263666e-04
4.020183e-05
7.144225e-06
1.270714e-06
2.262391e-07
4.032180e-08
7.193982e-09
1.284739e-09
2.295791e-10
4.101572e-11
7.312312e-12
1.296731e-12
2.285498e-13
4.139682e-14
9.526720e-15
4.179072e-15
3.016348e-15
2.508852e-15
2.220716e-15
2.120895e-15
2.217849e-15
2.505439e-15
3.014177e-15
4.178145e-15
9.527292e-15
4.139816e-14
2.285515e-13
1.296733e-12
7.312314e-12
4.101572e-11
2.295791e-10
1.284739e-09
7.193982e-09
4.032180e-08
2.262391e-07
1.270714e-06
7.144225e-06
4.020183e-05
2.263665e-04
1.274112e-03
7.130597e-03
3.862417e-02
1.792122e-01
5.164443e-01
8.130995e-01
9.406494e-01
9.839962e-01
9.964945e-01
9.993305e-01
9.998776e-01
9.999778e-01
9.999960e-01
9.999993e-01
9.999999e-01
1.000000e+00
1.000000e+00
1.000000e+00
1.000000e+00
1.000000e+00
1.000000e+00
1.000000e+00
1.000000e+00
1.000000e+00
1.000000e+00
1.000000e+00
1.000000e+00
1.000000e+00
1.000000e+00
1.000000e+00
1.000000e+00
1.000000e+00
1.000000e+00
1.000000e+00
1.000000e+00
1.000000e+00
1.000000e+00
1.000000e+00
1.000000e+00
1.000000e+00
1.000000e+00
1.000000e+00
1.000000e+00
1.000000e+00
1.000000e+00
1.000000e+00
9.999998e-01
9.999991e-01
9.999951e-01
9.999728e-01
9.998495e-01
9.991749e-01
9.957024e-01
9.807553e-01
9.300728e-01
7.831085e-01
4.616392e-01
1.453525e-01
2.989865e-02
5.427852e-03
9.603108e-04
1.691169e-04
2.976356e-05
5.238748e-06
9.223116e-07
1.624236e-07
2.861149e-08
5.041228e-09
8.883670e-10
1.565320e-10
2.756260e-11
4.843506e-12
8.467723e-13
1.463052e-13
2.474168e-14
4.178641e-15
9.333165e-16
4.875909e-16
4.178450e-16
3.769668e-16
3.539615e-16
3.705251e-16
4.133249e-16
4.861010e-16
9.329029e-16
4.179364e-15
2.474253e-14
1.463056e-13
8.467728e-13
4.843506e-12
2.756260e-11
1.565320e-10
8.883670e-10
5.041228e-09
2.861149e-08
1.624236e-07
9.223116e-07
5.238748e-06
2.976356e-05
1.691169e-04
9.603108e-04
5.427852e-03
2.989865e-02
1.453525e-01
4.616392e-01
7.831085e-01
9.300728e-01
9.807553e-01
9.957024e-01
9.991749e-01
9.998495e-01
9.999728e-01
9.999951e-01
9.999991e-01
9.999998e-01
1.000000e+00
1.000000e+00
1.000000e+00
1.000000e+00
1.000000e+00
1.000000e+00
1.000000e+00
1.000000e+00
1.000000e+00
1.000000e+00
1.000000e+00
1.000000e+00
1.000000e+00
1.000000e+00
1.000000e+00
1.000000e+00
1.000000e+00
1.000000e+00
1.000000e+00
1.000000e+00
1.000000e+00
1.000000e+00
1.000000e+00
1.000000e+00
1.000000e+00
1.000000e+00
1.000000e+00
1.000000e+00
1.000000e+00
1.000000e+00
1.000000e+00
9.999998e-01
9.999990e-01
9.999943e-01
9.999682e-01
9.998233e-01
9.990302e-01
9.949746e-01
9.778524e-01
9.207414e-01
7.572140e-01
4.190357e-01
1.227799e-01
2.448799e-02
4.394955e-03
7.720751e-04
1.350905e-04
2.361765e-05
4.128031e-06
7.214111e-07
1.260542e-07
2.202202e-08
3.846506e-09
6.716717e-10
1.172410e-10
2.045186e-11
3.563596e-12
6.194095e-13
1.070382e-13
1.823891e-14
3.016931e-15
4.880277e-16
1.084313e-16
6.972782e-17
6.441094e-17
5.347669e-17
5.543309e-17
6.622561e-17
1.096221e-16
4.887933e-16
3.016719e-15
1.823836e-14
1.070380e-13
6.194094e-13
3.563596e-12
2.045186e-11
1.172410e-10
6.716717e-10
3.846505e-09
2.202202e-08
1.260542e-07
7.214111e-07
4.128031e-06
2.361765e-05
1.350905e-04
7.720751e-04
4.394955e-03
2.448799e-02
1.227799e-01
4.190357e-01
7.572140e-01
9.207414e-01
9.778524e-01
9.949746e-01
9.990302e-01
9.998233e-01
9.999682e-01
9.999943e-01
9.999990e-01
9.999998e-01
1.000000e+00
1.000000e+00
1.000000e+00
1.000000e+00
1.000000e+00
1.000000e+00
1.000000e+00
1.000000e+00
1.000000e+00
1.000000e+00
1.000000e+00
1.000000e+00
1.000000e+00
1.000000e+00
1.000000e+00
1.000000e+00
1.000000e+00
1.000000e+00
1.000000e+00
1.000000e+00
1.000000e+00
1.000000e+00
1.000000e+00
1.000000e+00
1.000000e+00
1.000000e+00
1.000000e+00
1.000000e+00
1.000000e+00
1.000000e+00
1.000000e+00
9.999998e-01
9.999989e-01
9.999936e-01
9.999645e-01
9.998020e-01
9.989120e-01
9.943870e-01
9.755528e-01
9.134267e-01
7.373098e-01
3.890422e-01
1.085602e-01
2.123440e-02
3.782755e-03
6.613577e-04
1.152065e-04
2.005006e-05
3.487834e-06
6.064916e-07
1.054187e-07
1.831567e-08
3.180715e-09
5.520843e-10
9.577273e-11
1.660356e-11
2.876239e-12
4.977038e-13
8.594487e-14
1.476904e-14
2.509008e-15
4.180047e-16
6.986919e-17
1.720042e-17
1.159562e-17
7.888694e-18
7.559559e-18
1.668594e-17
7.097358e-17
4.191038e-16
2.509755e-15
1.476928e-14
8.594536e-14
4.977048e-13
2.876240e-12
1.660356e-11
9.577273e-11
5.520843e-10
3.180715e-09
1.831567e-08
1.054187e-07
6.064916e-07
3.487834e-06
2.005006e-05
1.152065e-04
6.613577e-04
3.782755e-03
2.123440e-02
1.085602e-01
3.890422e-01
7.373098e-01
9.134267e-01
9.755528e-01
9.943870e-01
9.989120e-01
9.998020e-01
9.999645e-01
9.999936e-01
9.999989e-01
9.999998e-01
1.000000e+00
1.000000e+00
1.000000e+00
1.000000e+00
1.000000e+00
1.000000e+00
1.000000e+00
1.000000e+00
1.000000e+00
1.000000e+00
1.000000e+00
1.000000e+00
1.000000e+00
1.000000e+00
1.000000e+00
1.000000e+00
1.000000e+00
1.000000e+00
1.000000e+00
1.000000e+00
1.000000e+00
1.000000e+00
1.000000e+00
1.000000e+00
1.000000e+00
1.000000e+00
1.000000e+00
1.000000e+00
1.000000e+00
1.000000e+00
1.000000e+00
9.999998e-01
9.999988e-01
9.999932e-01
9.999620e-01
9.997880e-01
9.988347e-01
9.940049e-01
9.740763e-01
9.087608e-01
7.248016e-01
3.713382e-01
1.007472e-01
1.949555e-02
3.458482e-03
6.029980e-04
1.047698e-04
1.818552e-05
3.154759e-06
5.469895e-07
9.478878e-08
1.641674e-08
2.841545e-09
4.915230e-10
8.496495e-11
1.467669e-11
2.533355e-12
4.369476e-13
7.529670e-14
1.295629e-14
2.220614e-15
3.771722e-16
6.432836e-17
1.145353e-17
3.622507e-18
3.084413e-18
2.911085e-18
1.080241e-17
6.286961e-17
3.764903e-16
2.221631e-15
1.295816e-14
7.529794e-14
4.369484e-13
2.533356e-12
1.467669e-11
8.496495e-11
4.915230e-10
2.841545e-09
1.641674e-08
9.478878e-08
5.469895e-07
3.154759e-06
1.818552e-05
1.047698e-04
6.029980e-04
3.458482e-03
1.949555e-02
1.007472e-01
3.713382e-01
7.248016e-01
9.087608e-01
9.740763e-01
9.940049e-01
9.988347e-01
9.997880e-01
9.999620e-01
9.999932e-01
9.999988e-01
9.999998e-01
1.000000e+00
1.000000e+00
1.000000e+00
1.000000e+00
1.000000e+00
1.000000e+00
1.000000e+00
1.000000e+00
1.000000e+00
1.000000e+00
1.000000e+00
1.000000e+00
1.000000e+00
1.000000e+00
1.000000e+00
1.000000e+00
1.000000e+00
1.000000e+00
1.000000e+00
1.000000e+00
1.000000e+00
1.000000e+00
1.000000e+00
1.000000e+00
1.000000e+00
1.000000e+00
1.000000e+00
1.000000e+00
1.000000e+00
1.000000e+00
1.000000e+00
9.999998e-01
9.999988e-01
9.999931e-01
9.999611e-01
9.997831e-01
9.988077e-01
9.938724e-01
9.735673e-01
9.071576e-01
7.205383e-01
3.654966e-01
9.825783e-02
1.894865e-02
3.356931e-03
5.847660e-04
1.015162e-04
1.760550e-05
3.051378e-06
5.285643e-07
9.150528e-08
1.583171e-08
2.737335e-09
4.729679e-10
8.166285e-11
1.408948e-11
2.429050e-12
4.184593e-13
7.203825e-14
1.239015e-14
2.121846e-15
3.543496e-16
5.331938e-17
7.792895e-18
3.067495e-18
2.927740e-18
2.719161e-18
8.547224e-18
5.488841e-17
3.553989e-16
2.123198e-15
1.239175e-14
7.203923e-14
4.184592e-13
2.429050e-12
1.408948e-11
8.166285e-11
4.729679e-10
2.737335e-09
1.583171e-08
9.150528e-08
5.285643e-07
3.051378e-06
1.760550e-05
1.015162e-04
5.847660e-04
3.356931e-03
1.894865e-02
9.825783e-02
3.654966e-01
7.205383e-01
9.071576e-01
9.735673e-01
9.938724e-01
9.988077e-01
9.997831e-01
9.999611e-01
9.999931e-01
9.999988e-01
9.999998e-01
1.000000e+00
1.000000e+00
1.000000e+00
1.000000e+00
1.000000e+00
1.000000e+00
1.000000e+00
1.000000e+00
1.000000e+00
1.000000e+00
1.000000e+00
1.000000e+00
1.000000e+00
1.000000e+00
1.000000e+00
1.000000e+00
1.000000e+00
1.000000e+00
1.000000e+00
1.000000e+00
1.000000e+00
1.000000e+00
1.000000e+00
1.000000e+00
1.000000e+00
1.000000e+00
1.000000e+00
1.000000e+00
1.000000e+00
1.000000e+00
1.000000e+00
9.999998e-01
9.999988e-01
9.999932e-01
9.999620e-01
9.997880e-01
9.988347e-01
9.940049e-01
9.740763e-01
9.087608e-01
7.248016e-01
3.713382e-01
1.007472e-01
1.949555e-02
3.458482e-03
6.029980e-04
1.047698e-04
1.818552e-05
3.154759e-06
5.469895e-07
9.478878e-08
1.641674e-08
2.841545e-09
4.915230e-10
8.496495e-11
1.467669e-11
2.533355e-12
4.369467e-13
7.529526e-14
1.295504e-14
2.218199e-15
3.701423e-16
5.517662e-17
7.626562e-18
2.911925e-18
2.710092e-18
2.784754e-18
1.013293e-17
6.195963e-17
3.760172e-16
2.221820e-15
1.295729e-14
7.529717e-14
4.369482e-13
2.533356e-12
1.467669e-11
8.496495e-11
4.915230e-10
2.841545e-09
1.641674e-08
9.478878e-08
5.469895e-07
3.154759e-06
1.818552e-05
1.047698e-04
6.029980e-04
3.458482e-03
1.949555e-02
1.007472e-01
3.713382e-01
7.248016e-01
9.087608e-01
9.740763e-01
9.940049e-01
9.988347e-01
9.997880e-01
9.999620e-01
9.999932e-01
9.999988e-01
9.999998e-01
1.000000e+00
1.000000e+00
1.000000e+00
1.000000e+00
1.000000e+00
1.000000e+00
1.000000e+00
1.000000e+00
1.000000e+00
1.000000e+00
1.000000e+00
1.000000e+00
1.000000e+00
1.000000e+00
1.000000e+00
1.000000e+00
1.000000e+00
1.000000e+00
1.000000e+00
1.000000e+00
1.000000e+00
1.000000e+00
1.000000e+00
1.000000e+00
1.000000e+00
1.000000e+00
1.000000e+00
1.000000e+00
1.000000e+00
1.000000e+00
1.000000e+00
9.999998e-01
9.999989e-01
9.999936e-01
9.999645e-01
9.998020e-01
9.989120e-01
9.943870e-01
9.755528e-01
9.134267e-01
7.373098e-01
3.890422e-01
1.085602e-01
2.123440e-02
3.782755e-03
6.613577e-04
1.152065e-04
2.005006e-05
3.487834e-06
6.064916e-07
1.054187e-07
1.831567e-08
3.180715e-09
5.520843e-10
9.577272e-11
1.660356e-11
2.876238e-12
4.977017e-13
8.594243e-14
1.476577e-14
2.504831e-15
4.130690e-16
6.657021e-17
1.681748e-17
1.071208e-17
8.538750e-18
1.010950e-17
1.665982e-17
6.943813e-17
4.174718e-16
2.508656e-15
1.476923e-14
8.594553e-14
4.977045e-13
2.876240e-12
1.660356e-11
9.577272e-11
5.520843e-10
3.180715e-09
1.831567e-08
1.054187e-07
6.064916e-07
3.487834e-06
2.005006e-05
1.152065e-04
6.613577e-04
3.782755e-03
2.123440e-02
1.085602e-01
3.890422e-01
7.373098e-01
9.134267e-01
9.755528e-01
9.943870e-01
9.989120e-01
9.998020e-01
9.999645e-01
9.999936e-01
9.999989e-01
9.999998e-01
1.000000e+00
1.000000e+00
1.000000e+00
1.000000e+00
1.000000e+00
1.000000e+00
1.000000e+00
1.000000e+00
1.000000e+00
1.000000e+00
1.000000e+00
1.000000e+00
1.000000e+00
1.000000e+00
1.000000e+00
1.000000e+00
1.000000e+00
1.000000e+00
1.000000e+00
1.000000e+00
1.000000e+00
1.000000e+00
1.000000e+00
1.000000e+00
1.000000e+00
1.000000e+00
1.000000e+00
1.000000e+00
1.000000e+00
1.000000e+00
1.000000e+00
9.999998e-01
9.999990e-01
9.999943e-01
9.999682e-01
9.998233e-01
9.990302e-01
9.949746e-01
9.778524e-01
9.207414e-01
7.572140e-01
4.190357e-01
1.227799e-01
2.448799e-02
4.394955e-03
7.720751e-04
1.350905e-04
2.361765e-05
4.128031e-06
7.214111e-07
1.260542e-07
2.202202e-08
3.846506e-09
6.716717e-10
1.172410e-10
2.045185e-11
3.563594e-12
6.194075e-13
1.070359e-13
1.823591e-14
3.014102e-15
4.865018e-16
1.098541e-16
7.069015e-17
6.272564e-17
5.508737e-17
6.195900e-17
6.927480e-17
1.085236e-16
4.868636e-16
3.015643e-15
1.823789e-14
1.070379e-13
6.194092e-13
3.563595e-12
2.045186e-11
1.172410e-10
6.716717e-10
3.846505e-09
2.202202e-08
1.260542e-07
7.214111e-07
4.128031e-06
2.361765e-05
1.350905e-04
7.720751e-04
4.394955e-03
2.448799e-02
1.227799e-01
4.190357e-01
7.572140e-01
9.207414e-01
9.778524e-01
9.949746e-01
9.990302e-01
9.998233e-01
9.999682e-01
9.999943e-01
9.999990e-01
9.999998e-01
1.000000e+00
1.000000e+00
1.000000e+00
1.000000e+00
1.000000e+00
1.000000e+00
1.000000e+00
1.000000e+00
1.000000e+00
1.000000e+00
1.000000e+00
1.000000e+00
1.000000e+00
1.000000e+00
1.000000e+00
1.000000e+00
1.000000e+00
1.000000e+00
1.000000e+00
1.000000e+00
1.000000e+00
1.000000e+00
1.000000e+00
1.000000e+00
1.000000e+00
1.000000e+00
1.000000e+00
1.000000e+00
1.000000e+00
1.000000e+00
1.000000e+00
9.999998e-01
9.999991e-01
9.999951e-01
9.999728e-01
9.998495e-01
9.991749e-01
9.957024e-01
9.807553e-01
9.300728e-01
7.831085e-01
4.616392e-01
1.453525e-01
2.989865e-02
5.427852e-03
9.603108e-04
1.691169e-04
2.976356e-05
5.238748e-06
9.223116e-07
1.624236e-07
2.861149e-08
5.041228e-09
8.883670e-10
1.565320e-10
2.756260e-11
4.843505e-12
8.467714e-13
1.463041e-13
2.474097e-14
4.179012e-15
9.333815e-16
4.883677e-16
4.185018e-16
3.764452e-16
3.556645e-16
3.757721e-16
4.172555e-16
4.870417e-16
9.325436e-16
4.178639e-15
2.474029e-14
1.463042e-13
8.467720e-13
4.843505e-12
2.756260e-11
1.565320e-10
8.883670e-10
5.041228e-09
2.861149e-08
1.624236e-07
9.223116e-07
5.238748e-06
2.976356e-05
1.691169e-04
9.603108e-04
5.427852e-03
2.989865e-02
1.453525e-01
4.616392e-01
7.831085e-01
9.300728e-01
9.807553e-01
9.957024e-01
9.991749e-01
9.998495e-01
9.999728e-01
9.999951e-01
9.999991e-01
9.999998e-01
1.000000e+00
1.000000e+00
1.000000e+00
1.000000e+00
1.000000e+00
1.000000e+00
1.000000e+00
1.000000e+00
1.000000e+00
1.000000e+00
1.000000e+00
1.000000e+00
1.000000e+00
1.000000e+00
1.000000e+00
1.000000e+00
1.000000e+00
1.000000e+00
1.000000e+00
1.000000e+00
1.000000e+00
1.000000e+00
1.000000e+00
1.000000e+00
1.000000e+00
1.000000e+00
1.000000e+00
1.000000e+00
1.000000e+00
1.000000e+00
1.000000e+00
9.999999e-01
9.999993e-01
9.999960e-01
9.999778e-01
9.998776e-01
9.993305e-01
9.964945e-01
9.839962e-01
9.406494e-01
8.130995e-01
5.164443e-01
1.792122e-01
3.862417e-02
7.130597e-03
1.274112e-03
2.263666e-04
4.020183e-05
7.144225e-06
1.270714e-06
2.262391e-07
4.032180e-08
7.193982e-09
1.284739e-09
2.295791e-10
4.101572e-11
7.312312e-12
1.296731e-12
2.285500e-13
4.139767e-14
9.527952e-15
4.179648e-15
3.016457e-15
2.509329e-15
2.221295e-15
2.122750e-15
2.221486e-15
2.508868e-15
3.015914e-15
4.178844e-15
9.527301e-15
4.139695e-14
2.285497e-13
1.296731e-12
7.312312e-12
4.101572e-11
2.295791e-10
1.284739e-09
7.193982e-09
4.032180e-08
2.262391e-07
1.270714e-06
7.144225e-06
4.020183e-05
2.263665e-04
1.274112e-03
7.130597e-03
3.862417e-02
1.792122e-01
5.164443e-01
8.130995e-01
9.406494e-01
9.839962e-01
9.964945e-01
9.993305e-01
9.998776e-01
9.999778e-01
9.999960e-01
9.999993e-01
9.999999e-01
1.000000e+00
1.000000e+00
1.000000e+00
1.000000e+00
1.000000e+00
1.000000e+00
1.000000e+00
1.000000e+00
1.000000e+00
1.000000e+00
1.000000e+00
1.000000e+00
1.000000e+00
1.000000e+00
1.000000e+00
1.000000e+00
1.000000e+00
1.000000e+00
1.000000e+00
1.000000e+00
1.000000e+00
1.000000e+00
1.000000e+00
1.000000e+00
1.000000e+00
1.000000e+00
1.000000e+00
1.000000e+00
1.000000e+00
1.000000e+00
1.000000e+00
9.999999e-01
9.999994e-01
9.999969e-01
9.999827e-01
9.999050e-01
9.994823e-01
9.972769e-01
9.872979e-01
9.516550e-01
8.449829e-01
5.815637e-01
2.282155e-01
5.270432e-02
9.971200e-03
1.805906e-03
3.245918e-04
5.833589e-05
1.049915e-05
1.893162e-06
3.420980e-07
6.196495e-08
1.125315e-08
2.049360e-09
3.743056e-10
6.857130e-11
1.261299e-11
2.346878e-12
4.592572e-13
1.095140e-13
4.139820e-14
2.474253e-14
1.823836e-14
1.476921e-14
1.295762e-14
1.239106e-14
1.295710e-14
1.476942e-14
1.823819e-14
2.474094e-14
4.139736e-14
1.095132e-13
4.592571e-13
2.346879e-12
1.261299e-11
6.857130e-11
3.743056e-10
2.049360e-09
1.125315e-08
6.196495e-08
3.420980e-07
1.893162e-06
1.049915e-05
5.833589e-05
3.245918e-04
1.805906e-03
9.971200e-03
5.270432e-02
2.282155e-01
5.815637e-01
8.449829e-01
9.516550e-01
9.872979e-01
9.972769e-01
9.994823e-01
9.999050e-01
9.999827e-01
9.999969e-01
9.999994e-01
9.999999e-01
1.000000e+00
1.000000e+00
1.000000e+00
1.000000e+00
1.000000e+00
1.000000e+00
1.000000e+00
1.000000e+00
1.000000e+00
1.000000e+00
1.000000e+00
1.000000e+00
1.000000e+00
1.000000e+00
1.000000e+00
1.000000e+00
1.000000e+00
1.000000e+00
1.000000e+00
1.000000e+00
1.000000e+00
1.000000e+00
1.000000e+00
1.000000e+00
1.000000e+00
1.000000e+00
1.000000e+00
1.000000e+00
1.000000e+00
1.000000e+00
1.000000e+00
9.999999e-01
9.999996e-01
9.999976e-01
9.999871e-01
9.999297e-01
9.996186e-01
9.979887e-01
9.904086e-01
9.623246e-01
8.765293e-01
6.531858e-01
2.964685e-01
7.567714e-02
1.484883e-02
2.738935e-03
4.997128e-04
9.118635e-05
1.668266e-05
3.062556e-06
5.644801e-07
1.045333e-07
1.946639e-08
3.649996e-09
6.905833e-10
1.324612e-10
2.608328e-11
5.471650e-12
1.348888e-12
4.592582e-13
2.285515e-13
1.463060e-13
1.070379e-13
8.594525e-14
7.529758e-14
7.203886e-14
7.529681e-14
8.594538e-14
1.070381e-13
1.463046e-13
2.285503e-13
4.592568e-13
1.348886e-12
5.471649e-12
2.608328e-11
1.324612e-10
6.905833e-10
3.649996e-09
1.946639e-08
1.045333e-07
5.644801e-07
3.062556e-06
1.668266e-05
9.118635e-05
4.997128e-04
2.738935e-03
1.484883e-02
7.567714e-02
2.964685e-01
6.531858e-01
8.765293e-01
9.623246e-01
9.904086e-01
9.979887e-01
9.996186e-01
9.999297e-01
9.999871e-01
9.999976e-01
9.999996e-01
9.999999e-01
1.000000e+00
1.000000e+00
1.000000e+00
1.000000e+00
1.000000e+00
1.000000e+00
1.000000e+00
1.000000e+00
1.000000e+00
1.000000e+00
1.000000e+00
1.000000e+00
1.000000e+00
1.000000e+00
1.000000e+00
1.000000e+00
1.000000e+00
1.000000e+00
1.000000e+00
1.000000e+00
1.000000e+00
1.000000e+00
1.000000e+00
1.000000e+00
1.000000e+00
1.000000e+00
1.000000e+00
1.000000e+00
1.000000e+00
1.000000e+00
1.000000e+00
9.999999e-01
9.999997e-01
9.999983e-01
9.999909e-01
9.999504e-01
9.997326e-01
9.985892e-01
9.931328e-01
9.720247e-01
9.058044e-01
7.259395e-01
3.863478e-01
1.133857e-01
2.353226e-02
4.450736e-03
8.277665e-04
1.539731e-04
2.876168e-05
5.403352e-06
1.022205e-06
1.950416e-07
3.762183e-08
7.364029e-09
1.472866e-09
3.053458e-10
6.771293e-11
1.714372e-11
5.471650e-12
2.346880e-12
1.296733e-12
8.467728e-13
6.194095e-13
4.977047e-13
4.369485e-13
4.184594e-13
4.369478e-13
4.977041e-13
6.194089e-13
8.467718e-13
1.296731e-12
2.346879e-12
5.471649e-12
1.714372e-11
6.771293e-11
3.053458e-10
1.472866e-09
7.364029e-09
3.762183e-08
1.950416e-07
1.022205e-06
5.403352e-06
2.876168e-05
1.539731e-04
8.277665e-04
4.450736e-03
2.353226e-02
1.133857e-01
3.863478e-01
7.259395e-01
9.058044e-01
9.720247e-01
9.931328e-01
9.985892e-01
9.997326e-01
9.999504e-01
9.999909e-01
9.999983e-01
9.999997e-01
9.999999e-01
1.000000e+00
1.000000e+00
1.000000e+00
1.000000e+00
1.000000e+00
1.000000e+00
1.000000e+00
1.000000e+00
1.000000e+00
1.000000e+00
1.000000e+00
1.000000e+00
1.000000e+00
1.000000e+00
1.000000e+00
1.000000e+00
1.000000e+00
1.000000e+00
1.000000e+00
1.000000e+00
1.000000e+00
1.000000e+00
1.000000e+00
1.000000e+00
1.000000e+00
1.000000e+00
1.000000e+00
1.000000e+00
1.000000e+00
1.000000e+00
1.000000e+00
1.000000e+00
9.999998e-01
9.999988e-01
9.999938e-01
9.999667e-01
9.998217e-01
9.990613e-01
9.953529e-01
9.803075e-01
9.314061e-01
7.941253e-01
4.950793e-01
1.744056e-01
3.955808e-02
7.753950e-03
1.478145e-03
2.815825e-04
5.397893e-05
1.044077e-05
2.042424e-06
4.053378e-07
8.199860e-08
1.704189e-08
3.689520e-09
8.534326e-10
2.204523e-10
6.771293e-11
2.608328e-11
1.261299e-11
7.312314e-12
4.843506e-12
3.563596e-12
2.876240e-12
2.533356e-12
2.429051e-12
2.533356e-12
2.876239e-12
3.563595e-12
4.843505e-12
7.312312e-12
1.261299e-11
2.608328e-11
6.771293e-11
2.204523e-10
8.534325e-10
3.689520e-09
1.704189e-08
8.199860e-08
4.053378e-07
2.042424e-06
1.044077e-05
5.397893e-05
2.815825e-04
1.478145e-03
7.753950e-03
3.955808e-02
1.744056e-01
4.950793e-01
7.941253e-01
9.314061e-01
9.803075e-01
9.953529e-01
9.990613e-01
9.998217e-01
9.999667e-01
9.999938e-01
9.999988e-01
9.999998e-01
1.000000e+00
1.000000e+00
1.000000e+00
1.000000e+00
1.000000e+00
1.000000e+00
1.000000e+00
1.000000e+00
1.000000e+00
1.000000e+00
1.000000e+00
1.000000e+00
1.000000e+00
1.000000e+00
1.000000e+00
1.000000e+00
1.000000e+00
1.000000e+00
1.000000e+00
1.000000e+00
1.000000e+00
1.000000e+00
1.000000e+00
1.000000e+00
1.000000e+00
1.000000e+00
1.000000e+00
1.000000e+00
1.000000e+00
1.000000e+00
1.000000e+00
1.000000e+00
1.000000e+00
9.999999e-01
9.999992e-01
9.999960e-01
9.999787e-01
9.998869e-01
9.994080e-01
9.970354e-01
9.869342e-01
9.525495e-01
8.532166e-01
6.124147e-01
2.683025e-01
6.989022e-02
1.446976e-02
2.848382e-03
5.587644e-04
1.105483e-04
2.216178e-05
4.519457e-06
9.424465e-07
2.025457e-07
4.542408e-08
1.084527e-08
2.843418e-09
8.534326e-10
3.053458e-10
1.324612e-10
6.857130e-11
4.101572e-11
2.756260e-11
2.045186e-11
1.660356e-11
1.467669e-11
1.408948e-11
1.467669e-11
1.660356e-11
2.045186e-11
2.756260e-11
4.101572e-11
6.857130e-11
1.324612e-10
3.053458e-10
8.534326e-10
2.843418e-09
1.084527e-08
4.542408e-08
2.025457e-07
9.424465e-07
4.519457e-06
2.216178e-05
1.105483e-04
5.587644e-04
2.848382e-03
1.446976e-02
6.989022e-02
2.683025e-01
6.124146e-01
8.532166e-01
9.525495e-01
9.869342e-01
9.970354e-01
9.994080e-01
9.998869e-01
9.999787e-01
9.999960e-01
9.999992e-01
9.999999e-01
1.000000e+00
1.000000e+00
1.000000e+00
1.000000e+00
1.000000e+00
1.000000e+00
1.000000e+00
1.000000e+00
1.000000e+00
1.000000e+00
1.000000e+00
1.000000e+00
1.000000e+00
1.000000e+00
1.000000e+00
1.000000e+00
1.000000e+00
1.000000e+00
1.000000e+00
1.000000e+00
1.000000e+00
1.000000e+00
1.000000e+00
1.000000e+00
1.000000e+00
1.000000e+00
1.000000e+00
1.000000e+00
1.000000e+00
1.000000e+00
1.000000e+00
1.000000e+00
1.000000e+00
9.999999e-01
9.999995e-01
9.999975e-01
9.999870e-01
9.999318e-01
9.996462e-01
9.982198e-01
9.918751e-01
9.690209e-01
9.008264e-01
7.235744e-01
3.985740e-01
1.270212e-01
2.878586e-02
5.920032e-03
1.203817e-03
2.472814e-04
5.172315e-05
1.108266e-05
2.450906e-06
5.654812e-07
1.382896e-07
3.666129e-08
1.084527e-08
3.689520e-09
1.472866e-09
6.905833e-10
3.743056e-10
2.295791e-10
1.565320e-10
1.172410e-10
9.577273e-11
8.496495e-11
8.166285e-11
8.496495e-11
9.577273e-11
1.172410e-10
1.565320e-10
2.295791e-10
3.743056e-10
6.905833e-10
1.472866e-09
3.689520e-09
1.084527e-08
3.666129e-08
1.382896e-07
5.654812e-07
2.450906e-06
1.108266e-05
5.172315e-05
2.472814e-04
1.203817e-03
5.920032e-03
2.878586e-02
1.270212e-01
3.985740e-01
7.235744e-01
9.008264e-01
9.690209e-01
9.918751e-01
9.982198e-01
9.996462e-01
9.999318e-01
9.999870e-01
9.999975e-01
9.999995e-01
9.999999e-01
1.000000e+00
1.000000e+00
1.000000e+00
1.000000e+00
1.000000e+00
1.000000e+00
1.000000e+00
1.000000e+00
1.000000e+00
1.000000e+00
1.000000e+00
1.000000e+00
1.000000e+00
1.000000e+00
1.000000e+00
1.000000e+00
1.000000e+00
1.000000e+00
1.000000e+00
1.000000e+00
1.000000e+00
1.000000e+00
1.000000e+00
1.000000e+00
1.000000e+00
1.000000e+00
1.000000e+00
1.000000e+00
1.000000e+00
1.000000e+00
1.000000e+00
1.000000e+00
1.000000e+00
9.999999e-01
9.999997e-01
9.999985e-01
9.999925e-01
9.999610e-01
9.997997e-01
9.989940e-01
9.952856e-01
9.810644e-01
9.367222e-01
8.163916e-01
5.519614e-01
2.282400e-01
6.018522e-02
1.322398e-02
2.811731e-03
6.033967e-04
1.324814e-04
3.001802e-05
7.086618e-06
1.765382e-06
4.719719e-07
1.382896e-07
4.542408e-08
1.704189e-08
7.364029e-09
3.649996e-09
2.049360e-09
1.284739e-09
8.883670e-10
6.716718e-10
5.520843e-10
4.915230e-10
4.729679e-10
4.915230e-10
5.520843e-10
6.716718e-10
8.883670e-10
1.284739e-09
2.049360e-09
3.649996e-09
7.364029e-09
1.704189e-08
4.542408e-08
1.382896e-07
4.719719e-07
1.765382e-06
7.086618e-06
3.001802e-05
1.324814e-04
6.033967e-04
2.811731e-03
1.322398e-02
6.018522e-02
2.282400e-01
5.519613e-01
8.163916e-01
9.367222e-01
9.810644e-01
9.952856e-01
9.989940e-01
9.997997e-01
9.999610e-01
9.999925e-01
9.999985e-01
9.999997e-01
9.999999e-01
1.000000e+00
1.000000e+00
1.000000e+00
1.000000e+00
1.000000e+00
1.000000e+00
1.000000e+00
1.000000e+00
1.000000e+00
1.000000e+00
1.000000e+00
1.000000e+00
1.000000e+00
1.000000e+00
1.000000e+00
1.000000e+00
1.000000e+00
1.000000e+00
1.000000e+00
1.000000e+00
1.000000e+00
1.000000e+00
1.000000e+00
1.000000e+00
1.000000e+00
1.000000e+00
1.000000e+00
1.000000e+00
1.000000e+00
1.000000e+00
1.000000e+00
1.000000e+00
1.000000e+00
1.000000e+00
9.999998e-01
9.999992e-01
9.999958e-01
9.999788e-01
9.998926e-01
9.994645e-01
9.974528e-01
9.892554e-01
9.621370e-01
8.859479e-01
6.996062e-01
3.830978e-01
1.277539e-01
3.140919e-02
7.088008e-03
1.599951e-03
3.705734e-04
8.916406e-05
2.253873e-05
6.065288e-06
1.765382e-06
5.654812e-07
2.025457e-07
8.199860e-08
3.762183e-08
1.946639e-08
1.125315e-08
7.193982e-09
5.041228e-09
3.846506e-09
3.180715e-09
2.841545e-09
2.737335e-09
2.841545e-09
3.180715e-09
3.846506e-09
5.041228e-09
7.193982e-09
1.125315e-08
1.946639e-08
3.762183e-08
8.199860e-08
2.025457e-07
5.654812e-07
1.765382e-06
6.065288e-06
2.253873e-05
8.916406e-05
3.705734e-04
1.599951e-03
7.088008e-03
3.140919e-02
1.277539e-01
3.830978e-01
6.996062e-01
8.859479e-01
9.621370e-01
9.892554e-01
9.974528e-01
9.994645e-01
9.998926e-01
9.999788e-01
9.999958e-01
9.999992e-01
9.999998e-01
1.000000e+00
1.000000e+00
1.000000e+00
1.000000e+00
1.000000e+00
1.000000e+00
1.000000e+00
1.000000e+00
1.000000e+00
1.000000e+00
1.000000e+00
1.000000e+00
1.000000e+00
1.000000e+00
1.000000e+00
1.000000e+00
1.000000e+00
1.000000e+00
1.000000e+00
1.000000e+00
1.000000e+00
1.000000e+00
1.000000e+00
1.000000e+00
1.000000e+00
1.000000e+00
1.000000e+00
1.000000e+00
1.000000e+00
1.000000e+00
1.000000e+00
1.000000e+00
1.000000e+00
1.000000e+00
1.000000e+00
9.999999e-01
9.999996e-01
9.999978e-01
9.999890e-01
9.999454e-01
9.997312e-01
9.987173e-01
9.943781e-01
9.789736e-01
9.337287e-01
8.168416e-01
5.693615e-01
2.580272e-01
7.704965e-02
1.907999e-02
4.577739e-03
1.123321e-03
2.875658e-04
7.780575e-05
2.253873e-05
7.086618e-06
2.450906e-06
9.424465e-07
4.053378e-07
1.950416e-07
1.045333e-07
6.196495e-08
4.032180e-08
2.861150e-08
2.202202e-08
1.831567e-08
1.641674e-08
1.583171e-08
1.641674e-08
1.831567e-08
2.202202e-08
2.861149e-08
4.032180e-08
6.196495e-08
1.045333e-07
1.950416e-07
4.053378e-07
9.424465e-07
2.450906e-06
7.086618e-06
2.253873e-05
7.780575e-05
2.875658e-04
1.123321e-03
4.577739e-03
1.907999e-02
7.704965e-02
2.580272e-01
5.693615e-01
8.168416e-01
9.337287e-01
9.789736e-01
9.943781e-01
9.987173e-01
9.997312e-01
9.999454e-01
9.999890e-01
9.999978e-01
9.999996e-01
9.999999e-01
1.000000e+00
1.000000e+00
1.000000e+00
1.000000e+00
1.000000e+00
1.000000e+00
1.000000e+00
1.000000e+00
1.000000e+00
1.000000e+00
1.000000e+00
1.000000e+00
1.000000e+00
1.000000e+00
1.000000e+00
1.000000e+00
1.000000e+00
1.000000e+00
1.000000e+00
1.000000e+00
1.000000e+00
1.000000e+00
1.000000e+00
1.000000e+00
1.000000e+00
1.000000e+00
1.000000e+00
1.000000e+00
1.000000e+00
1.000000e+00
1.000000e+00
1.000000e+00
1.000000e+00
1.000000e+00
1.000000e+00
1.000000e+00
9.999998e-01
9.999989e-01
9.999946e-01
9.999736e-01
9.998725e-01
9.993961e-01
9.972940e-01
9.892871e-01
9.642304e-01
8.970102e-01
7.378629e-01
4.552224e-01
1.828177e-01
5.337279e-02
1.395519e-02
3.652315e-03
9.954842e-04
2.875658e-04
8.916406e-05
3.001802e-05
1.108266e-05
4.519457e-06
2.042424e-06
1.022205e-06
5.644801e-07
3.420980e-07
2.262391e-07
1.624236e-07
1.260542e-07
1.054187e-07
9.478878e-08
9.150528e-08
9.478878e-08
1.054187e-07
1.260542e-07
1.624236e-07
2.262391e-07
3.420980e-07
5.644801e-07
1.022205e-06
2.042424e-06
4.519457e-06
1.108266e-05
3.001802e-05
8.916406e-05
2.875658e-04
9.954842e-04
3.652315e-03
1.395519e-02
5.337279e-02
1.828177e-01
4.552224e-01
7.378629e-01
8.970102e-01
9.642304e-01
9.892871e-01
9.972940e-01
9.993961e-01
9.998725e-01
9.999736e-01
9.999946e-01
9.999989e-01
9.999998e-01
1.000000e+00
1.000000e+00
1.000000e+00
1.000000e+00
1.000000e+00
1.000000e+00
1.000000e+00
1.000000e+00
1.000000e+00
1.000000e+00
1.000000e+00
1.000000e+00
1.000000e+00
1.000000e+00
1.000000e+00
1.000000e+00
1.000000e+00
1.000000e+00
1.000000e+00
1.000000e+00
1.000000e+00
1.000000e+00
1.000000e+00
1.000000e+00
1.000000e+00
1.000000e+00
1.000000e+00
1.000000e+00
1.000000e+00
1.000000e+00
1.000000e+00
1.000000e+00
1.000000e+00
1.000000e+00
1.000000e+00
1.000000e+00
1.000000e+00
9.999999e-01
9.999995e-01
9.999975e-01
9.999879e-01
9.999428e-01
9.997330e-01
9.987980e-01
9.950329e-01
9.823049e-01
9.463929e-01
8.570757e-01
6.650465e-01
3.767392e-01
1.451186e-01
4.404586e-02
1.254355e-02
3.652315e-03
1.123321e-03
3.705734e-04
1.324814e-04
5.172315e-05
2.216178e-05
1.044077e-05
5.403352e-06
3.062556e-06
1.893162e-06
1.270714e-06
9.223116e-07
7.214111e-07
6.064916e-07
5.469895e-07
5.285643e-07
5.469895e-07
6.064916e-07
7.214111e-07
9.223116e-07
1.270714e-06
1.893162e-06
3.062556e-06
5.403352e-06
1.044077e-05
2.216178e-05
5.172315e-05
1.324814e-04
3.705734e-04
1.123321e-03
3.652315e-03
1.254355e-02
4.404586e-02
1.451186e-01
3.767392e-01
6.650465e-01
8.570757e-01
9.463929e-01
9.823049e-01
9.950329e-01
9.987980e-01
9.997330e-01
9.999428e-01
9.999879e-01
9.999975e-01
9.999995e-01
9.999999e-01
1.000000e+00
1.000000e+00
1.000000e+00
1.000000e+00
1.000000e+00
1.000000e+00
1.000000e+00
1.000000e+00
1.000000e+00
1.000000e+00
1.000000e+00
1.000000e+00
1.000000e+00
1.000000e+00
1.000000e+00
1.000000e+00
1.000000e+00
1.000000e+00
1.000000e+00
1.000000e+00
1.000000e+00
1.000000e+00
1.000000e+00
1.000000e+00
1.000000e+00
1.000000e+00
1.000000e+00
1.000000e+00
1.000000e+00
1.000000e+00
1.000000e+00
1.000000e+00
1.000000e+00
1.000000e+00
1.000000e+00
1.000000e+00
1.000000e+00
1.000000e+00
9.999998e-01
9.999989e-01
9.999947e-01
9.999756e-01
9.998887e-01
9.995036e-01
9.979048e-01
9.920881e-01
9.744339e-01
9.286520e-01
8.225155e-01
6.146786e-01
3.382682e-01
1.338448e-01
4.404586e-02
1.395519e-02
4.577739e-03
1.599951e-03
6.033967e-04
2.472814e-04
1.105483e-04
5.397893e-05
2.876168e-05
1.668266e-05
1.049915e-05
7.144225e-06
5.238748e-06
4.128031e-06
3.487834e-06
3.154759e-06
3.051378e-06
3.154759e-06
3.487834e-06
4.128031e-06
5.238748e-06
7.144225e-06
1.049915e-05
1.668266e-05
2.876168e-05
5.397893e-05
1.105483e-04
2.472814e-04
6.033967e-04
1.599951e-03
4.577739e-03
1.395519e-02
4.404586e-02
1.338448e-01
3.382682e-01
6.146786e-01
8.225155e-01
9.286520e-01
9.744339e-01
9.920881e-01
9.979048e-01
9.995036e-01
9.998887e-01
9.999756e-01
9.999947e-01
9.999989e-01
9.999998e-01
1.000000e+00
1.000000e+00
1.000000e+00
1.000000e+00
1.000000e+00
1.000000e+00
1.000000e+00
1.000000e+00
1.000000e+00
1.000000e+00
1.000000e+00
1.000000e+00
1.000000e+00
1.000000e+00
1.000000e+00
1.000000e+00
1.000000e+00
1.000000e+00
1.000000e+00
1.000000e+00
1.000000e+00
1.000000e+00
1.000000e+00
1.000000e+00
1.000000e+00
1.000000e+00
1.000000e+00
1.000000e+00
1.000000e+00
1.000000e+00
1.000000e+00
1.000000e+00
1.000000e+00
1.000000e+00
1.000000e+00
1.000000e+00
1.000000e+00
1.000000e+00
1.000000e+00
9.999999e-01
9.999995e-01
9.999978e-01
9.999901e-01
9.999560e-01
9.998078e-01
9.991891e-01
9.968218e-01
9.890244e-01
9.674409e-01
9.153713e-01
8.023922e-01
5.968560e-01
3.382682e-01
1.451186e-01
5.337279e-02
1.907999e-02
7.088008e-03
2.811731e-03
1.203817e-03
5.587644e-04
2.815825e-04
1.539731e-04
9.118635e-05
5.833589e-05
4.020183e-05
2.976356e-05
2.361765e-05
2.005006e-05
1.818552e-05
1.760550e-05
1.818552e-05
2.005006e-05
2.361765e-05
2.976356e-05
4.020183e-05
5.833589e-05
9.118635e-05
1.539731e-04
2.815825e-04
5.587644e-04
1.203817e-03
2.811731e-03
7.088008e-03
1.907999e-02
5.337279e-02
1.451186e-01
3.382682e-01
5.968560e-01
8.023922e-01
9.153713e-01
9.674409e-01
9.890244e-01
9.968218e-01
9.991891e-01
9.998078e-01
9.999560e-01
9.999901e-01
9.999978e-01
9.999995e-01
9.999999e-01
1.000000e+00
1.000000e+00
1.000000e+00
1.000000e+00
1.000000e+00
1.000000e+00
1.000000e+00
1.000000e+00
1.000000e+00
1.000000e+00
1.000000e+00
1.000000e+00
1.000000e+00
1.000000e+00
1.000000e+00
1.000000e+00
1.000000e+00
1.000000e+00
1.000000e+00
1.000000e+00
1.000000e+00
1.000000e+00
1.000000e+00
1.000000e+00
1.000000e+00
1.000000e+00
1.000000e+00
1.000000e+00
1.000000e+00
1.000000e+00
1.000000e+00
1.000000e+00
1.000000e+00
1.000000e+00
1.000000e+00
1.000000e+00
1.000000e+00
1.000000e+00
1.000000e+00
1.000000e+00
9.999998e-01
9.999991e-01
9.999962e-01
9.999835e-01
9.999297e-01
9.997081e-01
9.988445e-01
9.958094e-01
9.866738e-01
9.632900e-01
9.104257e-01
8.023922e-01
6.146786e-01
3.767392e-01
1.828177e-01
7.704965e-02
3.140919e-02
1.322398e-02
5.920032e-03
2.848382e-03
1.478145e-03
8.277665e-04
4.997128e-04
3.245918e-04
2.263666e-04
1.691169e-04
1.350905e-04
1.152065e-04
1.047698e-04
1.015162e-04
1.047698e-04
1.152065e-04
1.350905e-04
1.691169e-04
2.263666e-04
3.245918e-04
4.997128e-04
8.277665e-04
1.478145e-03
2.848382e-03
5.920032e-03
1.322398e-02
3.140919e-02
7.704965e-02
1.828177e-01
3.767392e-01
6.146786e-01
8.023922e-01
9.104257e-01
9.632900e-01
9.866738e-01
9.958094e-01
9.988445e-01
9.997081e-01
9.999297e-01
9.999835e-01
9.999962e-01
9.999991e-01
9.999998e-01
1.000000e+00
1.000000e+00
1.000000e+00
1.000000e+00
1.000000e+00
1.000000e+00
1.000000e+00
1.000000e+00
1.000000e+00
1.000000e+00
1.000000e+00
1.000000e+00
1.000000e+00
1.000000e+00
1.000000e+00
1.000000e+00
1.000000e+00
1.000000e+00
1.000000e+00
1.000000e+00
1.000000e+00
1.000000e+00
1.000000e+00
1.000000e+00
1.000000e+00
1.000000e+00
1.000000e+00
1.000000e+00
1.000000e+00
1.000000e+00
1.000000e+00
1.000000e+00
1.000000e+00
1.000000e+00
1.000000e+00
1.000000e+00
1.000000e+00
1.000000e+00
1.000000e+00
1.000000e+00
1.000000e+00
9.999999e-01
9.999997e-01
9.999986e-01
9.999941e-01
9.999755e-01
9.999010e-01
9.996128e-01
9.985695e-01
9.951910e-01
9.857890e-01
9.632900e-01
9.153713e-01
8.225155e-01
6.650465e-01
4.552224e-01
2.580272e-01
1.277539e-01
6.018522e-02
2.878586e-02
1.446976e-02
7.753950e-03
4.450736e-03
2.738935e-03
1.805906e-03
1.274112e-03
9.603108e-04
7.720751e-04
6.613577e-04
6.029980e-04
5.847660e-04
6.029980e-04
6.613577e-04
7.720751e-04
9.603108e-04
1.274112e-03
1.805906e-03
2.738935e-03
4.450736e-03
7.753950e-03
1.446976e-02
2.878586e-02
6.018522e-02
1.277539e-01
2.580272e-01
4.552224e-01
6.650465e-01
8.225155e-01
9.153713e-01
9.632900e-01
9.857890e-01
9.951910e-01
9.985695e-01
9.996128e-01
9.999010e-01
9.999755e-01
9.999941e-01
9.999986e-01
9.999997e-01
9.999999e-01
1.000000e+00
1.000000e+00
1.000000e+00
1.000000e+00
1.000000e+00
1.000000e+00
1.000000e+00
1.000000e+00
1.000000e+00
1.000000e+00
1.000000e+00
1.000000e+00
1.000000e+00
1.000000e+00
1.000000e+00
1.000000e+00
1.000000e+00
1.000000e+00
1.000000e+00
1.000000e+00
1.000000e+00
1.000000e+00
1.000000e+00
1.000000e+00
1.000000e+00
1.000000e+00
1.000000e+00
1.000000e+00
1.000000e+00
1.000000e+00
1.000000e+00
1.000000e+00
1.000000e+00
1.000000e+00
1.000000e+00
1.000000e+00
1.000000e+00
1.000000e+00
1.000000e+00
1.000000e+00
1.000000e+00
1.000000e+00
9.999999e-01
9.999995e-01
9.999980e-01
9.999919e-01
9.999680e-01
9.998781e-01
9.995536e-01
9.984638e-01
9.951910e-01
9.866738e-01
9.674409e-01
9.286520e-01
8.570757e-01
7.378629e-01
5.693615e-01
3.830978e-01
2.282400e-01
1.270212e-01
6.989022e-02
3.955808e-02
2.353226e-02
1.484883e-02
9.971200e-03
7.130597e-03
5.427852e-03
4.394955e-03
3.782755e-03
3.458482e-03
3.356931e-03
3.458482e-03
3.782755e-03
4.394955e-03
5.427852e-03
7.130597e-03
9.971200e-03
1.484883e-02
2.353226e-02
3.955808e-02
6.989022e-02
1.270212e-01
2.282400e-01
3.830978e-01
5.693615e-01
7.378629e-01
8.570757e-01
9.286520e-01
9.674409e-01
9.866738e-01
9.951910e-01
9.984638e-01
9.995536e-01
9.998781e-01
9.999680e-01
9.999919e-01
9.999980e-01
9.999995e-01
9.999999e-01
1.000000e+00
1.000000e+00
1.000000e+00
1.000000e+00
1.000000e+00
1.000000e+00
1.000000e+00
1.000000e+00
1.000000e+00
1.000000e+00
1.000000e+00
1.000000e+00
1.000000e+00
1.000000e+00
1.000000e+00
1.000000e+00
1.000000e+00
1.000000e+00
1.000000e+00
1.000000e+00
1.000000e+00
1.000000e+00
1.000000e+00
1.000000e+00
1.000000e+00
1.000000e+00
1.000000e+00
1.000000e+00
1.000000e+00
1.000000e+00
1.000000e+00
1.000000e+00
1.000000e+00
1.000000e+00
1.000000e+00
1.000000e+00
1.000000e+00
1.000000e+00
1.000000e+00
1.000000e+00
1.000000e+00
1.000000e+00
1.000000e+00
1.000000e+00
9.999998e-01
9.999993e-01
9.999974e-01
9.999901e-01
9.999634e-01
9.998693e-01
9.995536e-01
9.985695e-01
9.958094e-01
9.890244e-01
9.744339e-01
9.463929e-01
8.970102e-01
8.168416e-01
6.996062e-01
5.519614e-01
3.985740e-01
2.683025e-01
1.744056e-01
1.133857e-01
7.567714e-02
5.270432e-02
3.862417e-02
2.989865e-02
2.448799e-02
2.123440e-02
1.949555e-02
1.894865e-02
1.949555e-02
2.123440e-02
2.448799e-02
2.989865e-02
3.862417e-02
5.270432e-02
7.567714e-02
1.133857e-01
1.744056e-01
2.683025e-01
3.985740e-01
5.519613e-01
6.996062e-01
8.168416e-01
8.970102e-01
9.463929e-01
9.744339e-01
9.890244e-01
9.958094e-01
9.985695e-01
9.995536e-01
9.998693e-01
9.999634e-01
9.999901e-01
9.999974e-01
9.999993e-01
9.999998e-01
1.000000e+00
1.000000e+00
1.000000e+00
1.000000e+00
1.000000e+00
1.000000e+00
1.000000e+00
1.000000e+00
1.000000e+00
1.000000e+00
1.000000e+00
1.000000e+00
1.000000e+00
1.000000e+00
1.000000e+00
1.000000e+00
1.000000e+00
1.000000e+00
1.000000e+00
1.000000e+00
1.000000e+00
1.000000e+00
1.000000e+00
1.000000e+00
1.000000e+00
1.000000e+00
1.000000e+00
1.000000e+00
1.000000e+00
1.000000e+00
1.000000e+00
1.000000e+00
1.000000e+00
1.000000e+00
1.000000e+00
1.000000e+00
1.000000e+00
1.000000e+00
1.000000e+00
1.000000e+00
1.000000e+00
1.000000e+00
1.000000e+00
1.000000e+00
1.000000e+00
9.999999e-01
9.999998e-01
9.999992e-01
9.999971e-01
9.999895e-01
9.999634e-01
9.998781e-01
9.996128e-01
9.988445e-01
9.968218e-01
9.920881e-01
9.823049e-01
9.642304e-01
9.337287e-01
8.859479e-01
8.163916e-01
7.235744e-01
6.124147e-01
4.950793e-01
3.863478e-01
2.964685e-01
2.282155e-01
1.792122e-01
1.453525e-01
1.227799e-01
1.085602e-01
1.007472e-01
9.825783e-02
1.007472e-01
1.085602e-01
1.227799e-01
1.453525e-01
1.792122e-01
2.282155e-01
2.964685e-01
3.863478e-01
4.950793e-01
6.124147e-01
7.235744e-01
8.163916e-01
8.859479e-01
9.337287e-01
9.642304e-01
9.823049e-01
9.920881e-01
9.968218e-01
9.988445e-01
9.996128e-01
9.998781e-01
9.999634e-01
9.999895e-01
9.999971e-01
9.999992e-01
9.999998e-01
9.999999e-01
1.000000e+00
1.000000e+00
1.000000e+00
1.000000e+00
1.000000e+00
1.000000e+00
1.000000e+00
1.000000e+00
1.000000e+00
1.000000e+00
1.000000e+00
1.000000e+00
1.000000e+00
1.000000e+00
1.000000e+00
1.000000e+00
1.000000e+00
1.000000e+00
1.000000e+00
1.000000e+00
1.000000e+00
1.000000e+00
1.000000e+00
1.000000e+00
1.000000e+00
1.000000e+00
1.000000e+00
1.000000e+00
1.000000e+00
1.000000e+00
1.000000e+00
1.000000e+00
1.000000e+00
1.000000e+00
1.000000e+00
1.000000e+00
1.000000e+00
1.000000e+00
1.000000e+00
1.000000e+00
1.000000e+00
1.000000e+00
1.000000e+00
1.000000e+00
1.000000e+00
1.000000e+00
9.999999e-01
9.999998e-01
9.999992e-01
9.999971e-01
9.999901e-01
9.999680e-01
9.999010e-01
9.997081e-01
9.991891e-01
9.979048e-01
9.950329e-01
9.892871e-01
9.789736e-01
9.621370e-01
9.367222e-01
9.008264e-01
8.532166e-01
7.941253e-01
7.259395e-01
6.531858e-01
5.815637e-01
5.164443e-01
4.616392e-01
4.190357e-01
3.890422e-01
3.713382e-01
3.654966e-01
3.713382e-01
3.890422e-01
4.190357e-01
4.616392e-01
5.164443e-01
5.815637e-01
6.531858e-01
7.259395e-01
7.941253e-01
8.532166e-01
9.008264e-01
9.367222e-01
9.621370e-01
9.789736e-01
9.892871e-01
9.950329e-01
9.979048e-01
9.991891e-01
9.997081e-01
9.999010e-01
9.999680e-01
9.999901e-01
9.999971e-01
9.999992e-01
9.999998e-01
9.999999e-01
1.000000e+00
1.000000e+00
1.000000e+00
1.000000e+00
1.000000e+00
1.000000e+00
1.000000e+00
1.000000e+00
1.000000e+00
1.000000e+00
1.000000e+00
1.000000e+00
1.000000e+00
1.000000e+00
1.000000e+00
1.000000e+00
1.000000e+00
1.000000e+00
1.000000e+00
1.000000e+00
1.000000e+00
1.000000e+00
1.000000e+00
1.000000e+00
1.000000e+00
1.000000e+00
1.000000e+00
1.000000e+00
1.000000e+00
1.000000e+00
1.000000e+00
1.000000e+00
1.000000e+00
1.000000e+00
1.000000e+00
1.000000e+00
1.000000e+00
1.000000e+00
1.000000e+00
1.000000e+00
1.000000e+00
1.000000e+00
1.000000e+00
1.000000e+00
1.000000e+00
1.000000e+00
1.000000e+00
1.000000e+00
9.999999e-01
9.999998e-01
9.999992e-01
9.999974e-01
9.999919e-01
9.999755e-01
9.999297e-01
9.998078e-01
9.995036e-01
9.987980e-01
9.972940e-01
9.943781e-01
9.892554e-01
9.810644e-01
9.690209e-01
9.525495e-01
9.314061e-01
9.058044e-01
8.765293e-01
8.449829e-01
8.130995e-01
7.831085e-01
7.572140e-01
7.373098e-01
7.248016e-01
7.205383e-01
7.248016e-01
7.373098e-01
7.572140e-01
7.831085e-01
8.130995e-01
8.449829e-01
8.765293e-01
9.058044e-01
9.314061e-01
9.525495e-01
9.690209e-01
9.810644e-01
9.892554e-01
9.943781e-01
9.972940e-01
9.987980e-01
9.995036e-01
9.998078e-01
9.999297e-01
9.999755e-01
9.999919e-01
9.999974e-01
9.999992e-01
9.999998e-01
9.999999e-01
1.000000e+00
1.000000e+00
1.000000e+00
1.000000e+00
1.000000e+00
1.000000e+00
1.000000e+00
1.000000e+00
1.000000e+00
1.000000e+00
1.000000e+00
1.000000e+00
1.000000e+00
1.000000e+00
1.000000e+00
1.000000e+00
1.000000e+00
1.000000e+00
1.000000e+00
1.000000e+00
1.000000e+00
1.000000e+00
1.000000e+00
1.000000e+00
1.000000e+00
1.000000e+00
1.000000e+00
1.000000e+00
1.000000e+00
1.000000e+00
1.000000e+00
1.000000e+00
1.000000e+00
1.000000e+00
1.000000e+00
1.000000e+00
1.000000e+00
1.000000e+00
1.000000e+00
1.000000e+00
1.000000e+00
1.000000e+00
1.000000e+00
1.000000e+00
1.000000e+00
1.000000e+00
1.000000e+00
1.000000e+00
1.000000e+00
1.000000e+00
9.999999e-01
9.999998e-01
9.999993e-01
9.999980e-01
9.999941e-01
9.999835e-01
9.999560e-01
9.998887e-01
9.997330e-01
9.993961e-01
9.987173e-01
9.974528e-01
9.952856e-01
9.918751e-01
9.869342e-01
9.803075e-01
9.720247e-01
9.623246e-01
9.516550e-01
9.406494e-01
9.300728e-01
9.207414e-01
9.134267e-01
9.087608e-01
9.071576e-01
9.087608e-01
9.134267e-01
9.207414e-01
9.300728e-01
9.406494e-01
9.516550e-01
9.623246e-01
9.720247e-01
9.803075e-01
9.869342e-01
9.918751e-01
9.952856e-01
9.974528e-01
9.987173e-01
9.993961e-01
9.997330e-01
9.998887e-01
9.999560e-01
9.999835e-01
9.999941e-01
9.999980e-01
9.999993e-01
9.999998e-01
9.999999e-01
1.000000e+00
1.000000e+00
1.000000e+00
1.000000e+00
1.000000e+00
1.000000e+00
1.000000e+00
1.000000e+00
1.000000e+00
1.000000e+00
1.000000e+00
1.000000e+00
1.000000e+00
1.000000e+00
1.000000e+00
1.000000e+00
1.000000e+00
1.000000e+00
1.000000e+00
1.000000e+00
1.000000e+00
1.000000e+00
1.000000e+00
1.000000e+00
1.000000e+00
1.000000e+00
1.000000e+00
1.000000e+00
1.000000e+00
1.000000e+00
1.000000e+00
1.000000e+00
1.000000e+00
1.000000e+00
1.000000e+00
1.000000e+00
1.000000e+00
1.000000e+00
1.000000e+00
1.000000e+00
1.000000e+00
1.000000e+00
1.000000e+00
1.000000e+00
1.000000e+00
1.000000e+00
1.000000e+00
1.000000e+00
1.000000e+00
1.000000e+00
1.000000e+00
1.000000e+00
9.999999e-01
9.999998e-01
9.999995e-01
9.999986e-01
9.999962e-01
9.999901e-01
9.999756e-01
9.999428e-01
9.998725e-01
9.997312e-01
9.994645e-01
9.989940e-01
9.982198e-01
9.970354e-01
9.953529e-01
9.931328e-01
9.904086e-01
9.872979e-01
9.839962e-01
9.807553e-01
9.778524e-01
9.755528e-01
9.740763e-01
9.735673e-01
9.740763e-01
9.755528e-01
9.778524e-01
9.807553e-01
9.839962e-01
9.872979e-01
9.904086e-01
9.931328e-01
9.953529e-01
9.970354e-01
9.982198e-01
9.989940e-01
9.994645e-01
9.997312e-01
9.998725e-01
9.999428e-01
9.999756e-01
9.999901e-01
9.999962e-01
9.999986e-01
9.999995e-01
9.999998e-01
9.999999e-01
1.000000e+00
1.000000e+00
1.000000e+00
1.000000e+00
1.000000e+00
1.000000e+00
1.000000e+00
1.000000e+00
1.000000e+00
1.000000e+00
1.000000e+00
1.000000e+00
1.000000e+00
1.000000e+00
1.000000e+00
1.000000e+00
1.000000e+00
1.000000e+00
1.000000e+00
1.000000e+00
1.000000e+00
1.000000e+00
1.000000e+00
1.000000e+00
1.000000e+00
1.000000e+00
1.000000e+00
1.000000e+00
1.000000e+00
1.000000e+00
1.000000e+00
1.000000e+00
1.000000e+00
1.000000e+00
1.000000e+00
1.000000e+00
1.000000e+00
1.000000e+00
1.000000e+00
1.000000e+00
1.000000e+00
1.000000e+00
1.000000e+00
1.000000e+00
1.000000e+00
1.000000e+00
1.000000e+00
1.000000e+00
1.000000e+00
1.000000e+00
1.000000e+00
1.000000e+00
1.000000e+00
1.000000e+00
1.000000e+00
9.999999e-01
9.999997e-01
9.999991e-01
9.999978e-01
9.999947e-01
9.999879e-01
9.999736e-01
9.999454e-01
9.998926e-01
9.997997e-01
9.996462e-01
9.994080e-01
9.990613e-01
9.985892e-01
9.979887e-01
9.972769e-01
9.964945e-01
9.957024e-01
9.949746e-01
9.943870e-01
9.940049e-01
9.938724e-01
9.940049e-01
9.943870e-01
9.949746e-01
9.957024e-01
9.964945e-01
9.972769e-01
9.979887e-01
9.985892e-01
9.990613e-01
9.994080e-01
9.996462e-01
9.997997e-01
9.998926e-01
9.999454e-01
9.999736e-01
9.999879e-01
9.999947e-01
9.999978e-01
9.999991e-01
9.999997e-01
9.999999e-01
1.000000e+00
1.000000e+00
1.000000e+00
1.000000e+00
1.000000e+00
1.000000e+00
1.000000e+00
1.000000e+00
1.000000e+00
1.000000e+00
1.000000e+00
1.000000e+00
1.000000e+00
1.000000e+00
1.000000e+00
1.000000e+00
1.000000e+00
1.000000e+00
1.000000e+00
1.000000e+00
1.000000e+00
1.000000e+00
1.000000e+00
1.000000e+00
1.000000e+00
1.000000e+00
1.000000e+00
1.000000e+00
1.000000e+00
1.000000e+00
1.000000e+00
1.000000e+00
1.000000e+00
1.000000e+00
1.000000e+00
1.000000e+00
1.000000e+00
1.000000e+00
1.000000e+00
1.000000e+00
1.000000e+00
1.000000e+00
1.000000e+00
1.000000e+00
1.000000e+00
1.000000e+00
1.000000e+00
1.000000e+00
1.000000e+00
1.000000e+00
1.000000e+00
1.000000e+00
1.000000e+00
1.000000e+00
1.000000e+00
1.000000e+00
1.000000e+00
1.000000e+00
9.999999e-01
9.999998e-01
9.999995e-01
9.999989e-01
9.999975e-01
9.999946e-01
9.999890e-01
9.999788e-01
9.999610e-01
9.999318e-01
9.998869e-01
9.998217e-01
9.997326e-01
9.996186e-01
9.994823e-01
9.993305e-01
9.991749e-01
9.990302e-01
9.989120e-01
9.988347e-01
9.988077e-01
9.988347e-01
9.989120e-01
9.990302e-01
9.991749e-01
9.993305e-01
9.994823e-01
9.996186e-01
9.997326e-01
9.998217e-01
9.998869e-01
9.999318e-01
9.999610e-01
9.999788e-01
9.999890e-01
9.999946e-01
9.999975e-01
9.999989e-01
9.999995e-01
9.999998e-01
9.999999e-01
1.000000e+00
1.000000e+00
1.000000e+00
1.000000e+00
1.000000e+00
1.000000e+00
1.000000e+00
1.000000e+00
1.000000e+00
1.000000e+00
1.000000e+00
1.000000e+00
1.000000e+00
1.000000e+00
1.000000e+00
1.000000e+00
1.000000e+00
1.000000e+00
1.000000e+00
1.000000e+00
1.000000e+00
1.000000e+00
1.000000e+00
1.000000e+00
1.000000e+00
1.000000e+00
1.000000e+00
1.000000e+00
1.000000e+00
1.000000e+00
1.000000e+00
1.000000e+00
1.000000e+00
1.000000e+00
1.000000e+00
1.000000e+00
1.000000e+00
1.000000e+00
1.000000e+00
1.000000e+00
1.000000e+00
1.000000e+00
1.000000e+00
1.000000e+00
1.000000e+00
1.000000e+00
1.000000e+00
1.000000e+00
1.000000e+00
1.000000e+00
1.000000e+00
1.000000e+00
1.000000e+00
1.000000e+00
1.000000e+00
1.000000e+00
1.000000e+00
1.000000e+00
1.000000e+00
1.000000e+00
1.000000e+00
9.999999e-01
9.999998e-01
9.999995e-01
9.999989e-01
9.999978e-01
9.999958e-01
9.999925e-01
9.999870e-01
9.999787e-01
9.999667e-01
9.999504e-01
9.999297e-01
9.999050e-01
9.998776e-01
9.998495e-01
9.998233e-01
9.998020e-01
9.997880e-01
9.997831e-01
9.997880e-01
9.998020e-01
9.998233e-01
9.998495e-01
9.998776e-01
9.999050e-01
9.999297e-01
9.999504e-01
9.999667e-01
9.999787e-01
9.999870e-01
9.999925e-01
9.999958e-01
9.999978e-01
9.999989e-01
9.999995e-01
9.999998e-01
9.999999e-01
1.000000e+00
1.000000e+00
1.000000e+00
1.000000e+00
1.000000e+00
1.000000e+00
1.000000e+00
1.000000e+00
1.000000e+00
1.000000e+00
1.000000e+00
1.000000e+00
1.000000e+00
1.000000e+00
1.000000e+00
1.000000e+00
1.000000e+00
1.000000e+00
1.000000e+00
1.000000e+00
1.000000e+00
1.000000e+00
1.000000e+00
1.000000e+00
1.000000e+00
1.000000e+00
1.000000e+00
1.000000e+00
1.000000e+00
1.000000e+00
1.000000e+00
1.000000e+00
1.000000e+00
1.000000e+00
1.000000e+00
1.000000e+00
1.000000e+00
1.000000e+00
1.000000e+00
1.000000e+00
1.000000e+00
1.000000e+00
1.000000e+00
1.000000e+00
1.000000e+00
1.000000e+00
1.000000e+00
1.000000e+00
1.000000e+00
1.000000e+00
1.000000e+00
1.000000e+00
1.000000e+00
1.000000e+00
1.000000e+00
1.000000e+00
1.000000e+00
1.000000e+00
1.000000e+00
1.000000e+00
1.000000e+00
1.000000e+00
1.000000e+00
1.000000e+00
1.000000e+00
9.999999e-01
9.999998e-01
9.999996e-01
9.999992e-01
9.999985e-01
9.999975e-01
9.999960e-01
9.999938e-01
9.999909e-01
9.999871e-01
9.999827e-01
9.999778e-01
9.999728e-01
9.999682e-01
9.999645e-01
9.999620e-01
9.999611e-01
9.999620e-01
9.999645e-01
9.999682e-01
9.999728e-01
9.999778e-01
9.999827e-01
9.999871e-01
9.999909e-01
9.999938e-01
9.999960e-01
9.999975e-01
9.999985e-01
9.999992e-01
9.999996e-01
9.999998e-01
9.999999e-01
1.000000e+00
1.000000e+00
1.000000e+00
1.000000e+00
1.000000e+00
1.000000e+00
1.000000e+00
1.000000e+00
1.000000e+00
1.000000e+00
1.000000e+00
1.000000e+00
1.000000e+00
1.000000e+00
1.000000e+00
1.000000e+00
1.000000e+00
1.000000e+00
1.000000e+00
1.000000e+00
1.000000e+00
1.000000e+00
1.000000e+00
1.000000e+00
1.000000e+00
1.000000e+00
1.000000e+00
1.000000e+00
1.000000e+00
1.000000e+00
1.000000e+00
1.000000e+00
1.000000e+00
1.000000e+00
1.000000e+00
1.000000e+00
1.000000e+00
1.000000e+00
1.000000e+00
1.000000e+00
1.000000e+00
1.000000e+00
1.000000e+00
1.000000e+00
1.000000e+00
1.000000e+00
1.000000e+00
1.000000e+00
1.000000e+00
1.000000e+00
1.000000e+00
1.000000e+00
1.000000e+00
1.000000e+00
1.000000e+00
1.000000e+00
1.000000e+00
1.000000e+00
1.000000e+00
1.000000e+00
1.000000e+00
1.000000e+00
1.000000e+00
1.000000e+00
1.000000e+00
1.000000e+00
1.000000e+00
1.000000e+00
1.000000e+00
9.999999e-01
9.999998e-01
9.999997e-01
9.999995e-01
9.999992e-01
9.999988e-01
9.999983e-01
9.999976e-01
9.999969e-01
9.999960e-01
9.999951e-01
9.999943e-01
9.999936e-01
9.999932e-01
9.999931e-01
9.999932e-01
9.999936e-01
9.999943e-01
9.999951e-01
9.999960e-01
9.999969e-01
9.999976e-01
9.999983e-01
9.999988e-01
9.999992e-01
9.999995e-01
9.999997e-01
9.999998e-01
9.999999e-01
1.000000e+00
1.000000e+00
1.000000e+00
1.000000e+00
1.000000e+00
1.000000e+00
1.000000e+00
1.000000e+00
1.000000e+00
1.000000e+00
1.000000e+00
1.000000e+00
1.000000e+00
1.000000e+00
1.000000e+00
1.000000e+00
1.000000e+00
1.000000e+00
1.000000e+00
1.000000e+00
1.000000e+00
1.000000e+00
1.000000e+00
1.000000e+00
1.000000e+00
1.000000e+00
1.000000e+00
1.000000e+00
1.000000e+00
1.000000e+00
1.000000e+00
1.000000e+00
1.000000e+00
1.000000e+00
1.000000e+00
1.000000e+00
1.000000e+00
1.000000e+00
1.000000e+00
1.000000e+00
1.000000e+00
1.000000e+00
1.000000e+00
1.000000e+00
1.000000e+00
1.000000e+00
1.000000e+00
1.000000e+00
1.000000e+00
1.000000e+00
1.000000e+00
1.000000e+00
1.000000e+00
1.000000e+00
1.000000e+00
1.000000e+00
1.000000e+00
1.000000e+00
1.000000e+00
1.000000e+00
1.000000e+00
1.000000e+00
1.000000e+00
1.000000e+00
1.000000e+00
1.000000e+00
1.000000e+00
1.000000e+00
1.000000e+00
1.000000e+00
1.000000e+00
1.000000e+00
1.000000e+00
9.999999e-01
9.999999e-01
9.999999e-01
9.999998e-01
9.999997e-01
9.999996e-01
9.999994e-01
9.999993e-01
9.999991e-01
9.999990e-01
9.999989e-01
9.999988e-01
9.999988e-01
9.999988e-01
9.999989e-01
9.999990e-01
9.999991e-01
9.999993e-01
9.999994e-01
9.999996e-01
9.999997e-01
9.999998e-01
9.999999e-01
9.999999e-01
9.999999e-01
1.000000e+00
1.000000e+00
1.000000e+00
1.000000e+00
1.000000e+00
1.000000e+00
1.000000e+00
1.000000e+00
1.000000e+00
1.000000e+00
1.000000e+00
1.000000e+00
1.000000e+00
1.000000e+00
1.000000e+00
1.000000e+00
1.000000e+00
1.000000e+00
1.000000e+00
1.000000e+00
1.000000e+00
1.000000e+00
1.000000e+00
1.000000e+00
1.000000e+00
1.000000e+00
1.000000e+00
1.000000e+00
1.000000e+00
1.000000e+00
1.000000e+00
1.000000e+00
1.000000e+00
1.000000e+00
1.000000e+00
1.000000e+00
1.000000e+00
1.000000e+00
1.000000e+00
1.000000e+00
1.000000e+00
1.000000e+00
1.000000e+00
1.000000e+00
1.000000e+00
1.000000e+00
1.000000e+00
1.000000e+00
1.000000e+00
1.000000e+00
1.000000e+00
1.000000e+00
1.000000e+00
1.000000e+00
1.000000e+00
1.000000e+00
1.000000e+00
1.000000e+00
1.000000e+00
1.000000e+00
1.000000e+00
1.000000e+00
1.000000e+00
1.000000e+00
1.000000e+00
1.000000e+00
1.000000e+00
1.000000e+00
1.000000e+00
1.000000e+00
1.000000e+00
1.000000e+00
1.000000e+00
1.000000e+00
1.000000e+00
1.000000e+00
1.000000e+00
1.000000e+00
1.000000e+00
9.999999e-01
9.999999e-01
9.999999e-01
9.999999e-01
9.999998e-01
9.999998e-01
9.999998e-01
9.999998e-01
9.999998e-01
9.999998e-01
9.999998e-01
9.999998e-01
9.999998e-01
9.999999e-01
9.999999e-01
9.999999e-01
9.999999e-01
1.000000e+00
1.000000e+00
1.000000e+00
1.000000e+00
1.000000e+00
1.000000e+00
1.000000e+00
1.000000e+00
1.000000e+00
1.000000e+00
1.000000e+00
1.000000e+00
1.000000e+00
1.000000e+00
1.000000e+00
1.000000e+00
1.000000e+00
1.000000e+00
1.000000e+00
1.000000e+00
1.000000e+00
1.000000e+00
1.000000e+00
1.000000e+00
1.000000e+00
1.000000e+00
1.000000e+00
1.000000e+00
1.000000e+00
1.000000e+00
1.000000e+00
1.000000e+00
1.000000e+00
1.000000e+00
1.000000e+00
1.000000e+00
1.000000e+00
1.000000e+00
1.000000e+00
1.000000e+00
1.000000e+00
1.000000e+00
1.000000e+00
1.000000e+00
1.000000e+00
1.000000e+00
1.000000e+00
1.000000e+00
1.000000e+00
1.000000e+00
1.000000e+00
1.000000e+00
1.000000e+00
1.000000e+00
1.000000e+00
1.000000e+00
1.000000e+00
1.000000e+00
1.000000e+00
1.000000e+00
1.000000e+00
1.000000e+00
1.000000e+00
1.000000e+00
1.000000e+00
1.000000e+00
1.000000e+00
1.000000e+00
1.000000e+00
1.000000e+00
1.000000e+00
1.000000e+00
1.000000e+00
1.000000e+00
1.000000e+00
1.000000e+00
1.000000e+00
1.000000e+00
1.000000e+00
1.000000e+00
1.000000e+00
1.000000e+00
1.000000e+00
1.000000e+00
1.000000e+00
1.000000e+00
1.000000e+00
1.000000e+00
1.000000e+00
1.000000e+00
1.000000e+00
1.000000e+00
1.000000e+00
1.000000e+00
1.000000e+00
1.000000e+00
1.000000e+00
1.000000e+00
1.000000e+00
1.000000e+00
1.000000e+00
1.000000e+00
1.000000e+00
1.000000e+00
1.000000e+00
1.000000e+00
1.000000e+00
1.000000e+00
1.000000e+00
1.000000e+00
1.000000e+00
1.000000e+00
1.000000e+00
1.000000e+00
1.000000e+00
1.000000e+00
1.000000e+00
1.000000e+00
1.000000e+00
1.000000e+00
1.000000e+00
1.000000e+00
1.000000e+00
1.000000e+00
1.000000e+00
1.000000e+00
1.000000e+00
1.000000e+00
1.000000e+00
1.000000e+00
1.000000e+00
1.000000e+00
1.000000e+00
1.000000e+00
1.000000e+00
1.000000e+00
1.000000e+00
1.000000e+00
1.000000e+00
1.000000e+00
1.000000e+00
1.000000e+00
1.000000e+00
1.000000e+00
1.000000e+00
1.000000e+00
1.000000e+00
1.000000e+00
1.000000e+00
1.000000e+00
1.000000e+00
1.000000e+00
1.000000e+00
1.000000e+00
1.000000e+00
1.000000e+00
1.000000e+00
1.000000e+00
1.000000e+00
1.000000e+00
1.000000e+00
1.000000e+00
1.000000e+00
1.000000e+00
1.000000e+00
1.000000e+00
1.000000e+00
1.000000e+00
1.000000e+00
1.000000e+00
1.000000e+00
1.000000e+00
1.000000e+00
1.000000e+00
1.000000e+00
1.000000e+00
1.000000e+00
1.000000e+00
1.000000e+00
1.000000e+00
1.000000e+00
1.000000e+00
1.000000e+00
1.000000e+00
1.000000e+00
1.000000e+00
1.000000e+00
1.000000e+00
1.000000e+00
1.000000e+00
1.000000e+00
1.000000e+00
1.000000e+00
1.000000e+00
1.000000e+00
1.000000e+00
1.000000e+00
1.000000e+00
1.000000e+00
1.000000e+00
1.000000e+00
1.000000e+00
1.000000e+00
1.000000e+00
1.000000e+00
1.000000e+00
1.000000e+00
1.000000e+00
1.000000e+00
1.000000e+00
1.000000e+00
1.000000e+00
1.000000e+00
1.000000e+00
1.000000e+00
1.000000e+00
1.000000e+00
1.000000e+00
1.000000e+00
1.000000e+00
1.000000e+00
1.000000e+00
1.000000e+00
1.000000e+00
1.000000e+00
1.000000e+00
1.000000e+00
1.000000e+00
1.000000e+00
1.000000e+00
1.000000e+00
1.000000e+00
1.000000e+00
1.000000e+00
1.000000e+00
1.000000e+00
1.000000e+00
1.000000e+00
1.000000e+00
1.000000e+00
1.000000e+00
1.000000e+00
1.000000e+00
1.000000e+00
1.000000e+00
1.000000e+00
1.000000e+00
1.000000e+00
1.000000e+00
1.000000e+00
1.000000e+00
1.000000e+00
1.000000e+00
1.000000e+00
1.000000e+00
1.000000e+00
1.000000e+00
1.000000e+00
1.000000e+00
1.000000e+00
1.000000e+00
1.000000e+00
1.000000e+00
1.000000e+00
1.000000e+00
1.000000e+00
1.000000e+00
1.000000e+00
1.000000e+00
1.000000e+00
1.000000e+00
1.000000e+00
1.000000e+00
1.000000e+00
1.000000e+00
1.000000e+00
1.000000e+00
1.000000e+00
1.000000e+00
1.000000e+00
1.000000e+00
1.000000e+00
1.000000e+00
1.000000e+00
1.000000e+00
1.000000e+00
1.000000e+00
1.000000e+00
1.000000e+00
1.000000e+00
1.000000e+00
1.000000e+00
1.000000e+00
1.000000e+00
1.000000e+00
1.000000e+00
1.000000e+00
1.000000e+00
1.000000e+00
1.000000e+00
1.000000e+00
1.000000e+00
1.000000e+00
1.000000e+00
1.000000e+00
1.000000e+00
1.000000e+00
1.000000e+00
1.000000e+00
1.000000e+00
1.000000e+00
1.000000e+00
1.000000e+00
1.000000e+00
1.000000e+00
1.000000e+00
1.000000e+00
1.000000e+00
1.000000e+00
1.000000e+00
1.000000e+00
1.000000e+00
1.000000e+00
1.000000e+00
1.000000e+00
1.000000e+00
1.000000e+00
1.000000e+00
1.000000e+00
1.000000e+00
1.000000e+00
1.000000e+00
1.000000e+00
1.000000e+00
1.000000e+00
1.000000e+00
1.000000e+00
1.000000e+00
1.000000e+00
1.000000e+00
1.000000e+00
1.000000e+00
1.000000e+00
1.000000e+00
1.000000e+00
1.000000e+00
1.000000e+00
1.000000e+00
1.000000e+00
1.000000e+00
1.000000e+00
1.000000e+00
1.000000e+00
1.000000e+00
1.000000e+00
1.000000e+00
1.000000e+00
1.000000e+00
1.000000e+00
1.000000e+00
1.000000e+00
1.000000e+00
1.000000e+00
1.000000e+00
1.000000e+00
1.000000e+00
1.000000e+00
1.000000e+00
1.000000e+00
1.000000e+00
1.000000e+00
1.000000e+00
1.000000e+00
1.000000e+00
1.000000e+00
1.000000e+00
1.000000e+00
1.000000e+00
1.000000e+00
1.000000e+00
1.000000e+00
1.000000e+00
1.000000e+00
1.000000e+00
1.000000e+00
1.000000e+00
1.000000e+00
1.000000e+00
1.000000e+00
1.000000e+00
1.000000e+00
1.000000e+00
1.000000e+00
1.000000e+00
1.000000e+00
1.000000e+00
1.000000e+00
1.000000e+00
1.000000e+00
1.000000e+00
1.000000e+00
1.000000e+00
1.000000e+00
1.000000e+00
1.000000e+00
1.000000e+00
1.000000e+00
1.000000e+00
1.000000e+00
1.000000e+00
1.000000e+00
1.000000e+00
1.000000e+00
1.000000e+00
1.000000e+00
1.000000e+00
1.000000e+00
1.000000e+00
1.000000e+00
1.000000e+00
1.000000e+00
1.000000e+00
1.000000e+00
1.000000e+00
1.000000e+00
1.000000e+00
1.000000e+00
1.000000e+00
1.000000e+00
1.000000e+00
1.000000e+00
1.000000e+00
1.000000e+00
1.000000e+00
1.000000e+00
1.000000e+00
1.000000e+00
1.000000e+00
1.000000e+00
1.000000e+00
1.000000e+00
1.000000e+00
1.000000e+00
1.000000e+00
1.000000e+00
1.000000e+00
1.000000e+00
1.000000e+00
1.000000e+00
1.000000e+00
1.000000e+00
1.000000e+00
1.000000e+00
1.000000e+00
1.000000e+00
1.000000e+00
1.000000e+00
1.000000e+00
1.000000e+00
1.000000e+00
1.000000e+00
1.000000e+00
1.000000e+00
1.000000e+00
1.000000e+00
1.000000e+00
1.000000e+00
1.000000e+00
1.000000e+00
1.000000e+00
1.000000e+00
1.000000e+00
1.000000e+00
1.000000e+00
1.000000e+00
1.000000e+00
1.000000e+00
1.000000e+00
1.000000e+00
1.000000e+00
1.000000e+00
1.000000e+00
1.000000e+00
1.000000e+00
1.000000e+00
1.000000e+00
1.000000e+00
1.000000e+00
1.000000e+00
1.000000e+00
1.000000e+00
1.000000e+00
1.000000e+00
1.000000e+00
1.000000e+00
1.000000e+00
1.000000e+00
1.000000e+00
1.000000e+00
1.000000e+00
1.000000e+00
1.000000e+00
1.000000e+00
1.000000e+00
1.000000e+00
1.000000e+00
1.000000e+00
1.000000e+00
1.000000e+00
1.000000e+00
1.000000e+00
1.000000e+00
1.000000e+00
1.000000e+00
1.000000e+00
1.000000e+00
1.000000e+00
1.000000e+00
1.000000e+00
1.000000e+00
1.000000e+00
1.000000e+00
1.000000e+00
1.000000e+00
1.000000e+00
1.000000e+00
1.000000e+00
1.000000e+00
1.000000e+00
1.000000e+00
1.000000e+00
1.000000e+00
1.000000e+00
1.000000e+00
1.000000e+00
1.000000e+00
1.000000e+00
1.000000e+00
1.000000e+00
1.000000e+00
1.000000e+00
1.000000e+00
1.000000e+00
1.000000e+00
1.000000e+00
1.000000e+00
1.000000e+00
1.000000e+00
1.000000e+00
1.000000e+00
1.000000e+00
1.000000e+00
1.000000e+00
1.000000e+00
1.000000e+00
1.000000e+00
1.000000e+00
1.000000e+00
1.000000e+00
1.000000e+00
1.000000e+00
1.000000e+00
1.000000e+00
1.000000e+00
1.000000e+00
1.000000e+00
1.000000e+00
1.000000e+00
1.000000e+00
1.000000e+00
1.000000e+00
1.000000e+00
1.000000e+00
1.000000e+00
1.000000e+00
1.000000e+00
1.000000e+00
1.000000e+00
1.000000e+00
1.000000e+00
1.000000e+00
1.000000e+00
1.000000e+00
1.000000e+00
1.000000e+00
1.000000e+00
1.000000e+00
1.000000e+00
1.000000e+00
1.000000e+00
1.000000e+00
1.000000e+00
1.000000e+00
1.000000e+00
1.000000e+00
1.000000e+00
1.000000e+00
1.000000e+00
1.000000e+00
1.000000e+00
1.000000e+00
1.000000e+00
1.000000e+00
1.000000e+00
1.000000e+00
1.000000e+00
1.000000e+00
1.000000e+00
1.000000e+00
1.000000e+00
1.000000e+00
1.000000e+00
1.000000e+00
1.000000e+00
1.000000e+00
1.000000e+00
1.000000e+00
1.000000e+00
1.000000e+00
1.000000e+00
1.000000e+00
1.000000e+00
1.000000e+00
1.000000e+00
1.000000e+00
1.000000e+00
1.000000e+00
1.000000e+00
1.000000e+00
1.000000e+00
1.000000e+00
1.000000e+00
1.000000e+00
1.000000e+00
1.000000e+00
1.000000e+00
1.000000e+00
1.000000e+00
1.000000e+00
1.000000e+00
1.000000e+00
1.000000e+00
1.000000e+00
1.000000e+00
1.000000e+00
1.000000e+00
1.000000e+00
1.000000e+00
1.000000e+00
1.000000e+00
1.000000e+00
1.000000e+00
1.000000e+00
1.000000e+00
1.000000e+00
1.000000e+00
1.000000e+00
1.000000e+00
1.000000e+00
1.000000e+00
1.000000e+00
1.000000e+00
1.000000e+00
1.000000e+00
1.000000e+00
1.000000e+00
1.000000e+00
1.000000e+00
1.000000e+00
1.000000e+00
1.000000e+00
1.000000e+00
1.000000e+00
1.000000e+00
1.000000e+00
1.000000e+00
1.000000e+00
1.000000e+00
1.000000e+00
1.000000e+00
1.000000e+00
1.000000e+00
1.000000e+00
1.000000e+00
1.000000e+00
1.000000e+00
1.000000e+00
1.000000e+00
1.000000e+00
1.000000e+00
1.000000e+00
1.000000e+00
1.000000e+00
1.000000e+00
1.000000e+00
1.000000e+00
1.000000e+00
1.000000e+00
1.000000e+00
1.000000e+00
1.000000e+00
1.000000e+00
1.000000e+00
1.000000e+00
1.000000e+00
1.000000e+00
1.000000e+00
1.000000e+00
1.000000e+00
1.000000e+00
1.000000e+00
1.000000e+00
1.000000e+00
1.000000e+00
1.000000e+00
1.000000e+00
1.000000e+00
1.000000e+00
1.000000e+00
1.000000e+00
1.000000e+00
1.000000e+00
1.000000e+00
1.000000e+00
1.000000e+00
1.000000e+00
1.000000e+00
1.000000e+00
1.000000e+00
1.000000e+00
1.000000e+00
1.000000e+00
1.000000e+00
1.000000e+00
1.000000e+00
1.000000e+00
1.000000e+00
1.000000e+00
1.000000e+00
1.000000e+00
1.000000e+00
1.000000e+00
1.000000e+00
1.000000e+00
1.000000e+00
1.000000e+00
1.000000e+00
1.000000e+00
1.000000e+00
1.000000e+00
1.000000e+00
1.000000e+00
1.000000e+00
1.000000e+00
1.000000e+00
1.000000e+00
1.000000e+00
1.000000e+00
1.000000e+00
1.000000e+00
1.000000e+00
1.000000e+00
1.000000e+00
1.000000e+00
1.000000e+00
1.000000e+00
1.000000e+00
1.000000e+00
1.000000e+00
1.000000e+00
1.000000e+00
1.000000e+00
1.000000e+00
1.000000e+00
1.000000e+00
1.000000e+00
1.000000e+00
1.000000e+00
1.000000e+00
1.000000e+00
1.000000e+00
1.000000e+00
1.000000e+00
1.000000e+00
1.000000e+00
1.000000e+00
1.000000e+00
1.000000e+00
1.000000e+00
1.000000e+00
1.000000e+00
1.000000e+00
1.000000e+00
1.000000e+00
1.000000e+00
1.000000e+00
1.000000e+00
1.000000e+00
1.000000e+00
1.000000e+00
1.000000e+00
1.000000e+00
1.000000e+00
1.000000e+00
1.000000e+00
1.000000e+00
1.000000e+00
1.000000e+00
1.000000e+00
1.000000e+00
1.000000e+00
1.000000e+00
1.000000e+00
1.000000e+00
1.000000e+00
1.000000e+00
1.000000e+00
1.000000e+00
1.000000e+00
1.000000e+00
1.000000e+00
1.000000e+00
1.000000e+00
1.000000e+00
1.000000e+00
1.000000e+00
1.000000e+00
1.000000e+00
1.000000e+00
1.000000e+00
1.000000e+00
1.000000e+00
1.000000e+00
1.000000e+00
1.000000e+00
1.000000e+00
1.000000e+00
1.000000e+00
1.000000e+00
1.000000e+00
1.000000e+00
1.000000e+00
1.000000e+00
1.000000e+00
1.000000e+00
1.000000e+00
1.000000e+00
1.000000e+00
1.000000e+00
1.000000e+00
1.000000e+00
1.000000e+00
1.000000e+00
1.000000e+00
1.000000e+00
1.000000e+00
1.000000e+00
1.000000e+00
1.000000e+00
1.000000e+00
1.000000e+00
1.000000e+00
1.000000e+00
1.000000e+00
1.000000e+00
1.000000e+00
1.000000e+00
1.000000e+00
1.000000e+00
1.000000e+00
1.000000e+00
1.000000e+00
1.000000e+00
1.000000e+00
1.000000e+00
1.000000e+00
1.000000e+00
1.000000e+00
1.000000e+00
1.000000e+00
1.000000e+00
1.000000e+00
1.000000e+00
1.000000e+00
1.000000e+00
1.000000e+00
1.000000e+00
1.000000e+00
1.000000e+00
1.000000e+00
1.000000e+00
1.000000e+00
1.000000e+00
1.000000e+00
1.000000e+00
1.000000e+00
1.000000e+00
1.000000e+00
1.000000e+00
1.000000e+00
1.000000e+00
1.000000e+00
1.000000e+00
1.000000e+00
1.000000e+00
1.000000e+00
1.000000e+00
1.000000e+00
1.000000e+00
1.000000e+00
1.000000e+00
1.000000e+00
1.000000e+00
1.000000e+00
1.000000e+00
1.000000e+00
1.000000e+00
1.000000e+00
1.000000e+00
1.000000e+00
1.000000e+00
1.000000e+00
1.000000e+00
1.000000e+00
1.000000e+00
1.000000e+00
1.000000e+00
1.000000e+00
1.000000e+00
1.000000e+00
1.000000e+00
1.000000e+00
1.000000e+00
1.000000e+00
1.000000e+00
1.000000e+00
1.000000e+00
1.000000e+00
1.000000e+00
1.000000e+00
1.000000e+00
1.000000e+00
1.000000e+00
1.000000e+00
1.000000e+00
1.000000e+00
1.000000e+00
1.000000e+00
1.000000e+00
1.000000e+00
1.000000e+00
1.000000e+00
1.000000e+00
1.000000e+00
1.000000e+00
1.000000e+00
1.000000e+00
1.000000e+00
1.000000e+00
1.000000e+00
1.000000e+00
1.000000e+00
1.000000e+00
1.000000e+00
1.000000e+00
1.000000e+00
1.000000e+00
1.000000e+00
1.000000e+00
1.000000e+00
1.000000e+00
1.000000e+00
1.000000e+00
1.000000e+00
1.000000e+00
1.000000e+00
1.000000e+00
1.000000e+00
1.000000e+00
1.000000e+00
1.000000e+00
1.000000e+00
1.000000e+00
1.000000e+00
1.000000e+00
1.000000e+00
1.000000e+00
1.000000e+00
1.000000e+00
1.000000e+00
1.000000e+00
1.000000e+00
1.000000e+00
1.000000e+00
1.000000e+00
1.000000e+00
1.000000e+00
1.000000e+00
1.000000e+00
1.000000e+00
1.000000e+00
1.000000e+00
1.000000e+00
1.000000e+00
1.000000e+00
1.000000e+00
1.000000e+00
1.000000e+00
1.000000e+00
1.000000e+00
1.000000e+00
1.000000e+00
1.000000e+00
1.000000e+00
1.000000e+00
1.000000e+00
1.000000e+00
1.000000e+00
1.000000e+00
1.000000e+00
1.000000e+00
1.000000e+00
1.000000e+00
1.000000e+00
1.000000e+00
1.000000e+00
1.000000e+00
1.000000e+00
1.000000e+00
1.000000e+00
1.000000e+00
1.000000e+00
1.000000e+00
1.000000e+00
1.000000e+00
1.000000e+00
1.000000e+00
1.000000e+00
1.000000e+00
1.000000e+00
1.000000e+00
1.000000e+00
1.000000e+00
1.000000e+00
1.000000e+00
1.000000e+00
1.000000e+00
1.000000e+00
1.000000e+00
1.000000e+00
1.000000e+00
1.000000e+00
1.000000e+00
1.000000e+00
1.000000e+00
1.000000e+00
1.000000e+00
1.000000e+00
1.000000e+00
1.000000e+00
1.000000e+00
1.000000e+00
1.000000e+00
1.000000e+00
1.000000e+00
1.000000e+00
1.000000e+00
1.000000e+00
1.000000e+00
1.000000e+00
1.000000e+00
1.000000e+00
1.000000e+00
1.000000e+00
1.000000e+00
1.000000e+00
1.000000e+00
1.000000e+00
1.000000e+00
1.000000e+00
1.000000e+00
1.000000e+00
1.000000e+00
1.000000e+00
1.000000e+00
1.000000e+00
1.000000e+00
1.000000e+00
1.000000e+00
1.000000e+00
1.000000e+00
1.000000e+00
1.000000e+00
1.000000e+00
1.000000e+00
1.000000e+00
1.000000e+00
1.000000e+00
1.000000e+00
1.000000e+00
1.000000e+00
1.000000e+00
1.000000e+00
1.000000e+00
1.000000e+00
1.000000e+00
1.000000e+00
1.000000e+00
1.000000e+00
1.000000e+00
1.000000e+00
1.000000e+00
1.000000e+00
1.000000e+00
1.000000e+00
1.000000e+00
1.000000e+00
1.000000e+00
1.000000e+00
1.000000e+00
1.000000e+00
1.000000e+00
1.000000e+00
1.000000e+00
1.000000e+00
1.000000e+00
1.000000e+00
1.000000e+00
1.000000e+00
1.000000e+00
1.000000e+00
1.000000e+00
1.000000e+00
1.000000e+00
1.000000e+00
1.000000e+00
1.000000e+00
1.000000e+00
1.000000e+00
1.000000e+00
1.000000e+00
1.000000e+00
1.000000e+00
1.000000e+00
1.000000e+00
1.000000e+00
1.000000e+00
1.000000e+00
1.000000e+00
1.000000e+00
1.000000e+00
1.000000e+00
1.000000e+00
1.000000e+00
1.000000e+00
1.000000e+00
1.000000e+00
1.000000e+00
1.000000e+00
1.000000e+00
1.000000e+00
1.000000e+00
1.000000e+00
1.000000e+00
1.000000e+00
1.000000e+00
1.000000e+00
1.000000e+00
1.000000e+00
1.000000e+00
1.000000e+00
1.000000e+00
1.000000e+00
1.000000e+00
1.000000e+00
1.000000e+00
1.000000e+00
1.000000e+00
1.000000e+00
1.000000e+00
1.000000e+00
1.000000e+00
1.000000e+00
1.000000e+00
1.000000e+00
1.000000e+00
1.000000e+00
1.000000e+00
1.000000e+00
1.000000e+00
1.000000e+00
1.000000e+00
1.000000e+00
1.000000e+00
1.000000e+00
1.000000e+00
1.000000e+00
1.000000e+00
1.000000e+00
1.000000e+00
1.000000e+00
1.000000e+00
1.000000e+00
1.000000e+00
1.000000e+00
1.000000e+00
1.000000e+00
1.000000e+00
1.000000e+00
1.000000e+00
1.000000e+00
1.000000e+00
1.000000e+00
1.000000e+00
1.000000e+00
1.000000e+00
1.000000e+00
1.000000e+00
1.000000e+00
1.000000e+00
1.000000e+00
1.000000e+00
1.000000e+00
1.000000e+00
1.000000e+00
1.000000e+00
1.000000e+00
1.000000e+00
1.000000e+00
1.000000e+00
1.000000e+00
1.000000e+00
1.000000e+00
1.000000e+00
1.000000e+00
1.000000e+00
1.000000e+00
1.000000e+00
1.000000e+00
1.000000e+00
1.000000e+00
1.000000e+00
1.000000e+00
1.000000e+00
1.000000e+00
1.000000e+00
1.000000e+00
1.000000e+00
1.000000e+00
1.000000e+00
1.000000e+00
1.000000e+00
1.000000e+00
1.000000e+00
1.000000e+00
1.000000e+00
1.000000e+00
1.000000e+00
1.000000e+00
1.000000e+00
1.000000e+00
1.000000e+00
1.000000e+00
1.000000e+00
1.000000e+00
1.000000e+00
1.000000e+00
1.000000e+00
1.000000e+00
1.000000e+00
1.000000e+00
1.000000e+00
1.000000e+00
1.000000e+00
1.000000e+00
1.000000e+00
1.000000e+00
1.000000e+00
1.000000e+00
1.000000e+00
1.000000e+00
1.000000e+00
1.000000e+00
1.000000e+00
1.000000e+00
1.000000e+00
1.000000e+00
1.000000e+00
1.000000e+00
1.000000e+00
1.000000e+00
1.000000e+00
1.000000e+00
1.000000e+00
1.000000e+00
1.000000e+00
1.000000e+00
1.000000e+00
1.000000e+00
1.000000e+00
1.000000e+00
1.000000e+00
1.000000e+00
1.000000e+00
1.000000e+00
1.000000e+00
1.000000e+00
1.000000e+00
1.000000e+00
1.000000e+00
1.000000e+00
1.000000e+00
1.000000e+00
1.000000e+00
1.000000e+00
1.000000e+00
1.000000e+00
1.000000e+00
1.000000e+00
1.000000e+00
1.000000e+00
1.000000e+00
1.000000e+00
1.000000e+00
1.000000e+00
1.000000e+00
1.000000e+00
1.000000e+00
1.000000e+00
1.000000e+00
1.000000e+00
1.000000e+00
1.000000e+00
1.000000e+00
1.000000e+00
1.000000e+00
1.000000e+00
1.000000e+00
1.000000e+00
1.000000e+00
1.000000e+00
1.000000e+00
1.000000e+00
1.000000e+00
1.000000e+00
1.000000e+00
1.000000e+00
1.000000e+00
1.000000e+00
1.000000e+00
1.000000e+00
1.000000e+00
1.000000e+00
1.000000e+00
1.000000e+00
1.000000e+00
1.000000e+00
1.000000e+00
1.000000e+00
1.000000e+00
1.000000e+00
1.000000e+00
1.000000e+00
1.000000e+00
1.000000e+00
1.000000e+00
1.000000e+00
1.000000e+00
1.000000e+00
1.000000e+00
1.000000e+00
1.000000e+00
1.000000e+00
1.000000e+00
1.000000e+00
1.000000e+00
1.000000e+00
1.000000e+00
1.000000e+00
1.000000e+00
1.000000e+00
1.000000e+00
1.000000e+00
1.000000e+00
1.000000e+00
1.000000e+00
1.000000e+00
1.000000e+00
1.000000e+00
1.000000e+00
1.000000e+00
1.000000e+00
1.000000e+00
1.000000e+00
1.000000e+00
1.000000e+00
1.000000e+00
1.000000e+00
1.000000e+00
1.000000e+00
1.000000e+00
1.000000e+00
1.000000e+00
1.000000e+00
1.000000e+00
1.000000e+00
1.000000e+00
1.000000e+00
1.000000e+00
1.000000e+00
1.000000e+00
1.000000e+00
1.000000e+00
1.000000e+00
1.000000e+00
1.000000e+00
1.000000e+00
1.000000e+00
1.000000e+00
1.000000e+00
1.000000e+00
1.000000e+00
1.000000e+00
1.000000e+00
1.000000e+00
1.000000e+00
1.000000e+00
1.000000e+00
1.000000e+00
1.000000e+00
1.000000e+00
1.000000e+00
1.000000e+00
1.000000e+00
1.000000e+00
1.000000e+00
1.000000e+00
1.000000e+00
1.000000e+00
1.000000e+00
1.000000e+00
1.000000e+00
1.000000e+00
1.000000e+00
1.000000e+00
1.000000e+00
1.000000e+00
1.000000e+00
1.000000e+00
1.000000e+00
1.000000e+00
1.000000e+00
1.000000e+00
1.000000e+00
1.000000e+00
1.000000e+00
1.000000e+00
1.000000e+00
1.000000e+00
1.000000e+00
1.000000e+00
1.000000e+00
1.000000e+00
1.000000e+00
1.000000e+00
1.000000e+00
1.000000e+00
1.000000e+00
1.000000e+00
1.000000e+00
1.000000e+00
1.000000e+00
1.000000e+00
1.000000e+00
1.000000e+00
1.000000e+00
1.000000e+00
1.000000e+00
1.000000e+00
1.000000e+00
1.000000e+00
1.000000e+00
1.000000e+00
1.000000e+00
1.000000e+00
1.000000e+00
1.000000e+00
1.000000e+00
1.000000e+00
1.000000e+00
1.000000e+00
1.000000e+00
1.000000e+00
1.000000e+00
1.000000e+00
1.000000e+00
1.000000e+00
1.000000e+00
1.000000e+00
1.000000e+00
1.000000e+00
1.000000e+00
1.000000e+00
1.000000e+00
1.000000e+00
1.000000e+00
1.000000e+00
1.000000e+00
1.000000e+00
1.000000e+00
1.000000e+00
1.000000e+00
1.000000e+00
1.000000e+00
1.000000e+00
1.000000e+00
1.000000e+00
1.000000e+00
1.000000e+00
1.000000e+00
1.000000e+00
1.000000e+00
1.000000e+00
1.000000e+00
1.000000e+00
1.000000e+00
1.000000e+00
1.000000e+00
1.000000e+00
1.000000e+00
1.000000e+00
1.000000e+00
1.000000e+00
1.000000e+00
1.000000e+00
1.000000e+00
1.000000e+00
1.000000e+00
1.000000e+00
1.000000e+00
1.000000e+00
