3.595949e-17
3.596130e-17
3.596546e-17
3.597301e-17
3.598558e-17
3.600541e-17
3.603532e-17
3.607874e-17
3.613970e-17
3.622282e-17
3.633330e-17
3.647686e-17
3.665971e-17
3.688843e-17
3.716971e-17
3.751015e-17
3.791579e-17
3.839165e-17
3.894111e-17
3.956531e-17
4.026268e-17
4.102883e-17
4.185694e-17
4.273919e-17
4.366875e-17
4.464159e-17
4.565606e-17
4.670943e-17
4.779356e-17
4.889468e-17
4.999756e-17
5.108609e-17
5.213201e-17
5.308143e-17
5.387597e-17
5.451341e-17
5.503607e-17
5.544536e-17
5.574792e-17
5.609452e-17
5.683066e-17
5.829257e-17
6.132369e-17
6.683921e-17
7.447763e-17
8.287264e-17
9.085070e-17
9.762401e-17
1.027068e-16
1.058612e-16
1.069201e-16
1.058156e-16
1.026505e-16
9.761444e-17
9.093480e-17
8.304408e-17
7.467704e-17
6.699505e-17
6.139986e-17
5.831234e-17
5.683920e-17
5.611518e-17
5.577268e-17
5.545734e-17
5.502170e-17
5.445598e-17
5.375398e-17
5.288099e-17
5.185650e-17
5.075183e-17
4.962480e-17
4.850218e-17
4.739692e-17
4.632056e-17
4.528309e-17
4.428916e-17
4.333893e-17
4.243252e-17
4.157331e-17
4.076793e-17
4.002418e-17
3.934886e-17
3.874630e-17
3.821797e-17
3.776252e-17
3.737642e-17
3.705445e-17
3.679041e-17
3.657758e-17
3.640912e-17
3.627841e-17
3.617921e-17
3.610579e-17
3.605300e-17
3.601630e-17
3.599178e-17
3.597618e-17
3.596686e-17
3.596180e-17
3.595960e-17
3.593920e-17
3.594001e-17
3.594306e-17
3.594943e-17
3.596077e-17
3.597932e-17
3.600792e-17
3.604999e-17
3.610956e-17
3.619123e-17
3.630017e-17
3.644213e-17
3.662333e-17
3.685037e-17
3.713009e-17
3.746923e-17
3.787409e-17
3.834999e-17
3.890068e-17
3.952767e-17
4.022967e-17
4.100233e-17
4.183860e-17
4.273024e-17
4.367051e-17
4.465725e-17
4.569380e-17
4.678519e-17
4.793183e-17
4.912990e-17
5.037994e-17
5.168346e-17
5.300595e-17
5.423358e-17
5.524128e-17
5.606656e-17
5.673671e-17
5.705732e-17
5.722646e-17
5.772604e-17
5.893858e-17
5.943665e-17
6.095972e-17
6.615125e-17
7.436759e-17
8.323228e-17
9.153724e-17
9.850805e-17
1.036601e-16
1.068996e-16
1.080067e-16
1.068496e-16
1.036023e-16
9.850797e-17
9.164734e-17
8.343533e-17
7.457323e-17
6.629347e-17
6.103418e-17
5.946531e-17
5.894682e-17
5.773406e-17
5.724850e-17
5.710187e-17
5.679254e-17
5.609626e-17
5.518894e-17
5.406379e-17
5.272893e-17
5.133233e-17
4.998627e-17
4.871764e-17
4.751875e-17
4.638406e-17
4.531265e-17
4.429996e-17
4.333822e-17
4.242276e-17
4.155536e-17
4.074283e-17
3.999354e-17
3.931457e-17
3.871023e-17
3.818168e-17
3.772722e-17
3.734289e-17
3.702317e-17
3.676155e-17
3.655109e-17
3.638482e-17
3.625603e-17
3.615842e-17
3.608625e-17
3.603435e-17
3.599822e-17
3.597395e-17
3.595832e-17
3.594870e-17
3.594311e-17
3.594019e-17
3.591725e-17
3.591658e-17
3.591747e-17
3.592101e-17
3.592886e-17
3.594330e-17
3.596716e-17
3.600387e-17
3.605743e-17
3.613246e-17
3.623414e-17
3.636825e-17
3.654115e-17
3.675966e-17
3.703099e-17
3.736245e-17
3.776110e-17
3.823319e-17
3.878350e-17
3.941451e-17
4.012554e-17
4.091199e-17
4.176515e-17
4.267351e-17
4.362688e-17
4.462349e-17
4.567576e-17
4.680461e-17
4.801972e-17
4.931444e-17
5.070359e-17
5.224559e-17
5.396588e-17
5.564624e-17
5.679820e-17
5.768727e-17
5.890632e-17
5.882303e-17
5.852973e-17
5.792221e-17
6.268536e-17
5.974741e-17
5.613999e-17
6.210867e-17
7.398280e-17
8.415504e-17
9.360400e-17
1.013125e-16
1.064637e-16
1.100910e-16
1.114245e-16
1.099911e-16
1.063339e-16
1.012574e-16
9.375353e-17
8.450399e-17
7.426645e-17
6.223205e-17
5.618780e-17
5.975824e-17
6.267297e-17
5.790435e-17
5.853701e-17
5.891065e-17
5.906981e-17
5.786834e-17
5.685661e-17
5.549089e-17
5.364974e-17
5.184549e-17
5.026552e-17
4.886483e-17
4.757742e-17
4.638331e-17
4.528277e-17
4.426047e-17
4.329248e-17
4.236582e-17
4.148280e-17
4.065425e-17
3.989209e-17
3.920513e-17
3.859791e-17
3.807094e-17
3.762152e-17
3.724463e-17
3.693373e-17
3.668153e-17
3.648047e-17
3.632315e-17
3.620258e-17
3.611232e-17
3.604654e-17
3.600007e-17
3.596839e-17
3.594762e-17
3.593456e-17
3.592662e-17
3.592187e-17
3.591898e-17
3.589435e-17
3.589171e-17
3.588934e-17
3.588837e-17
3.589049e-17
3.589798e-17
3.591368e-17
3.594101e-17
3.598396e-17
3.604715e-17
3.613577e-17
3.625570e-17
3.641343e-17
3.661618e-17
3.687174e-17
3.718837e-17
3.757443e-17
3.803780e-17
3.858511e-17
3.922068e-17
3.994527e-17
4.075441e-17
4.163663e-17
4.257317e-17
4.354272e-17
4.453611e-17
4.557894e-17
4.673330e-17
4.803193e-17
4.941490e-17
5.087274e-17
5.259267e-17
5.487083e-17
5.773334e-17
5.888285e-17
5.809985e-17
6.340092e-17
6.031088e-17
5.987953e-17
6.009539e-17
8.751132e-17
1.321487e-16
1.453545e-16
1.765499e-16
2.357190e-16
2.789670e-16
3.179192e-16
3.502544e-16
3.691088e-16
3.853478e-16
3.928378e-16
3.845811e-16
3.681089e-16
3.493683e-16
3.183150e-16
2.817950e-16
2.372646e-16
1.765219e-16
1.453242e-16
1.321308e-16
8.745819e-17
6.002130e-17
5.979276e-17
6.045793e-17
6.371261e-17
5.860351e-17
5.916783e-17
5.750470e-17
5.443282e-17
5.210143e-17
5.036583e-17
4.890929e-17
4.754631e-17
4.628465e-17
4.517301e-17
4.416911e-17
4.320830e-17
4.226667e-17
4.135584e-17
4.049871e-17
3.971469e-17
3.901529e-17
3.840483e-17
3.788229e-17
3.744308e-17
3.708025e-17
3.678559e-17
3.655042e-17
3.636619e-17
3.622483e-17
3.611894e-17
3.604186e-17
3.598766e-17
3.595114e-17
3.592777e-17
3.591371e-17
3.590579e-17
3.590148e-17
3.589888e-17
3.589672e-17
3.587183e-17
3.586668e-17
3.585993e-17
3.585275e-17
3.584686e-17
3.584456e-17
3.584868e-17
3.586263e-17
3.589039e-17
3.593653e-17
3.600625e-17
3.610545e-17
3.624083e-17
3.641998e-17
3.665146e-17
3.694482e-17
3.731026e-17
3.775813e-17
3.829789e-17
3.893699e-17
3.967927e-17
4.052240e-17
4.145312e-17
4.244150e-17
4.344086e-17
4.440780e-17
4.536706e-17
4.649408e-17
4.796518e-17
4.949303e-17
5.076108e-17
5.251282e-17
5.441488e-17
6.218504e-17
6.314793e-17
5.902128e-17
9.058443e-17
1.381688e-16
1.920287e-16
2.777077e-16
3.924322e-16
5.762025e-16
7.540174e-16
9.562571e-16
1.243974e-15
1.509714e-15
1.751862e-15
1.965362e-15
2.107540e-15
2.215595e-15
2.264024e-15
2.211482e-15
2.103817e-15
1.961556e-15
1.757983e-15
1.530836e-15
1.255720e-15
9.576339e-16
7.561153e-16
5.769472e-16
3.921616e-16
2.745290e-16
1.904443e-16
1.391660e-16
9.086651e-17
6.045065e-17
6.408611e-17
6.134302e-17
5.376328e-17
5.190029e-17
5.017241e-17
4.891141e-17
4.741707e-17
4.601298e-17
4.495336e-17
4.404387e-17
4.311116e-17
4.213822e-17
4.117432e-17
4.026863e-17
3.945145e-17
3.873567e-17
3.812324e-17
3.760996e-17
3.718805e-17
3.684765e-17
3.657801e-17
3.636848e-17
3.620917e-17
3.609117e-17
3.600663e-17
3.594865e-17
3.591124e-17
3.588918e-17
3.587796e-17
3.587379e-17
3.587355e-17
3.587475e-17
3.587557e-17
3.587479e-17
3.585161e-17
3.584336e-17
3.583107e-17
3.581595e-17
3.579977e-17
3.578482e-17
3.577395e-17
3.577055e-17
3.577855e-17
3.580245e-17
3.584739e-17
3.591920e-17
3.602465e-17
3.617162e-17
3.636946e-17
3.662921e-17
3.696356e-17
3.738623e-17
3.791079e-17
3.854917e-17
3.931065e-17
4.019994e-17
4.120869e-17
4.229810e-17
4.338099e-17
4.431794e-17
4.500557e-17
4.580835e-17
4.776974e-17
5.019211e-17
4.985308e-17
5.209534e-17
5.520394e-17
8.928551e-17
1.661882e-16
2.509985e-16
4.022993e-16
6.445874e-16
1.006355e-15
1.553624e-15
2.223584e-15
3.085953e-15
4.166990e-15
5.401664e-15
6.823204e-15
8.290801e-15
9.691081e-15
1.094988e-14
1.190151e-14
1.253772e-14
1.278059e-14
1.252472e-14
1.189285e-14
1.093813e-14
9.706984e-15
8.338871e-15
6.841202e-15
5.399076e-15
4.166586e-15
3.083808e-15
2.219179e-15
1.546760e-15
1.009649e-15
6.479163e-16
4.021057e-16
2.526830e-16
1.657503e-16
8.684322e-17
5.438441e-17
5.136444e-17
4.921654e-17
4.949683e-17
4.711713e-17
4.529938e-17
4.460536e-17
4.397325e-17
4.306333e-17
4.199938e-17
4.093097e-17
3.994707e-17
3.908505e-17
3.835179e-17
3.774195e-17
3.724592e-17
3.685139e-17
3.654434e-17
3.631045e-17
3.613653e-17
3.601104e-17
3.592424e-17
3.586791e-17
3.583503e-17
3.581962e-17
3.581650e-17
3.582123e-17
3.583008e-17
3.583998e-17
3.584854e-17
3.585398e-17
3.585517e-17
3.583620e-17
3.582419e-17
3.580515e-17
3.578033e-17
3.575154e-17
3.572111e-17
3.569187e-17
3.566719e-17
3.565093e-17
3.564749e-17
3.566181e-17
3.569953e-17
3.576719e-17
3.587269e-17
3.602586e-17
3.623924e-17
3.652852e-17
3.691217e-17
3.740945e-17
3.803767e-17
3.881242e-17
3.975289e-17
4.087549e-17
4.215061e-17
4.346534e-17
4.453112e-17
4.478369e-17
4.357034e-17
4.669214e-17
5.320624e-17
5.713560e-17
1.107352e-16
2.236324e-16
3.925416e-16
7.419176e-16
1.309021e-15
2.168836e-15
3.486243e-15
5.465303e-15
8.326827e-15
1.212472e-14
1.697824e-14
2.300281e-14
3.005475e-14
3.790736e-14
4.610688e-14
5.406753e-14
6.121543e-14
6.684911e-14
7.046674e-14
7.173152e-14
7.045645e-14
6.684307e-14
6.120566e-14
5.409154e-14
4.615035e-14
3.792682e-14
3.005433e-14
2.299417e-14
1.697859e-14
1.212107e-14
8.331428e-15
5.467768e-15
3.479494e-15
2.168675e-15
1.309218e-15
7.431123e-16
3.926159e-16
2.203155e-16
1.087082e-16
5.650661e-17
5.226549e-17
4.579833e-17
4.310633e-17
4.445176e-17
4.423317e-17
4.316581e-17
4.185297e-17
4.059450e-17
3.949863e-17
3.858822e-17
3.784398e-17
3.724642e-17
3.678006e-17
3.642726e-17
3.616807e-17
3.598326e-17
3.585644e-17
3.577450e-17
3.572708e-17
3.570590e-17
3.570411e-17
3.571585e-17
3.573609e-17
3.576051e-17
3.578544e-17
3.580790e-17
3.582555e-17
3.583674e-17
3.584043e-17
3.582866e-17
3.581217e-17
3.578510e-17
3.574878e-17
3.570507e-17
3.565630e-17
3.560534e-17
3.555551e-17
3.551061e-17
3.547488e-17
3.545300e-17
3.545015e-17
3.547225e-17
3.552655e-17
3.562261e-17
3.577388e-17
3.599932e-17
3.632410e-17
3.677665e-17
3.738045e-17
3.814956e-17
3.911580e-17
4.037437e-17
4.194990e-17
4.369296e-17
4.571827e-17
4.540195e-17
4.579338e-17
9.147526e-17
1.649039e-16
2.504133e-16
5.151614e-16
1.117628e-15
2.114066e-15
3.831711e-15
6.748823e-15
1.143006e-14
1.869500e-14
2.950846e-14
4.496540e-14
6.596545e-14
9.312336e-14
1.267538e-13
1.663783e-13
2.105467e-13
2.568402e-13
3.020717e-13
3.426476e-13
3.748663e-13
3.955779e-13
4.027291e-13
3.955825e-13
3.748558e-13
3.426308e-13
3.020881e-13
2.568680e-13
2.105729e-13
1.663941e-13
1.267553e-13
9.313357e-14
6.597053e-14
4.497260e-14
2.950559e-14
1.868467e-14
1.143057e-14
6.745872e-15
3.831831e-15
2.114563e-15
1.109521e-15
5.113200e-16
2.479226e-16
1.613988e-16
8.773685e-17
4.552077e-17
4.524144e-17
4.549670e-17
4.340330e-17
4.163583e-17
4.007994e-17
3.885770e-17
3.792676e-17
3.719029e-17
3.661907e-17
3.620021e-17
3.590971e-17
3.571795e-17
3.559866e-17
3.553198e-17
3.550378e-17
3.550393e-17
3.552470e-17
3.555979e-17
3.560371e-17
3.565165e-17
3.569941e-17
3.574340e-17
3.578073e-17
3.580916e-17
3.582713e-17
3.583373e-17
3.583263e-17
3.581085e-17
3.577441e-17
3.572473e-17
3.566374e-17
3.559380e-17
3.551777e-17
3.543899e-17
3.536121e-17
3.528853e-17
3.522530e-17
3.517603e-17
3.514551e-17
3.513930e-17
3.516513e-17
3.523548e-17
3.537153e-17
3.560748e-17
3.599014e-17
3.655923e-17
3.730469e-17
3.818807e-17
3.946385e-17
4.177589e-17
4.321799e-17
4.799570e-17
5.641157e-17
1.108712e-16
3.072251e-16
7.007870e-16
1.350257e-15
2.708503e-15
5.550403e-15
1.074426e-14
1.981204e-14
3.520086e-14
6.033203e-14
9.970257e-14
1.586062e-13
2.430512e-13
3.587942e-13
5.098905e-13
6.978380e-13
9.201234e-13
1.168840e-12
1.430560e-12
1.687249e-12
1.917912e-12
2.101411e-12
2.219757e-12
2.260685e-12
2.219775e-12
2.101414e-12
1.917886e-12
1.687257e-12
1.430594e-12
1.168872e-12
9.201463e-13
6.978495e-13
5.099045e-13
3.587995e-13
2.430533e-13
1.585964e-13
9.968933e-14
6.032588e-14
3.519548e-14
1.981098e-14
1.074244e-14
5.547631e-15
2.708210e-15
1.349740e-15
6.998665e-16
3.101508e-16
1.132863e-16
5.666576e-17
4.781087e-17
4.289565e-17
4.139322e-17
3.914297e-17
3.793018e-17
3.708633e-17
3.637230e-17
3.583658e-17
3.549113e-17
3.529418e-17
3.519657e-17
3.516246e-17
3.516969e-17
3.520511e-17
3.526038e-17
3.532935e-17
3.540675e-17
3.548766e-17
3.556751e-17
3.564219e-17
3.570817e-17
3.576260e-17
3.580335e-17
3.582902e-17
3.583882e-17
3.585230e-17
3.582428e-17
3.577704e-17
3.571211e-17
3.563145e-17
3.553747e-17
3.543305e-17
3.532156e-17
3.520677e-17
3.509277e-17
3.498368e-17
3.488330e-17
3.479479e-17
3.472078e-17
3.466459e-17
3.463365e-17
3.464642e-17
3.474419e-17
3.500758e-17
3.555034e-17
3.634849e-17
3.706580e-17
3.708862e-17
4.143767e-17
5.008442e-17
1.052876e-16
2.326410e-16
5.545305e-16
1.358973e-15
3.128000e-15
6.689173e-15
1.384876e-14
2.799563e-14
5.449596e-14
1.019126e-13
1.833614e-13
3.176245e-13
5.296836e-13
8.499130e-13
1.312266e-12
1.949988e-12
2.788540e-12
3.837917e-12
5.084801e-12
6.485785e-12
7.965544e-12
9.421258e-12
1.073270e-11
1.177820e-11
1.245320e-11
1.268665e-11
1.245321e-11
1.177821e-11
1.073269e-11
9.421270e-12
7.965582e-12
6.485814e-12
5.084819e-12
3.837929e-12
2.788557e-12
1.949993e-12
1.312260e-12
8.499079e-13
5.296735e-13
3.176158e-13
1.833533e-13
1.019092e-13
5.449910e-14
2.799833e-14
1.384736e-14
6.679095e-15
3.122728e-15
1.365004e-15
5.535709e-16
2.320852e-16
1.045158e-16
4.961953e-17
4.082244e-17
3.677420e-17
3.683339e-17
3.614131e-17
3.536312e-17
3.485364e-17
3.463358e-17
3.458208e-17
3.461406e-17
3.468641e-17
3.478000e-17
3.488694e-17
3.500326e-17
3.512565e-17
3.525027e-17
3.537277e-17
3.548867e-17
3.559381e-17
3.568461e-17
3.575827e-17
3.581277e-17
3.584687e-17
3.586003e-17
3.589236e-17
3.585701e-17
3.579745e-17
3.571530e-17
3.561257e-17
3.549168e-17
3.535551e-17
3.520748e-17
3.505156e-17
3.489205e-17
3.473325e-17
3.457861e-17
3.442966e-17
3.428503e-17
3.414050e-17
3.399179e-17
3.384285e-17
3.372487e-17
3.373399e-17
3.418543e-17
3.557524e-17
3.605294e-17
3.825992e-17
8.424346e-17
1.906019e-16
4.616522e-16
1.136858e-15
2.749689e-15
6.512511e-15
1.483358e-14
3.255396e-14
6.891408e-14
1.406783e-13
2.765679e-13
5.233094e-13
9.525366e-13
1.667498e-12
2.807209e-12
4.544061e-12
7.072373e-12
1.058463e-11
1.523396e-11
2.108748e-11
2.807847e-11
3.596847e-11
4.433421e-11
5.258968e-11
6.004572e-11
6.600148e-11
6.985105e-11
7.118288e-11
6.985106e-11
6.600150e-11
6.004574e-11
5.258970e-11
4.433423e-11
3.596850e-11
2.807848e-11
2.108749e-11
1.523398e-11
1.058464e-11
7.072373e-12
4.544063e-12
2.807202e-12
1.667475e-12
9.525113e-13
5.233060e-13
2.765742e-13
1.406754e-13
6.890981e-14
3.254417e-14
1.483390e-14
6.520849e-15
2.752122e-15
1.138753e-15
4.618354e-16
1.877112e-16
8.103363e-17
3.806167e-17
3.590439e-17
3.537672e-17
3.398114e-17
3.356940e-17
3.361763e-17
3.379352e-17
3.399504e-17
3.419082e-17
3.437755e-17
3.455943e-17
3.473999e-17
3.491964e-17
3.509590e-17
3.526454e-17
3.542073e-17
3.555992e-17
3.567836e-17
3.577324e-17
3.584271e-17
3.588579e-17
3.590223e-17
3.595797e-17
3.591405e-17
3.584054e-17
3.573916e-17
3.561195e-17
3.546126e-17
3.528993e-17
3.510141e-17
3.489994e-17
3.469052e-17
3.447836e-17
3.426773e-17
3.405967e-17
3.384906e-17
3.362173e-17
3.335407e-17
3.301895e-17
3.259700e-17
3.215246e-17
3.150698e-17
3.473394e-17
4.209856e-17
8.853134e-17
2.774223e-16
7.866793e-16
2.052700e-15
5.206810e-15
1.285116e-14
3.075105e-14
7.097067e-14
1.580589e-13
3.395366e-13
7.024732e-13
1.398715e-12
2.678949e-12
4.932904e-12
8.729148e-12
1.484191e-11
2.424453e-11
3.804866e-11
5.737194e-11
8.312767e-11
1.157543e-10
1.549312e-10
1.993523e-10
2.466384e-10
2.934533e-10
3.358444e-10
3.697711e-10
3.917273e-10
3.993280e-10
3.917273e-10
3.697711e-10
3.358444e-10
2.934534e-10
2.466384e-10
1.993523e-10
1.549312e-10
1.157543e-10
8.312769e-11
5.737195e-11
3.804866e-11
2.424453e-11
1.484188e-11
8.729099e-12
4.932883e-12
2.678963e-12
1.398730e-12
7.024824e-13
3.395385e-13
1.580640e-13
7.098789e-14
3.076620e-14
1.286290e-14
5.217315e-15
2.056952e-15
7.878215e-16
2.803894e-16
9.076340e-17
4.218042e-17
3.445137e-17
3.124477e-17
3.196052e-17
3.249495e-17
3.299077e-17
3.338571e-17
3.370525e-17
3.397970e-17
3.423269e-17
3.447714e-17
3.471674e-17
3.494908e-17
3.516883e-17
3.536992e-17
3.554697e-17
3.569585e-17
3.581378e-17
3.589918e-17
3.595147e-17
3.597083e-17
3.605472e-17
3.600075e-17
3.591154e-17
3.578894e-17
3.563491e-17
3.545162e-17
3.524168e-17
3.500842e-17
3.475638e-17
3.449160e-17
3.422146e-17
3.395325e-17
3.369071e-17
3.342809e-17
3.314230e-17
3.278611e-17
3.228160e-17
3.157427e-17
3.019953e-17
3.141477e-17
6.810985e-17
1.633523e-16
4.227187e-16
1.193865e-15
3.362772e-15
9.062059e-15
2.353434e-14
5.912720e-14
1.436631e-13
3.370695e-13
7.626643e-13
1.662691e-12
3.489152e-12
7.042169e-12
1.366125e-11
2.545878e-11
4.555883e-11
7.826871e-11
1.290732e-10
2.043224e-10
3.105020e-10
4.530439e-10
6.347647e-10
8.541922e-10
1.104198e-09
1.371421e-09
1.636875e-09
1.877888e-09
2.071160e-09
2.196404e-09
2.239788e-09
2.196404e-09
2.071160e-09
1.877888e-09
1.636875e-09
1.371421e-09
1.104198e-09
8.541922e-10
6.347647e-10
4.530439e-10
3.105020e-10
2.043224e-10
1.290732e-10
7.826868e-11
4.555879e-11
2.545878e-11
1.366127e-11
7.042188e-12
3.489169e-12
1.662696e-12
7.626759e-13
3.370834e-13
1.436738e-13
5.913837e-14
2.354930e-14
9.065557e-15
3.357614e-15
1.192842e-15
4.208502e-16
1.615065e-16
6.658158e-17
3.093021e-17
2.998723e-17
3.149602e-17
3.228922e-17
3.285330e-17
3.326325e-17
3.360140e-17
3.391294e-17
3.421817e-17
3.452062e-17
3.481480e-17
3.509193e-17
3.534340e-17
3.556245e-17
3.574452e-17
3.588702e-17
3.598890e-17
3.605021e-17
3.607172e-17
3.618847e-17
3.612271e-17
3.601597e-17
3.587019e-17
3.568720e-17
3.546878e-17
3.521696e-17
3.493451e-17
3.462583e-17
3.429810e-17
3.396213e-17
3.363161e-17
3.331897e-17
3.302596e-17
3.272932e-17
3.235598e-17
3.181642e-17
3.054200e-17
3.201707e-17
7.069234e-17
2.160617e-16
6.419861e-16
1.850734e-15
5.219613e-15
1.462070e-14
3.990195e-14
1.054387e-13
2.696065e-13
6.662226e-13
1.589183e-12
3.654501e-12
8.092135e-12
1.723609e-11
3.528416e-11
6.937027e-11
1.309091e-10
2.370193e-10
4.116197e-10
6.855692e-10
1.095088e-09
1.677762e-09
2.465832e-09
3.477179e-09
4.705492e-09
6.112020e-09
7.621815e-09
9.126873e-09
1.049714e-08
1.159824e-08
1.231275e-08
1.256042e-08
1.231275e-08
1.159824e-08
1.049714e-08
9.126873e-09
7.621815e-09
6.112020e-09
4.705492e-09
3.477179e-09
2.465832e-09
1.677763e-09
1.095088e-09
6.855692e-10
4.116197e-10
2.370193e-10
1.309091e-10
6.937029e-11
3.528419e-11
1.723612e-11
8.092147e-12
3.654504e-12
1.589191e-12
6.662323e-13
2.696276e-13
1.054526e-13
3.986901e-14
1.458660e-14
5.212701e-15
1.846057e-15
6.417675e-16
2.142131e-16
6.861286e-17
3.180492e-17
3.054883e-17
3.188329e-17
3.246147e-17
3.288826e-17
3.324537e-17
3.359677e-17
3.396055e-17
3.433231e-17
3.469769e-17
3.504103e-17
3.534969e-17
3.561525e-17
3.583303e-17
3.600109e-17
3.611934e-17
3.618882e-17
3.621120e-17
3.636526e-17
3.628565e-17
3.615944e-17
3.598867e-17
3.577496e-17
3.551948e-17
3.522315e-17
3.488731e-17
3.451499e-17
3.411344e-17
3.369728e-17
3.329052e-17
3.292339e-17
3.262087e-17
3.237402e-17
3.215844e-17
3.136065e-17
3.364884e-17
7.680394e-17
2.564343e-16
8.075977e-16
2.469629e-15
7.491400e-15
2.194643e-14
6.261454e-14
1.738121e-13
4.676126e-13
1.217476e-12
3.062748e-12
7.433809e-12
1.738535e-11
3.912750e-11
8.464979e-11
1.758753e-10
3.506549e-10
6.704729e-10
1.228880e-09
2.158410e-09
3.632390e-09
5.857116e-09
9.050119e-09
1.340233e-08
1.902622e-08
2.589800e-08
3.380795e-08
4.233620e-08
5.086861e-08
5.865919e-08
6.493280e-08
6.900949e-08
7.042360e-08
6.900949e-08
6.493280e-08
5.865919e-08
5.086861e-08
4.233620e-08
3.380795e-08
2.589800e-08
1.902622e-08
1.340233e-08
9.050119e-09
5.857116e-09
3.632390e-09
2.158410e-09
1.228880e-09
6.704729e-10
3.506549e-10
1.758754e-10
8.464981e-11
3.912750e-11
1.738534e-11
7.433812e-12
3.062764e-12
1.217496e-12
4.675780e-13
1.737341e-13
6.258524e-14
2.195122e-14
7.497379e-15
2.478961e-15
8.074280e-16
2.586597e-16
7.704618e-17
3.392813e-17
3.147652e-17
3.228424e-17
3.256419e-17
3.288926e-17
3.326444e-17
3.369344e-17
3.415029e-17
3.460323e-17
3.502558e-17
3.539974e-17
3.571632e-17
3.597157e-17
3.616517e-17
3.629868e-17
3.637460e-17
3.639583e-17
3.659107e-17
3.649515e-17
3.634739e-17
3.615003e-17
3.590446e-17
3.561107e-17
3.526915e-17
3.487726e-17
3.443464e-17
3.394510e-17
3.342439e-17
3.290910e-17
3.245954e-17
3.214164e-17
3.204962e-17
3.172400e-17
3.531502e-17
8.319731e-17
2.766397e-16
9.615264e-16
3.135398e-15
9.829043e-15
3.026588e-14
9.074845e-14
2.644052e-13
7.481398e-13
2.051484e-12
5.442773e-12
1.394875e-11
3.447682e-11
8.206586e-11
1.878700e-10
4.131341e-10
8.718001e-10
1.763868e-09
3.419376e-09
6.348093e-09
1.128270e-08
1.919494e-08
3.125801e-08
4.872905e-08
7.273662e-08
1.039824e-07
1.424021e-07
1.868667e-07
2.350274e-07
2.833935e-07
3.276863e-07
3.634334e-07
3.866964e-07
3.947716e-07
3.866964e-07
3.634334e-07
3.276863e-07
2.833935e-07
2.350274e-07
1.868667e-07
1.424021e-07
1.039824e-07
7.273662e-08
4.872905e-08
3.125801e-08
1.919494e-08
1.128270e-08
6.348093e-09
3.419376e-09
1.763868e-09
8.718001e-10
4.131341e-10
1.878700e-10
8.206586e-11
3.447682e-11
1.394877e-11
5.442772e-12
2.051426e-12
7.480826e-13
2.644046e-13
9.076453e-14
3.027969e-14
9.835844e-15
3.140061e-15
9.622924e-16
2.777655e-16
8.522593e-17
3.536537e-17
3.181960e-17
3.226082e-17
3.246709e-17
3.287513e-17
3.339758e-17
3.397328e-17
3.454104e-17
3.505973e-17
3.550832e-17
3.587927e-17
3.617207e-17
3.638950e-17
3.653567e-17
3.661511e-17
3.663223e-17
3.687155e-17
3.675638e-17
3.658483e-17
3.635945e-17
3.608161e-17
3.575104e-17
3.536519e-17
3.491862e-17
3.440317e-17
3.381158e-17
3.315039e-17
3.246485e-17
3.185385e-17
3.150276e-17
3.115045e-17
3.514992e-17
8.984329e-17
3.261009e-16
1.068595e-15
3.612023e-15
1.199199e-14
3.858408e-14
1.211513e-13
3.705467e-13
1.101807e-12
3.180374e-12
8.895835e-12
2.407001e-11
6.289321e-11
1.584313e-10
3.841499e-10
8.952612e-10
2.002728e-09
4.295660e-09
8.826147e-09
1.735917e-08
3.266395e-08
5.878086e-08
1.011470e-07
1.664238e-07
2.618658e-07
3.941304e-07
5.675660e-07
7.822229e-07
1.032061e-06
1.303960e-06
1.578090e-06
1.829911e-06
2.033613e-06
2.166376e-06
2.212497e-06
2.166376e-06
2.033613e-06
1.829911e-06
1.578090e-06
1.303960e-06
1.032061e-06
7.822229e-07
5.675660e-07
3.941304e-07
2.618658e-07
1.664238e-07
1.011470e-07
5.878086e-08
3.266395e-08
1.735917e-08
8.826147e-09
4.295660e-09
2.002728e-09
8.952612e-10
3.841499e-10
1.584313e-10
6.289323e-11
2.407000e-11
8.895763e-12
3.180320e-12
1.101813e-12
3.705658e-13
1.211633e-13
3.860192e-14
1.200429e-14
3.611573e-15
1.071550e-15
3.236967e-16
8.745917e-17
3.510636e-17
3.140534e-17
3.191170e-17
3.236037e-17
3.305032e-17
3.380790e-17
3.453152e-17
3.516618e-17
3.569565e-17
3.612087e-17
3.644817e-17
3.668515e-17
3.683938e-17
3.691788e-17
3.692685e-17
3.721179e-17
3.707386e-17
3.687592e-17
3.662109e-17
3.631114e-17
3.594581e-17
3.552142e-17
3.502878e-17
3.444970e-17
3.375407e-17
3.291218e-17
3.194758e-17
3.105732e-17
3.014083e-17
3.334178e-17
8.221984e-17
2.960311e-16
1.129221e-15
3.952000e-15
1.347828e-14
4.537266e-14
1.490671e-13
4.777117e-13
1.491322e-12
4.527137e-12
1.334066e-11
3.809351e-11
1.052071e-10
2.805204e-10
7.208273e-10
1.781982e-09
4.231481e-09
9.637870e-09
2.102982e-08
4.391521e-08
8.769469e-08
1.673616e-07
3.051363e-07
5.313763e-07
8.838395e-07
1.404326e-06
2.132035e-06
3.093749e-06
4.292197e-06
5.695290e-06
7.229873e-06
8.783364e-06
1.021501e-05
1.137586e-05
1.213363e-05
1.239708e-05
1.213363e-05
1.137586e-05
1.021501e-05
8.783364e-06
7.229873e-06
5.695290e-06
4.292197e-06
3.093749e-06
2.132035e-06
1.404326e-06
8.838395e-07
5.313763e-07
3.051363e-07
1.673616e-07
8.769469e-08
4.391521e-08
2.102982e-08
9.637870e-09
4.231481e-09
1.781982e-09
7.208274e-10
2.805204e-10
1.052070e-10
3.809340e-11
1.334062e-11
4.527161e-12
1.491344e-12
4.777301e-13
1.490974e-13
4.538186e-14
1.348047e-14
3.952464e-15
1.124055e-15
2.957966e-16
8.281271e-17
3.379959e-17
3.067395e-17
3.167156e-17
3.263404e-17
3.368691e-17
3.461741e-17
3.538037e-17
3.598793e-17
3.646056e-17
3.681461e-17
3.706347e-17
3.721869e-17
3.729005e-17
3.728559e-17
3.761601e-17
3.745119e-17
3.722373e-17
3.693753e-17
3.659553e-17
3.619875e-17
3.574448e-17
3.522316e-17
3.461129e-17
3.385154e-17
3.281661e-17
3.144107e-17
2.962925e-17
3.145182e-17
7.645251e-17
2.796619e-16
1.033456e-15
3.879276e-15
1.406361e-14
4.923982e-14
1.688661e-13
5.662581e-13
1.852949e-12
5.907875e-12
1.832111e-11
5.516017e-11
1.609262e-10
4.540566e-10
1.236587e-09
3.244403e-09
8.185361e-09
1.982372e-08
4.601519e-08
1.022350e-07
2.171677e-07
4.406639e-07
8.536081e-07
1.577848e-06
2.782486e-06
4.681146e-06
7.514285e-06
1.151224e-05
1.683909e-05
2.352461e-05
3.139977e-05
4.005742e-05
4.885878e-05
5.699683e-05
6.361173e-05
6.793680e-05
6.944168e-05
6.793680e-05
6.361173e-05
5.699683e-05
4.885878e-05
4.005742e-05
3.139977e-05
2.352461e-05
1.683909e-05
1.151224e-05
7.514285e-06
4.681146e-06
2.782486e-06
1.577848e-06
8.536081e-07
4.406639e-07
2.171677e-07
1.022350e-07
4.601519e-08
1.982372e-08
8.185361e-09
3.244403e-09
1.236587e-09
4.540565e-10
1.609262e-10
5.516018e-11
1.832117e-11
5.907911e-12
1.852976e-12
5.662779e-13
1.688690e-13
4.923777e-14
1.405904e-14
3.878914e-15
1.038316e-15
2.823476e-16
7.793595e-17
3.226726e-17
3.032963e-17
3.221018e-17
3.370709e-17
3.488050e-17
3.574988e-17
3.641426e-17
3.691841e-17
3.728595e-17
3.753517e-17
3.768159e-17
3.773779e-17
3.771346e-17
3.808743e-17
3.789107e-17
3.763013e-17
3.730950e-17
3.693412e-17
3.650812e-17
3.603261e-17
3.550328e-17
3.490818e-17
3.420945e-17
3.319518e-17
3.082138e-17
3.079754e-17
6.809050e-17
2.553261e-16
9.710806e-16
3.612286e-15
1.342749e-14
4.919093e-14
1.760789e-13
6.165969e-13
2.111558e-12
7.059861e-12
2.300614e-11
7.293886e-11
2.245478e-10
6.699194e-10
1.932874e-09
5.381997e-09
1.443251e-08
3.719883e-08
9.197908e-08
2.178113e-07
4.932389e-07
1.066799e-06
2.201587e-06
4.332229e-06
8.124736e-06
1.451864e-05
2.471997e-05
4.010923e-05
6.203655e-05
9.150124e-05
1.287543e-04
1.729132e-04
2.217160e-04
2.715418e-04
3.177670e-04
3.554331e-04
3.801005e-04
3.886903e-04
3.801005e-04
3.554331e-04
3.177670e-04
2.715418e-04
2.217160e-04
1.729132e-04
1.287543e-04
9.150124e-05
6.203655e-05
4.010923e-05
2.471997e-05
1.451864e-05
8.124736e-06
4.332229e-06
2.201587e-06
1.066799e-06
4.932389e-07
2.178113e-07
9.197908e-08
3.719883e-08
1.443251e-08
5.381997e-09
1.932874e-09
6.699194e-10
2.245478e-10
7.293892e-11
2.300617e-11
7.059876e-12
2.111566e-12
6.165955e-13
1.760747e-13
4.918507e-14
1.342696e-14
3.611640e-15
9.703702e-16
2.589143e-16
7.102079e-17
3.159498e-17
3.159497e-17
3.418731e-17
3.543590e-17
3.631441e-17
3.699821e-17
3.751231e-17
3.787520e-17
3.810916e-17
3.823425e-17
3.826568e-17
3.821421e-17
3.862831e-17
3.839557e-17
3.809628e-17
3.773613e-17
3.732290e-17
3.686602e-17
3.637348e-17
3.584699e-17
3.529269e-17
3.477521e-17
3.454805e-17
3.425390e-17
6.796424e-17
2.146385e-16
8.062103e-16
3.142496e-15
1.200790e-14
4.537005e-14
1.688419e-13
6.165801e-13
2.205678e-12
7.719056e-12
2.638592e-11
8.794446e-11
2.852718e-10
8.987857e-10
2.744644e-09
8.105846e-09
2.310055e-08
6.338525e-08
1.670903e-07
4.222973e-07
1.021350e-06
2.359965e-06
5.202520e-06
1.093026e-05
2.186832e-05
4.164351e-05
7.545886e-05
1.301021e-04
2.134710e-04
3.334387e-04
4.960255e-04
7.030839e-04
9.500107e-04
1.224243e-03
1.505300e-03
1.766798e-03
1.980311e-03
2.120322e-03
2.169107e-03
2.120322e-03
1.980311e-03
1.766798e-03
1.505300e-03
1.224243e-03
9.500107e-04
7.030839e-04
4.960255e-04
3.334387e-04
2.134710e-04
1.301021e-04
7.545886e-05
4.164351e-05
2.186832e-05
1.093026e-05
5.202520e-06
2.359965e-06
1.021350e-06
4.222973e-07
1.670903e-07
6.338525e-08
2.310055e-08
8.105846e-09
2.744644e-09
8.987858e-10
2.852719e-10
8.794447e-11
2.638592e-11
7.719056e-12
2.205677e-12
6.165781e-13
1.688353e-13
4.536370e-14
1.200083e-14
3.138759e-15
8.064097e-16
2.133311e-16
6.881866e-17
3.489061e-17
3.563881e-17
3.625795e-17
3.706165e-17
3.775305e-17
3.825823e-17
3.859288e-17
3.879115e-17
3.887980e-17
3.887597e-17
3.879000e-17
3.924024e-17
3.896683e-17
3.862367e-17
3.821622e-17
3.775518e-17
3.725835e-17
3.674727e-17
3.622827e-17
3.566098e-17
3.514752e-17
3.494914e-17
4.208900e-17
1.659185e-16
6.414960e-16
2.469123e-15
9.831772e-15
3.859228e-14
1.490737e-13
5.662523e-13
2.111546e-12
7.719048e-12
2.762150e-11
9.659213e-11
3.295135e-10
1.094468e-09
3.532081e-09
1.105089e-08
3.344245e-08
9.765530e-08
2.745014e-07
7.409962e-07
1.916596e-06
4.740100e-06
1.118901e-05
2.516941e-05
5.388911e-05
1.097199e-04
2.123087e-04
3.903042e-04
6.816269e-04
1.130962e-03
1.783372e-03
2.673783e-03
3.813588e-03
5.177463e-03
6.694929e-03
8.251061e-03
9.698510e-03
1.087954e-02
1.165343e-02
1.192297e-02
1.165343e-02
1.087954e-02
9.698510e-03
8.251061e-03
6.694929e-03
5.177463e-03
3.813588e-03
2.673783e-03
1.783372e-03
1.130962e-03
6.816269e-04
3.903042e-04
2.123087e-04
1.097199e-04
5.388911e-05
2.516941e-05
1.118901e-05
4.740100e-06
1.916596e-06
7.409962e-07
2.745014e-07
9.765530e-08
3.344245e-08
1.105089e-08
3.532081e-09
1.094468e-09
3.295135e-10
9.659212e-11
2.762150e-11
7.719042e-12
2.111538e-12
5.662442e-13
1.490657e-13
3.858711e-14
9.826394e-15
2.466089e-15
6.440941e-16
1.671103e-16
4.267277e-17
3.618352e-17
3.699507e-17
3.794820e-17
3.870950e-17
3.917589e-17
3.944521e-17
3.958110e-17
3.961674e-17
3.956780e-17
3.944124e-17
3.992470e-17
3.960828e-17
3.921628e-17
3.875121e-17
3.822429e-17
3.766328e-17
3.711953e-17
3.665070e-17
3.615608e-17
3.464856e-17
3.681802e-17
8.904431e-17
4.269571e-16
1.854825e-15
7.491735e-15
3.026722e-14
1.211552e-13
4.777189e-13
1.852952e-12
7.059859e-12
2.638591e-11
9.659212e-11
3.457685e-10
1.208134e-09
4.112162e-09
1.360562e-08
4.365740e-08
1.355273e-07
4.059930e-07
1.170588e-06
3.240123e-06
8.588369e-06
2.174943e-05
5.251412e-05
1.206773e-04
2.635512e-04
5.463909e-04
1.074433e-03
2.002793e-03
3.537581e-03
5.919915e-03
9.386529e-03
1.410762e-02
2.011334e-02
2.723055e-02
3.505509e-02
4.297628e-02
5.025380e-02
5.612974e-02
5.995094e-02
6.127652e-02
5.995094e-02
5.612974e-02
5.025380e-02
4.297628e-02
3.505509e-02
2.723055e-02
2.011334e-02
1.410762e-02
9.386529e-03
5.919915e-03
3.537581e-03
2.002793e-03
1.074433e-03
5.463909e-04
2.635512e-04
1.206773e-04
5.251412e-05
2.174943e-05
8.588369e-06
3.240123e-06
1.170588e-06
4.059930e-07
1.355273e-07
4.365740e-08
1.360562e-08
4.112162e-09
1.208134e-09
3.457685e-10
9.659212e-11
2.638590e-11
7.059848e-12
1.852936e-12
4.776994e-13
1.211377e-13
3.025561e-14
7.489780e-15
1.854937e-15
4.239865e-16
8.792988e-17
3.834875e-17
3.701658e-17
3.922720e-17
3.996289e-17
4.028284e-17
4.042603e-17
4.046851e-17
4.043692e-17
4.033670e-17
4.016675e-17
4.068370e-17
4.032585e-17
3.988334e-17
3.935076e-17
3.873185e-17
3.805453e-17
3.740449e-17
3.698655e-17
3.723967e-17
3.795980e-17
7.917589e-17
2.722619e-16
1.191123e-15
5.220970e-15
2.195834e-14
9.076364e-14
3.705562e-13
1.491334e-12
5.907886e-12
2.300614e-11
8.794446e-11
3.295135e-10
1.208134e-09
4.326493e-09
1.510281e-08
5.127664e-08
1.689189e-07
5.385371e-07
1.657109e-06
4.907554e-06
1.394851e-05
3.794338e-05
9.852479e-05
2.436118e-04
5.723129e-04
1.274910e-03
2.688010e-03
5.354500e-03
1.006025e-02
1.780219e-02
2.964563e-02
4.647066e-02
6.867213e-02
9.591402e-02
1.270209e-01
1.600385e-01
1.924467e-01
2.214766e-01
2.444720e-01
2.592375e-01
2.643275e-01
2.592375e-01
2.444720e-01
2.214766e-01
1.924467e-01
1.600385e-01
1.270209e-01
9.591402e-02
6.867213e-02
4.647066e-02
2.964563e-02
1.780219e-02
1.006025e-02
5.354500e-03
2.688010e-03
1.274910e-03
5.723129e-04
2.436118e-04
9.852479e-05
3.794338e-05
1.394851e-05
4.907554e-06
1.657109e-06
5.385371e-07
1.689189e-07
5.127664e-08
1.510281e-08
4.326493e-09
1.208134e-09
3.295135e-10
8.794445e-11
2.300613e-11
5.907861e-12
1.491311e-12
3.705396e-13
9.074406e-14
2.195129e-14
5.225456e-15
1.196377e-15
2.797527e-16
8.508263e-17
4.137680e-17
4.155361e-17
4.153767e-17
4.155134e-17
4.149982e-17
4.142685e-17
4.132493e-17
4.117524e-17
4.096437e-17
4.151979e-17
4.112832e-17
4.064181e-17
4.004029e-17
3.930618e-17
3.843922e-17
3.748539e-17
3.675267e-17
3.677988e-17
4.521243e-17
1.841454e-16
7.753717e-16
3.349438e-15
1.458752e-14
6.259067e-14
2.644131e-13
1.101816e-12
4.527146e-12
1.832113e-11
7.293887e-11
2.852719e-10
1.094468e-09
4.112162e-09
1.510281e-08
5.410973e-08
1.886856e-07
6.388032e-07
2.094048e-06
6.627344e-06
2.018841e-05
5.900761e-05
1.649568e-04
4.396322e-04
1.113365e-03
2.669904e-03
6.038930e-03
1.282678e-02
2.547242e-02
4.714385e-02
8.124911e-02
1.306581e-01
1.969246e-01
2.797527e-01
3.767546e-01
4.834497e-01
5.935059e-01
6.992725e-01
7.925865e-01
8.657331e-01
9.123919e-01
9.284247e-01
9.123919e-01
8.657331e-01
7.925866e-01
6.992725e-01
5.935059e-01
4.834497e-01
3.767546e-01
2.797527e-01
1.969246e-01
1.306581e-01
8.124911e-02
4.714385e-02
2.547242e-02
1.282678e-02
6.038930e-03
2.669904e-03
1.113365e-03
4.396322e-04
1.649568e-04
5.900761e-05
2.018841e-05
6.627344e-06
2.094048e-06
6.388032e-07
1.886856e-07
5.410973e-08
1.510281e-08
4.112162e-09
1.094468e-09
2.852718e-10
7.293885e-11
1.832112e-11
4.527151e-12
1.101818e-12
2.644176e-13
6.262934e-14
1.462879e-14
3.367816e-15
7.909048e-16
1.915606e-16
5.027335e-17
4.299421e-17
4.327602e-17
4.287387e-17
4.258524e-17
4.241342e-17
4.226208e-17
4.207578e-17
4.183195e-17
4.243427e-17
4.202499e-17
4.151545e-17
4.086509e-17
4.001977e-17
3.892881e-17
3.752876e-17
3.523745e-17
3.692347e-17
8.963553e-17
4.387059e-16
2.028455e-15
9.050146e-15
3.987074e-14
1.737427e-13
7.480926e-13
3.180351e-12
1.334064e-11
5.516017e-11
2.245478e-10
8.987857e-10
3.532081e-09
1.360562e-08
5.127664e-08
1.886856e-07
6.763555e-07
2.355679e-06
7.949383e-06
2.591090e-05
8.130204e-05
2.446787e-04
7.033781e-04
1.922179e-03
4.963646e-03
1.201974e-02
2.705963e-02
5.621854e-02
1.074457e-01
1.893563e-01
3.097909e-01
4.745045e-01
6.859393e-01
9.419565e-01
1.234708e+00
1.550171e+00
1.869005e+00
2.168916e+00
2.427860e+00
2.626903e+00
2.751985e+00
2.794618e+00
2.751985e+00
2.626903e+00
2.427860e+00
2.168916e+00
1.869005e+00
1.550171e+00
1.234708e+00
9.419565e-01
6.859393e-01
4.745045e-01
3.097909e-01
1.893563e-01
1.074457e-01
5.621854e-02
2.705963e-02
1.201974e-02
4.963646e-03
1.922179e-03
7.033781e-04
2.446787e-04
8.130204e-05
2.591090e-05
7.949383e-06
2.355679e-06
6.763555e-07
1.886856e-07
5.127664e-08
1.360562e-08
3.532081e-09
8.987857e-10
2.245478e-10
5.516019e-11
1.334068e-11
3.180387e-12
7.481550e-13
1.738235e-13
3.991047e-14
9.065586e-15
2.052625e-15
4.598588e-16
1.039134e-16
4.754948e-17
4.531564e-17
4.398042e-17
4.355227e-17
4.338880e-17
4.323966e-17
4.303553e-17
4.276764e-17
4.342231e-17
4.301915e-17
4.252724e-17
4.188473e-17
4.098569e-17
3.968824e-17
3.809505e-17
3.670841e-17
7.318094e-17
2.601968e-16
1.141178e-15
5.194865e-15
2.353182e-14
1.054482e-13
4.675882e-13
2.051436e-12
8.895794e-12
3.809346e-11
1.609262e-10
6.699194e-10
2.744644e-09
1.105089e-08
4.365740e-08
1.689189e-07
6.388032e-07
2.355679e-06
8.448638e-06
2.938272e-05
9.875607e-05
3.195060e-04
9.901141e-04
2.919122e-03
8.109089e-03
2.095149e-02
4.967086e-02
1.071289e-01
2.102636e-01
3.786297e-01
6.327779e-01
9.917362e-01
1.467834e+00
2.058747e+00
2.740606e+00
3.468143e+00
4.184365e+00
4.835559e+00
5.383609e+00
5.809646e+00
6.109581e+00
6.286620e+00
6.345037e+00
6.286620e+00
6.109581e+00
5.809646e+00
5.383609e+00
4.835559e+00
4.184365e+00
3.468143e+00
2.740606e+00
2.058747e+00
1.467834e+00
9.917362e-01
6.327779e-01
3.786297e-01
2.102636e-01
1.071289e-01
4.967086e-02
2.095149e-02
8.109089e-03
2.919122e-03
9.901141e-04
3.195060e-04
9.875607e-05
2.938272e-05
8.448639e-06
2.355679e-06
6.388032e-07
1.689189e-07
4.365740e-08
1.105089e-08
2.744644e-09
6.699194e-10
1.609262e-10
3.809351e-11
8.895837e-12
2.051483e-12
4.676186e-13
1.054473e-13
2.353896e-14
5.209518e-15
1.139202e-15
2.319643e-16
5.631697e-17
4.514288e-17
4.433261e-17
4.430687e-17
4.438021e-17
4.427970e-17
4.405936e-17
4.376716e-17
4.446471e-17
4.409704e-17
4.368225e-17
4.315141e-17
4.235959e-17
4.095922e-17
3.798162e-17
3.914741e-17
1.360198e-16
6.291582e-16
2.832281e-15
1.290011e-14
5.915426e-14
2.696339e-13
1.217495e-12
5.442772e-12
2.407000e-11
1.052071e-10
4.540566e-10
1.932874e-09
8.105846e-09
3.344245e-08
1.355273e-07
5.385371e-07
2.094048e-06
7.949383e-06
2.938272e-05
1.054101e-04
3.655691e-04
1.218767e-03
3.871752e-03
1.155536e-02
3.178188e-02
7.911905e-02
1.769506e-01
3.576955e-01
6.627132e-01
1.140521e+00
1.836083e+00
2.764256e+00
3.875854e+00
5.049208e+00
6.136523e+00
7.035316e+00
7.717846e+00
8.207879e+00
8.546476e+00
8.772202e+00
8.914399e+00
8.992529e+00
9.017423e+00
8.992529e+00
8.914399e+00
8.772202e+00
8.546476e+00
8.207879e+00
7.717846e+00
7.035316e+00
6.136523e+00
5.049208e+00
3.875854e+00
2.764256e+00
1.836083e+00
1.140521e+00
6.627132e-01
3.576955e-01
1.769506e-01
7.911905e-02
3.178188e-02
1.155536e-02
3.871752e-03
1.218767e-03
3.655691e-04
1.054101e-04
2.938272e-05
7.949383e-06
2.094048e-06
5.385371e-07
1.355273e-07
3.344245e-08
8.105846e-09
1.932874e-09
4.540566e-10
1.052071e-10
2.407001e-11
5.442775e-12
1.217482e-12
2.696103e-13
5.912874e-14
1.285427e-14
2.749380e-15
5.503510e-16
1.102717e-16
4.577263e-17
4.326805e-17
4.521889e-17
4.556433e-17
4.543461e-17
4.515009e-17
4.481538e-17
4.551969e-17
4.521614e-17
4.494254e-17
4.465214e-17
4.425792e-17
4.354972e-17
4.152917e-17
7.587719e-17
2.868606e-16
1.370027e-15
6.564890e-15
3.080836e-14
1.437021e-13
6.662525e-13
3.062771e-12
1.394876e-11
6.289322e-11
2.805204e-10
1.236587e-09
5.381997e-09
2.310055e-08
9.765530e-08
4.059930e-07
1.657109e-06
6.627344e-06
2.591090e-05
9.875607e-05
3.655691e-04
1.306753e-03
4.463941e-03
1.430524e-02
4.190596e-02
1.097559e-01
2.556609e-01
5.360713e-01
1.029898e+00
1.831583e+00
3.003937e+00
4.480386e+00
6.014260e+00
7.316975e+00
8.255944e+00
8.866144e+00
9.243229e+00
9.472957e+00
9.613758e+00
9.701014e+00
9.755120e+00
9.787656e+00
9.805045e+00
9.810514e+00
9.805045e+00
9.787656e+00
9.755120e+00
9.701014e+00
9.613758e+00
9.472957e+00
9.243229e+00
8.866144e+00
8.255944e+00
7.316975e+00
6.014260e+00
4.480386e+00
3.003937e+00
1.831584e+00
1.029898e+00
5.360713e-01
2.556609e-01
1.097559e-01
4.190596e-02
1.430524e-02
4.463941e-03
1.306753e-03
3.655691e-04
9.875607e-05
2.591090e-05
6.627344e-06
1.657109e-06
4.059930e-07
9.765530e-08
2.310055e-08
5.381997e-09
1.236587e-09
2.805205e-10
6.289322e-11
1.394876e-11
3.062758e-12
6.662262e-13
1.436609e-13
3.075059e-14
6.508671e-15
1.358505e-15
3.123659e-16
9.294901e-17
4.658262e-17
4.735024e-17
4.712438e-17
4.671758e-17
4.628146e-17
4.587423e-17
4.652090e-17
4.630130e-17
4.621279e-17
4.624792e-17
4.638899e-17
4.699810e-17
4.928671e-17
1.527235e-16
6.729378e-16
3.092779e-15
1.481455e-14
7.098082e-14
3.370902e-13
1.589203e-12
7.433828e-12
3.447684e-11
1.584313e-10
7.208274e-10
3.244403e-09
1.443251e-08
6.338525e-08
2.745014e-07
1.170588e-06
4.907554e-06
2.018841e-05
8.130204e-05
3.195060e-04
1.218767e-03
4.463941e-03
1.536195e-02
4.808995e-02
1.332614e-01
3.255908e-01
7.134802e-01
1.429242e+00
2.621370e+00
4.306384e+00
6.169021e+00
7.717599e+00
8.729788e+00
9.301098e+00
9.604419e+00
9.764677e+00
9.851512e+00
9.900288e+00
9.928694e+00
9.945721e+00
9.956050e+00
9.962172e+00
9.965415e+00
9.966431e+00
9.965415e+00
9.962172e+00
9.956050e+00
9.945721e+00
9.928694e+00
9.900288e+00
9.851512e+00
9.764677e+00
9.604419e+00
9.301098e+00
8.729788e+00
7.717599e+00
6.169021e+00
4.306384e+00
2.621370e+00
1.429242e+00
7.134802e-01
3.255908e-01
1.332614e-01
4.808995e-02
1.536195e-02
4.463941e-03
1.218767e-03
3.195060e-04
8.130204e-05
2.018841e-05
4.907554e-06
1.170588e-06
2.745014e-07
6.338525e-08
1.443251e-08
3.244403e-09
7.208274e-10
1.584313e-10
3.447682e-11
7.433814e-12
1.589186e-12
3.370707e-13
7.097096e-14
1.483551e-14
3.130782e-15
7.037027e-16
1.641450e-16
5.331993e-17
5.008768e-17
4.879824e-17
4.802491e-17
4.737763e-17
4.687627e-17
4.738787e-17
4.725571e-17
4.735372e-17
4.774994e-17
4.838884e-17
4.825693e-17
5.585666e-17
2.478454e-16
1.340308e-15
6.672111e-15
3.253740e-14
1.580534e-13
7.626702e-13
3.654512e-12
1.738536e-11
8.206587e-11
3.841499e-10
1.781982e-09
8.185361e-09
3.719883e-08
1.670903e-07
7.409962e-07
3.240123e-06
1.394851e-05
5.900761e-05
2.446787e-04
9.901141e-04
3.871752e-03
1.430524e-02
4.808995e-02
1.421101e-01
3.670997e-01
8.462869e-01
1.774844e+00
3.349534e+00
5.447774e+00
7.419727e+00
8.722460e+00
9.398147e+00
9.712141e+00
9.855302e+00
9.922460e+00
9.955493e+00
9.972611e+00
9.981941e+00
9.987259e+00
9.990397e+00
9.992279e+00
9.993386e+00
9.993970e+00
9.994152e+00
9.993970e+00
9.993386e+00
9.992279e+00
9.990397e+00
9.987259e+00
9.981941e+00
9.972611e+00
9.955493e+00
9.922460e+00
9.855302e+00
9.712141e+00
9.398147e+00
8.722460e+00
7.419727e+00
5.447774e+00
3.349534e+00
1.774844e+00
8.462869e-01
3.670997e-01
1.421101e-01
4.808995e-02
1.430524e-02
3.871752e-03
9.901141e-04
2.446787e-04
5.900761e-05
1.394851e-05
3.240123e-06
7.409962e-07
1.670903e-07
3.719883e-08
8.185361e-09
1.781982e-09
3.841499e-10
8.206586e-11
1.738535e-11
3.654498e-12
7.626592e-13
1.580569e-13
3.255237e-14
6.686901e-15
1.349995e-15
2.511563e-16
5.805342e-17
5.044995e-17
5.031987e-17
4.921970e-17
4.831981e-17
4.773141e-17
4.805183e-17
4.799038e-17
4.819575e-17
4.887808e-17
5.072698e-17
5.316146e-17
1.110169e-16
5.128415e-16
2.702075e-15
1.383918e-14
6.890246e-14
3.395300e-13
1.662690e-12
8.092140e-12
3.912750e-11
1.878700e-10
8.952612e-10
4.231481e-09
1.982372e-08
9.197908e-08
4.222973e-07
1.916596e-06
8.588369e-06
3.794338e-05
1.649568e-04
7.033781e-04
2.919122e-03
1.155536e-02
4.190596e-02
1.332614e-01
3.670997e-01
8.957429e-01
1.976077e+00
3.853212e+00
6.232606e+00
8.171821e+00
9.229503e+00
9.685908e+00
9.867760e+00
9.940800e+00
9.971516e+00
9.985219e+00
9.991722e+00
9.995003e+00
9.996754e+00
9.997736e+00
9.998309e+00
9.998649e+00
9.998848e+00
9.998952e+00
9.998985e+00
9.998952e+00
9.998848e+00
9.998649e+00
9.998309e+00
9.997736e+00
9.996754e+00
9.995003e+00
9.991722e+00
9.985219e+00
9.971516e+00
9.940800e+00
9.867760e+00
9.685908e+00
9.229503e+00
8.171821e+00
6.232606e+00
3.853212e+00
1.976077e+00
8.957429e-01
3.670997e-01
1.332614e-01
4.190596e-02
1.155536e-02
2.919122e-03
7.033781e-04
1.649568e-04
3.794338e-05
8.588369e-06
1.916596e-06
4.222973e-07
9.197908e-08
1.982372e-08
4.231481e-09
8.952612e-10
1.878700e-10
3.912749e-11
8.092123e-12
1.662679e-12
3.395307e-13
6.891063e-14
1.385111e-14
2.715355e-15
5.183021e-16
1.132028e-16
5.488311e-17
5.236686e-17
5.006280e-17
4.894183e-17
4.835005e-17
4.848959e-17
4.847999e-17
4.864322e-17
4.896774e-17
5.061432e-17
6.539415e-17
2.321175e-16
1.118044e-15
5.546027e-15
2.798992e-14
1.406675e-13
7.024626e-13
3.489149e-12
1.723609e-11
8.464979e-11
4.131341e-10
2.002728e-09
9.637870e-09
4.601519e-08
2.178113e-07
1.021350e-06
4.740100e-06
2.174943e-05
9.852479e-05
4.396322e-04
1.922179e-03
8.109089e-03
3.178188e-02
1.097559e-01
3.255908e-01
8.462869e-01
1.976077e+00
4.031438e+00
6.617316e+00
8.548813e+00
9.466272e+00
9.809200e+00
9.929120e+00
9.971883e+00
9.987962e+00
9.994412e+00
9.997184e+00
9.998460e+00
9.999088e+00
9.999417e+00
9.999598e+00
9.999702e+00
9.999764e+00
9.999799e+00
9.999818e+00
9.999824e+00
9.999818e+00
9.999799e+00
9.999764e+00
9.999702e+00
9.999598e+00
9.999417e+00
9.999088e+00
9.998460e+00
9.997184e+00
9.994412e+00
9.987962e+00
9.971883e+00
9.929120e+00
9.809200e+00
9.466272e+00
8.548813e+00
6.617316e+00
4.031438e+00
1.976077e+00
8.462869e-01
3.255908e-01
1.097559e-01
3.178188e-02
8.109089e-03
1.922179e-03
4.396322e-04
9.852479e-05
2.174943e-05
4.740100e-06
1.021350e-06
2.178113e-07
4.601519e-08
9.637870e-09
2.002728e-09
4.131341e-10
8.464977e-11
1.723608e-11
3.489144e-12
7.024725e-13
1.406810e-13
2.799992e-14
5.555154e-15
1.123610e-15
2.361827e-16
6.822231e-17
5.214245e-17
4.981228e-17
4.911112e-17
4.869807e-17
4.872547e-17
4.878789e-17
4.898251e-17
4.870414e-17
4.409049e-17
8.275136e-17
4.016220e-16
2.117271e-15
1.074400e-14
5.449445e-14
2.765653e-13
1.398710e-12
7.042163e-12
3.528416e-11
1.758753e-10
8.718001e-10
4.295660e-09
2.102982e-08
1.022350e-07
4.932389e-07
2.359965e-06
1.118901e-05
5.251412e-05
2.436118e-04
1.113365e-03
4.963646e-03
2.095149e-02
7.911905e-02
2.556609e-01
7.134802e-01
1.774844e+00
3.853212e+00
6.617316e+00
8.661551e+00
9.559541e+00
9.860448e+00
9.954223e+00
9.984001e+00
9.993966e+00
9.997527e+00
9.998895e+00
9.999460e+00
9.999712e+00
9.999833e+00
9.999895e+00
9.999929e+00
9.999948e+00
9.999959e+00
9.999965e+00
9.999968e+00
9.999969e+00
9.999968e+00
9.999965e+00
9.999959e+00
9.999948e+00
9.999929e+00
9.999895e+00
9.999833e+00
9.999712e+00
9.999460e+00
9.998895e+00
9.997527e+00
9.993966e+00
9.984001e+00
9.954223e+00
9.860448e+00
9.559541e+00
8.661551e+00
6.617316e+00
3.853212e+00
1.774844e+00
7.134802e-01
2.556609e-01
7.911905e-02
2.095149e-02
4.963646e-03
1.113365e-03
2.436118e-04
5.251412e-05
1.118901e-05
2.359965e-06
4.932389e-07
1.022350e-07
2.102982e-08
4.295660e-09
8.718001e-10
1.758753e-10
3.528416e-11
7.042169e-12
1.398721e-12
2.765708e-13
5.450201e-14
1.075116e-14
2.130536e-15
4.146521e-16
8.993771e-17
4.511095e-17
4.887223e-17
4.907168e-17
4.884192e-17
4.877749e-17
4.891433e-17
4.943819e-17
5.099434e-17
5.324673e-17
1.533673e-16
7.414271e-16
3.834212e-15
1.981018e-14
1.019120e-13
5.233110e-13
2.678948e-12
1.366125e-11
6.937027e-11
3.506549e-10
1.763868e-09
8.826147e-09
4.391521e-08
2.171677e-07
1.066799e-06
5.202520e-06
2.516941e-05
1.206773e-04
5.723129e-04
2.669904e-03
1.201974e-02
4.967086e-02
1.769506e-01
5.360713e-01
1.429242e+00
3.349534e+00
6.232606e+00
8.548813e+00
9.559541e+00
9.874564e+00
9.963477e+00
9.988767e+00
9.996294e+00
9.998675e+00
9.999483e+00
9.999778e+00
9.999896e+00
9.999946e+00
9.999969e+00
9.999981e+00
9.999987e+00
9.999991e+00
9.999993e+00
9.999994e+00
9.999995e+00
9.999995e+00
9.999995e+00
9.999994e+00
9.999993e+00
9.999991e+00
9.999987e+00
9.999981e+00
9.999969e+00
9.999946e+00
9.999896e+00
9.999778e+00
9.999483e+00
9.998675e+00
9.996294e+00
9.988767e+00
9.963477e+00
9.874564e+00
9.559541e+00
8.548813e+00
6.232606e+00
3.349534e+00
1.429242e+00
5.360713e-01
1.769506e-01
4.967086e-02
1.201974e-02
2.669904e-03
5.723129e-04
1.206773e-04
2.516941e-05
5.202520e-06
1.066799e-06
2.171677e-07
4.391521e-08
8.826147e-09
1.763868e-09
3.506549e-10
6.937029e-11
1.366126e-11
2.678955e-12
5.233135e-13
1.019180e-13
1.981722e-14
3.835838e-15
7.414782e-16
1.502173e-16
5.045716e-17
5.014829e-17
4.916106e-17
4.882957e-17
4.867964e-17
4.873033e-17
4.896346e-17
5.112289e-17
6.780256e-17
2.603992e-16
1.312487e-15
6.750688e-15
3.520242e-14
1.833612e-13
9.525372e-13
4.932901e-12
2.545878e-11
1.309091e-10
6.704729e-10
3.419376e-09
1.735917e-08
8.769469e-08
4.406639e-07
2.201587e-06
1.093026e-05
5.388911e-05
2.635512e-04
1.274910e-03
6.038930e-03
2.705963e-02
1.071289e-01
3.576955e-01
1.029898e+00
2.621370e+00
5.447774e+00
8.171821e+00
9.466272e+00
9.860448e+00
9.963477e+00
9.990045e+00
9.997124e+00
9.999108e+00
9.999700e+00
9.999889e+00
9.999955e+00
9.999980e+00
9.999990e+00
9.999994e+00
9.999997e+00
9.999998e+00
9.999998e+00
9.999999e+00
9.999999e+00
9.999999e+00
9.999999e+00
9.999999e+00
9.999999e+00
9.999999e+00
9.999998e+00
9.999998e+00
9.999997e+00
9.999994e+00
9.999990e+00
9.999980e+00
9.999955e+00
9.999889e+00
9.999700e+00
9.999108e+00
9.997124e+00
9.990045e+00
9.963477e+00
9.860448e+00
9.466272e+00
8.171821e+00
5.447774e+00
2.621370e+00
1.029898e+00
3.576955e-01
1.071289e-01
2.705963e-02
6.038930e-03
1.274910e-03
2.635512e-04
5.388911e-05
1.093026e-05
2.201587e-06
4.406639e-07
8.769469e-08
1.735917e-08
3.419376e-09
6.704729e-10
1.309091e-10
2.545879e-11
4.932915e-12
9.525432e-13
1.833665e-13
3.520324e-14
6.744742e-15
1.305897e-15
2.531088e-16
6.523508e-17
5.024201e-17
4.861831e-17
4.859359e-17
4.864377e-17
4.850515e-17
4.749687e-17
4.370213e-17
8.808709e-17
4.134807e-16
2.170384e-15
1.142726e-14
6.033101e-14
3.176227e-13
1.667496e-12
8.729148e-12
4.555883e-11
2.370193e-10
1.228880e-09
6.348093e-09
3.266395e-08
1.673616e-07
8.536081e-07
4.332229e-06
2.186832e-05
1.097199e-04
5.463909e-04
2.688010e-03
1.282678e-02
5.621854e-02
2.102636e-01
6.627132e-01
1.831583e+00
4.306384e+00
7.419727e+00
9.229503e+00
9.809200e+00
9.954223e+00
9.988767e+00
9.997124e+00
9.999222e+00
9.999775e+00
9.999929e+00
9.999976e+00
9.999991e+00
9.999996e+00
9.999998e+00
9.999999e+00
9.999999e+00
1.000000e+01
1.000000e+01
1.000000e+01
1.000000e+01
1.000000e+01
1.000000e+01
1.000000e+01
1.000000e+01
1.000000e+01
1.000000e+01
1.000000e+01
9.999999e+00
9.999999e+00
9.999998e+00
9.999996e+00
9.999991e+00
9.999976e+00
9.999929e+00
9.999775e+00
9.999222e+00
9.997124e+00
9.988767e+00
9.954223e+00
9.809200e+00
9.229503e+00
7.419727e+00
4.306384e+00
1.831584e+00
6.627132e-01
2.102636e-01
5.621854e-02
1.282678e-02
2.688010e-03
5.463909e-04
1.097199e-04
2.186832e-05
4.332229e-06
8.536081e-07
1.673616e-07
3.266395e-08
6.348093e-09
1.228880e-09
2.370193e-10
4.555884e-11
8.729159e-12
1.667508e-12
3.176383e-13
6.034817e-14
1.144463e-14
2.180700e-15
4.184294e-16
8.989946e-17
4.372950e-17
4.732730e-17
4.836304e-17
4.892236e-17
4.895695e-17
4.822579e-17
4.354104e-17
1.156765e-16
6.362010e-16
3.483562e-15
1.869205e-14
9.969982e-14
5.296797e-13
2.807207e-12
1.484191e-11
7.826871e-11
4.116197e-10
2.158410e-09
1.128270e-08
5.878086e-08
3.051363e-07
1.577848e-06
8.124736e-06
4.164351e-05
2.123087e-04
1.074433e-03
5.354500e-03
2.547242e-02
1.074457e-01
3.786297e-01
1.140521e+00
3.003937e+00
6.169021e+00
8.722460e+00
9.685908e+00
9.929120e+00
9.984001e+00
9.996294e+00
9.999108e+00
9.999775e+00
9.999939e+00
9.999982e+00
9.999994e+00
9.999998e+00
9.999999e+00
1.000000e+01
1.000000e+01
1.000000e+01
1.000000e+01
1.000000e+01
1.000000e+01
1.000000e+01
1.000000e+01
1.000000e+01
1.000000e+01
1.000000e+01
1.000000e+01
1.000000e+01
1.000000e+01
1.000000e+01
1.000000e+01
1.000000e+01
9.999999e+00
9.999998e+00
9.999994e+00
9.999982e+00
9.999939e+00
9.999775e+00
9.999108e+00
9.996294e+00
9.984001e+00
9.929120e+00
9.685908e+00
8.722460e+00
6.169021e+00
3.003937e+00
1.140521e+00
3.786297e-01
1.074457e-01
2.547242e-02
5.354500e-03
1.074433e-03
2.123087e-04
4.164351e-05
8.124736e-06
1.577848e-06
3.051363e-07
5.878086e-08
1.128270e-08
2.158410e-09
4.116197e-10
7.826872e-11
1.484191e-11
2.807219e-12
5.296986e-13
9.972678e-14
1.872532e-14
3.504448e-15
6.481129e-16
1.229110e-16
4.444492e-17
4.792710e-17
4.871365e-17
4.927425e-17
4.983607e-17
5.176648e-17
5.542710e-17
1.837135e-16
9.984604e-16
5.462347e-15
2.950621e-14
1.586032e-13
8.499079e-13
4.544058e-12
2.424453e-11
1.290732e-10
6.855692e-10
3.632390e-09
1.919494e-08
1.011470e-07
5.313763e-07
2.782486e-06
1.451864e-05
7.545886e-05
3.903042e-04
2.002793e-03
1.006025e-02
4.714385e-02
1.893563e-01
6.327779e-01
1.836083e+00
4.480386e+00
7.717599e+00
9.398147e+00
9.867760e+00
9.971883e+00
9.993966e+00
9.998675e+00
9.999700e+00
9.999929e+00
9.999982e+00
9.999995e+00
9.999999e+00
1.000000e+01
1.000000e+01
1.000000e+01
1.000000e+01
1.000000e+01
1.000000e+01
1.000000e+01
1.000000e+01
1.000000e+01
1.000000e+01
1.000000e+01
1.000000e+01
1.000000e+01
1.000000e+01
1.000000e+01
1.000000e+01
1.000000e+01
1.000000e+01
1.000000e+01
1.000000e+01
1.000000e+01
9.999999e+00
9.999995e+00
9.999982e+00
9.999929e+00
9.999700e+00
9.998675e+00
9.993966e+00
9.971883e+00
9.867760e+00
9.398147e+00
7.717599e+00
4.480386e+00
1.836083e+00
6.327779e-01
1.893563e-01
4.714385e-02
1.006025e-02
2.002793e-03
3.903042e-04
7.545886e-05
1.451864e-05
2.782486e-06
5.313763e-07
1.011470e-07
1.919494e-08
3.632390e-09
6.855692e-10
1.290732e-10
2.424454e-11
4.544063e-12
8.499161e-13
1.586073e-13
2.950142e-14
5.450163e-15
9.941121e-16
1.801156e-16
5.262194e-17
5.062388e-17
4.938846e-17
4.913866e-17
4.956294e-17
5.219207e-17
7.054457e-17
2.905524e-16
1.561446e-15
8.332472e-15
4.497064e-14
2.430531e-13
1.312265e-12
7.072370e-12
3.804866e-11
2.043224e-10
1.095088e-09
5.857116e-09
3.125801e-08
1.664238e-07
8.838395e-07
4.681146e-06
2.471997e-05
1.301021e-04
6.816269e-04
3.537581e-03
1.780219e-02
8.124911e-02
3.097909e-01
9.917361e-01
2.764256e+00
6.014260e+00
8.729788e+00
9.712141e+00
9.940800e+00
9.987962e+00
9.997527e+00
9.999483e+00
9.999889e+00
9.999976e+00
9.999994e+00
9.999999e+00
1.000000e+01
1.000000e+01
1.000000e+01
1.000000e+01
1.000000e+01
1.000000e+01
1.000000e+01
1.000000e+01
1.000000e+01
1.000000e+01
1.000000e+01
1.000000e+01
1.000000e+01
1.000000e+01
1.000000e+01
1.000000e+01
1.000000e+01
1.000000e+01
1.000000e+01
1.000000e+01
1.000000e+01
1.000000e+01
1.000000e+01
9.999999e+00
9.999994e+00
9.999976e+00
9.999889e+00
9.999483e+00
9.997527e+00
9.987962e+00
9.940800e+00
9.712141e+00
8.729788e+00
6.014260e+00
2.764256e+00
9.917362e-01
3.097909e-01
8.124911e-02
1.780219e-02
3.537581e-03
6.816269e-04
1.301021e-04
2.471997e-05
4.681146e-06
8.838395e-07
1.664238e-07
3.125801e-08
5.857116e-09
1.095088e-09
2.043224e-10
3.804866e-11
7.072363e-12
1.312245e-12
2.430100e-13
4.490416e-14
8.280730e-15
1.536448e-15
2.776195e-16
6.687126e-17
5.089714e-17
4.910918e-17
4.893268e-17
4.809332e-17
4.424477e-17
8.669902e-17
4.057162e-16
2.234600e-15
1.213358e-14
6.597560e-14
3.588055e-13
1.949998e-12
1.058464e-11
5.737195e-11
3.105020e-10
1.677762e-09
9.050119e-09
4.872905e-08
2.618658e-07
1.404326e-06
7.514284e-06
4.010923e-05
2.134710e-04
1.130962e-03
5.919915e-03
2.964563e-02
1.306581e-01
4.745045e-01
1.467834e+00
3.875854e+00
7.316975e+00
9.301098e+00
9.855302e+00
9.971516e+00
9.994412e+00
9.998895e+00
9.999778e+00
9.999955e+00
9.999991e+00
9.999998e+00
1.000000e+01
1.000000e+01
1.000000e+01
1.000000e+01
1.000000e+01
1.000000e+01
1.000000e+01
1.000000e+01
1.000000e+01
1.000000e+01
1.000000e+01
1.000000e+01
1.000000e+01
1.000000e+01
1.000000e+01
1.000000e+01
1.000000e+01
1.000000e+01
1.000000e+01
1.000000e+01
1.000000e+01
1.000000e+01
1.000000e+01
1.000000e+01
1.000000e+01
9.999998e+00
9.999991e+00
9.999955e+00
9.999778e+00
9.998895e+00
9.994412e+00
9.971516e+00
9.855302e+00
9.301098e+00
7.316975e+00
3.875854e+00
1.467834e+00
4.745045e-01
1.306581e-01
2.964563e-02
5.919915e-03
1.130962e-03
2.134710e-04
4.010923e-05
7.514285e-06
1.404326e-06
2.618658e-07
4.872905e-08
9.050119e-09
1.677762e-09
3.105020e-10
5.737193e-11
1.058462e-11
1.949965e-12
3.587692e-13
6.594858e-14
1.212741e-14
2.227303e-15
4.049527e-16
8.660073e-17
4.389893e-17
4.793916e-17
5.037236e-17
4.880469e-17
4.398284e-17
1.162380e-16
5.733510e-16
3.086646e-15
1.697908e-14
9.312965e-14
5.098974e-13
2.788550e-12
1.523397e-11
8.312768e-11
4.530439e-10
2.465832e-09
1.340233e-08
7.273662e-08
3.941304e-07
2.132035e-06
1.151224e-05
6.203655e-05
3.334387e-04
1.783372e-03
9.386528e-03
4.647066e-02
1.969246e-01
6.859393e-01
2.058747e+00
5.049208e+00
8.255944e+00
9.604419e+00
9.922460e+00
9.985219e+00
9.997184e+00
9.999460e+00
9.999896e+00
9.999980e+00
9.999996e+00
9.999999e+00
1.000000e+01
1.000000e+01
1.000000e+01
1.000000e+01
1.000000e+01
1.000000e+01
1.000000e+01
1.000000e+01
1.000000e+01
1.000000e+01
1.000000e+01
1.000000e+01
1.000000e+01
1.000000e+01
1.000000e+01
1.000000e+01
1.000000e+01
1.000000e+01
1.000000e+01
1.000000e+01
1.000000e+01
1.000000e+01
1.000000e+01
1.000000e+01
1.000000e+01
9.999999e+00
9.999996e+00
9.999980e+00
9.999896e+00
9.999460e+00
9.997184e+00
9.985219e+00
9.922460e+00
9.604419e+00
8.255944e+00
5.049208e+00
2.058747e+00
6.859393e-01
1.969246e-01
4.647066e-02
9.386529e-03
1.783372e-03
3.334387e-04
6.203655e-05
1.151224e-05
2.132035e-06
3.941304e-07
7.273662e-08
1.340233e-08
2.465832e-09
4.530439e-10
8.312767e-11
1.523395e-11
2.788542e-12
5.099024e-13
9.315284e-14
1.700617e-14
3.101660e-15
5.789444e-16
1.177453e-16
4.460142e-17
4.900261e-17
5.459923e-17
5.291868e-17
4.684815e-17
1.299050e-16
7.424680e-16
4.161193e-15
2.299760e-14
1.267472e-13
6.978345e-13
3.837917e-12
2.108747e-11
1.157543e-10
6.347647e-10
3.477179e-09
1.902622e-08
1.039824e-07
5.675659e-07
3.093749e-06
1.683909e-05
9.150124e-05
4.960255e-04
2.673783e-03
1.410762e-02
6.867213e-02
2.797527e-01
9.419564e-01
2.740606e+00
6.136523e+00
8.866144e+00
9.764677e+00
9.955493e+00
9.991722e+00
9.998460e+00
9.999712e+00
9.999946e+00
9.999990e+00
9.999998e+00
1.000000e+01
1.000000e+01
1.000000e+01
1.000000e+01
1.000000e+01
1.000000e+01
1.000000e+01
1.000000e+01
1.000000e+01
1.000000e+01
1.000000e+01
1.000000e+01
1.000000e+01
1.000000e+01
1.000000e+01
1.000000e+01
1.000000e+01
1.000000e+01
1.000000e+01
1.000000e+01
1.000000e+01
1.000000e+01
1.000000e+01
1.000000e+01
1.000000e+01
1.000000e+01
1.000000e+01
9.999998e+00
9.999990e+00
9.999946e+00
9.999712e+00
9.998460e+00
9.991722e+00
9.955493e+00
9.764677e+00
8.866144e+00
6.136523e+00
2.740606e+00
9.419565e-01
2.797527e-01
6.867213e-02
1.410762e-02
2.673783e-03
4.960255e-04
9.150124e-05
1.683909e-05
3.093749e-06
5.675660e-07
1.039824e-07
1.902622e-08
3.477179e-09
6.347647e-10
1.157543e-10
2.108747e-11
3.837922e-12
6.978421e-13
1.267575e-13
2.300823e-14
4.174999e-15
7.534404e-16
1.375821e-16
4.841286e-17
5.313917e-17
6.176728e-17
6.096833e-17
5.736942e-17
1.660664e-16
9.430767e-16
5.388963e-15
3.004334e-14
1.663660e-13
9.201175e-13
5.084797e-12
2.807846e-11
1.549312e-10
8.541922e-10
4.705492e-09
2.589800e-08
1.424021e-07
7.822229e-07
4.292197e-06
2.352461e-05
1.287543e-04
7.030839e-04
3.813588e-03
2.011334e-02
9.591402e-02
3.767546e-01
1.234708e+00
3.468143e+00
7.035315e+00
9.243229e+00
9.851512e+00
9.972611e+00
9.995003e+00
9.999088e+00
9.999833e+00
9.999969e+00
9.999994e+00
9.999999e+00
1.000000e+01
1.000000e+01
1.000000e+01
1.000000e+01
1.000000e+01
1.000000e+01
1.000000e+01
1.000000e+01
1.000000e+01
1.000000e+01
1.000000e+01
1.000000e+01
1.000000e+01
1.000000e+01
1.000000e+01
1.000000e+01
1.000000e+01
1.000000e+01
1.000000e+01
1.000000e+01
1.000000e+01
1.000000e+01
1.000000e+01
1.000000e+01
1.000000e+01
1.000000e+01
1.000000e+01
9.999999e+00
9.999994e+00
9.999969e+00
9.999833e+00
9.999088e+00
9.995003e+00
9.972611e+00
9.851512e+00
9.243229e+00
7.035315e+00
3.468143e+00
1.234708e+00
3.767546e-01
9.591402e-02
2.011334e-02
3.813588e-03
7.030839e-04
1.287543e-04
2.352461e-05
4.292197e-06
7.822229e-07
1.424021e-07
2.589800e-08
4.705492e-09
8.541922e-10
1.549312e-10
2.807846e-11
5.084797e-12
9.201233e-13
1.663770e-13
3.005250e-14
5.395523e-15
9.492921e-16
1.691689e-16
5.630815e-17
6.041880e-17
7.093974e-17
7.145881e-17
7.292254e-17
2.348481e-16
1.239024e-15
6.814583e-15
3.789702e-14
2.105339e-13
1.168830e-12
6.485778e-12
3.596847e-11
1.993523e-10
1.104198e-09
6.112020e-09
3.380795e-08
1.868667e-07
1.032061e-06
5.695290e-06
3.139977e-05
1.729132e-04
9.500107e-04
5.177463e-03
2.723055e-02
1.270209e-01
4.834497e-01
1.550171e+00
4.184365e+00
7.717846e+00
9.472957e+00
9.900288e+00
9.981941e+00
9.996754e+00
9.999417e+00
9.999895e+00
9.999981e+00
9.999997e+00
9.999999e+00
1.000000e+01
1.000000e+01
1.000000e+01
1.000000e+01
1.000000e+01
1.000000e+01
1.000000e+01
1.000000e+01
1.000000e+01
1.000000e+01
1.000000e+01
1.000000e+01
1.000000e+01
1.000000e+01
1.000000e+01
1.000000e+01
1.000000e+01
1.000000e+01
1.000000e+01
1.000000e+01
1.000000e+01
1.000000e+01
1.000000e+01
1.000000e+01
1.000000e+01
1.000000e+01
1.000000e+01
9.999999e+00
9.999997e+00
9.999981e+00
9.999895e+00
9.999417e+00
9.996754e+00
9.981941e+00
9.900288e+00
9.472957e+00
7.717846e+00
4.184365e+00
1.550171e+00
4.834497e-01
1.270209e-01
2.723055e-02
5.177463e-03
9.500107e-04
1.729132e-04
3.139977e-05
5.695290e-06
1.032061e-06
1.868667e-07
3.380795e-08
6.112020e-09
1.104198e-09
1.993523e-10
3.596848e-11
6.485788e-12
1.168844e-12
2.105496e-13
3.790607e-14
6.814044e-15
1.233568e-15
2.270257e-16
6.906785e-17
7.012442e-17
8.052594e-17
8.157804e-17
8.387874e-17
2.795739e-16
1.507424e-15
8.291516e-15
4.610732e-14
2.568408e-13
1.430559e-12
7.965537e-12
4.433420e-11
2.466384e-10
1.371421e-09
7.621815e-09
4.233620e-08
2.350274e-07
1.303960e-06
7.229873e-06
4.005742e-05
2.217160e-04
1.224243e-03
6.694929e-03
3.505509e-02
1.600385e-01
5.935059e-01
1.869005e+00
4.835559e+00
8.207879e+00
9.613758e+00
9.928694e+00
9.987259e+00
9.997736e+00
9.999598e+00
9.999929e+00
9.999987e+00
9.999998e+00
1.000000e+01
1.000000e+01
1.000000e+01
1.000000e+01
1.000000e+01
1.000000e+01
1.000000e+01
1.000000e+01
1.000000e+01
1.000000e+01
1.000000e+01
1.000000e+01
1.000000e+01
1.000000e+01
1.000000e+01
1.000000e+01
1.000000e+01
1.000000e+01
1.000000e+01
1.000000e+01
1.000000e+01
1.000000e+01
1.000000e+01
1.000000e+01
1.000000e+01
1.000000e+01
1.000000e+01
1.000000e+01
1.000000e+01
9.999998e+00
9.999987e+00
9.999929e+00
9.999598e+00
9.997736e+00
9.987259e+00
9.928694e+00
9.613758e+00
8.207879e+00
4.835559e+00
1.869005e+00
5.935059e-01
1.600385e-01
3.505509e-02
6.694929e-03
1.224243e-03
2.217160e-04
4.005742e-05
7.229873e-06
1.303960e-06
2.350274e-07
4.233620e-08
7.621815e-09
1.371421e-09
2.466384e-10
4.433422e-11
7.965560e-12
1.430579e-12
2.568466e-13
4.610759e-14
8.289753e-15
1.506342e-15
2.735285e-16
8.088672e-17
8.032362e-17
8.934156e-17
9.045347e-17
9.308889e-17
3.180180e-16
1.751849e-15
9.690219e-15
5.407016e-14
3.020802e-13
1.687255e-12
9.421258e-12
5.258967e-11
2.934533e-10
1.636875e-09
9.126873e-09
5.086861e-08
2.833935e-07
1.578090e-06
8.783363e-06
4.885878e-05
2.715418e-04
1.505300e-03
8.251060e-03
4.297628e-02
1.924467e-01
6.992725e-01
2.168916e+00
5.383609e+00
8.546476e+00
9.701014e+00
9.945721e+00
9.990397e+00
9.998309e+00
9.999702e+00
9.999948e+00
9.999991e+00
9.999998e+00
1.000000e+01
1.000000e+01
1.000000e+01
1.000000e+01
1.000000e+01
1.000000e+01
1.000000e+01
1.000000e+01
1.000000e+01
1.000000e+01
1.000000e+01
1.000000e+01
1.000000e+01
1.000000e+01
1.000000e+01
1.000000e+01
1.000000e+01
1.000000e+01
1.000000e+01
1.000000e+01
1.000000e+01
1.000000e+01
1.000000e+01
1.000000e+01
1.000000e+01
1.000000e+01
1.000000e+01
1.000000e+01
1.000000e+01
9.999998e+00
9.999991e+00
9.999948e+00
9.999702e+00
9.998309e+00
9.990397e+00
9.945721e+00
9.701014e+00
8.546476e+00
5.383609e+00
2.168916e+00
6.992725e-01
1.924467e-01
4.297628e-02
8.251060e-03
1.505300e-03
2.715418e-04
4.885878e-05
8.783364e-06
1.578090e-06
2.833935e-07
5.086861e-08
9.126873e-09
1.636875e-09
2.934533e-10
5.258968e-11
9.421260e-12
1.687248e-12
3.020690e-13
5.405919e-14
9.684761e-15
1.747159e-15
3.151713e-16
9.197443e-17
8.975004e-17
9.668821e-17
9.778239e-17
1.008126e-16
3.497964e-16
1.964524e-15
1.094671e-14
6.121554e-14
3.426448e-13
1.917913e-12
1.073271e-11
6.004573e-11
3.358444e-10
1.877888e-09
1.049714e-08
5.865919e-08
3.276863e-07
1.829911e-06
1.021501e-05
5.699683e-05
3.177670e-04
1.766798e-03
9.698510e-03
5.025380e-02
2.214766e-01
7.925865e-01
2.427860e+00
5.809646e+00
8.772202e+00
9.755120e+00
9.956050e+00
9.992279e+00
9.998649e+00
9.999764e+00
9.999959e+00
9.999993e+00
9.999999e+00
1.000000e+01
1.000000e+01
1.000000e+01
1.000000e+01
1.000000e+01
1.000000e+01
1.000000e+01
1.000000e+01
1.000000e+01
1.000000e+01
1.000000e+01
1.000000e+01
1.000000e+01
1.000000e+01
1.000000e+01
1.000000e+01
1.000000e+01
1.000000e+01
1.000000e+01
1.000000e+01
1.000000e+01
1.000000e+01
1.000000e+01
1.000000e+01
1.000000e+01
1.000000e+01
1.000000e+01
1.000000e+01
1.000000e+01
9.999999e+00
9.999993e+00
9.999959e+00
9.999764e+00
9.998649e+00
9.992279e+00
9.956050e+00
9.755120e+00
8.772202e+00
5.809646e+00
2.427860e+00
7.925865e-01
2.214766e-01
5.025380e-02
9.698510e-03
1.766798e-03
3.177670e-04
5.699683e-05
1.021501e-05
1.829911e-06
3.276863e-07
5.865919e-08
1.049714e-08
1.877888e-09
3.358444e-10
6.004572e-11
1.073268e-11
1.917880e-12
3.426218e-13
6.119466e-14
1.093831e-14
1.958916e-15
3.481841e-16
1.004368e-16
9.747611e-17
1.021940e-16
1.032578e-16
1.061748e-16
3.679132e-16
2.103588e-15
1.189775e-14
6.684178e-14
3.748612e-13
2.101412e-12
1.177820e-11
6.600150e-11
3.697711e-10
2.071160e-09
1.159824e-08
6.493280e-08
3.634334e-07
2.033613e-06
1.137586e-05
6.361173e-05
3.554331e-04
1.980311e-03
1.087954e-02
5.612974e-02
2.444720e-01
8.657331e-01
2.626903e+00
6.109581e+00
8.914399e+00
9.787656e+00
9.962172e+00
9.993386e+00
9.998848e+00
9.999799e+00
9.999965e+00
9.999994e+00
9.999999e+00
1.000000e+01
1.000000e+01
1.000000e+01
1.000000e+01
1.000000e+01
1.000000e+01
1.000000e+01
1.000000e+01
1.000000e+01
1.000000e+01
1.000000e+01
1.000000e+01
1.000000e+01
1.000000e+01
1.000000e+01
1.000000e+01
1.000000e+01
1.000000e+01
1.000000e+01
1.000000e+01
1.000000e+01
1.000000e+01
1.000000e+01
1.000000e+01
1.000000e+01
1.000000e+01
1.000000e+01
1.000000e+01
1.000000e+01
9.999999e+00
9.999994e+00
9.999965e+00
9.999799e+00
9.998848e+00
9.993386e+00
9.962172e+00
9.787656e+00
8.914399e+00
6.109581e+00
2.626903e+00
8.657331e-01
2.444720e-01
5.612974e-02
1.087954e-02
1.980311e-03
3.554331e-04
6.361173e-05
1.137586e-05
2.033613e-06
3.634334e-07
6.493280e-08
1.159824e-08
2.071160e-09
3.697711e-10
6.600150e-11
1.177820e-11
2.101416e-12
3.748671e-13
6.684886e-14
1.190340e-14
2.105071e-15
3.678798e-16
1.060071e-16
1.031262e-16
1.056954e-16
1.068062e-16
1.101288e-16
3.862736e-16
2.217994e-15
1.253438e-14
7.045172e-14
3.955707e-13
2.219759e-12
1.245321e-11
6.985106e-11
3.917273e-10
2.196404e-09
1.231275e-08
6.900949e-08
3.866963e-07
2.166376e-06
1.213363e-05
6.793680e-05
3.801005e-04
2.120322e-03
1.165343e-02
5.995094e-02
2.592375e-01
9.123919e-01
2.751985e+00
6.286620e+00
8.992529e+00
9.805045e+00
9.965415e+00
9.993970e+00
9.998952e+00
9.999818e+00
9.999968e+00
9.999995e+00
9.999999e+00
1.000000e+01
1.000000e+01
1.000000e+01
1.000000e+01
1.000000e+01
1.000000e+01
1.000000e+01
1.000000e+01
1.000000e+01
1.000000e+01
1.000000e+01
1.000000e+01
1.000000e+01
1.000000e+01
1.000000e+01
1.000000e+01
1.000000e+01
1.000000e+01
1.000000e+01
1.000000e+01
1.000000e+01
1.000000e+01
1.000000e+01
1.000000e+01
1.000000e+01
1.000000e+01
1.000000e+01
1.000000e+01
1.000000e+01
9.999999e+00
9.999995e+00
9.999968e+00
9.999818e+00
9.998952e+00
9.993970e+00
9.965415e+00
9.805045e+00
8.992529e+00
6.286620e+00
2.751985e+00
9.123919e-01
2.592375e-01
5.995094e-02
1.165343e-02
2.120322e-03
3.801005e-04
6.793680e-05
1.213363e-05
2.166376e-06
3.866964e-07
6.900949e-08
1.231275e-08
2.196404e-09
3.917273e-10
6.985106e-11
1.245322e-11
2.219783e-12
3.956086e-13
7.050214e-14
1.255487e-14
2.219018e-15
3.856885e-16
1.100125e-16
1.067453e-16
1.070518e-16
1.081645e-16
1.117177e-16
3.950889e-16
2.272680e-15
1.279352e-14
7.174685e-14
4.027400e-13
2.260693e-12
1.268666e-11
7.118288e-11
3.993280e-10
2.239788e-09
1.256042e-08
7.042360e-08
3.947716e-07
2.212497e-06
1.239708e-05
6.944168e-05
3.886902e-04
2.169107e-03
1.192297e-02
6.127652e-02
2.643275e-01
9.284247e-01
2.794618e+00
6.345037e+00
9.017423e+00
9.810514e+00
9.966431e+00
9.994152e+00
9.998985e+00
9.999824e+00
9.999969e+00
9.999995e+00
9.999999e+00
1.000000e+01
1.000000e+01
1.000000e+01
1.000000e+01
1.000000e+01
1.000000e+01
1.000000e+01
1.000000e+01
1.000000e+01
1.000000e+01
1.000000e+01
1.000000e+01
1.000000e+01
1.000000e+01
1.000000e+01
1.000000e+01
1.000000e+01
1.000000e+01
1.000000e+01
1.000000e+01
1.000000e+01
1.000000e+01
1.000000e+01
1.000000e+01
1.000000e+01
1.000000e+01
1.000000e+01
1.000000e+01
1.000000e+01
9.999999e+00
9.999995e+00
9.999969e+00
9.999824e+00
9.998985e+00
9.994152e+00
9.966431e+00
9.810514e+00
9.017423e+00
6.345037e+00
2.794618e+00
9.284247e-01
2.643275e-01
6.127652e-02
1.192297e-02
2.169107e-03
3.886903e-04
6.944168e-05
1.239708e-05
2.212497e-06
3.947716e-07
7.042360e-08
1.256042e-08
2.239788e-09
3.993280e-10
7.118288e-11
1.268665e-11
2.260690e-12
4.027406e-13
7.174565e-14
1.279052e-14
2.269118e-15
3.940568e-16
1.116341e-16
1.081705e-16
1.062173e-16
1.071614e-16
1.103002e-16
3.857419e-16
2.217695e-15
1.254756e-14
7.049987e-14
3.956140e-13
2.219790e-12
1.245322e-11
6.985106e-11
3.917273e-10
2.196404e-09
1.231275e-08
6.900949e-08
3.866963e-07
2.166376e-06
1.213363e-05
6.793680e-05
3.801005e-04
2.120322e-03
1.165343e-02
5.995094e-02
2.592375e-01
9.123919e-01
2.751985e+00
6.286620e+00
8.992529e+00
9.805045e+00
9.965415e+00
9.993970e+00
9.998952e+00
9.999818e+00
9.999968e+00
9.999995e+00
9.999999e+00
1.000000e+01
1.000000e+01
1.000000e+01
1.000000e+01
1.000000e+01
1.000000e+01
1.000000e+01
1.000000e+01
1.000000e+01
1.000000e+01
1.000000e+01
1.000000e+01
1.000000e+01
1.000000e+01
1.000000e+01
1.000000e+01
1.000000e+01
1.000000e+01
1.000000e+01
1.000000e+01
1.000000e+01
1.000000e+01
1.000000e+01
1.000000e+01
1.000000e+01
1.000000e+01
1.000000e+01
1.000000e+01
1.000000e+01
9.999999e+00
9.999995e+00
9.999968e+00
9.999818e+00
9.998952e+00
9.993970e+00
9.965415e+00
9.805045e+00
8.992529e+00
6.286620e+00
2.751985e+00
9.123919e-01
2.592375e-01
5.995094e-02
1.165343e-02
2.120322e-03
3.801005e-04
6.793680e-05
1.213363e-05
2.166376e-06
3.866963e-07
6.900949e-08
1.231275e-08
2.196404e-09
3.917273e-10
6.985106e-11
1.245320e-11
2.219757e-12
3.955682e-13
7.044679e-14
1.252141e-14
2.211857e-15
3.851848e-16
1.104357e-16
1.073309e-16
1.033349e-16
1.039863e-16
1.064506e-16
3.682533e-16
2.105063e-15
1.189499e-14
6.684820e-14
3.748599e-13
2.101415e-12
1.177821e-11
6.600150e-11
3.697711e-10
2.071160e-09
1.159824e-08
6.493280e-08
3.634334e-07
2.033613e-06
1.137586e-05
6.361173e-05
3.554331e-04
1.980311e-03
1.087954e-02
5.612974e-02
2.444720e-01
8.657331e-01
2.626903e+00
6.109581e+00
8.914399e+00
9.787656e+00
9.962172e+00
9.993386e+00
9.998848e+00
9.999799e+00
9.999965e+00
9.999994e+00
9.999999e+00
1.000000e+01
1.000000e+01
1.000000e+01
1.000000e+01
1.000000e+01
1.000000e+01
1.000000e+01
1.000000e+01
1.000000e+01
1.000000e+01
1.000000e+01
1.000000e+01
1.000000e+01
1.000000e+01
1.000000e+01
1.000000e+01
1.000000e+01
1.000000e+01
1.000000e+01
1.000000e+01
1.000000e+01
1.000000e+01
1.000000e+01
1.000000e+01
1.000000e+01
1.000000e+01
1.000000e+01
1.000000e+01
1.000000e+01
9.999999e+00
9.999994e+00
9.999965e+00
9.999799e+00
9.998848e+00
9.993386e+00
9.962172e+00
9.787656e+00
8.914399e+00
6.109581e+00
2.626903e+00
8.657331e-01
2.444720e-01
5.612974e-02
1.087954e-02
1.980311e-03
3.554331e-04
6.361173e-05
1.137586e-05
2.033613e-06
3.634334e-07
6.493280e-08
1.159824e-08
2.071160e-09
3.697711e-10
6.600150e-11
1.177821e-11
2.101409e-12
3.748450e-13
6.683481e-14
1.188858e-14
2.102345e-15
3.688841e-16
1.072678e-16
1.045086e-16
9.860738e-17
9.899644e-17
1.008269e-16
3.466061e-16
1.957815e-15
1.093018e-14
6.118678e-14
3.426135e-13
1.917872e-12
1.073268e-11
6.004573e-11
3.358444e-10
1.877888e-09
1.049714e-08
5.865919e-08
3.276863e-07
1.829911e-06
1.021501e-05
5.699683e-05
3.177670e-04
1.766798e-03
9.698510e-03
5.025380e-02
2.214766e-01
7.925865e-01
2.427860e+00
5.809645e+00
8.772202e+00
9.755120e+00
9.956050e+00
9.992279e+00
9.998649e+00
9.999764e+00
9.999959e+00
9.999993e+00
9.999999e+00
1.000000e+01
1.000000e+01
1.000000e+01
1.000000e+01
1.000000e+01
1.000000e+01
1.000000e+01
1.000000e+01
1.000000e+01
1.000000e+01
1.000000e+01
1.000000e+01
1.000000e+01
1.000000e+01
1.000000e+01
1.000000e+01
1.000000e+01
1.000000e+01
1.000000e+01
1.000000e+01
1.000000e+01
1.000000e+01
1.000000e+01
1.000000e+01
1.000000e+01
1.000000e+01
1.000000e+01
1.000000e+01
1.000000e+01
9.999999e+00
9.999993e+00
9.999959e+00
9.999764e+00
9.998649e+00
9.992279e+00
9.956050e+00
9.755120e+00
8.772202e+00
5.809646e+00
2.427860e+00
7.925865e-01
2.214766e-01
5.025380e-02
9.698510e-03
1.766798e-03
3.177670e-04
5.699683e-05
1.021501e-05
1.829911e-06
3.276863e-07
5.865919e-08
1.049714e-08
1.877888e-09
3.358444e-10
6.004574e-11
1.073270e-11
1.917911e-12
3.426391e-13
6.120178e-14
1.093975e-14
1.966415e-15
3.542880e-16
1.034536e-16
9.993082e-17
9.218360e-17
9.257858e-17
9.396267e-17
3.172748e-16
1.758740e-15
9.708366e-15
5.408694e-14
3.020830e-13
1.687254e-12
9.421263e-12
5.258968e-11
2.934533e-10
1.636875e-09
9.126873e-09
5.086861e-08
2.833935e-07
1.578090e-06
8.783363e-06
4.885878e-05
2.715418e-04
1.505300e-03
8.251060e-03
4.297628e-02
1.924467e-01
6.992725e-01
2.168916e+00
5.383609e+00
8.546476e+00
9.701014e+00
9.945721e+00
9.990397e+00
9.998309e+00
9.999702e+00
9.999948e+00
9.999991e+00
9.999998e+00
1.000000e+01
1.000000e+01
1.000000e+01
1.000000e+01
1.000000e+01
1.000000e+01
1.000000e+01
1.000000e+01
1.000000e+01
1.000000e+01
1.000000e+01
1.000000e+01
1.000000e+01
1.000000e+01
1.000000e+01
1.000000e+01
1.000000e+01
1.000000e+01
1.000000e+01
1.000000e+01
1.000000e+01
1.000000e+01
1.000000e+01
1.000000e+01
1.000000e+01
1.000000e+01
1.000000e+01
1.000000e+01
1.000000e+01
9.999998e+00
9.999991e+00
9.999948e+00
9.999702e+00
9.998309e+00
9.990397e+00
9.945721e+00
9.701014e+00
8.546476e+00
5.383609e+00
2.168916e+00
6.992725e-01
1.924467e-01
4.297628e-02
8.251060e-03
1.505300e-03
2.715418e-04
4.885878e-05
8.783363e-06
1.578090e-06
2.833935e-07
5.086861e-08
9.126873e-09
1.636875e-09
2.934534e-10
5.258970e-11
9.421281e-12
1.687270e-12
3.021001e-13
5.409869e-14
9.714836e-15
1.767263e-15
3.245891e-16
9.638871e-17
9.329059e-17
8.427485e-17
8.496216e-17
8.744258e-17
2.907075e-16
1.542322e-15
8.346505e-15
4.615465e-14
2.568743e-13
1.430602e-12
7.965584e-12
4.433423e-11
2.466384e-10
1.371421e-09
7.621815e-09
4.233620e-08
2.350274e-07
1.303960e-06
7.229873e-06
4.005742e-05
2.217160e-04
1.224243e-03
6.694929e-03
3.505509e-02
1.600385e-01
5.935059e-01
1.869005e+00
4.835559e+00
8.207879e+00
9.613758e+00
9.928694e+00
9.987259e+00
9.997736e+00
9.999598e+00
9.999929e+00
9.999987e+00
9.999998e+00
1.000000e+01
1.000000e+01
1.000000e+01
1.000000e+01
1.000000e+01
1.000000e+01
1.000000e+01
1.000000e+01
1.000000e+01
1.000000e+01
1.000000e+01
1.000000e+01
1.000000e+01
1.000000e+01
1.000000e+01
1.000000e+01
1.000000e+01
1.000000e+01
1.000000e+01
1.000000e+01
1.000000e+01
1.000000e+01
1.000000e+01
1.000000e+01
1.000000e+01
1.000000e+01
1.000000e+01
1.000000e+01
1.000000e+01
9.999998e+00
9.999987e+00
9.999929e+00
9.999598e+00
9.997736e+00
9.987259e+00
9.928694e+00
9.613758e+00
8.207879e+00
4.835559e+00
1.869005e+00
5.935059e-01
1.600385e-01
3.505509e-02
6.694929e-03
1.224243e-03
2.217160e-04
4.005742e-05
7.229873e-06
1.303960e-06
2.350274e-07
4.233620e-08
7.621815e-09
1.371421e-09
2.466384e-10
4.433423e-11
7.965581e-12
1.430594e-12
2.568759e-13
4.616093e-14
8.346940e-15
1.538611e-15
2.854704e-16
8.635688e-17
8.477658e-17
7.527503e-17
7.573536e-17
7.769607e-17
2.465541e-16
1.263494e-15
6.847492e-15
3.793328e-14
2.105762e-13
1.168871e-12
6.485813e-12
3.596850e-11
1.993523e-10
1.104198e-09
6.112020e-09
3.380795e-08
1.868667e-07
1.032061e-06
5.695290e-06
3.139977e-05
1.729132e-04
9.500107e-04
5.177463e-03
2.723055e-02
1.270209e-01
4.834497e-01
1.550171e+00
4.184365e+00
7.717846e+00
9.472957e+00
9.900288e+00
9.981941e+00
9.996754e+00
9.999417e+00
9.999895e+00
9.999981e+00
9.999997e+00
9.999999e+00
1.000000e+01
1.000000e+01
1.000000e+01
1.000000e+01
1.000000e+01
1.000000e+01
1.000000e+01
1.000000e+01
1.000000e+01
1.000000e+01
1.000000e+01
1.000000e+01
1.000000e+01
1.000000e+01
1.000000e+01
1.000000e+01
1.000000e+01
1.000000e+01
1.000000e+01
1.000000e+01
1.000000e+01
1.000000e+01
1.000000e+01
1.000000e+01
1.000000e+01
1.000000e+01
1.000000e+01
9.999999e+00
9.999997e+00
9.999981e+00
9.999895e+00
9.999417e+00
9.996754e+00
9.981941e+00
9.900288e+00
9.472957e+00
7.717846e+00
4.184365e+00
1.550171e+00
4.834497e-01
1.270209e-01
2.723055e-02
5.177463e-03
9.500107e-04
1.729132e-04
3.139977e-05
5.695290e-06
1.032061e-06
1.868667e-07
3.380795e-08
6.112020e-09
1.104198e-09
1.993523e-10
3.596849e-11
6.485802e-12
1.168868e-12
2.105765e-13
3.793195e-14
6.844093e-15
1.257719e-15
2.391210e-16
7.558347e-17
7.510279e-17
6.615510e-17
6.554959e-17
6.290298e-17
1.780773e-16
9.574237e-16
5.396014e-15
3.005012e-14
1.663861e-13
9.201352e-13
5.084812e-12
2.807847e-11
1.549312e-10
8.541922e-10
4.705492e-09
2.589800e-08
1.424021e-07
7.822229e-07
4.292197e-06
2.352461e-05
1.287543e-04
7.030839e-04
3.813588e-03
2.011334e-02
9.591402e-02
3.767546e-01
1.234708e+00
3.468143e+00
7.035315e+00
9.243229e+00
9.851512e+00
9.972611e+00
9.995003e+00
9.999088e+00
9.999833e+00
9.999969e+00
9.999994e+00
9.999999e+00
1.000000e+01
1.000000e+01
1.000000e+01
1.000000e+01
1.000000e+01
1.000000e+01
1.000000e+01
1.000000e+01
1.000000e+01
1.000000e+01
1.000000e+01
1.000000e+01
1.000000e+01
1.000000e+01
1.000000e+01
1.000000e+01
1.000000e+01
1.000000e+01
1.000000e+01
1.000000e+01
1.000000e+01
1.000000e+01
1.000000e+01
1.000000e+01
1.000000e+01
1.000000e+01
1.000000e+01
9.999999e+00
9.999994e+00
9.999969e+00
9.999833e+00
9.999088e+00
9.995003e+00
9.972611e+00
9.851512e+00
9.243229e+00
7.035315e+00
3.468143e+00
1.234708e+00
3.767546e-01
9.591402e-02
2.011334e-02
3.813588e-03
7.030839e-04
1.287543e-04
2.352461e-05
4.292197e-06
7.822229e-07
1.424021e-07
2.589800e-08
4.705492e-09
8.541922e-10
1.549312e-10
2.807847e-11
5.084809e-12
9.201331e-13
1.663858e-13
3.005017e-14
5.394779e-15
9.539825e-16
1.755325e-16
6.216974e-17
6.513967e-17
5.855103e-17
5.716422e-17
5.163891e-17
1.377697e-16
7.500172e-16
4.157883e-15
2.298303e-14
1.267472e-13
6.978411e-13
3.837922e-12
2.108748e-11
1.157543e-10
6.347647e-10
3.477179e-09
1.902622e-08
1.039824e-07
5.675659e-07
3.093749e-06
1.683909e-05
9.150124e-05
4.960255e-04
2.673783e-03
1.410762e-02
6.867213e-02
2.797527e-01
9.419564e-01
2.740606e+00
6.136523e+00
8.866144e+00
9.764677e+00
9.955493e+00
9.991722e+00
9.998460e+00
9.999712e+00
9.999946e+00
9.999990e+00
9.999998e+00
1.000000e+01
1.000000e+01
1.000000e+01
1.000000e+01
1.000000e+01
1.000000e+01
1.000000e+01
1.000000e+01
1.000000e+01
1.000000e+01
1.000000e+01
1.000000e+01
1.000000e+01
1.000000e+01
1.000000e+01
1.000000e+01
1.000000e+01
1.000000e+01
1.000000e+01
1.000000e+01
1.000000e+01
1.000000e+01
1.000000e+01
1.000000e+01
1.000000e+01
1.000000e+01
1.000000e+01
9.999998e+00
9.999990e+00
9.999946e+00
9.999712e+00
9.998460e+00
9.991722e+00
9.955493e+00
9.764677e+00
8.866144e+00
6.136523e+00
2.740606e+00
9.419565e-01
2.797527e-01
6.867213e-02
1.410762e-02
2.673783e-03
4.960255e-04
9.150124e-05
1.683909e-05
3.093749e-06
5.675660e-07
1.039824e-07
1.902622e-08
3.477179e-09
6.347647e-10
1.157543e-10
2.108748e-11
3.837921e-12
6.978411e-13
1.267486e-13
2.298839e-14
4.162555e-15
7.494232e-16
1.370343e-16
5.152080e-17
5.703810e-17
5.356857e-17
5.230097e-17
4.849566e-17
1.183139e-16
5.684992e-16
3.077955e-15
1.697520e-14
9.313260e-14
5.099017e-13
2.788549e-12
1.523397e-11
8.312769e-11
4.530439e-10
2.465832e-09
1.340233e-08
7.273662e-08
3.941304e-07
2.132035e-06
1.151224e-05
6.203655e-05
3.334387e-04
1.783372e-03
9.386528e-03
4.647066e-02
1.969246e-01
6.859393e-01
2.058747e+00
5.049208e+00
8.255944e+00
9.604419e+00
9.922460e+00
9.985219e+00
9.997184e+00
9.999460e+00
9.999896e+00
9.999980e+00
9.999996e+00
9.999999e+00
1.000000e+01
1.000000e+01
1.000000e+01
1.000000e+01
1.000000e+01
1.000000e+01
1.000000e+01
1.000000e+01
1.000000e+01
1.000000e+01
1.000000e+01
1.000000e+01
1.000000e+01
1.000000e+01
1.000000e+01
1.000000e+01
1.000000e+01
1.000000e+01
1.000000e+01
1.000000e+01
1.000000e+01
1.000000e+01
1.000000e+01
1.000000e+01
1.000000e+01
9.999999e+00
9.999996e+00
9.999980e+00
9.999896e+00
9.999460e+00
9.997184e+00
9.985219e+00
9.922460e+00
9.604419e+00
8.255944e+00
5.049208e+00
2.058747e+00
6.859393e-01
1.969246e-01
4.647066e-02
9.386528e-03
1.783372e-03
3.334387e-04
6.203655e-05
1.151224e-05
2.132035e-06
3.941304e-07
7.273662e-08
1.340233e-08
2.465832e-09
4.530439e-10
8.312767e-11
1.523396e-11
2.788540e-12
5.099028e-13
9.314916e-14
1.699334e-14
3.089498e-15
5.762902e-16
1.203141e-16
4.871768e-17
5.232619e-17
5.102361e-17
5.016881e-17
4.721676e-17
8.261555e-17
3.981594e-16
2.219877e-15
1.212591e-14
6.597394e-14
3.588023e-13
1.949998e-12
1.058464e-11
5.737195e-11
3.105020e-10
1.677762e-09
9.050119e-09
4.872905e-08
2.618658e-07
1.404326e-06
7.514284e-06
4.010923e-05
2.134710e-04
1.130962e-03
5.919915e-03
2.964563e-02
1.306581e-01
4.745045e-01
1.467834e+00
3.875854e+00
7.316975e+00
9.301098e+00
9.855302e+00
9.971516e+00
9.994412e+00
9.998895e+00
9.999778e+00
9.999955e+00
9.999991e+00
9.999998e+00
1.000000e+01
1.000000e+01
1.000000e+01
1.000000e+01
1.000000e+01
1.000000e+01
1.000000e+01
1.000000e+01
1.000000e+01
1.000000e+01
1.000000e+01
1.000000e+01
1.000000e+01
1.000000e+01
1.000000e+01
1.000000e+01
1.000000e+01
1.000000e+01
1.000000e+01
1.000000e+01
1.000000e+01
1.000000e+01
1.000000e+01
1.000000e+01
1.000000e+01
9.999998e+00
9.999991e+00
9.999955e+00
9.999778e+00
9.998895e+00
9.994412e+00
9.971516e+00
9.855302e+00
9.301098e+00
7.316975e+00
3.875854e+00
1.467834e+00
4.745045e-01
1.306581e-01
2.964563e-02
5.919915e-03
1.130962e-03
2.134710e-04
4.010923e-05
7.514284e-06
1.404326e-06
2.618658e-07
4.872905e-08
9.050119e-09
1.677762e-09
3.105020e-10
5.737194e-11
1.058462e-11
1.949967e-12
3.587686e-13
6.594361e-14
1.211068e-14
2.219719e-15
4.023951e-16
8.473498e-17
4.735872e-17
5.019302e-17
5.010107e-17
4.988496e-17
4.950554e-17
6.056022e-17
2.794942e-16
1.548208e-15
8.332245e-15
4.497143e-14
2.430575e-13
1.312275e-12
7.072393e-12
3.804867e-11
2.043224e-10
1.095088e-09
5.857116e-09
3.125801e-08
1.664238e-07
8.838395e-07
4.681146e-06
2.471997e-05
1.301021e-04
6.816269e-04
3.537581e-03
1.780219e-02
8.124911e-02
3.097909e-01
9.917361e-01
2.764256e+00
6.014260e+00
8.729788e+00
9.712141e+00
9.940800e+00
9.987962e+00
9.997527e+00
9.999483e+00
9.999889e+00
9.999976e+00
9.999994e+00
9.999999e+00
1.000000e+01
1.000000e+01
1.000000e+01
1.000000e+01
1.000000e+01
1.000000e+01
1.000000e+01
1.000000e+01
1.000000e+01
1.000000e+01
1.000000e+01
1.000000e+01
1.000000e+01
1.000000e+01
1.000000e+01
1.000000e+01
1.000000e+01
1.000000e+01
1.000000e+01
1.000000e+01
1.000000e+01
1.000000e+01
1.000000e+01
9.999999e+00
9.999994e+00
9.999976e+00
9.999889e+00
9.999483e+00
9.997527e+00
9.987962e+00
9.940800e+00
9.712141e+00
8.729788e+00
6.014260e+00
2.764256e+00
9.917361e-01
3.097909e-01
8.124911e-02
1.780219e-02
3.537581e-03
6.816269e-04
1.301021e-04
2.471997e-05
4.681146e-06
8.838395e-07
1.664238e-07
3.125801e-08
5.857116e-09
1.095088e-09
2.043224e-10
3.804867e-11
7.072378e-12
1.312248e-12
2.430159e-13
4.490645e-14
8.273786e-15
1.523980e-15
2.722917e-16
5.977520e-17
4.930247e-17
4.983410e-17
4.973848e-17
4.989909e-17
5.102228e-17
5.447558e-17
1.844117e-16
1.005445e-15
5.461658e-15
2.950121e-14
1.585972e-13
8.499101e-13
4.544057e-12
2.424452e-11
1.290732e-10
6.855692e-10
3.632390e-09
1.919494e-08
1.011470e-07
5.313763e-07
2.782486e-06
1.451864e-05
7.545886e-05
3.903042e-04
2.002793e-03
1.006025e-02
4.714384e-02
1.893563e-01
6.327779e-01
1.836083e+00
4.480386e+00
7.717599e+00
9.398147e+00
9.867760e+00
9.971883e+00
9.993966e+00
9.998675e+00
9.999700e+00
9.999929e+00
9.999982e+00
9.999995e+00
9.999999e+00
1.000000e+01
1.000000e+01
1.000000e+01
1.000000e+01
1.000000e+01
1.000000e+01
1.000000e+01
1.000000e+01
1.000000e+01
1.000000e+01
1.000000e+01
1.000000e+01
1.000000e+01
1.000000e+01
1.000000e+01
1.000000e+01
1.000000e+01
1.000000e+01
1.000000e+01
1.000000e+01
1.000000e+01
9.999999e+00
9.999995e+00
9.999982e+00
9.999929e+00
9.999700e+00
9.998675e+00
9.993966e+00
9.971883e+00
9.867760e+00
9.398147e+00
7.717599e+00
4.480386e+00
1.836083e+00
6.327779e-01
1.893563e-01
4.714385e-02
1.006025e-02
2.002793e-03
3.903042e-04
7.545886e-05
1.451864e-05
2.782486e-06
5.313763e-07
1.011470e-07
1.919494e-08
3.632390e-09
6.855692e-10
1.290732e-10
2.424454e-11
4.544077e-12
8.499192e-13
1.586054e-13
2.950587e-14
5.454274e-15
9.944430e-16
1.802010e-16
5.397020e-17
5.083167e-17
4.983579e-17
4.927708e-17
4.930982e-17
4.927598e-17
4.806588e-17
1.261385e-16
6.422219e-16
3.475584e-15
1.868455e-14
9.968752e-14
5.296609e-13
2.807171e-12
1.484186e-11
7.826867e-11
4.116197e-10
2.158410e-09
1.128270e-08
5.878086e-08
3.051363e-07
1.577848e-06
8.124736e-06
4.164351e-05
2.123087e-04
1.074433e-03
5.354500e-03
2.547242e-02
1.074457e-01
3.786297e-01
1.140521e+00
3.003937e+00
6.169021e+00
8.722460e+00
9.685908e+00
9.929120e+00
9.984001e+00
9.996294e+00
9.999108e+00
9.999775e+00
9.999939e+00
9.999982e+00
9.999994e+00
9.999998e+00
9.999999e+00
1.000000e+01
1.000000e+01
1.000000e+01
1.000000e+01
1.000000e+01
1.000000e+01
1.000000e+01
1.000000e+01
1.000000e+01
1.000000e+01
1.000000e+01
1.000000e+01
1.000000e+01
1.000000e+01
1.000000e+01
1.000000e+01
1.000000e+01
9.999999e+00
9.999998e+00
9.999994e+00
9.999982e+00
9.999939e+00
9.999775e+00
9.999108e+00
9.996294e+00
9.984001e+00
9.929120e+00
9.685908e+00
8.722460e+00
6.169021e+00
3.003937e+00
1.140521e+00
3.786297e-01
1.074457e-01
2.547242e-02
5.354500e-03
1.074433e-03
2.123087e-04
4.164351e-05
8.124736e-06
1.577848e-06
3.051363e-07
5.878086e-08
1.128270e-08
2.158410e-09
4.116197e-10
7.826868e-11
1.484188e-11
2.807208e-12
5.296907e-13
9.971446e-14
1.872291e-14
3.506373e-15
6.554833e-16
1.287402e-16
4.824642e-17
4.926381e-17
4.928856e-17
4.877610e-17
4.867526e-17
4.814977e-17
4.627855e-17
8.488300e-17
4.082225e-16
2.168075e-15
1.142670e-14
6.032262e-14
3.176078e-13
1.667460e-12
8.729087e-12
4.555879e-11
2.370193e-10
1.228880e-09
6.348093e-09
3.266395e-08
1.673616e-07
8.536081e-07
4.332229e-06
2.186831e-05
1.097199e-04
5.463909e-04
2.688010e-03
1.282678e-02
5.621854e-02
2.102636e-01
6.627132e-01
1.831583e+00
4.306384e+00
7.419727e+00
9.229503e+00
9.809200e+00
9.954223e+00
9.988767e+00
9.997124e+00
9.999222e+00
9.999775e+00
9.999929e+00
9.999976e+00
9.999991e+00
9.999996e+00
9.999998e+00
9.999999e+00
9.999999e+00
1.000000e+01
1.000000e+01
1.000000e+01
1.000000e+01
1.000000e+01
1.000000e+01
1.000000e+01
1.000000e+01
1.000000e+01
1.000000e+01
1.000000e+01
9.999999e+00
9.999999e+00
9.999998e+00
9.999996e+00
9.999991e+00
9.999976e+00
9.999929e+00
9.999775e+00
9.999222e+00
9.997124e+00
9.988767e+00
9.954223e+00
9.809200e+00
9.229503e+00
7.419727e+00
4.306384e+00
1.831583e+00
6.627132e-01
2.102636e-01
5.621854e-02
1.282678e-02
2.688010e-03
5.463909e-04
1.097199e-04
2.186832e-05
4.332229e-06
8.536081e-07
1.673616e-07
3.266395e-08
6.348093e-09
1.228880e-09
2.370193e-10
4.555880e-11
8.729100e-12
1.667481e-12
3.176292e-13
6.033857e-14
1.144260e-14
2.179900e-15
4.143219e-16
8.757544e-17
4.652398e-17
4.820002e-17
4.867955e-17
4.841957e-17
4.836018e-17
4.814908e-17
4.774404e-17
5.736159e-17
2.527415e-16
1.306511e-15
6.738968e-15
3.519045e-14
1.833474e-13
9.525112e-13
4.932899e-12
2.545880e-11
1.309091e-10
6.704729e-10
3.419376e-09
1.735917e-08
8.769469e-08
4.406639e-07
2.201587e-06
1.093026e-05
5.388911e-05
2.635512e-04
1.274910e-03
6.038930e-03
2.705963e-02
1.071289e-01
3.576955e-01
1.029898e+00
2.621370e+00
5.447774e+00
8.171821e+00
9.466271e+00
9.860448e+00
9.963477e+00
9.990045e+00
9.997124e+00
9.999108e+00
9.999700e+00
9.999889e+00
9.999955e+00
9.999980e+00
9.999990e+00
9.999994e+00
9.999997e+00
9.999998e+00
9.999998e+00
9.999999e+00
9.999999e+00
9.999999e+00
9.999999e+00
9.999999e+00
9.999999e+00
9.999999e+00
9.999998e+00
9.999998e+00
9.999997e+00
9.999994e+00
9.999990e+00
9.999980e+00
9.999955e+00
9.999889e+00
9.999700e+00
9.999108e+00
9.997124e+00
9.990045e+00
9.963477e+00
9.860448e+00
9.466271e+00
8.171821e+00
5.447774e+00
2.621370e+00
1.029898e+00
3.576955e-01
1.071289e-01
2.705963e-02
6.038930e-03
1.274910e-03
2.635512e-04
5.388911e-05
1.093026e-05
2.201587e-06
4.406639e-07
8.769469e-08
1.735917e-08
3.419376e-09
6.704729e-10
1.309091e-10
2.545879e-11
4.932892e-12
9.525192e-13
1.833597e-13
3.520156e-14
6.745489e-15
1.307633e-15
2.493263e-16
5.698760e-17
4.767284e-17
4.814139e-17
4.835759e-17
4.817169e-17
4.819308e-17
4.835802e-17
4.938672e-17
5.281616e-17
1.580982e-16
7.437095e-16
3.833971e-15
1.981291e-14
1.019118e-13
5.233234e-13
2.678995e-12
1.366128e-11
6.937029e-11
3.506549e-10
1.763868e-09
8.826146e-09
4.391521e-08
2.171677e-07
1.066799e-06
5.202520e-06
2.516941e-05
1.206773e-04
5.723129e-04
2.669904e-03
1.201974e-02
4.967086e-02
1.769506e-01
5.360713e-01
1.429242e+00
3.349534e+00
6.232606e+00
8.548813e+00
9.559541e+00
9.874564e+00
9.963477e+00
9.988767e+00
9.996294e+00
9.998675e+00
9.999483e+00
9.999778e+00
9.999896e+00
9.999946e+00
9.999969e+00
9.999981e+00
9.999987e+00
9.999991e+00
9.999993e+00
9.999994e+00
9.999995e+00
9.999995e+00
9.999995e+00
9.999994e+00
9.999993e+00
9.999991e+00
9.999987e+00
9.999981e+00
9.999969e+00
9.999946e+00
9.999896e+00
9.999778e+00
9.999483e+00
9.998675e+00
9.996294e+00
9.988767e+00
9.963477e+00
9.874564e+00
9.559541e+00
8.548813e+00
6.232606e+00
3.349534e+00
1.429242e+00
5.360713e-01
1.769506e-01
4.967086e-02
1.201974e-02
2.669904e-03
5.723129e-04
1.206773e-04
2.516941e-05
5.202520e-06
1.066799e-06
2.171677e-07
4.391521e-08
8.826147e-09
1.763868e-09
3.506549e-10
6.937029e-11
1.366126e-11
2.678962e-12
5.233077e-13
1.019172e-13
1.981857e-14
3.835580e-15
7.437665e-16
1.561911e-16
5.243181e-17
4.925402e-17
4.831680e-17
4.818129e-17
4.791440e-17
4.794515e-17
4.803841e-17
4.804196e-17
4.634452e-17
8.417152e-17
4.015351e-16
2.122739e-15
1.074855e-14
5.450326e-14
2.765824e-13
1.398727e-12
7.042177e-12
3.528418e-11
1.758754e-10
8.718001e-10
4.295660e-09
2.102982e-08
1.022350e-07
4.932389e-07
2.359965e-06
1.118901e-05
5.251412e-05
2.436118e-04
1.113365e-03
4.963646e-03
2.095149e-02
7.911905e-02
2.556609e-01
7.134802e-01
1.774844e+00
3.853212e+00
6.617316e+00
8.661551e+00
9.559541e+00
9.860448e+00
9.954223e+00
9.984001e+00
9.993966e+00
9.997527e+00
9.998895e+00
9.999460e+00
9.999712e+00
9.999833e+00
9.999895e+00
9.999929e+00
9.999948e+00
9.999959e+00
9.999965e+00
9.999968e+00
9.999969e+00
9.999968e+00
9.999965e+00
9.999959e+00
9.999948e+00
9.999929e+00
9.999895e+00
9.999833e+00
9.999712e+00
9.999460e+00
9.998895e+00
9.997527e+00
9.993966e+00
9.984001e+00
9.954223e+00
9.860448e+00
9.559541e+00
8.661551e+00
6.617316e+00
3.853212e+00
1.774844e+00
7.134802e-01
2.556609e-01
7.911905e-02
2.095149e-02
4.963646e-03
1.113365e-03
2.436118e-04
5.251412e-05
1.118901e-05
2.359965e-06
4.932389e-07
1.022350e-07
2.102982e-08
4.295660e-09
8.718001e-10
1.758753e-10
3.528418e-11
7.042182e-12
1.398721e-12
2.765645e-13
5.449964e-14
1.074797e-14
2.118729e-15
4.014043e-16
8.440863e-17
4.627053e-17
4.799459e-17
4.801669e-17
4.793738e-17
4.760875e-17
4.762983e-17
4.766167e-17
4.753129e-17
4.679961e-17
5.506221e-17
2.237840e-16
1.109252e-15
5.546063e-15
2.799241e-14
1.406658e-13
7.024707e-13
3.489165e-12
1.723612e-11
8.464981e-11
4.131341e-10
2.002728e-09
9.637870e-09
4.601519e-08
2.178113e-07
1.021350e-06
4.740100e-06
2.174943e-05
9.852479e-05
4.396322e-04
1.922179e-03
8.109089e-03
3.178188e-02
1.097559e-01
3.255908e-01
8.462869e-01
1.976077e+00
4.031438e+00
6.617316e+00
8.548813e+00
9.466271e+00
9.809200e+00
9.929120e+00
9.971883e+00
9.987962e+00
9.994412e+00
9.997184e+00
9.998460e+00
9.999088e+00
9.999417e+00
9.999598e+00
9.999702e+00
9.999764e+00
9.999799e+00
9.999818e+00
9.999824e+00
9.999818e+00
9.999799e+00
9.999764e+00
9.999702e+00
9.999598e+00
9.999417e+00
9.999088e+00
9.998460e+00
9.997184e+00
9.994412e+00
9.987962e+00
9.971883e+00
9.929120e+00
9.809200e+00
9.466271e+00
8.548813e+00
6.617316e+00
4.031438e+00
1.976077e+00
8.462869e-01
3.255908e-01
1.097559e-01
3.178188e-02
8.109089e-03
1.922179e-03
4.396322e-04
9.852479e-05
2.174943e-05
4.740100e-06
1.021350e-06
2.178113e-07
4.601519e-08
9.637870e-09
2.002728e-09
4.131341e-10
8.464981e-11
1.723611e-11
3.489172e-12
7.024858e-13
1.406726e-13
2.799292e-14
5.551566e-15
1.115660e-15
2.253532e-16
5.577985e-17
4.698723e-17
4.757953e-17
4.767297e-17
4.763197e-17
4.725263e-17
4.728516e-17
4.738829e-17
4.760988e-17
4.840205e-17
5.013414e-17
1.074475e-16
5.080442e-16
2.705662e-15
1.384740e-14
6.891458e-14
3.395449e-13
1.662703e-12
8.092154e-12
3.912751e-11
1.878700e-10
8.952612e-10
4.231481e-09
1.982372e-08
9.197908e-08
4.222973e-07
1.916596e-06
8.588369e-06
3.794338e-05
1.649568e-04
7.033781e-04
2.919122e-03
1.155536e-02
4.190596e-02
1.332614e-01
3.670997e-01
8.957429e-01
1.976077e+00
3.853212e+00
6.232606e+00
8.171821e+00
9.229503e+00
9.685908e+00
9.867760e+00
9.940800e+00
9.971516e+00
9.985219e+00
9.991722e+00
9.995003e+00
9.996754e+00
9.997736e+00
9.998309e+00
9.998649e+00
9.998848e+00
9.998952e+00
9.998985e+00
9.998952e+00
9.998848e+00
9.998649e+00
9.998309e+00
9.997736e+00
9.996754e+00
9.995003e+00
9.991722e+00
9.985219e+00
9.971516e+00
9.940800e+00
9.867760e+00
9.685908e+00
9.229503e+00
8.171821e+00
6.232606e+00
3.853212e+00
1.976077e+00
8.957429e-01
3.670997e-01
1.332614e-01
4.190596e-02
1.155536e-02
2.919122e-03
7.033781e-04
1.649568e-04
3.794338e-05
8.588369e-06
1.916596e-06
4.222973e-07
9.197908e-08
1.982372e-08
4.231481e-09
8.952612e-10
1.878700e-10
3.912751e-11
8.092148e-12
1.662699e-12
3.395483e-13
6.892109e-14
1.385131e-14
2.710982e-15
5.150612e-16
1.108201e-16
5.043713e-17
4.856711e-17
4.767639e-17
4.741158e-17
4.729194e-17
4.682471e-17
4.687280e-17
4.703393e-17
4.736942e-17
4.793829e-17
4.815052e-17
5.643734e-17
2.493821e-16
1.351999e-15
6.688393e-15
3.255263e-14
1.580693e-13
7.626794e-13
3.654508e-12
1.738535e-11
8.206587e-11
3.841499e-10
1.781982e-09
8.185361e-09
3.719883e-08
1.670903e-07
7.409961e-07
3.240123e-06
1.394851e-05
5.900761e-05
2.446787e-04
9.901141e-04
3.871752e-03
1.430524e-02
4.808995e-02
1.421101e-01
3.670997e-01
8.462869e-01
1.774844e+00
3.349534e+00
5.447774e+00
7.419727e+00
8.722460e+00
9.398147e+00
9.712141e+00
9.855302e+00
9.922460e+00
9.955493e+00
9.972611e+00
9.981941e+00
9.987259e+00
9.990397e+00
9.992279e+00
9.993386e+00
9.993970e+00
9.994152e+00
9.993970e+00
9.993386e+00
9.992279e+00
9.990397e+00
9.987259e+00
9.981941e+00
9.972611e+00
9.955493e+00
9.922460e+00
9.855302e+00
9.712141e+00
9.398147e+00
8.722460e+00
7.419727e+00
5.447774e+00
3.349534e+00
1.774844e+00
8.462869e-01
3.670997e-01
1.421101e-01
4.808995e-02
1.430524e-02
3.871752e-03
9.901141e-04
2.446787e-04
5.900761e-05
1.394851e-05
3.240123e-06
7.409962e-07
1.670903e-07
3.719883e-08
8.185361e-09
1.781982e-09
3.841499e-10
8.206586e-11
1.738534e-11
3.654504e-12
7.626742e-13
1.580627e-13
3.254680e-14
6.688596e-15
1.354913e-15
2.472572e-16
5.648391e-17
4.820699e-17
4.799348e-17
4.739904e-17
4.704507e-17
4.687568e-17
4.630235e-17
4.635488e-17
4.651806e-17
4.683446e-17
4.741373e-17
4.884439e-17
5.269823e-17
1.646552e-16
7.098478e-16
3.131779e-15
1.483760e-14
7.098979e-14
3.370833e-13
1.589192e-12
7.433817e-12
3.447683e-11
1.584313e-10
7.208273e-10
3.244403e-09
1.443251e-08
6.338525e-08
2.745014e-07
1.170588e-06
4.907554e-06
2.018841e-05
8.130204e-05
3.195060e-04
1.218767e-03
4.463941e-03
1.536195e-02
4.808995e-02
1.332614e-01
3.255908e-01
7.134802e-01
1.429242e+00
2.621370e+00
4.306384e+00
6.169021e+00
7.717599e+00
8.729788e+00
9.301098e+00
9.604419e+00
9.764677e+00
9.851512e+00
9.900288e+00
9.928694e+00
9.945721e+00
9.956050e+00
9.962172e+00
9.965415e+00
9.966431e+00
9.965415e+00
9.962172e+00
9.956050e+00
9.945721e+00
9.928694e+00
9.900288e+00
9.851512e+00
9.764677e+00
9.604419e+00
9.301098e+00
8.729788e+00
7.717599e+00
6.169021e+00
4.306384e+00
2.621370e+00
1.429242e+00
7.134802e-01
3.255908e-01
1.332614e-01
4.808995e-02
1.536195e-02
4.463941e-03
1.218767e-03
3.195060e-04
8.130204e-05
2.018841e-05
4.907554e-06
1.170588e-06
2.745014e-07
6.338525e-08
1.443251e-08
3.244403e-09
7.208273e-10
1.584313e-10
3.447682e-11
7.433809e-12
1.589184e-12
3.370769e-13
7.098188e-14
1.482619e-14
3.125376e-15
7.112622e-16
1.654573e-16
5.243729e-17
4.874708e-17
4.737529e-17
4.681527e-17
4.650602e-17
4.634852e-17
4.568515e-17
4.573115e-17
4.585634e-17
4.606945e-17
4.637804e-17
4.670457e-17
4.626594e-17
9.184567e-17
3.146360e-16
1.361985e-15
6.519361e-15
3.076578e-14
1.436772e-13
6.662344e-13
3.062769e-12
1.394877e-11
6.289321e-11
2.805204e-10
1.236587e-09
5.381997e-09
2.310055e-08
9.765530e-08
4.059930e-07
1.657109e-06
6.627344e-06
2.591090e-05
9.875607e-05
3.655691e-04
1.306753e-03
4.463941e-03
1.430524e-02
4.190596e-02
1.097559e-01
2.556609e-01
5.360713e-01
1.029898e+00
1.831583e+00
3.003937e+00
4.480386e+00
6.014260e+00
7.316975e+00
8.255944e+00
8.866144e+00
9.243229e+00
9.472957e+00
9.613758e+00
9.701014e+00
9.755120e+00
9.787656e+00
9.805045e+00
9.810514e+00
9.805045e+00
9.787656e+00
9.755120e+00
9.701014e+00
9.613758e+00
9.472957e+00
9.243229e+00
8.866144e+00
8.255944e+00
7.316975e+00
6.014260e+00
4.480386e+00
3.003937e+00
1.831583e+00
1.029898e+00
5.360713e-01
2.556609e-01
1.097559e-01
4.190596e-02
1.430524e-02
4.463941e-03
1.306753e-03
3.655691e-04
9.875607e-05
2.591090e-05
6.627344e-06
1.657109e-06
4.059930e-07
9.765530e-08
2.310055e-08
5.381997e-09
1.236587e-09
2.805204e-10
6.289322e-11
1.394876e-11
3.062748e-12
6.662158e-13
1.436614e-13
3.075795e-14
6.510188e-15
1.359701e-15
3.128976e-16
9.162502e-17
4.594805e-17
4.653907e-17
4.628170e-17
4.601064e-17
4.582130e-17
4.571448e-17
4.499372e-17
4.502918e-17
4.510677e-17
4.520653e-17
4.524911e-17
4.492802e-17
4.306487e-17
4.550102e-17
1.093146e-16
5.507099e-16
2.755739e-15
1.287071e-14
5.914391e-14
2.696294e-13
1.217502e-12
5.442772e-12
2.407000e-11
1.052070e-10
4.540565e-10
1.932874e-09
8.105846e-09
3.344245e-08
1.355273e-07
5.385371e-07
2.094048e-06
7.949383e-06
2.938272e-05
1.054101e-04
3.655691e-04
1.218767e-03
3.871752e-03
1.155536e-02
3.178188e-02
7.911905e-02
1.769506e-01
3.576955e-01
6.627132e-01
1.140521e+00
1.836083e+00
2.764256e+00
3.875854e+00
5.049208e+00
6.136523e+00
7.035315e+00
7.717846e+00
8.207879e+00
8.546476e+00
8.772202e+00
8.914399e+00
8.992529e+00
9.017423e+00
8.992529e+00
8.914399e+00
8.772202e+00
8.546476e+00
8.207879e+00
7.717846e+00
7.035315e+00
6.136523e+00
5.049208e+00
3.875854e+00
2.764256e+00
1.836083e+00
1.140521e+00
6.627132e-01
3.576955e-01
1.769506e-01
7.911905e-02
3.178188e-02
1.155536e-02
3.871752e-03
1.218767e-03
3.655691e-04
1.054101e-04
2.938272e-05
7.949383e-06
2.094048e-06
5.385371e-07
1.355273e-07
3.344245e-08
8.105846e-09
1.932874e-09
4.540566e-10
1.052071e-10
2.407001e-11
5.442769e-12
1.217471e-12
2.695974e-13
5.912186e-14
1.285454e-14
2.739723e-15
5.459548e-16
1.117427e-16
4.557719e-17
4.290255e-17
4.475898e-17
4.512306e-17
4.512050e-17
4.505341e-17
4.500359e-17
4.425594e-17
4.428296e-17
4.432774e-17
4.437282e-17
4.437598e-17
4.428122e-17
4.434150e-17
4.524258e-17
5.665688e-17
2.354787e-16
1.141966e-15
5.219068e-15
2.354510e-14
1.054527e-13
4.675820e-13
2.051424e-12
8.895758e-12
3.809340e-11
1.609262e-10
6.699194e-10
2.744644e-09
1.105089e-08
4.365740e-08
1.689189e-07
6.388032e-07
2.355679e-06
8.448638e-06
2.938272e-05
9.875607e-05
3.195060e-04
9.901141e-04
2.919122e-03
8.109089e-03
2.095149e-02
4.967086e-02
1.071289e-01
2.102636e-01
3.786297e-01
6.327779e-01
9.917361e-01
1.467834e+00
2.058747e+00
2.740606e+00
3.468143e+00
4.184365e+00
4.835559e+00
5.383609e+00
5.809645e+00
6.109581e+00
6.286620e+00
6.345037e+00
6.286620e+00
6.109581e+00
5.809645e+00
5.383609e+00
4.835559e+00
4.184365e+00
3.468143e+00
2.740606e+00
2.058747e+00
1.467834e+00
9.917361e-01
6.327779e-01
3.786297e-01
2.102636e-01
1.071289e-01
4.967086e-02
2.095149e-02
8.109089e-03
2.919122e-03
9.901141e-04
3.195060e-04
9.875607e-05
2.938272e-05
8.448638e-06
2.355679e-06
6.388032e-07
1.689189e-07
4.365740e-08
1.105089e-08
2.744644e-09
6.699194e-10
1.609262e-10
3.809348e-11
8.895821e-12
2.051480e-12
4.676087e-13
1.054424e-13
2.354005e-14
5.215013e-15
1.135987e-15
2.275920e-16
5.594994e-17
4.492762e-17
4.410954e-17
4.408851e-17
4.422767e-17
4.426755e-17
4.426085e-17
4.425053e-17
4.349518e-17
4.351695e-17
4.354430e-17
4.357484e-17
4.361591e-17
4.373393e-17
4.417697e-17
4.560464e-17
4.809505e-17
1.041848e-16
4.604690e-16
2.055678e-15
9.062345e-15
3.987084e-14
1.737384e-13
7.480797e-13
3.180317e-12
1.334063e-11
5.516018e-11
2.245478e-10
8.987858e-10
3.532080e-09
1.360562e-08
5.127664e-08
1.886856e-07
6.763555e-07
2.355679e-06
7.949383e-06
2.591090e-05
8.130204e-05
2.446787e-04
7.033781e-04
1.922179e-03
4.963646e-03
1.201974e-02
2.705963e-02
5.621854e-02
1.074457e-01
1.893563e-01
3.097909e-01
4.745045e-01
6.859393e-01
9.419564e-01
1.234708e+00
1.550171e+00
1.869005e+00
2.168916e+00
2.427860e+00
2.626903e+00
2.751985e+00
2.794618e+00
2.751985e+00
2.626903e+00
2.427860e+00
2.168916e+00
1.869005e+00
1.550171e+00
1.234708e+00
9.419564e-01
6.859393e-01
4.745045e-01
3.097909e-01
1.893563e-01
1.074457e-01
5.621854e-02
2.705963e-02
1.201974e-02
4.963646e-03
1.922179e-03
7.033781e-04
2.446787e-04
8.130204e-05
2.591090e-05
7.949383e-06
2.355679e-06
6.763555e-07
1.886856e-07
5.127664e-08
1.360562e-08
3.532081e-09
8.987857e-10
2.245478e-10
5.516019e-11
1.334067e-11
3.180373e-12
7.481510e-13
1.738174e-13
3.990536e-14
9.071757e-15
2.060813e-15
4.610866e-16
1.046816e-16
4.742513e-17
4.516995e-17
4.387523e-17
4.350912e-17
4.344821e-17
4.345561e-17
4.346794e-17
4.347971e-17
4.272751e-17
4.274491e-17
4.275845e-17
4.277344e-17
4.280884e-17
4.291655e-17
4.318966e-17
4.362014e-17
4.336600e-17
5.060789e-17
1.932194e-16
7.935330e-16
3.358274e-15
1.458902e-14
6.258887e-14
2.644023e-13
1.101813e-12
4.527163e-12
1.832117e-11
7.293892e-11
2.852719e-10
1.094468e-09
4.112162e-09
1.510281e-08
5.410973e-08
1.886856e-07
6.388032e-07
2.094048e-06
6.627344e-06
2.018841e-05
5.900761e-05
1.649568e-04
4.396322e-04
1.113365e-03
2.669904e-03
6.038930e-03
1.282678e-02
2.547242e-02
4.714384e-02
8.124911e-02
1.306581e-01
1.969246e-01
2.797527e-01
3.767546e-01
4.834497e-01
5.935059e-01
6.992725e-01
7.925865e-01
8.657331e-01
9.123919e-01
9.284247e-01
9.123919e-01
8.657331e-01
7.925865e-01
6.992725e-01
5.935059e-01
4.834497e-01
3.767546e-01
2.797527e-01
1.969246e-01
1.306581e-01
8.124911e-02
4.714384e-02
2.547242e-02
1.282678e-02
6.038930e-03
2.669904e-03
1.113365e-03
4.396322e-04
1.649568e-04
5.900761e-05
2.018841e-05
6.627344e-06
2.094048e-06
6.388032e-07
1.886856e-07
5.410973e-08
1.510281e-08
4.112162e-09
1.094468e-09
2.852718e-10
7.293887e-11
1.832113e-11
4.527152e-12
1.101811e-12
2.644156e-13
6.262809e-14
1.462551e-14
3.370752e-15
7.963205e-16
1.880333e-16
4.978979e-17
4.280628e-17
4.318843e-17
4.286765e-17
4.267508e-17
4.262944e-17
4.264578e-17
4.267638e-17
4.270476e-17
4.196531e-17
4.197720e-17
4.197308e-17
4.195710e-17
4.193872e-17
4.193246e-17
4.193999e-17
4.190773e-17
4.191880e-17
4.179319e-17
8.477216e-17
2.811034e-16
1.188158e-15
5.213931e-15
2.195198e-14
9.076269e-14
3.705665e-13
1.491347e-12
5.907912e-12
2.300617e-11
8.794447e-11
3.295135e-10
1.208134e-09
4.326493e-09
1.510281e-08
5.127664e-08
1.689189e-07
5.385371e-07
1.657109e-06
4.907554e-06
1.394851e-05
3.794338e-05
9.852479e-05
2.436118e-04
5.723129e-04
1.274910e-03
2.688010e-03
5.354500e-03
1.006025e-02
1.780219e-02
2.964563e-02
4.647066e-02
6.867213e-02
9.591402e-02
1.270209e-01
1.600385e-01
1.924467e-01
2.214766e-01
2.444720e-01
2.592375e-01
2.643275e-01
2.592375e-01
2.444720e-01
2.214766e-01
1.924467e-01
1.600385e-01
1.270209e-01
9.591402e-02
6.867213e-02
4.647066e-02
2.964563e-02
1.780219e-02
1.006025e-02
5.354500e-03
2.688010e-03
1.274910e-03
5.723129e-04
2.436118e-04
9.852479e-05
3.794338e-05
1.394851e-05
4.907554e-06
1.657109e-06
5.385371e-07
1.689189e-07
5.127664e-08
1.510281e-08
4.326493e-09
1.208134e-09
3.295135e-10
8.794446e-11
2.300614e-11
5.907873e-12
1.491322e-12
3.705411e-13
9.073874e-14
2.194580e-14
5.221063e-15
1.198678e-15
2.847666e-16
8.421104e-17
4.111245e-17
4.141644e-17
4.151191e-17
4.162885e-17
4.169183e-17
4.175727e-17
4.182690e-17
4.188892e-17
4.193588e-17
4.122082e-17
4.122591e-17
4.120052e-17
4.114444e-17
4.105557e-17
4.092420e-17
4.071745e-17
4.034977e-17
3.956682e-17
3.726334e-17
3.835251e-17
8.750364e-17
4.194436e-16
1.849649e-15
7.499739e-15
3.028034e-14
1.211647e-13
4.777302e-13
1.852973e-12
7.059871e-12
2.638592e-11
9.659212e-11
3.457685e-10
1.208134e-09
4.112162e-09
1.360562e-08
4.365740e-08
1.355273e-07
4.059930e-07
1.170588e-06
3.240123e-06
8.588369e-06
2.174943e-05
5.251412e-05
1.206773e-04
2.635512e-04
5.463909e-04
1.074433e-03
2.002793e-03
3.537581e-03
5.919915e-03
9.386528e-03
1.410762e-02
2.011334e-02
2.723055e-02
3.505509e-02
4.297628e-02
5.025380e-02
5.612974e-02
5.995094e-02
6.127652e-02
5.995094e-02
5.612974e-02
5.025380e-02
4.297628e-02
3.505509e-02
2.723055e-02
2.011334e-02
1.410762e-02
9.386528e-03
5.919915e-03
3.537581e-03
2.002793e-03
1.074433e-03
5.463909e-04
2.635512e-04
1.206773e-04
5.251412e-05
2.174943e-05
8.588369e-06
3.240123e-06
1.170588e-06
4.059930e-07
1.355273e-07
4.365740e-08
1.360562e-08
4.112162e-09
1.208134e-09
3.457685e-10
9.659211e-11
2.638591e-11
7.059861e-12
1.852951e-12
4.777087e-13
1.211464e-13
3.025982e-14
7.486431e-15
1.844766e-15
4.206368e-16
8.962634e-17
3.830931e-17
3.691598e-17
3.917673e-17
4.000527e-17
4.043172e-17
4.069580e-17
4.087986e-17
4.101680e-17
4.111739e-17
4.118492e-17
4.050710e-17
4.050502e-17
4.045846e-17
4.036360e-17
4.021148e-17
3.998302e-17
3.963986e-17
3.911069e-17
3.828605e-17
3.725310e-17
3.634755e-17
4.272081e-17
1.657714e-16
6.464383e-16
2.482996e-15
9.839985e-15
3.860352e-14
1.490952e-13
5.662713e-13
2.111561e-12
7.719060e-12
2.762150e-11
9.659211e-11
3.295135e-10
1.094468e-09
3.532080e-09
1.105089e-08
3.344245e-08
9.765530e-08
2.745014e-07
7.409961e-07
1.916596e-06
4.740100e-06
1.118901e-05
2.516941e-05
5.388911e-05
1.097199e-04
2.123087e-04
3.903042e-04
6.816269e-04
1.130962e-03
1.783372e-03
2.673783e-03
3.813588e-03
5.177463e-03
6.694929e-03
8.251060e-03
9.698510e-03
1.087954e-02
1.165343e-02
1.192297e-02
1.165343e-02
1.087954e-02
9.698510e-03
8.251060e-03
6.694929e-03
5.177463e-03
3.813588e-03
2.673783e-03
1.783372e-03
1.130962e-03
6.816269e-04
3.903042e-04
2.123087e-04
1.097199e-04
5.388911e-05
2.516941e-05
1.118901e-05
4.740100e-06
1.916596e-06
7.409962e-07
2.745014e-07
9.765530e-08
3.344245e-08
1.105089e-08
3.532081e-09
1.094468e-09
3.295135e-10
9.659211e-11
2.762150e-11
7.719052e-12
2.111547e-12
5.662615e-13
1.490819e-13
3.859116e-14
9.827917e-15
2.471461e-15
6.407773e-16
1.621472e-16
4.218531e-17
3.601114e-17
3.692382e-17
3.795642e-17
3.881003e-17
3.938226e-17
3.977197e-17
4.004622e-17
4.024211e-17
4.037872e-17
4.046553e-17
3.983666e-17
3.982816e-17
3.976394e-17
3.963847e-17
3.944066e-17
3.915120e-17
3.873988e-17
3.816795e-17
3.741523e-17
3.655662e-17
3.591324e-17
3.529310e-17
6.960265e-17
2.185507e-16
8.145239e-16
3.146572e-15
1.200554e-14
4.538088e-14
1.688665e-13
6.165969e-13
2.205683e-12
7.719045e-12
2.638590e-11
8.794445e-11
2.852718e-10
8.987857e-10
2.744644e-09
8.105846e-09
2.310055e-08
6.338525e-08
1.670903e-07
4.222973e-07
1.021350e-06
2.359965e-06
5.202520e-06
1.093026e-05
2.186831e-05
4.164351e-05
7.545886e-05
1.301021e-04
2.134710e-04
3.334387e-04
4.960255e-04
7.030839e-04
9.500107e-04
1.224243e-03
1.505300e-03
1.766798e-03
1.980311e-03
2.120321e-03
2.169107e-03
2.120322e-03
1.980311e-03
1.766798e-03
1.505300e-03
1.224243e-03
9.500107e-04
7.030839e-04
4.960255e-04
3.334387e-04
2.134710e-04
1.301021e-04
7.545886e-05
4.164351e-05
2.186831e-05
1.093026e-05
5.202520e-06
2.359965e-06
1.021350e-06
4.222973e-07
1.670903e-07
6.338525e-08
2.310055e-08
8.105846e-09
2.744644e-09
8.987857e-10
2.852719e-10
8.794447e-11
2.638591e-11
7.719051e-12
2.205688e-12
6.165911e-13
1.688570e-13
4.537383e-14
1.199527e-14
3.136180e-15
8.073336e-16
2.127749e-16
6.789659e-17
3.458684e-17
3.548255e-17
3.621527e-17
3.711270e-17
3.789895e-17
3.850793e-17
3.895871e-17
3.928808e-17
3.952521e-17
3.968910e-17
3.979096e-17
3.921988e-17
3.920641e-17
3.912980e-17
3.898435e-17
3.875959e-17
3.843934e-17
3.800164e-17
3.742198e-17
3.668054e-17
3.575437e-17
3.447468e-17
3.184880e-17
3.176754e-17
7.088008e-17
2.625865e-16
9.643538e-16
3.610914e-15
1.348096e-14
4.924049e-14
1.760769e-13
6.165833e-13
2.111543e-12
7.059847e-12
2.300612e-11
7.293886e-11
2.245478e-10
6.699194e-10
1.932874e-09
5.381997e-09
1.443251e-08
3.719883e-08
9.197908e-08
2.178113e-07
4.932389e-07
1.066799e-06
2.201587e-06
4.332229e-06
8.124736e-06
1.451864e-05
2.471997e-05
4.010923e-05
6.203655e-05
9.150124e-05
1.287543e-04
1.729132e-04
2.217160e-04
2.715418e-04
3.177670e-04
3.554331e-04
3.801005e-04
3.886902e-04
3.801005e-04
3.554331e-04
3.177670e-04
2.715418e-04
2.217160e-04
1.729132e-04
1.287543e-04
9.150124e-05
6.203655e-05
4.010923e-05
2.471997e-05
1.451864e-05
8.124736e-06
4.332229e-06
2.201587e-06
1.066799e-06
4.932389e-07
2.178113e-07
9.197908e-08
3.719883e-08
1.443251e-08
5.381997e-09
1.932874e-09
6.699194e-10
2.245478e-10
7.293888e-11
2.300614e-11
7.059864e-12
2.111547e-12
6.165841e-13
1.760752e-13
4.923573e-14
1.347922e-14
3.609188e-15
9.628822e-16
2.624401e-16
7.029741e-17
3.134948e-17
3.143878e-17
3.410293e-17
3.543849e-17
3.640480e-17
3.717997e-17
3.779301e-17
3.826510e-17
3.862040e-17
3.888030e-17
3.906068e-17
3.917194e-17
3.866392e-17
3.864717e-17
3.856372e-17
3.840857e-17
3.817299e-17
3.784433e-17
3.740628e-17
3.683952e-17
3.611969e-17
3.520181e-17
3.398461e-17
3.243820e-17
3.048458e-17
3.230020e-17
7.780038e-17
2.786111e-16
1.072538e-15
3.957275e-15
1.406352e-14
4.918862e-14
1.688424e-13
5.662499e-13
1.852931e-12
5.907858e-12
1.832112e-11
5.516018e-11
1.609262e-10
4.540566e-10
1.236587e-09
3.244403e-09
8.185361e-09
1.982372e-08
4.601519e-08
1.022350e-07
2.171677e-07
4.406639e-07
8.536081e-07
1.577848e-06
2.782486e-06
4.681146e-06
7.514284e-06
1.151224e-05
1.683909e-05
2.352461e-05
3.139977e-05
4.005742e-05
4.885878e-05
5.699683e-05
6.361173e-05
6.793680e-05
6.944168e-05
6.793680e-05
6.361173e-05
5.699683e-05
4.885878e-05
4.005742e-05
3.139977e-05
2.352461e-05
1.683909e-05
1.151224e-05
7.514284e-06
4.681146e-06
2.782486e-06
1.577848e-06
8.536081e-07
4.406639e-07
2.171677e-07
1.022350e-07
4.601519e-08
1.982372e-08
8.185361e-09
3.244403e-09
1.236587e-09
4.540565e-10
1.609262e-10
5.516020e-11
1.832115e-11
5.907879e-12
1.852958e-12
5.662662e-13
1.688457e-13
4.918651e-14
1.405660e-14
3.952358e-15
1.070875e-15
2.779530e-16
7.769093e-17
3.211866e-17
3.022251e-17
3.213583e-17
3.368795e-17
3.492971e-17
3.587588e-17
3.662405e-17
3.721973e-17
3.768770e-17
3.804713e-17
3.831399e-17
3.850063e-17
3.861562e-17
3.817251e-17
3.815406e-17
3.806876e-17
3.791258e-17
3.767885e-17
3.735826e-17
3.693915e-17
3.640765e-17
3.574679e-17
3.493522e-17
3.395883e-17
3.285975e-17
3.185204e-17
3.083895e-17
3.410167e-17
8.542553e-17
3.256265e-16
1.127404e-15
3.878690e-15
1.342523e-14
4.536347e-14
1.490598e-13
4.776916e-13
1.491309e-12
4.527149e-12
1.334067e-11
3.809350e-11
1.052071e-10
2.805205e-10
7.208273e-10
1.781982e-09
4.231481e-09
9.637870e-09
2.102982e-08
4.391521e-08
8.769469e-08
1.673616e-07
3.051363e-07
5.313763e-07
8.838395e-07
1.404326e-06
2.132035e-06
3.093749e-06
4.292197e-06
5.695290e-06
7.229873e-06
8.783363e-06
1.021501e-05
1.137586e-05
1.213363e-05
1.239708e-05
1.213363e-05
1.137586e-05
1.021501e-05
8.783363e-06
7.229873e-06
5.695290e-06
4.292197e-06
3.093749e-06
2.132035e-06
1.404326e-06
8.838395e-07
5.313763e-07
3.051363e-07
1.673616e-07
8.769469e-08
4.391521e-08
2.102982e-08
9.637870e-09
4.231481e-09
1.781982e-09
7.208273e-10
2.805205e-10
1.052070e-10
3.809342e-11
1.334065e-11
4.527164e-12
1.491326e-12
4.777140e-13
1.490891e-13
4.537904e-14
1.343961e-14
3.884764e-15
1.122702e-15
3.212345e-16
8.489883e-17
3.397206e-17
3.067981e-17
3.164594e-17
3.262556e-17
3.371917e-17
3.470571e-17
3.553533e-17
3.621801e-17
3.677357e-17
3.721836e-17
3.756583e-17
3.782727e-17
3.801166e-17
3.812546e-17
3.774619e-17
3.772740e-17
3.764422e-17
3.749372e-17
3.727119e-17
3.697039e-17
3.658398e-17
3.610421e-17
3.552436e-17
3.484279e-17
3.407495e-17
3.327585e-17
3.255135e-17
3.208819e-17
3.159292e-17
3.538471e-17
8.755308e-17
2.946912e-16
1.034028e-15
3.606390e-15
1.199387e-14
3.857621e-14
1.211351e-13
3.705402e-13
1.101816e-12
3.180382e-12
8.895832e-12
2.407001e-11
6.289322e-11
1.584313e-10
3.841499e-10
8.952612e-10
2.002728e-09
4.295660e-09
8.826146e-09
1.735917e-08
3.266395e-08
5.878086e-08
1.011470e-07
1.664238e-07
2.618658e-07
3.941304e-07
5.675659e-07
7.822229e-07
1.032061e-06
1.303960e-06
1.578090e-06
1.829911e-06
2.033613e-06
2.166376e-06
2.212497e-06
2.166376e-06
2.033613e-06
1.829911e-06
1.578090e-06
1.303960e-06
1.032061e-06
7.822229e-07
5.675659e-07
3.941304e-07
2.618658e-07
1.664238e-07
1.011470e-07
5.878086e-08
3.266395e-08
1.735917e-08
8.826147e-09
4.295660e-09
2.002728e-09
8.952612e-10
3.841499e-10
1.584313e-10
6.289324e-11
2.407000e-11
8.895777e-12
3.180342e-12
1.101817e-12
3.705509e-13
1.211519e-13
3.859663e-14
1.200472e-14
3.615835e-15
1.046429e-15
2.972603e-16
8.731073e-17
3.527313e-17
3.148071e-17
3.194630e-17
3.238042e-17
3.308493e-17
3.387687e-17
3.464869e-17
3.534191e-17
3.593830e-17
3.643775e-17
3.684602e-17
3.717021e-17
3.741719e-17
3.759286e-17
3.770162e-17
3.738291e-17
3.736483e-17
3.728672e-17
3.714664e-17
3.694164e-17
3.666808e-17
3.632227e-17
3.590152e-17
3.540611e-17
3.484320e-17
3.423335e-17
3.361766e-17
3.305798e-17
3.261440e-17
3.236172e-17
3.180139e-17
3.494681e-17
8.209508e-17
2.806145e-16
9.673359e-16
3.131888e-15
9.821367e-15
3.025532e-14
9.074246e-14
2.644137e-13
7.481481e-13
2.051479e-12
5.442772e-12
1.394876e-11
3.447683e-11
8.206586e-11
1.878700e-10
4.131341e-10
8.718001e-10
1.763868e-09
3.419376e-09
6.348093e-09
1.128270e-08
1.919494e-08
3.125801e-08
4.872905e-08
7.273662e-08
1.039824e-07
1.424021e-07
1.868667e-07
2.350274e-07
2.833935e-07
3.276863e-07
3.634334e-07
3.866963e-07
3.947716e-07
3.866963e-07
3.634334e-07
3.276863e-07
2.833935e-07
2.350274e-07
1.868667e-07
1.424021e-07
1.039824e-07
7.273662e-08
4.872905e-08
3.125801e-08
1.919494e-08
1.128270e-08
6.348093e-09
3.419376e-09
1.763868e-09
8.718001e-10
4.131341e-10
1.878700e-10
8.206586e-11
3.447683e-11
1.394877e-11
5.442773e-12
2.051435e-12
7.481055e-13
2.644177e-13
9.075289e-14
3.026830e-14
9.832346e-15
3.136010e-15
9.671517e-16
2.836536e-16
8.270793e-17
3.499207e-17
3.175240e-17
3.226796e-17
3.249114e-17
3.291178e-17
3.345624e-17
3.406546e-17
3.467698e-17
3.524803e-17
3.575630e-17
3.619328e-17
3.655772e-17
3.685163e-17
3.707821e-17
3.724068e-17
3.734169e-17
3.707874e-17
3.706212e-17
3.699103e-17
3.686438e-17
3.668063e-17
3.643818e-17
3.613598e-17
3.577456e-17
3.535759e-17
3.489417e-17
3.440143e-17
3.390528e-17
3.343577e-17
3.301372e-17
3.262157e-17
3.222676e-17
3.125346e-17
3.343726e-17
7.670564e-17
2.550051e-16
8.011934e-16
2.462629e-15
7.485648e-15
2.194654e-14
6.262412e-14
1.738174e-13
4.676156e-13
1.217481e-12
3.062759e-12
7.433820e-12
1.738535e-11
3.912749e-11
8.464977e-11
1.758753e-10
3.506549e-10
6.704729e-10
1.228880e-09
2.158410e-09
3.632390e-09
5.857116e-09
9.050119e-09
1.340233e-08
1.902622e-08
2.589800e-08
3.380795e-08
4.233620e-08
5.086861e-08
5.865919e-08
6.493280e-08
6.900949e-08
7.042360e-08
6.900949e-08
6.493280e-08
5.865919e-08
5.086861e-08
4.233620e-08
3.380795e-08
2.589800e-08
1.902622e-08
1.340233e-08
9.050119e-09
5.857116e-09
3.632390e-09
2.158410e-09
1.228880e-09
6.704729e-10
3.506549e-10
1.758754e-10
8.464980e-11
3.912750e-11
1.738535e-11
7.433817e-12
3.062766e-12
1.217496e-12
4.675853e-13
1.737457e-13
6.259919e-14
2.195092e-14
7.491610e-15
2.473610e-15
8.039797e-16
2.582257e-16
7.735735e-17
3.358998e-17
3.127642e-17
3.218559e-17
3.253850e-17
3.290317e-17
3.330645e-17
3.376427e-17
3.425544e-17
3.474938e-17
3.521920e-17
3.564673e-17
3.602186e-17
3.634014e-17
3.660041e-17
3.680323e-17
3.694982e-17
3.704138e-17
3.682846e-17
3.681377e-17
3.675085e-17
3.663923e-17
3.647843e-17
3.626829e-17
3.600943e-17
3.570406e-17
3.535689e-17
3.497612e-17
3.457389e-17
3.416490e-17
3.376154e-17
3.336435e-17
3.294897e-17
3.244676e-17
3.178509e-17
3.041240e-17
3.173611e-17
6.889338e-17
2.105116e-16
6.399999e-16
1.850655e-15
5.224514e-15
1.463048e-14
3.991261e-14
1.054471e-13
2.696088e-13
6.662299e-13
1.589195e-12
3.654504e-12
8.092123e-12
1.723608e-11
3.528416e-11
6.937027e-11
1.309091e-10
2.370193e-10
4.116197e-10
6.855692e-10
1.095088e-09
1.677762e-09
2.465832e-09
3.477179e-09
4.705492e-09
6.112020e-09
7.621815e-09
9.126873e-09
1.049714e-08
1.159824e-08
1.231275e-08
1.256042e-08
1.231275e-08
1.159824e-08
1.049714e-08
9.126873e-09
7.621815e-09
6.112020e-09
4.705492e-09
3.477179e-09
2.465832e-09
1.677762e-09
1.095088e-09
6.855692e-10
4.116197e-10
2.370193e-10
1.309091e-10
6.937028e-11
3.528418e-11
1.723611e-11
8.092146e-12
3.654503e-12
1.589189e-12
6.662300e-13
2.696276e-13
1.054619e-13
3.987890e-14
1.459180e-14
5.212694e-15
1.846157e-15
6.411445e-16
2.098873e-16
6.906100e-17
3.180033e-17
3.042854e-17
3.176422e-17
3.238883e-17
3.286310e-17
3.325853e-17
3.364219e-17
3.403751e-17
3.444356e-17
3.484751e-17
3.523409e-17
3.559050e-17
3.590785e-17
3.618084e-17
3.640675e-17
3.658450e-17
3.671392e-17
3.679518e-17
3.662613e-17
3.661363e-17
3.655936e-17
3.646332e-17
3.632574e-17
3.614737e-17
3.592981e-17
3.567597e-17
3.539051e-17
3.508008e-17
3.475290e-17
3.441706e-17
3.407689e-17
3.372726e-17
3.334690e-17
3.289337e-17
3.229671e-17
3.150717e-17
3.006458e-17
3.118232e-17
6.808343e-17
1.646291e-16
4.253605e-16
1.200034e-15
3.367917e-15
9.068360e-15
2.353917e-14
5.912471e-14
1.436641e-13
3.370786e-13
7.626646e-13
1.662680e-12
3.489139e-12
7.042163e-12
1.366125e-11
2.545878e-11
4.555883e-11
7.826872e-11
1.290732e-10
2.043224e-10
3.105020e-10
4.530439e-10
6.347647e-10
8.541922e-10
1.104198e-09
1.371421e-09
1.636875e-09
1.877888e-09
2.071160e-09
2.196404e-09
2.239788e-09
2.196404e-09
2.071160e-09
1.877888e-09
1.636875e-09
1.371421e-09
1.104198e-09
8.541922e-10
6.347647e-10
4.530439e-10
3.105020e-10
2.043224e-10
1.290732e-10
7.826869e-11
4.555880e-11
2.545878e-11
1.366126e-11
7.042179e-12
3.489168e-12
1.662698e-12
7.626756e-13
3.370803e-13
1.436641e-13
5.913602e-14
2.355743e-14
9.074546e-15
3.362341e-15
1.193487e-15
4.202704e-16
1.620922e-16
6.611485e-17
3.089937e-17
2.994800e-17
3.143192e-17
3.222314e-17
3.280922e-17
3.325018e-17
3.361993e-17
3.396207e-17
3.429821e-17
3.463351e-17
3.496352e-17
3.527987e-17
3.557395e-17
3.583866e-17
3.606892e-17
3.626141e-17
3.641419e-17
3.652620e-17
3.659693e-17
3.646550e-17
3.645531e-17
3.640971e-17
3.632904e-17
3.621399e-17
3.606588e-17
3.588680e-17
3.567987e-17
3.544942e-17
3.520083e-17
3.494001e-17
3.467205e-17
3.439899e-17
3.411713e-17
3.381478e-17
3.347231e-17
3.306797e-17
3.258838e-17
3.210610e-17
3.147173e-17
3.483630e-17
4.217069e-17
9.034677e-17
2.786165e-16
7.880459e-16
2.055469e-15
5.209012e-15
1.284914e-14
3.075478e-14
7.097541e-14
1.580587e-13
3.395305e-13
7.024633e-13
1.398710e-12
2.678947e-12
4.932907e-12
8.729157e-12
1.484192e-11
2.424454e-11
3.804866e-11
5.737193e-11
8.312766e-11
1.157543e-10
1.549312e-10
1.993523e-10
2.466384e-10
2.934533e-10
3.358444e-10
3.697711e-10
3.917273e-10
3.993280e-10
3.917273e-10
3.697711e-10
3.358444e-10
2.934534e-10
2.466384e-10
1.993523e-10
1.549312e-10
1.157543e-10
8.312769e-11
5.737195e-11
3.804867e-11
2.424453e-11
1.484188e-11
8.729103e-12
4.932887e-12
2.678963e-12
1.398725e-12
7.024843e-13
3.395444e-13
1.580626e-13
7.098406e-14
3.076086e-14
1.285891e-14
5.221368e-15
2.062585e-15
7.926988e-16
2.815979e-16
9.053690e-17
4.198582e-17
3.433954e-17
3.119100e-17
3.191713e-17
3.245142e-17
3.295247e-17
3.336283e-17
3.370487e-17
3.400504e-17
3.428523e-17
3.455821e-17
3.482817e-17
3.509323e-17
3.534824e-17
3.558714e-17
3.580425e-17
3.599499e-17
3.615594e-17
3.628473e-17
3.637982e-17
3.644026e-17
3.634036e-17
3.633245e-17
3.629523e-17
3.622923e-17
3.613546e-17
3.601556e-17
3.587185e-17
3.570752e-17
3.552658e-17
3.533371e-17
3.513380e-17
3.493117e-17
3.472851e-17
3.452608e-17
3.432203e-17
3.411543e-17
3.391450e-17
3.375588e-17
3.374352e-17
3.420380e-17
3.562826e-17
3.612823e-17
3.841216e-17
8.374682e-17
1.893859e-16
4.616761e-16
1.138999e-15
2.746561e-15
6.512989e-15
1.483609e-14
3.255396e-14
6.891081e-14
1.406707e-13
2.765587e-13
5.233061e-13
9.525444e-13
1.667513e-12
2.807222e-12
4.544066e-12
7.072363e-12
1.058462e-11
1.523395e-11
2.108748e-11
2.807848e-11
3.596849e-11
4.433422e-11
5.258967e-11
6.004571e-11
6.600148e-11
6.985105e-11
7.118288e-11
6.985106e-11
6.600150e-11
6.004575e-11
5.258970e-11
4.433423e-11
3.596849e-11
2.807848e-11
2.108749e-11
1.523397e-11
1.058463e-11
7.072383e-12
4.544069e-12
2.807203e-12
1.667478e-12
9.525148e-13
5.233046e-13
2.765668e-13
1.406792e-13
6.892279e-14
3.254531e-14
1.482581e-14
6.514794e-15
2.747872e-15
1.141002e-15
4.621698e-16
1.882047e-16
8.218409e-17
3.812274e-17
3.585917e-17
3.531572e-17
3.393388e-17
3.353225e-17
3.358694e-17
3.377135e-17
3.398636e-17
3.420032e-17
3.440853e-17
3.461413e-17
3.482023e-17
3.502725e-17
3.523285e-17
3.543284e-17
3.562231e-17
3.579644e-17
3.595105e-17
3.608279e-17
3.618910e-17
3.626819e-17
3.631885e-17
3.624473e-17
3.623899e-17
3.620963e-17
3.615730e-17
3.608322e-17
3.598919e-17
3.587769e-17
3.575192e-17
3.561573e-17
3.547355e-17
3.533007e-17
3.518991e-17
3.505739e-17
3.493667e-17
3.483315e-17
3.475693e-17
3.472969e-17
3.479655e-17
3.504211e-17
3.558230e-17
3.638832e-17
3.711395e-17
3.713188e-17
4.143133e-17
4.979559e-17
1.062743e-16
2.321636e-16
5.515867e-16
1.362853e-15
3.130454e-15
6.686591e-15
1.384635e-14
2.799033e-14
5.449255e-14
1.019142e-13
1.833711e-13
3.176441e-13
5.297016e-13
8.499187e-13
1.312246e-12
1.949964e-12
2.788540e-12
3.837924e-12
5.084809e-12
6.485802e-12
7.965564e-12
9.421254e-12
1.073267e-11
1.177819e-11
1.245321e-11
1.268665e-11
1.245321e-11
1.177821e-11
1.073271e-11
9.421280e-12
7.965576e-12
6.485809e-12
5.084816e-12
3.837928e-12
2.788556e-12
1.949990e-12
1.312267e-12
8.499175e-13
5.296783e-13
3.176199e-13
1.833553e-13
1.019113e-13
5.449717e-14
2.799933e-14
1.385910e-14
6.685723e-15
3.119997e-15
1.361959e-15
5.500729e-16
2.313375e-16
1.052505e-16
4.964830e-17
4.096753e-17
3.681787e-17
3.682671e-17
3.611225e-17
3.533161e-17
3.482653e-17
3.461304e-17
3.457051e-17
3.461471e-17
3.470259e-17
3.481452e-17
3.494204e-17
3.508084e-17
3.522745e-17
3.537799e-17
3.552803e-17
3.567294e-17
3.580830e-17
3.593015e-17
3.603519e-17
3.612082e-17
3.618509e-17
3.622666e-17
3.617300e-17
3.616927e-17
3.614710e-17
3.610725e-17
3.605105e-17
3.598042e-17
3.589795e-17
3.580684e-17
3.571095e-17
3.561470e-17
3.552295e-17
3.544099e-17
3.537463e-17
3.533076e-17
3.531879e-17
3.535320e-17
3.545742e-17
3.566792e-17
3.603315e-17
3.659273e-17
3.733334e-17
3.821041e-17
3.947003e-17
4.174745e-17
4.317714e-17
4.815320e-17
5.626460e-17
1.122161e-16
3.106045e-16
7.001362e-16
1.348879e-15
2.709190e-15
5.547619e-15
1.074599e-14
1.981756e-14
3.520962e-14
6.035195e-14
9.972741e-14
1.586117e-13
2.430136e-13
3.587647e-13
5.098983e-13
6.978473e-13
9.201319e-13
1.168854e-12
1.430581e-12
1.687245e-12
1.917878e-12
2.101403e-12
2.219770e-12
2.260686e-12
2.219763e-12
2.101417e-12
1.917912e-12
1.687267e-12
1.430588e-12
1.168867e-12
9.201404e-13
6.978476e-13
5.099082e-13
3.587971e-13
2.430545e-13
1.586067e-13
9.969517e-14
6.032699e-14
3.519582e-14
1.981335e-14
1.074523e-14
5.551749e-15
2.714081e-15
1.353580e-15
7.036400e-16
3.117286e-16
1.129100e-16
5.641072e-17
4.781474e-17
4.290727e-17
4.142810e-17
3.916238e-17
3.792671e-17
3.706939e-17
3.635156e-17
3.581811e-17
3.547837e-17
3.528979e-17
3.520313e-17
3.518252e-17
3.520555e-17
3.525876e-17
3.533356e-17
3.542365e-17
3.552360e-17
3.562838e-17
3.573324e-17
3.583380e-17
3.592619e-17
3.600714e-17
3.607401e-17
3.612479e-17
3.615807e-17
3.612004e-17
3.611809e-17
3.610235e-17
3.607366e-17
3.603342e-17
3.598364e-17
3.592696e-17
3.586666e-17
3.580664e-17
3.575142e-17
3.570614e-17
3.567666e-17
3.566977e-17
3.569378e-17
3.575955e-17
3.588194e-17
3.608140e-17
3.638430e-17
3.681965e-17
3.741032e-17
3.816819e-17
3.912177e-17
4.036349e-17
4.192079e-17
4.366102e-17
4.569376e-17
4.533881e-17
4.579727e-17
9.096835e-17
1.639041e-16
2.483899e-16
5.146118e-16
1.118971e-15
2.121112e-15
3.839001e-15
6.754095e-15
1.144453e-14
1.872518e-14
2.950745e-14
4.490665e-14
6.594074e-14
9.314397e-14
1.267632e-13
1.663870e-13
2.105574e-13
2.568507e-13
3.020681e-13
3.426288e-13
3.748621e-13
3.955834e-13
4.027306e-13
3.955805e-13
3.748583e-13
3.426415e-13
3.020935e-13
2.568655e-13
2.105716e-13
1.663889e-13
1.267519e-13
9.313840e-14
6.596865e-14
4.497286e-14
2.951617e-14
1.869476e-14
1.142863e-14
6.740442e-15
3.836153e-15
2.119401e-15
1.113574e-15
5.142546e-16
2.467012e-16
1.618375e-16
8.904118e-17
4.552247e-17
4.514614e-17
4.543377e-17
4.337421e-17
4.162503e-17
4.007283e-17
3.884647e-17
3.791162e-17
3.717457e-17
3.660612e-17
3.619270e-17
3.590986e-17
3.572785e-17
3.562029e-17
3.556718e-17
3.555424e-17
3.557115e-17
3.561004e-17
3.566445e-17
3.572875e-17
3.579795e-17
3.586758e-17
3.593379e-17
3.599328e-17
3.604341e-17
3.608211e-17
3.610794e-17
3.608122e-17
3.608080e-17
3.607068e-17
3.605175e-17
3.602545e-17
3.599388e-17
3.595973e-17
3.592632e-17
3.589764e-17
3.587832e-17
3.587371e-17
3.589000e-17
3.593443e-17
3.601571e-17
3.614464e-17
3.633473e-17
3.660257e-17
3.696724e-17
3.744809e-17
3.806179e-17
3.882244e-17
3.974739e-17
4.085183e-17
4.210694e-17
4.340128e-17
4.444095e-17
4.465652e-17
4.340568e-17
4.647155e-17
5.285471e-17
5.647295e-17
1.120428e-16
2.274196e-16
4.030254e-16
7.468873e-16
1.311991e-15
2.177013e-15
3.505520e-15
5.452525e-15
8.277145e-15
1.212171e-14
1.700211e-14
2.301165e-14
3.006285e-14
3.791403e-14
4.610921e-14
5.406253e-14
6.120907e-14
6.684730e-14
7.046601e-14
7.173228e-14
7.046110e-14
6.684767e-14
6.120662e-14
5.409168e-14
4.615239e-14
3.792831e-14
3.005171e-14
2.298960e-14
1.698340e-14
1.212355e-14
8.328597e-15
5.473355e-15
3.487981e-15
2.169291e-15
1.305198e-15
7.477727e-16
4.027952e-16
2.243821e-16
1.106829e-16
5.632678e-17
5.202171e-17
4.576218e-17
4.300265e-17
4.433994e-17
4.414308e-17
4.310496e-17
4.181428e-17
4.056842e-17
3.947841e-17
3.857107e-17
3.782985e-17
3.723641e-17
3.677563e-17
3.642990e-17
3.617930e-17
3.600459e-17
3.588932e-17
3.582027e-17
3.578700e-17
3.578107e-17
3.579551e-17
3.582433e-17
3.586232e-17
3.590492e-17
3.594822e-17
3.598893e-17
3.602434e-17
3.605241e-17
3.607166e-17
3.605251e-17
3.605333e-17
3.604795e-17
3.603730e-17
3.602289e-17
3.600683e-17
3.599186e-17
3.598138e-17
3.597941e-17
3.599066e-17
3.602058e-17
3.607546e-17
3.616259e-17
3.629048e-17
3.646914e-17
3.671026e-17
3.702703e-17
3.743348e-17
3.794304e-17
3.856702e-17
3.931358e-17
4.018601e-17
4.117451e-17
4.223880e-17
4.328907e-17
4.418043e-17
4.480216e-17
4.550857e-17
4.732287e-17
4.952941e-17
4.899259e-17
5.150729e-17
5.627623e-17
8.611939e-17
1.612649e-16
2.529541e-16
4.109801e-16
6.518279e-16
9.962570e-16
1.536171e-15
2.228785e-15
3.100996e-15
4.175474e-15
5.406023e-15
6.824757e-15
8.287800e-15
9.686576e-15
1.094848e-14
1.190107e-14
1.253491e-14
1.278057e-14
1.252859e-14
1.189690e-14
1.093773e-14
9.705731e-15
8.339375e-15
6.843269e-15
5.399653e-15
4.163794e-15
3.086020e-15
2.223161e-15
1.548626e-15
1.011286e-15
6.505315e-16
4.079458e-16
2.496733e-16
1.602207e-16
8.557774e-17
5.588805e-17
5.093436e-17
4.856528e-17
4.899052e-17
4.678882e-17
4.507178e-17
4.443777e-17
4.385231e-17
4.297969e-17
4.194311e-17
4.089288e-17
3.992034e-17
3.906566e-17
3.833800e-17
3.773341e-17
3.724304e-17
3.685499e-17
3.655539e-17
3.633004e-17
3.616572e-17
3.605090e-17
3.597574e-17
3.593192e-17
3.591234e-17
3.591088e-17
3.592220e-17
3.594168e-17
3.596538e-17
3.598997e-17
3.601275e-17
3.603165e-17
3.604519e-17
3.603042e-17
3.603216e-17
3.603062e-17
3.602675e-17
3.602209e-17
3.601880e-17
3.601965e-17
3.602806e-17
3.604809e-17
3.608448e-17
3.614267e-17
3.622891e-17
3.635026e-17
3.651478e-17
3.673147e-17
3.701029e-17
3.736174e-17
3.779624e-17
3.832305e-17
3.894903e-17
3.967706e-17
4.050346e-17
4.141312e-17
4.237352e-17
4.333370e-17
4.424321e-17
4.511567e-17
4.610871e-17
4.737006e-17
4.856999e-17
4.931300e-17
5.001047e-17
4.845652e-17
4.804204e-17
5.469272e-17
5.781087e-17
8.729679e-17
1.320573e-16
1.868226e-16
2.762680e-16
4.021038e-16
5.816244e-16
7.542823e-16
9.583217e-16
1.242523e-15
1.505609e-15
1.748184e-15
1.963567e-15
2.108228e-15
2.214896e-15
2.263383e-15
2.214134e-15
2.106104e-15
1.959872e-15
1.755424e-15
1.530537e-15
1.256998e-15
9.585447e-16
7.546828e-16
5.780584e-16
3.996563e-16
2.765507e-16
1.882034e-16
1.316656e-16
8.676055e-17
5.761124e-17
5.436274e-17
4.765251e-17
4.807894e-17
4.957540e-17
4.887024e-17
4.810857e-17
4.691375e-17
4.569060e-17
4.474050e-17
4.390092e-17
4.301506e-17
4.207385e-17
4.113109e-17
4.023929e-17
3.943142e-17
3.872244e-17
3.811568e-17
3.760782e-17
3.719160e-17
3.685745e-17
3.659476e-17
3.639295e-17
3.624213e-17
3.613335e-17
3.605870e-17
3.601121e-17
3.598477e-17
3.597403e-17
3.597436e-17
3.598177e-17
3.599294e-17
3.600516e-17
3.601636e-17
3.602507e-17
3.601206e-17
3.601438e-17
3.601574e-17
3.601710e-17
3.602004e-17
3.602674e-17
3.604000e-17
3.606325e-17
3.610056e-17
3.615664e-17
3.623689e-17
3.634740e-17
3.649496e-17
3.668707e-17
3.693181e-17
3.723771e-17
3.761324e-17
3.806631e-17
3.860328e-17
3.922800e-17
3.994035e-17
4.073463e-17
4.159748e-17
4.250724e-17
4.343793e-17
4.437276e-17
4.532488e-17
4.633585e-17
4.740371e-17
4.840630e-17
4.920571e-17
4.970203e-17
4.981949e-17
5.046259e-17
5.179835e-17
4.991053e-17
4.860774e-17
5.075730e-17
5.548910e-17
5.955806e-17
8.505984e-17
1.256313e-16
1.419569e-16
1.758658e-16
2.344872e-16
2.776143e-16
3.168273e-16
3.499507e-16
3.695547e-16
3.855046e-16
3.927441e-16
3.851632e-16
3.684162e-16
3.484088e-16
3.168103e-16
2.806949e-16
2.368608e-16
1.757669e-16
1.415831e-16
1.250251e-16
8.473009e-17
6.018833e-17
5.584933e-17
5.056238e-17
4.835637e-17
4.969646e-17
5.152879e-17
5.014263e-17
4.946580e-17
4.931470e-17
4.879595e-17
4.798456e-17
4.698502e-17
4.593616e-17
4.495173e-17
4.402585e-17
4.311437e-17
4.220463e-17
4.131464e-17
4.047122e-17
3.969644e-17
3.900366e-17
3.839844e-17
3.788058e-17
3.744601e-17
3.708807e-17
3.679873e-17
3.656938e-17
3.639150e-17
3.625701e-17
3.615848e-17
3.608917e-17
3.604309e-17
3.601494e-17
3.600007e-17
3.599452e-17
3.599497e-17
3.599871e-17
3.600368e-17
3.600841e-17
3.599514e-17
3.599768e-17
3.600097e-17
3.600600e-17
3.601436e-17
3.602825e-17
3.605049e-17
3.608452e-17
3.613438e-17
3.620477e-17
3.630099e-17
3.642897e-17
3.659524e-17
3.680680e-17
3.707104e-17
3.739539e-17
3.778699e-17
3.825206e-17
3.879516e-17
3.941840e-17
4.012045e-17
4.089573e-17
4.173397e-17
4.262124e-17
4.354340e-17
4.449224e-17
4.546952e-17
4.647844e-17
4.749879e-17
4.847315e-17
4.933389e-17
5.003976e-17
5.063563e-17
5.127042e-17
5.174568e-17
5.159763e-17
5.163647e-17
5.260609e-17
5.371778e-17
5.163742e-17
4.969857e-17
5.162686e-17
5.304536e-17
6.080133e-17
7.332282e-17
8.376467e-17
9.336138e-17
1.013099e-16
1.065521e-16
1.101775e-16
1.114796e-16
1.100316e-16
1.062892e-16
1.010416e-16
9.341572e-17
8.408715e-17
7.380225e-17
6.122289e-17
5.293873e-17
5.139158e-17
4.961265e-17
5.180108e-17
5.384810e-17
5.256898e-17
5.150284e-17
5.142102e-17
5.152193e-17
5.099611e-17
5.031610e-17
4.968257e-17
4.894989e-17
4.807491e-17
4.709958e-17
4.609011e-17
4.509970e-17
4.414412e-17
4.321739e-17
4.231681e-17
4.145055e-17
4.063296e-17
3.987815e-17
3.919640e-17
3.859320e-17
3.806968e-17
3.762355e-17
3.725003e-17
3.694275e-17
3.669445e-17
3.649762e-17
3.634486e-17
3.622916e-17
3.614405e-17
3.608363e-17
3.604267e-17
3.601658e-17
3.600141e-17
3.599383e-17
3.599117e-17
3.599135e-17
3.599295e-17
3.597798e-17
3.598036e-17
3.598459e-17
3.599169e-17
3.600326e-17
3.602153e-17
3.604932e-17
3.609007e-17
3.614780e-17
3.622718e-17
3.633343e-17
3.647237e-17
3.665029e-17
3.687390e-17
3.715010e-17
3.748571e-17
3.788703e-17
3.835936e-17
3.890635e-17
3.952928e-17
4.022653e-17
4.099318e-17
4.182133e-17
4.270135e-17
4.362424e-17
4.458417e-17
4.557839e-17
4.660178e-17
4.763820e-17
4.865795e-17
4.962777e-17
5.052604e-17
5.135183e-17
5.209603e-17
5.267914e-17
5.306227e-17
5.344764e-17
5.396276e-17
5.428014e-17
5.402639e-17
5.412109e-17
5.563700e-17
5.891987e-17
6.520325e-17
7.391344e-17
8.299397e-17
9.141585e-17
9.848020e-17
1.036833e-16
1.069338e-16
1.080322e-16
1.068559e-16
1.035653e-16
9.840493e-17
9.148071e-17
8.320120e-17
7.418656e-17
6.541494e-17
5.896569e-17
5.559443e-17
5.410491e-17
5.407320e-17
5.432667e-17
5.395371e-17
5.337920e-17
5.294194e-17
5.250336e-17
5.186046e-17
5.105970e-17
5.018757e-17
4.925694e-17
4.826957e-17
4.724602e-17
4.621712e-17
4.520912e-17
4.423473e-17
4.329647e-17
4.239570e-17
4.153766e-17
4.073121e-17
3.998599e-17
3.930988e-17
3.870771e-17
3.818099e-17
3.772824e-17
3.734565e-17
3.702775e-17
3.676808e-17
3.655974e-17
3.639576e-17
3.626939e-17
3.617434e-17
3.610483e-17
3.605567e-17
3.602231e-17
3.600082e-17
3.598790e-17
3.598089e-17
3.597774e-17
3.597704e-17
