9.155871e-15
-2.252122e-12
-1.807239e-11
-6.092609e-11
-1.441367e-10
-2.807730e-10
-4.835713e-10
-7.648113e-10
-1.136215e-09
-1.608794e-09
-2.192718e-09
-2.897125e-09
-3.729956e-09
-4.697729e-09
-5.805339e-09
-7.055805e-09
-8.450041e-09
-9.986590e-09
-1.166139e-08
-1.346752e-08
-1.539498e-08
-1.743051e-08
-1.955742e-08
-2.175547e-08
-2.400090e-08
-2.626640e-08
-2.852128e-08
-3.073173e-08
-3.286115e-08
-3.487061e-08
-3.671951e-08
-3.836623e-08
-3.976901e-08
-4.088687e-08
-4.168062e-08
-4.211395e-08
-4.215452e-08
-4.177505e-08
-4.095435e-08
-3.967830e-08
-3.794063e-08
-3.574357e-08
-3.309830e-08
-3.002513e-08
-2.655345e-08
-2.272134e-08
-1.857503e-08
-1.416795e-08
-9.559650e-09
-4.814459e-09
9.180157e-15
4.814480e-09
9.559668e-09
1.416797e-08
1.857505e-08
2.272136e-08
2.655347e-08
3.002515e-08
3.309832e-08
3.574359e-08
3.794065e-08
3.967832e-08
4.095437e-08
4.177507e-08
4.215454e-08
4.211397e-08
4.168064e-08
4.088689e-08
3.976903e-08
3.836625e-08
3.671953e-08
3.487063e-08
3.286117e-08
3.073175e-08
2.852130e-08
2.626642e-08
2.400092e-08
2.175550e-08
1.955744e-08
1.743053e-08
1.539500e-08
1.346754e-08
1.166141e-08
9.986610e-09
8.450060e-09
7.055826e-09
5.805358e-09
4.697750e-09
3.729974e-09
2.897146e-09
2.192736e-09
1.608815e-09
1.136233e-09
7.648318e-10
4.835898e-10
2.807936e-10
1.441551e-10
6.094666e-11
1.809070e-11
2.272571e-12
9.207912e-15
4.532860e-12
-4.502707e-12
-4.057367e-11
-1.170081e-10
-2.468834e-10
-4.429506e-10
-7.175108e-10
-1.082315e-09
-1.548415e-09
-2.126028e-09
-2.824352e-09
-3.651399e-09
-4.613767e-09
-5.716446e-09
-6.962555e-09
-8.353120e-09
-9.886801e-09
-1.155966e-08
-1.336489e-08
-1.529262e-08
-1.732968e-08
-1.945949e-08
-2.166190e-08
-2.391317e-08
-2.618602e-08
-2.844975e-08
-3.067047e-08
-3.281149e-08
-3.483372e-08
-3.669635e-08
-3.835750e-08
-3.977510e-08
-4.090783e-08
-4.171614e-08
-4.216329e-08
-4.221657e-08
-4.184827e-08
-4.103685e-08
-3.976783e-08
-3.803467e-08
-3.583941e-08
-3.319308e-08
-3.011597e-08
-2.663752e-08
-2.279601e-08
-1.863790e-08
-1.421699e-08
-9.593265e-09
-4.831548e-09
9.225259e-15
4.831568e-09
9.593283e-09
1.421701e-08
1.863792e-08
2.279603e-08
2.663754e-08
3.011599e-08
3.319310e-08
3.583943e-08
3.803469e-08
3.976785e-08
4.103687e-08
4.184829e-08
4.221659e-08
4.216332e-08
4.171615e-08
4.090785e-08
3.977512e-08
3.835752e-08
3.669637e-08
3.483374e-08
3.281151e-08
3.067049e-08
2.844976e-08
2.618604e-08
2.391319e-08
2.166192e-08
1.945951e-08
1.732970e-08
1.529264e-08
1.336491e-08
1.155968e-08
9.886822e-09
8.353139e-09
6.962576e-09
5.716464e-09
4.613788e-09
3.651417e-09
2.824373e-09
2.126047e-09
1.548436e-09
1.082334e-09
7.175313e-10
4.429691e-10
2.469040e-10
1.170265e-10
4.059424e-11
4.521161e-12
-4.512290e-12
9.239137e-15
2.484906e-11
3.613034e-11
2.037334e-11
-3.576217e-11
-1.453790e-10
-3.212699e-10
-5.757992e-10
-9.208054e-10
-1.367454e-09
-1.926109e-09
-2.606146e-09
-3.415785e-09
-4.361874e-09
-5.449676e-09
-6.682620e-09
-8.062065e-09
-9.587023e-09
-1.125392e-08
-1.305632e-08
-1.498470e-08
-1.702624e-08
-1.916463e-08
-2.137996e-08
-2.364864e-08
-2.594347e-08
-2.823368e-08
-3.048522e-08
-3.266106e-08
-3.472165e-08
-3.662556e-08
-3.833012e-08
-3.979238e-08
-4.096995e-08
-4.182215e-08
-4.231106e-08
-4.240271e-08
-4.206821e-08
-4.128487e-08
-4.003719e-08
-3.831779e-08
-3.612806e-08
-3.347865e-08
-3.038975e-08
-2.689099e-08
-2.302115e-08
-1.882750e-08
-1.436491e-08
-9.694666e-09
-4.883099e-09
9.225259e-15
4.883119e-09
9.694685e-09
1.436493e-08
1.882752e-08
2.302117e-08
2.689101e-08
3.038977e-08
3.347867e-08
3.612808e-08
3.831781e-08
4.003721e-08
4.128489e-08
4.206823e-08
4.240273e-08
4.231108e-08
4.182217e-08
4.096997e-08
3.979240e-08
3.833015e-08
3.662558e-08
3.472167e-08
3.266108e-08
3.048524e-08
2.823370e-08
2.594349e-08
2.364866e-08
2.137998e-08
1.916465e-08
1.702626e-08
1.498472e-08
1.305634e-08
1.125394e-08
9.587043e-09
8.062083e-09
6.682641e-09
5.449695e-09
4.361895e-09
3.415804e-09
2.606166e-09
1.926128e-09
1.367475e-09
9.208238e-10
5.758197e-10
3.212884e-10
1.453996e-10
3.578062e-11
-2.035276e-11
-3.611187e-11
-2.482840e-11
9.263423e-15
5.857912e-11
1.035964e-10
1.215802e-10
9.917475e-11
2.324006e-11
-1.190819e-10
-3.402557e-10
-6.522610e-10
-1.066451e-09
-1.593427e-09
-2.242857e-09
-3.023313e-09
-3.942046e-09
-5.004784e-09
-6.215469e-09
-7.576017e-09
-9.086036e-09
-1.074257e-08
-1.253979e-08
-1.446880e-08
-1.651733e-08
-1.866957e-08
-2.090602e-08
-2.320338e-08
-2.553455e-08
-2.786871e-08
-3.017152e-08
-3.240544e-08
-3.453015e-08
-3.650318e-08
-3.828057e-08
-3.981784e-08
-4.107087e-08
-4.199704e-08
-4.255642e-08
-4.271295e-08
-4.243570e-08
-4.170003e-08
-4.048873e-08
-3.879293e-08
-3.661293e-08
-3.395872e-08
-3.085029e-08
-2.731760e-08
-2.340025e-08
-1.914687e-08
-1.461413e-08
-9.865543e-09
-4.969980e-09
9.256484e-15
4.970000e-09
9.865562e-09
1.461415e-08
1.914689e-08
2.340027e-08
2.731762e-08
3.085031e-08
3.395874e-08
3.661295e-08
3.879295e-08
4.048875e-08
4.170005e-08
4.243572e-08
4.271297e-08
4.255644e-08
4.199706e-08
4.107089e-08
3.981786e-08
3.828060e-08
3.650319e-08
3.453017e-08
3.240546e-08
3.017155e-08
2.786873e-08
2.553457e-08
2.320340e-08
2.090604e-08
1.866959e-08
1.651735e-08
1.446882e-08
1.253981e-08
1.074258e-08
9.086057e-09
7.576036e-09
6.215490e-09
5.004803e-09
3.942067e-09
3.023331e-09
2.242877e-09
1.593445e-09
1.066471e-09
6.522794e-10
3.402763e-10
1.191004e-10
-2.321949e-11
-9.915638e-11
-1.215596e-10
-1.035779e-10
-5.855840e-11
9.273832e-15
1.055225e-10
1.975017e-10
2.624743e-10
2.870729e-10
2.581153e-10
1.626622e-10
-1.188140e-11
-2.776833e-10
-6.463499e-10
-1.128808e-09
-1.735129e-09
-2.474368e-09
-3.354343e-09
-4.381426e-09
-5.560282e-09
-6.893615e-09
-8.381873e-09
-1.002297e-08
-1.181199e-08
-1.374087e-08
-1.579819e-08
-1.796888e-08
-2.023402e-08
-2.257075e-08
-2.495219e-08
-2.734747e-08
-2.972188e-08
-3.203720e-08
-3.425203e-08
-3.632249e-08
-3.820281e-08
-3.984635e-08
-4.120652e-08
-4.223797e-08
-4.289788e-08
-4.314721e-08
-4.295207e-08
-4.228503e-08
-4.112634e-08
-3.946502e-08
-3.729976e-08
-3.463955e-08
-3.150406e-08
-2.792368e-08
-2.393919e-08
-1.960112e-08
-1.496875e-08
-1.010876e-08
-5.093661e-09
9.280771e-15
5.093682e-09
1.010878e-08
1.496877e-08
1.960114e-08
2.393921e-08
2.792369e-08
3.150408e-08
3.463956e-08
3.729978e-08
3.946504e-08
4.112636e-08
4.228505e-08
4.295209e-08
4.314723e-08
4.289790e-08
4.223799e-08
4.120654e-08
3.984637e-08
3.820284e-08
3.632251e-08
3.425206e-08
3.203721e-08
2.972190e-08
2.734749e-08
2.495221e-08
2.257077e-08
2.023404e-08
1.796890e-08
1.579822e-08
1.374089e-08
1.181201e-08
1.002299e-08
8.381893e-09
6.893633e-09
5.560303e-09
4.381445e-09
3.354363e-09
2.474386e-09
1.735150e-09
1.128826e-09
6.463705e-10
2.777017e-10
1.190204e-11
-1.626437e-10
-2.580947e-10
-2.870544e-10
-2.624538e-10
-1.974833e-10
-1.055018e-10
9.270362e-15
1.653889e-10
3.172753e-10
4.422242e-10
5.268698e-10
5.579937e-10
5.225685e-10
4.078487e-10
2.014411e-10
-1.085713e-10
-5.335190e-10
-1.083980e-09
-1.769620e-09
-2.598979e-09
-3.579259e-09
-4.716053e-09
-6.013088e-09
-7.471911e-09
-9.091588e-09
-1.086837e-08
-1.279537e-08
-1.486227e-08
-1.705499e-08
-1.935547e-08
-2.174147e-08
-2.418644e-08
-2.665952e-08
-2.912563e-08
-3.154568e-08
-3.387699e-08
-3.607382e-08
-3.808813e-08
-3.987044e-08
-4.137096e-08
-4.254076e-08
-4.333318e-08
-4.370523e-08
-4.361908e-08
-4.304355e-08
-4.195550e-08
-4.034106e-08
-3.819670e-08
-3.553004e-08
-3.236027e-08
-2.871829e-08
-2.464640e-08
-2.019763e-08
-1.543467e-08
-1.042842e-08
-5.256255e-09
9.329343e-15
5.256276e-09
1.042844e-08
1.543469e-08
2.019765e-08
2.464642e-08
2.871831e-08
3.236029e-08
3.553006e-08
3.819672e-08
4.034107e-08
4.195552e-08
4.304357e-08
4.361910e-08
4.370525e-08
4.333320e-08
4.254078e-08
4.137098e-08
3.987046e-08
3.808815e-08
3.607384e-08
3.387701e-08
3.154570e-08
2.912565e-08
2.665954e-08
2.418646e-08
2.174148e-08
1.935549e-08
1.705501e-08
1.486229e-08
1.279539e-08
1.086839e-08
9.091607e-09
7.471932e-09
6.013107e-09
4.716074e-09
3.579278e-09
2.599000e-09
1.769639e-09
1.084000e-09
5.335374e-10
1.085918e-10
-2.014226e-10
-4.078281e-10
-5.225501e-10
-5.579731e-10
-5.268513e-10
-4.422036e-10
-3.172569e-10
-1.653681e-10
9.301587e-15
2.377879e-10
4.621494e-10
6.597093e-10
8.171307e-10
9.211766e-10
9.587387e-10
9.169127e-10
7.830554e-10
5.448950e-10
1.906290e-10
-2.909183e-10
-9.101464e-10
-1.676464e-09
-2.598081e-09
-3.681732e-09
-4.932407e-09
-6.353016e-09
-7.944069e-09
-9.703300e-09
-1.162531e-08
-1.370121e-08
-1.591822e-08
-1.825944e-08
-2.070347e-08
-2.322432e-08
-2.579124e-08
-2.836875e-08
-3.091686e-08
-3.339134e-08
-3.574429e-08
-3.792481e-08
-3.988002e-08
-4.155607e-08
-4.289958e-08
-4.385902e-08
-4.438638e-08
-4.443880e-08
-4.398028e-08
-4.298326e-08
-4.143012e-08
-3.931444e-08
-3.664195e-08
-3.343113e-08
-2.971345e-08
-2.553307e-08
-2.094616e-08
-1.601972e-08
-1.083001e-08
-5.460574e-09
9.468121e-15
5.460595e-09
1.083003e-08
1.601974e-08
2.094618e-08
2.553309e-08
2.971347e-08
3.343115e-08
3.664197e-08
3.931446e-08
4.143014e-08
4.298328e-08
4.398030e-08
4.443882e-08
4.438640e-08
4.385904e-08
4.289960e-08
4.155609e-08
3.988003e-08
3.792483e-08
3.574431e-08
3.339137e-08
3.091688e-08
2.836878e-08
2.579126e-08
2.322434e-08
2.070349e-08
1.825946e-08
1.591824e-08
1.370123e-08
1.162533e-08
9.703321e-09
7.944088e-09
6.353037e-09
4.932426e-09
3.681753e-09
2.598100e-09
1.676485e-09
9.101650e-10
2.909390e-10
-1.906105e-10
-5.448744e-10
-7.830370e-10
-9.168920e-10
-9.587202e-10
-9.211560e-10
-8.171122e-10
-6.596887e-10
-4.621309e-10
-2.377672e-10
9.291179e-15
3.222174e-10
6.311344e-10
9.134836e-10
1.155998e-09
1.345457e-09
1.468692e-09
1.512649e-09
1.464426e-09
1.311366e-09
1.041142e-09
6.419007e-10
1.024017e-10
-5.877748e-10
-1.438020e-09
-2.456420e-09
-3.649470e-09
-5.021726e-09
-6.575449e-09
-8.310197e-09
-1.022242e-08
-1.230500e-08
-1.454687e-08
-1.693259e-08
-1.944197e-08
-2.204979e-08
-2.472561e-08
-2.743369e-08
-3.013305e-08
-3.277776e-08
-3.531742e-08
-3.769784e-08
-3.986198e-08
-4.175120e-08
-4.330662e-08
-4.447078e-08
-4.518943e-08
-4.541345e-08
-4.510076e-08
-4.421825e-08
-4.274351e-08
-4.066635e-08
-3.799004e-08
-3.473203e-08
-3.092437e-08
-2.661341e-08
-2.185915e-08
-1.673388e-08
-1.132050e-08
-5.710209e-09
9.547918e-15
5.710230e-09
1.132052e-08
1.673390e-08
2.185916e-08
2.661343e-08
3.092439e-08
3.473206e-08
3.799006e-08
4.066638e-08
4.274353e-08
4.421827e-08
4.510078e-08
4.541347e-08
4.518945e-08
4.447080e-08
4.330664e-08
4.175123e-08
3.986200e-08
3.769786e-08
3.531744e-08
3.277778e-08
3.013307e-08
2.743371e-08
2.472563e-08
2.204981e-08
1.944199e-08
1.693261e-08
1.454689e-08
1.230502e-08
1.022243e-08
8.310218e-09
6.575468e-09
5.021746e-09
3.649489e-09
2.456441e-09
1.438039e-09
5.877955e-10
-1.023831e-10
-6.418801e-10
-1.041124e-09
-1.311345e-09
-1.464408e-09
-1.512629e-09
-1.468674e-09
-1.345436e-09
-1.155980e-09
-9.134630e-10
-6.311159e-10
-3.221967e-10
9.339751e-15
4.180490e-10
8.229912e-10
1.201732e-09
1.541134e-09
1.828043e-09
2.049274e-09
2.191648e-09
2.242013e-09
2.187318e-09
2.014676e-09
1.711494e-09
1.265596e-09
6.654235e-10
-9.976255e-11
-1.039604e-09
-2.162351e-09
-3.474492e-09
-4.980375e-09
-6.681743e-09
-8.577286e-09
-1.066211e-08
-1.292727e-08
-1.535921e-08
-1.793934e-08
-2.064359e-08
-2.344211e-08
-2.629904e-08
-2.917252e-08
-3.201481e-08
-3.477273e-08
-3.738831e-08
-3.979975e-08
-4.194267e-08
-4.375168e-08
-4.516214e-08
-4.611224e-08
-4.654516e-08
-4.641133e-08
-4.567069e-08
-4.429480e-08
-4.226870e-08
-3.959240e-08
-3.628193e-08
-3.236984e-08
-2.790502e-08
-2.295202e-08
-1.758956e-08
-1.190857e-08
-6.009623e-09
9.586082e-15
6.009645e-09
1.190859e-08
1.758958e-08
2.295204e-08
2.790505e-08
3.236986e-08
3.628196e-08
3.959242e-08
4.226872e-08
4.429482e-08
4.567071e-08
4.641134e-08
4.654518e-08
4.611226e-08
4.516216e-08
4.375170e-08
4.194269e-08
3.979977e-08
3.738833e-08
3.477275e-08
3.201484e-08
2.917254e-08
2.629907e-08
2.344213e-08
2.064361e-08
1.793936e-08
1.535923e-08
1.292729e-08
1.066213e-08
8.577305e-09
6.681764e-09
4.980394e-09
3.474513e-09
2.162369e-09
1.039625e-09
9.978124e-11
-6.654028e-10
-1.265577e-09
-1.711473e-09
-2.014658e-09
-2.187297e-09
-2.241995e-09
-2.191627e-09
-2.049255e-09
-1.828023e-09
-1.541116e-09
-1.201711e-09
-8.229727e-10
-4.180282e-10
9.298118e-15
5.245121e-10
1.036198e-09
1.522220e-09
1.969651e-09
2.365474e-09
2.696548e-09
2.949621e-09
3.111322e-09
3.168215e-09
3.106842e-09
2.913827e-09
2.575988e-09
2.080515e-09
1.415166e-09
5.685462e-10
-4.695968e-10
-1.707984e-09
-3.153394e-09
-4.810162e-09
-6.679658e-09
-8.759695e-09
-1.104394e-08
-1.352125e-08
-1.617515e-08
-1.898317e-08
-2.191644e-08
-2.493932e-08
-2.800919e-08
-3.107652e-08
-3.408515e-08
-3.697291e-08
-3.967257e-08
-4.211313e-08
-4.422151e-08
-4.592455e-08
-4.715133e-08
-4.783569e-08
-4.791889e-08
-4.735231e-08
-4.609997e-08
-4.414084e-08
-4.147076e-08
-3.810372e-08
-3.407265e-08
-2.942932e-08
-2.424361e-08
-1.860191e-08
-1.260484e-08
-6.364283e-09
9.717921e-15
6.364304e-09
1.260485e-08
1.860193e-08
2.424363e-08
2.942934e-08
3.407267e-08
3.810374e-08
4.147078e-08
4.414087e-08
4.609999e-08
4.735233e-08
4.791891e-08
4.783571e-08
4.715135e-08
4.592457e-08
4.422153e-08
4.211315e-08
3.967259e-08
3.697294e-08
3.408517e-08
3.107654e-08
2.800921e-08
2.493934e-08
2.191646e-08
1.898319e-08
1.617517e-08
1.352127e-08
1.104395e-08
8.759716e-09
6.679677e-09
4.810183e-09
3.153413e-09
1.708005e-09
4.696156e-10
-5.685253e-10
-1.415147e-09
-2.080494e-09
-2.575969e-09
-2.913806e-09
-3.106823e-09
-3.168194e-09
-3.111303e-09
-2.949600e-09
-2.696530e-09
-2.365453e-09
-1.969632e-09
-1.522199e-09
-1.036180e-09
-5.244913e-10
9.308526e-15
6.406767e-10
1.268916e-09
1.872241e-09
2.438038e-09
2.953523e-09
3.405682e-09
3.781263e-09
4.066733e-09
4.248312e-09
4.311980e-09
4.243568e-09
4.028832e-09
3.653625e-09
3.104068e-09
2.366827e-09
1.429406e-09
2.805492e-10
-1.089321e-09
-2.687556e-09
-4.518702e-09
-6.583818e-09
-8.879772e-09
-1.139848e-08
-1.412615e-08
-1.704256e-08
-2.012035e-08
-2.332454e-08
-2.661207e-08
-2.993175e-08
-3.322435e-08
-3.642315e-08
-3.945482e-08
-4.224081e-08
-4.469911e-08
-4.674654e-08
-4.830131e-08
-4.928601e-08
-4.963075e-08
-4.927636e-08
-4.817752e-08
-4.630556e-08
-4.365089e-08
-4.022474e-08
-3.606015e-08
-3.121208e-08
-2.575663e-08
-1.978925e-08
-1.342214e-08
-6.780808e-09
9.745676e-15
6.780829e-09
1.342216e-08
1.978927e-08
2.575665e-08
3.121210e-08
3.606017e-08
4.022476e-08
4.365091e-08
4.630558e-08
4.817754e-08
4.927638e-08
4.963077e-08
4.928603e-08
4.830133e-08
4.674656e-08
4.469913e-08
4.224083e-08
3.945484e-08
3.642317e-08
3.322437e-08
2.993177e-08
2.661209e-08
2.332456e-08
2.012037e-08
1.704258e-08
1.412617e-08
1.139850e-08
8.879791e-09
6.583839e-09
4.518721e-09
2.687577e-09
1.089340e-09
-2.805282e-10
-1.429387e-09
-2.366807e-09
-3.104049e-09
-3.653604e-09
-4.028813e-09
-4.243547e-09
-4.311962e-09
-4.248291e-09
-4.066715e-09
-3.781242e-09
-3.405664e-09
-2.953502e-09
-2.438019e-09
-1.872221e-09
-1.268897e-09
-6.406559e-10
9.266893e-15
7.654351e-10
1.518951e-09
2.248562e-09
2.942088e-09
3.587099e-09
4.170822e-09
4.680100e-09
5.101327e-09
5.420444e-09
5.622919e-09
5.693798e-09
5.617764e-09
5.379270e-09
4.962693e-09
4.352593e-09
3.534001e-09
2.492827e-09
1.216321e-09
-3.063454e-10
-2.083428e-09
-4.119844e-09
-6.416352e-09
-8.968638e-09
-1.176639e-08
-1.479236e-08
-1.802144e-08
-2.141992e-08
-2.494483e-08
-2.854360e-08
-3.215398e-08
-3.570444e-08
-3.911499e-08
-4.229853e-08
-4.516283e-08
-4.761293e-08
-4.955422e-08
-5.089580e-08
-5.155424e-08
-5.145748e-08
-5.054858e-08
-4.878930e-08
-4.616309e-08
-4.267737e-08
-3.836490e-08
-3.328411e-08
-2.751829e-08
-2.117357e-08
-1.437594e-08
-7.267163e-09
9.808127e-15
7.267184e-09
1.437596e-08
2.117359e-08
2.751831e-08
3.328413e-08
3.836492e-08
4.267739e-08
4.616311e-08
4.878932e-08
5.054860e-08
5.145750e-08
5.155426e-08
5.089582e-08
4.955424e-08
4.761295e-08
4.516285e-08
4.229855e-08
3.911501e-08
3.570446e-08
3.215400e-08
2.854362e-08
2.494485e-08
2.141994e-08
1.802146e-08
1.479238e-08
1.176641e-08
8.968659e-09
6.416371e-09
4.119865e-09
2.083447e-09
3.063665e-10
-1.216302e-09
-2.492806e-09
-3.533982e-09
-4.352572e-09
-4.962674e-09
-5.379249e-09
-5.617746e-09
-5.693777e-09
-5.622900e-09
-5.420423e-09
-5.101309e-09
-4.680079e-09
-4.170803e-09
-3.587078e-09
-2.942069e-09
-2.248541e-09
-1.518932e-09
-7.654143e-10
9.270362e-15
8.974840e-10
1.783719e-09
2.647361e-09
3.476814e-09
4.260145e-09
4.984959e-09
5.638327e-09
6.206686e-09
6.675798e-09
7.030699e-09
7.255709e-09
7.334453e-09
7.249962e-09
6.984796e-09
6.521274e-09
5.841749e-09
4.929009e-09
3.766752e-09
2.340200e-09
6.368075e-10
-1.352882e-09
-3.634294e-09
-6.207743e-09
-9.067320e-09
-1.219969e-08
-1.558294e-08
-1.918550e-08
-2.296519e-08
-2.686860e-08
-3.083071e-08
-3.477509e-08
-3.861455e-08
-4.225254e-08
-4.558513e-08
-4.850374e-08
-5.089860e-08
-5.266271e-08
-5.369630e-08
-5.391150e-08
-5.323704e-08
-5.162263e-08
-4.904277e-08
-4.549975e-08
-4.102547e-08
-3.568207e-08
-2.956107e-08
-2.278118e-08
-1.548472e-08
-7.832887e-09
9.832413e-15
7.832908e-09
1.548474e-08
2.278120e-08
2.956109e-08
3.568209e-08
4.102549e-08
4.549977e-08
4.904279e-08
5.162265e-08
5.323706e-08
5.391152e-08
5.369632e-08
5.266273e-08
5.089862e-08
4.850376e-08
4.558515e-08
4.225257e-08
3.861457e-08
3.477511e-08
3.083073e-08
2.686862e-08
2.296521e-08
1.918552e-08
1.558296e-08
1.219971e-08
9.067339e-09
6.207765e-09
3.634313e-09
1.352903e-09
-6.367883e-10
-2.340179e-09
-3.766733e-09
-4.928988e-09
-5.841730e-09
-6.521253e-09
-6.984777e-09
-7.249941e-09
-7.334434e-09
-7.255688e-09
-7.030680e-09
-6.675777e-09
-6.206667e-09
-5.638306e-09
-4.984940e-09
-4.260124e-09
-3.476795e-09
-2.647340e-09
-1.783700e-09
-8.974631e-10
9.370976e-15
1.035307e-09
2.060209e-09
3.064179e-09
4.036376e-09
4.965536e-09
5.839807e-09
6.646650e-09
7.372696e-09
8.003671e-09
8.524297e-09
8.918266e-09
9.168213e-09
9.255769e-09
9.161649e-09
8.865839e-09
8.347844e-09
7.587070e-09
6.563293e-09
5.257305e-09
3.651658e-09
1.731614e-09
-5.137897e-10
-3.090497e-09
-5.998088e-09
-9.228316e-09
-1.276364e-08
-1.657576e-08
-2.062433e-08
-2.485589e-08
-2.920318e-08
-3.358499e-08
-3.790659e-08
-4.206102e-08
-4.593119e-08
-4.939281e-08
-5.231831e-08
-5.458151e-08
-5.606289e-08
-5.665528e-08
-5.626964e-08
-5.484056e-08
-5.233110e-08
-4.873666e-08
-4.408743e-08
-3.844942e-08
-3.192359e-08
-2.464339e-08
-1.677053e-08
-8.489365e-09
9.880985e-15
8.489386e-09
1.677055e-08
2.464341e-08
3.192361e-08
3.844944e-08
4.408745e-08
4.873668e-08
5.233112e-08
5.484058e-08
5.626966e-08
5.665530e-08
5.606291e-08
5.458154e-08
5.231833e-08
4.939283e-08
4.593121e-08
4.206105e-08
3.790661e-08
3.358501e-08
2.920320e-08
2.485591e-08
2.062435e-08
1.657578e-08
1.276366e-08
9.228337e-09
5.998108e-09
3.090519e-09
5.138089e-10
-1.731593e-09
-3.651638e-09
-5.257283e-09
-6.563274e-09
-7.587048e-09
-8.347825e-09
-8.865818e-09
-9.161630e-09
-9.255748e-09
-9.168194e-09
-8.918246e-09
-8.524278e-09
-8.003650e-09
-7.372678e-09
-6.646629e-09
-5.839789e-09
-4.965515e-09
-4.036358e-09
-3.064157e-09
-2.060190e-09
-1.035286e-09
9.381385e-15
1.177159e-09
2.344953e-09
3.493866e-09
4.614010e-09
5.694983e-09
6.725676e-09
7.694129e-09
8.587359e-09
9.391233e-09
1.009033e-08
1.066787e-08
1.110560e-08
1.138384e-08
1.148150e-08
1.137618e-08
1.104444e-08
1.046207e-08
9.604588e-09
8.447888e-09
6.968991e-09
5.147084e-09
2.964698e-09
4.091304e-10
-2.525976e-09
-5.838865e-09
-9.517836e-09
-1.353935e-08
-1.786627e-08
-2.244629e-08
-2.721078e-08
-3.207415e-08
-3.693404e-08
-4.167229e-08
-4.615708e-08
-5.024612e-08
-5.379106e-08
-5.664287e-08
-5.865819e-08
-5.970626e-08
-5.967603e-08
-5.848309e-08
-5.607586e-08
-5.244053e-08
-4.760446e-08
-4.163758e-08
-3.465166e-08
-2.679743e-08
-1.825961e-08
-9.250149e-09
9.842820e-15
9.250171e-09
1.825963e-08
2.679745e-08
3.465168e-08
4.163760e-08
4.760448e-08
5.244055e-08
5.607588e-08
5.848311e-08
5.967605e-08
5.970628e-08
5.865821e-08
5.664289e-08
5.379108e-08
5.024614e-08
4.615710e-08
4.167231e-08
3.693406e-08
3.207418e-08
2.721080e-08
2.244631e-08
1.786629e-08
1.353937e-08
9.517855e-09
5.838887e-09
2.525995e-09
-4.091090e-10
-2.964678e-09
-5.147063e-09
-6.968972e-09
-8.447866e-09
-9.604569e-09
-1.046204e-08
-1.104442e-08
-1.137616e-08
-1.148148e-08
-1.138382e-08
-1.110558e-08
-1.066785e-08
-1.009031e-08
-9.391212e-09
-8.587340e-09
-7.694108e-09
-6.725657e-09
-5.694962e-09
-4.613991e-09
-3.493844e-09
-2.344934e-09
-1.177138e-09
9.450773e-15
1.321054e-09
2.633998e-09
3.930540e-09
5.201964e-09
6.438952e-09
7.631357e-09
8.768030e-09
9.836597e-09
1.082329e-08
1.171278e-08
1.248798e-08
1.312997e-08
1.361791e-08
1.392897e-08
1.403846e-08
1.391988e-08
1.354530e-08
1.288570e-08
1.191161e-08
1.059391e-08
8.904886e-09
6.819522e-09
4.317088e-09
1.382969e-09
-1.989245e-09
-5.795501e-09
-1.001890e-08
-1.462734e-08
-1.957134e-08
-2.478225e-08
-3.017100e-08
-3.562775e-08
-4.102259e-08
-4.620746e-08
-5.101962e-08
-5.528645e-08
-5.883180e-08
-6.148354e-08
-6.308200e-08
-6.348884e-08
-6.259575e-08
-6.033236e-08
-5.667273e-08
-5.163977e-08
-4.530734e-08
-3.779955e-08
-2.928744e-08
-1.998307e-08
-1.013132e-08
9.818531e-15
1.013134e-08
1.998309e-08
2.928746e-08
3.779957e-08
4.530736e-08
5.163979e-08
5.667275e-08
6.033238e-08
6.259577e-08
6.348886e-08
6.308202e-08
6.148356e-08
5.883182e-08
5.528647e-08
5.101964e-08
4.620748e-08
4.102261e-08
3.562777e-08
3.017102e-08
2.478227e-08
1.957136e-08
1.462736e-08
1.001892e-08
5.795521e-09
1.989266e-09
-1.382950e-09
-4.317067e-09
-6.819502e-09
-8.904865e-09
-1.059389e-08
-1.191159e-08
-1.288568e-08
-1.354528e-08
-1.391986e-08
-1.403844e-08
-1.392896e-08
-1.361789e-08
-1.312995e-08
-1.248796e-08
-1.171276e-08
-1.082327e-08
-9.836578e-09
-8.768009e-09
-7.631339e-09
-6.438931e-09
-5.201946e-09
-3.930519e-09
-2.633979e-09
-1.321033e-09
9.492407e-15
1.464759e-09
2.922889e-09
4.367560e-09
5.791460e-09
7.186597e-09
8.544040e-09
9.853705e-09
1.110410e-08
1.228209e-08
1.337268e-08
1.435880e-08
1.522109e-08
1.593776e-08
1.648448e-08
1.683433e-08
1.695789e-08
1.682339e-08
1.639707e-08
1.564374e-08
1.452756e-08
1.301309e-08
1.106667e-08
8.658149e-09
5.762988e-09
2.364655e-09
-1.542634e-09
-5.950953e-09
-1.083563e-08
-1.615229e-08
-2.183421e-08
-2.779031e-08
-3.390401e-08
-4.003338e-08
-4.601281e-08
-5.165642e-08
-5.676347e-08
-6.112564e-08
-6.453601e-08
-6.679945e-08
-6.774366e-08
-6.723018e-08
-6.516462e-08
-6.150498e-08
-5.626769e-08
-4.953036e-08
-4.143131e-08
-3.216555e-08
-2.197766e-08
-1.115185e-08
9.672799e-15
1.115187e-08
2.197767e-08
3.216557e-08
4.143133e-08
4.953038e-08
5.626771e-08
6.150500e-08
6.516464e-08
6.723020e-08
6.774368e-08
6.679947e-08
6.453603e-08
6.112566e-08
5.676349e-08
5.165644e-08
4.601283e-08
4.003340e-08
3.390403e-08
2.779033e-08
2.183423e-08
1.615231e-08
1.083565e-08
5.950974e-09
1.542654e-09
-2.364634e-09
-5.762969e-09
-8.658128e-09
-1.106665e-08
-1.301307e-08
-1.452755e-08
-1.564372e-08
-1.639705e-08
-1.682336e-08
-1.695787e-08
-1.683431e-08
-1.648446e-08
-1.593774e-08
-1.522107e-08
-1.435878e-08
-1.337266e-08
-1.228207e-08
-1.110408e-08
-9.853684e-09
-8.544021e-09
-7.186576e-09
-5.791441e-09
-4.367538e-09
-2.922870e-09
-1.464737e-09
9.409140e-15
1.605784e-09
3.206664e-09
4.797507e-09
6.372662e-09
7.925722e-09
9.449243e-09
1.093450e-08
1.237116e-08
1.374708e-08
1.504791e-08
1.625693e-08
1.735466e-08
1.831872e-08
1.912353e-08
1.974024e-08
2.013662e-08
2.027717e-08
2.012330e-08
1.963384e-08
1.876572e-08
1.747498e-08
1.571824e-08
1.345446e-08
1.064731e-08
7.267896e-09
3.298009e-09
-1.266279e-09
-6.410759e-09
-1.209917e-08
-1.826953e-08
-2.483098e-08
-3.166169e-08
-3.860806e-08
-4.548581e-08
-5.208330e-08
-5.816732e-08
-6.349138e-08
-6.780652e-08
-7.087395e-08
-7.247896e-08
-7.244496e-08
-7.064666e-08
-6.702108e-08
-6.157537e-08
-5.439074e-08
-4.562199e-08
-3.549264e-08
-2.428616e-08
-1.233379e-08
9.485362e-15
1.233381e-08
2.428618e-08
3.549266e-08
4.562201e-08
5.439076e-08
6.157539e-08
6.702110e-08
7.064668e-08
7.244498e-08
7.247898e-08
7.087397e-08
6.780654e-08
6.349140e-08
5.816734e-08
5.208332e-08
4.548583e-08
3.860808e-08
3.166171e-08
2.483100e-08
1.826954e-08
1.209919e-08
6.410779e-09
1.266300e-09
-3.297989e-09
-7.267874e-09
-1.064729e-08
-1.345444e-08
-1.571822e-08
-1.747496e-08
-1.876570e-08
-1.963382e-08
-2.012328e-08
-2.027714e-08
-2.013660e-08
-1.974022e-08
-1.912351e-08
-1.831870e-08
-1.735464e-08
-1.625691e-08
-1.504789e-08
-1.374706e-08
-1.237114e-08
-1.093447e-08
-9.449224e-09
-7.925701e-09
-6.372644e-09
-4.797486e-09
-3.206645e-09
-1.605763e-09
9.423018e-15
1.741398e-09
3.479857e-09
5.212200e-09
6.934687e-09
8.642772e-09
1.033079e-08
1.199168e-08
1.361665e-08
1.519483e-08
1.671298e-08
1.815508e-08
1.950200e-08
2.073114e-08
2.181615e-08
2.272657e-08
2.342773e-08
2.388058e-08
2.404183e-08
2.386421e-08
2.329705e-08
2.228724e-08
2.078057e-08
1.872364e-08
1.606635e-08
1.276493e-08
8.785719e-09
4.109487e-09
-1.263826e-09
-7.310017e-09
-1.397565e-08
-2.117348e-08
-2.877889e-08
-3.662783e-08
-4.451689e-08
-5.220614e-08
-5.942509e-08
-6.588212e-08
-7.127729e-08
-7.531787e-08
-7.773585e-08
-7.830613e-08
-7.686365e-08
-7.331792e-08
-6.766341e-08
-5.998482e-08
-5.045664e-08
-3.933692e-08
-2.695601e-08
-1.370142e-08
9.460591e-15
1.370145e-08
2.695603e-08
3.933694e-08
5.045666e-08
5.998484e-08
6.766343e-08
7.331794e-08
7.686367e-08
7.830615e-08
7.773587e-08
7.531789e-08
7.127731e-08
6.588214e-08
5.942511e-08
5.220616e-08
4.451691e-08
3.662785e-08
2.877891e-08
2.117350e-08
1.397567e-08
7.310038e-09
1.263845e-09
-4.109465e-09
-8.785700e-09
-1.276490e-08
-1.606633e-08
-1.872362e-08
-2.078055e-08
-2.228722e-08
-2.329703e-08
-2.386419e-08
-2.404181e-08
-2.388056e-08
-2.342771e-08
-2.272655e-08
-2.181613e-08
-2.073112e-08
-1.950198e-08
-1.815506e-08
-1.671296e-08
-1.519481e-08
-1.361663e-08
-1.199166e-08
-1.033077e-08
-8.642751e-09
-6.934668e-09
-5.212179e-09
-3.479839e-09
-1.741377e-09
9.370976e-15
1.868628e-09
3.736528e-09
5.602717e-09
7.465633e-09
9.322871e-09
1.117085e-08
1.300450e-08
1.481691e-08
1.659896e-08
1.833888e-08
2.002187e-08
2.162965e-08
2.313997e-08
2.452620e-08
2.575687e-08
2.679532e-08
2.759944e-08
2.812148e-08
2.830821e-08
2.810122e-08
2.743775e-08
2.625188e-08
2.447639e-08
2.204533e-08
1.889737e-08
1.497999e-08
1.025453e-08
4.702027e-09
-1.670431e-09
-8.823070e-09
-1.667705e-08
-2.510896e-08
-3.394683e-08
-4.296865e-08
-5.190408e-08
-6.044030e-08
-6.823245e-08
-7.491851e-08
-8.013847e-08
-8.355681e-08
-8.488615e-08
-8.390980e-08
-8.050111e-08
-7.463774e-08
-6.640906e-08
-5.601525e-08
-4.375828e-08
-3.002630e-08
-1.527384e-08
9.353826e-15
1.527386e-08
3.002632e-08
4.375830e-08
5.601527e-08
6.640908e-08
7.463776e-08
8.050113e-08
8.390982e-08
8.488617e-08
8.355683e-08
8.013849e-08
7.491853e-08
6.823247e-08
6.044032e-08
5.190410e-08
4.296867e-08
3.394685e-08
2.510898e-08
1.667707e-08
8.823089e-09
1.670452e-09
-4.702007e-09
-1.025451e-08
-1.497997e-08
-1.889735e-08
-2.204531e-08
-2.447636e-08
-2.625186e-08
-2.743773e-08
-2.810120e-08
-2.830819e-08
-2.812146e-08
-2.759942e-08
-2.679530e-08
-2.575685e-08
-2.452618e-08
-2.313995e-08
-2.162963e-08
-2.002185e-08
-1.833886e-08
-1.659894e-08
-1.481689e-08
-1.300448e-08
-1.117083e-08
-9.322850e-09
-7.465615e-09
-5.602696e-09
-3.736509e-09
-1.868607e-09
9.294648e-15
1.984295e-09
3.970299e-09
5.959467e-09
7.952666e-09
9.949902e-09
1.194998e-08
1.395019e-08
1.594588e-08
1.793008e-08
1.989303e-08
2.182169e-08
2.369921e-08
2.550436e-08
2.721092e-08
2.878712e-08
3.019505e-08
3.139015e-08
3.232085e-08
3.292832e-08
3.314661e-08
3.290309e-08
3.211944e-08
3.071338e-08
2.860115e-08
2.570099e-08
2.193775e-08
1.724869e-08
1.159030e-08
4.946262e-09
-2.664062e-09
-1.117690e-08
-2.047603e-08
-3.038614e-08
-4.066875e-08
-5.102211e-08
-6.108612e-08
-7.045281e-08
-7.868359e-08
-8.533355e-08
-8.998009e-08
-9.225329e-08
-9.186629e-08
-8.864392e-08
-8.254507e-08
-7.367329e-08
-6.227266e-08
-4.871007e-08
-3.344900e-08
-1.702111e-08
9.262688e-15
1.702113e-08
3.344902e-08
4.871009e-08
6.227268e-08
7.367331e-08
8.254509e-08
8.864394e-08
9.186631e-08
9.225331e-08
8.998011e-08
8.533357e-08
7.868361e-08
7.045283e-08
6.108614e-08
5.102213e-08
4.066877e-08
3.038616e-08
2.047605e-08
1.117692e-08
2.664082e-09
-4.946241e-09
-1.159028e-08
-1.724867e-08
-2.193774e-08
-2.570097e-08
-2.860113e-08
-3.071336e-08
-3.211942e-08
-3.290306e-08
-3.314659e-08
-3.292830e-08
-3.232083e-08
-3.139013e-08
-3.019503e-08
-2.878710e-08
-2.721090e-08
-2.550434e-08
-2.369919e-08
-2.182167e-08
-1.989301e-08
-1.793006e-08
-1.594586e-08
-1.395017e-08
-1.194997e-08
-9.949881e-09
-7.952647e-09
-5.959446e-09
-3.970281e-09
-1.984274e-09
9.280771e-15
2.085038e-09
4.174431e-09
6.272285e-09
8.382133e-09
1.050666e-08
1.264735e-08
1.480419e-08
1.697518e-08
1.915599e-08
2.133938e-08
2.351469e-08
2.566719e-08
2.777741e-08
2.982043e-08
3.176507e-08
3.357309e-08
3.519849e-08
3.658671e-08
3.767415e-08
3.838784e-08
3.864550e-08
3.835619e-08
3.742160e-08
3.573838e-08
3.320159e-08
2.970952e-08
2.517005e-08
1.950865e-08
1.267783e-08
4.667905e-09
-4.481579e-09
-1.467032e-08
-2.572700e-08
-3.740204e-08
-4.936371e-08
-6.119917e-08
-7.242439e-08
-8.250528e-08
-9.088539e-08
-9.701712e-08
-1.004021e-07
-1.006454e-07
-9.751423e-08
-9.097703e-08
-8.121071e-08
-6.857300e-08
-5.355289e-08
-3.671623e-08
-1.866246e-08
9.223430e-15
1.866248e-08
3.671624e-08
5.355291e-08
6.857302e-08
8.121073e-08
9.097705e-08
9.751425e-08
1.006455e-07
1.004021e-07
9.701714e-08
9.088541e-08
8.250530e-08
7.242442e-08
6.119919e-08
4.936373e-08
3.740206e-08
2.572703e-08
1.467034e-08
4.481600e-09
-4.667885e-09
-1.267781e-08
-1.950863e-08
-2.517003e-08
-2.970950e-08
-3.320157e-08
-3.573836e-08
-3.742158e-08
-3.835617e-08
-3.864548e-08
-3.838782e-08
-3.767413e-08
-3.658669e-08
-3.519847e-08
-3.357307e-08
-3.176504e-08
-2.982041e-08
-2.777739e-08
-2.566717e-08
-2.351467e-08
-2.133936e-08
-1.915597e-08
-1.697516e-08
-1.480417e-08
-1.264733e-08
-1.050664e-08
-8.382114e-09
-6.272264e-09
-4.174412e-09
-2.085017e-09
9.273832e-15
2.167364e-09
4.341904e-09
6.530564e-09
8.739743e-09
1.097504e-08
1.324091e-08
1.554034e-08
1.787442e-08
2.024190e-08
2.263863e-08
2.505696e-08
2.748507e-08
2.990616e-08
3.229755e-08
3.462976e-08
3.686547e-08
3.895843e-08
4.085243e-08
4.248029e-08
4.376309e-08
4.460970e-08
4.491681e-08
4.456973e-08
4.344424e-08
4.140972e-08
3.833394e-08
3.408990e-08
2.856463e-08
2.167031e-08
1.335728e-08
3.628721e-09
-7.443805e-09
-1.970587e-08
-3.290728e-08
-4.669017e-08
-6.058515e-08
-7.402027e-08
-8.632859e-08
-9.675390e-08
-1.044938e-07
-1.088116e-07
-1.091879e-07
-1.054370e-07
-9.772980e-08
-8.652124e-08
-7.243054e-08
-5.612611e-08
-3.824609e-08
-1.936519e-08
9.081763e-15
1.936521e-08
3.824611e-08
5.612613e-08
7.243056e-08
8.652126e-08
9.772982e-08
1.054370e-07
1.091879e-07
1.088116e-07
1.044938e-07
9.675393e-08
8.632861e-08
7.402029e-08
6.058517e-08
4.669019e-08
3.290730e-08
1.970589e-08
7.443825e-09
-3.628700e-09
-1.335727e-08
-2.167029e-08
-2.856461e-08
-3.408988e-08
-3.833392e-08
-4.140969e-08
-4.344422e-08
-4.456971e-08
-4.491679e-08
-4.460968e-08
-4.376307e-08
-4.248027e-08
-4.085241e-08
-3.895841e-08
-3.686545e-08
-3.462974e-08
-3.229753e-08
-2.990614e-08
-2.748506e-08
-2.505694e-08
-2.263861e-08
-2.024188e-08
-1.787441e-08
-1.554032e-08
-1.324089e-08
-1.097502e-08
-8.739724e-09
-6.530542e-09
-4.341885e-09
-2.167343e-09
9.322404e-15
2.227709e-09
4.465545e-09
6.723429e-09
9.010793e-09
1.133634e-08
1.370775e-08
1.613131e-08
1.861156e-08
2.115081e-08
2.374854e-08
2.640086e-08
2.909963e-08
3.183167e-08
3.457773e-08
3.731130e-08
3.999742e-08
4.259122e-08
4.503651e-08
4.726430e-08
4.919139e-08
5.071926e-08
5.173332e-08
5.210294e-08
5.168248e-08
5.031377e-08
4.783061e-08
4.406547e-08
3.885902e-08
3.207247e-08
2.360290e-08
1.340068e-08
1.487452e-09
-1.202248e-08
-2.689743e-08
-4.277561e-08
-5.915522e-08
-7.533011e-08
-9.028851e-08
-1.027390e-07
-1.113836e-07
-1.153104e-07
-1.142400e-07
-1.084982e-07
-9.880423e-08
-8.602420e-08
-7.098706e-08
-5.438784e-08
-3.676474e-08
-1.852664e-08
9.010679e-15
1.852666e-08
3.676476e-08
5.438786e-08
7.098708e-08
8.602422e-08
9.880425e-08
1.084982e-07
1.142400e-07
1.153105e-07
1.113836e-07
1.027390e-07
9.028853e-08
7.533014e-08
5.915524e-08
4.277563e-08
2.689745e-08
1.202250e-08
-1.487433e-09
-1.340066e-08
-2.360288e-08
-3.207245e-08
-3.885900e-08
-4.406544e-08
-4.783059e-08
-5.031375e-08
-5.168246e-08
-5.210292e-08
-5.173330e-08
-5.071923e-08
-4.919137e-08
-4.726428e-08
-4.503649e-08
-4.259120e-08
-3.999740e-08
-3.731128e-08
-3.457771e-08
-3.183165e-08
-2.909961e-08
-2.640084e-08
-2.374852e-08
-2.115078e-08
-1.861155e-08
-1.613129e-08
-1.370773e-08
-1.133632e-08
-9.010774e-09
-6.723408e-09
-4.465526e-09
-2.227688e-09
9.416079e-15
2.262509e-09
4.538168e-09
6.839961e-09
9.180459e-09
1.157162e-08
1.402451e-08
1.654902e-08
1.915344e-08
2.184407e-08
2.462463e-08
2.749558e-08
3.045340e-08
3.348955e-08
3.658940e-08
3.973094e-08
4.288323e-08
4.600473e-08
4.904143e-08
5.192483e-08
5.456986e-08
5.687295e-08
5.871030e-08
5.993684e-08
6.038610e-08
5.987164e-08
5.819059e-08
5.512987e-08
5.047560e-08
4.402621e-08
3.560826e-08
2.509286e-08
1.241499e-08
-2.403313e-09
-1.924250e-08
-3.785215e-08
-5.763652e-08
-7.728351e-08
-9.472457e-08
-1.077827e-07
-1.150646e-07
-1.163596e-07
-1.123728e-07
-1.041905e-07
-9.289644e-08
-7.942948e-08
-6.455734e-08
-4.886153e-08
-3.273326e-08
-1.640418e-08
8.911855e-15
1.640420e-08
3.273328e-08
4.886155e-08
6.455736e-08
7.942950e-08
9.289646e-08
1.041905e-07
1.123729e-07
1.163597e-07
1.150647e-07
1.077827e-07
9.472459e-08
7.728353e-08
5.763654e-08
3.785217e-08
1.924252e-08
2.403335e-09
-1.241497e-08
-2.509284e-08
-3.560824e-08
-4.402619e-08
-5.047558e-08
-5.512985e-08
-5.819058e-08
-5.987162e-08
-6.038608e-08
-5.993682e-08
-5.871028e-08
-5.687293e-08
-5.456984e-08
-5.192481e-08
-4.904141e-08
-4.600471e-08
-4.288321e-08
-3.973092e-08
-3.658938e-08
-3.348952e-08
-3.045338e-08
-2.749556e-08
-2.462461e-08
-2.184405e-08
-1.915342e-08
-1.654900e-08
-1.402449e-08
-1.157160e-08
-9.180440e-09
-6.839940e-09
-4.538149e-09
-2.262488e-09
9.537510e-15
2.268287e-09
4.552750e-09
6.869452e-09
9.234141e-09
1.166210e-08
1.416793e-08
1.676526e-08
1.946646e-08
2.228219e-08
2.522086e-08
2.828804e-08
3.148558e-08
3.481068e-08
3.825467e-08
4.180159e-08
4.542646e-08
4.909333e-08
5.275294e-08
5.634022e-08
5.977142e-08
6.294124e-08
6.571994e-08
6.795095e-08
6.944911e-08
7.000057e-08
6.936462e-08
6.727860e-08
6.346631e-08
5.764887e-08
4.955385e-08
3.892280e-08
2.550572e-08
9.008679e-09
-1.086960e-08
-3.388474e-08
-5.832133e-08
-8.093904e-08
-9.838955e-08
-1.087982e-07
-1.120793e-07
-1.092612e-07
-1.018205e-07
-9.130139e-08
-7.905051e-08
-6.602719e-08
-5.277233e-08
-3.951345e-08
-2.630675e-08
-1.314303e-08
8.763542e-15
1.314304e-08
2.630676e-08
3.951347e-08
5.277235e-08
6.602721e-08
7.905053e-08
9.130141e-08
1.018206e-07
1.092613e-07
1.120793e-07
1.087982e-07
9.838957e-08
8.093906e-08
5.832135e-08
3.388476e-08
1.086962e-08
-9.008657e-09
-2.550570e-08
-3.892278e-08
-4.955383e-08
-5.764884e-08
-6.346630e-08
-6.727858e-08
-6.936460e-08
-7.000055e-08
-6.944909e-08
-6.795093e-08
-6.571992e-08
-6.294121e-08
-5.977140e-08
-5.634020e-08
-5.275292e-08
-4.909331e-08
-4.542644e-08
-4.180157e-08
-3.825465e-08
-3.481066e-08
-3.148556e-08
-2.828802e-08
-2.522085e-08
-2.228217e-08
-1.946644e-08
-1.676524e-08
-1.416791e-08
-1.166208e-08
-9.234122e-09
-6.869431e-09
-4.552731e-09
-2.268265e-09
9.665879e-15
2.241751e-09
4.502629e-09
6.801708e-09
9.157868e-09
1.158971e-08
1.411540e-08
1.675244e-08
1.951743e-08
2.242570e-08
2.549079e-08
2.872393e-08
3.213317e-08
3.572249e-08
3.949048e-08
4.342891e-08
4.752083e-08
5.173838e-08
5.604007e-08
6.036776e-08
6.464301e-08
6.876321e-08
7.259739e-08
7.598206e-08
7.871757e-08
8.056560e-08
8.124862e-08
8.045216e-08
7.782862e-08
7.299688e-08
6.552834e-08
5.487994e-08
4.021834e-08
2.040239e-08
-5.030863e-09
-3.396122e-08
-6.143221e-08
-8.251604e-08
-9.499091e-08
-9.922461e-08
-9.694982e-08
-9.036332e-08
-8.142293e-08
-7.140863e-08
-6.098502e-08
-5.048045e-08
-4.006731e-08
-2.982453e-08
-1.976201e-08
-9.842239e-09
8.856469e-15
9.842257e-09
1.976203e-08
2.982455e-08
4.006733e-08
5.048047e-08
6.098504e-08
7.140864e-08
8.142295e-08
9.036334e-08
9.694984e-08
9.922463e-08
9.499093e-08
8.251607e-08
6.143223e-08
3.396125e-08
5.030884e-09
-2.040237e-08
-4.021832e-08
-5.487992e-08
-6.552832e-08
-7.299686e-08
-7.782860e-08
-8.045214e-08
-8.124860e-08
-8.056558e-08
-7.871755e-08
-7.598204e-08
-7.259737e-08
-6.876319e-08
-6.464299e-08
-6.036774e-08
-5.604006e-08
-5.173836e-08
-4.752081e-08
-4.342888e-08
-3.949046e-08
-3.572247e-08
-3.213316e-08
-2.872391e-08
-2.549077e-08
-2.242568e-08
-1.951742e-08
-1.675242e-08
-1.411538e-08
-1.158969e-08
-9.157848e-09
-6.801686e-09
-4.502610e-09
-2.241730e-09
9.683226e-15
2.179906e-09
4.381723e-09
6.627379e-09
8.938751e-09
1.133765e-08
1.384574e-08
1.648441e-08
1.927455e-08
2.223633e-08
2.538876e-08
2.874918e-08
3.233256e-08
3.615056e-08
4.021032e-08
4.451300e-08
4.905180e-08
5.380961e-08
5.875605e-08
6.384390e-08
6.900483e-08
7.414448e-08
7.913679e-08
8.381798e-08
8.798042e-08
9.136709e-08
9.366739e-08
9.451335e-08
9.346983e-08
9.000033e-08
8.333423e-08
7.210910e-08
5.416815e-08
2.802370e-08
-3.951918e-09
-3.526982e-08
-5.960016e-08
-7.375866e-08
-7.792651e-08
-7.488879e-08
-6.817120e-08
-6.026958e-08
-5.235550e-08
-4.480646e-08
-3.767125e-08
-3.089893e-08
-2.441720e-08
-1.815111e-08
-1.203041e-08
-5.995695e-09
9.168704e-15
5.995714e-09
1.203042e-08
1.815113e-08
2.441722e-08
3.089894e-08
3.767126e-08
4.480648e-08
5.235552e-08
6.026960e-08
6.817122e-08
7.488881e-08
7.792653e-08
7.375869e-08
5.960018e-08
3.526985e-08
3.951940e-09
-2.802367e-08
-5.416813e-08
-7.210908e-08
-8.333421e-08
-9.000031e-08
-9.346981e-08
-9.451333e-08
-9.366737e-08
-9.136706e-08
-8.798040e-08
-8.381796e-08
-7.913678e-08
-7.414446e-08
-6.900481e-08
-6.384388e-08
-5.875603e-08
-5.380959e-08
-4.905178e-08
-4.451298e-08
-4.021030e-08
-3.615053e-08
-3.233254e-08
-2.874916e-08
-2.538874e-08
-2.223631e-08
-1.927453e-08
-1.648439e-08
-1.384573e-08
-1.133763e-08
-8.938732e-09
-6.627357e-09
-4.381704e-09
-2.179884e-09
9.586082e-15
2.080170e-09
4.184771e-09
6.338329e-09
8.565479e-09
1.089103e-08
1.333996e-08
1.593740e-08
1.870851e-08
2.167832e-08
2.487145e-08
2.831170e-08
3.202142e-08
3.602077e-08
4.032656e-08
4.495085e-08
4.989905e-08
5.516752e-08
6.074042e-08
6.658588e-08
7.265112e-08
7.885657e-08
8.508881e-08
9.119247e-08
9.696124e-08
1.021284e-07
1.063562e-07
1.092190e-07
1.101595e-07
1.083176e-07
1.020098e-07
8.819212e-08
6.390043e-08
3.055649e-08
-4.298588e-09
-3.158008e-08
-4.656490e-08
-5.095612e-08
-4.964535e-08
-4.638088e-08
-4.266087e-08
-3.881292e-08
-3.487974e-08
-3.087002e-08
-2.677202e-08
-2.256322e-08
-1.823199e-08
-1.378551e-08
-9.245026e-09
-4.639184e-09
9.474614e-15
4.639204e-09
9.245045e-09
1.378553e-08
1.823201e-08
2.256324e-08
2.677204e-08
3.087004e-08
3.487976e-08
3.881293e-08
4.266088e-08
4.638090e-08
4.964536e-08
5.095615e-08
4.656492e-08
3.158010e-08
4.298610e-09
-3.055646e-08
-6.390041e-08
-8.819210e-08
-1.020098e-07
-1.083176e-07
-1.101595e-07
-1.092190e-07
-1.063561e-07
-1.021284e-07
-9.696122e-08
-9.119245e-08
-8.508879e-08
-7.885655e-08
-7.265110e-08
-6.658586e-08
-6.074040e-08
-5.516750e-08
-4.989904e-08
-4.495083e-08
-4.032654e-08
-3.602075e-08
-3.202140e-08
-2.831167e-08
-2.487143e-08
-2.167830e-08
-1.870849e-08
-1.593738e-08
-1.333994e-08
-1.089101e-08
-8.565460e-09
-6.338308e-09
-4.184752e-09
-2.080148e-09
9.586082e-15
1.940497e-09
3.907580e-09
5.928015e-09
8.028842e-09
1.023754e-08
1.258209e-08
1.509111e-08
1.779378e-08
2.071990e-08
2.389962e-08
2.736331e-08
3.114102e-08
3.526191e-08
3.975332e-08
4.463951e-08
4.993993e-08
5.566692e-08
6.182263e-08
6.839505e-08
7.535277e-08
8.263844e-08
9.016038e-08
9.778247e-08
1.053120e-07
1.124844e-07
1.189425e-07
1.241927e-07
1.274436e-07
1.270349e-07
1.194331e-07
9.977521e-08
6.688342e-08
2.846759e-08
-3.288446e-09
-2.221236e-08
-3.073565e-08
-3.383376e-08
-3.448439e-08
-3.375329e-08
-3.211848e-08
-2.990486e-08
-2.730070e-08
-2.440534e-08
-2.128383e-08
-1.798498e-08
-1.454653e-08
-1.100042e-08
-7.375939e-09
-3.700492e-09
9.626267e-15
3.700512e-09
7.375958e-09
1.100044e-08
1.454655e-08
1.798500e-08
2.128385e-08
2.440536e-08
2.730072e-08
2.990488e-08
3.211849e-08
3.375331e-08
3.448441e-08
3.383378e-08
3.073567e-08
2.221239e-08
3.288469e-09
-2.846757e-08
-6.688340e-08
-9.977519e-08
-1.194331e-07
-1.270348e-07
-1.274436e-07
-1.241927e-07
-1.189425e-07
-1.124844e-07
-1.053119e-07
-9.778245e-08
-9.016036e-08
-8.263842e-08
-7.535276e-08
-6.839503e-08
-6.182261e-08
-5.566689e-08
-4.993991e-08
-4.463949e-08
-3.975330e-08
-3.526189e-08
-3.114100e-08
-2.736329e-08
-2.389961e-08
-2.071987e-08
-1.779376e-08
-1.509108e-08
-1.258207e-08
-1.023751e-08
-8.028823e-09
-5.927993e-09
-3.907561e-09
-1.940475e-09
9.509754e-15
1.759502e-09
3.547279e-09
5.391870e-09
7.322262e-09
9.368141e-09
1.156007e-08
1.392971e-08
1.650992e-08
1.933485e-08
2.243999e-08
2.586209e-08
2.963887e-08
3.380874e-08
3.841003e-08
4.348011e-08
4.905389e-08
5.516185e-08
6.182722e-08
6.906214e-08
7.686248e-08
8.520092e-08
9.401771e-08
1.032087e-07
1.126095e-07
1.219736e-07
1.309331e-07
1.388783e-07
1.444755e-07
1.443198e-07
1.318961e-07
1.017971e-07
5.956262e-08
2.068422e-08
-4.793907e-09
-1.807900e-08
-2.430783e-08
-2.679604e-08
-2.712029e-08
-2.625666e-08
-2.475299e-08
-2.286340e-08
-2.071826e-08
-1.839598e-08
-1.594754e-08
-1.340746e-08
-1.079947e-08
-8.141096e-09
-5.446707e-09
-2.729057e-09
9.751155e-15
2.729077e-09
5.446727e-09
8.141116e-09
1.079949e-08
1.340748e-08
1.594756e-08
1.839600e-08
2.071828e-08
2.286342e-08
2.475301e-08
2.625668e-08
2.712031e-08
2.679606e-08
2.430785e-08
1.807902e-08
4.793928e-09
-2.068419e-08
-5.956260e-08
-1.017971e-07
-1.318961e-07
-1.443198e-07
-1.444755e-07
-1.388783e-07
-1.309331e-07
-1.219736e-07
-1.126095e-07
-1.032087e-07
-9.401769e-08
-8.520089e-08
-7.686246e-08
-6.906212e-08
-6.182720e-08
-5.516183e-08
-4.905387e-08
-4.348009e-08
-3.841001e-08
-3.380872e-08
-2.963886e-08
-2.586207e-08
-2.243998e-08
-1.933483e-08
-1.650990e-08
-1.392969e-08
-1.156006e-08
-9.368119e-09
-7.322243e-09
-5.391849e-09
-3.547260e-09
-1.759480e-09
9.520162e-15
1.536579e-09
3.102558e-09
4.727685e-09
6.442321e-09
8.277789e-09
1.026665e-08
1.244304e-08
1.484289e-08
1.750420e-08
2.046725e-08
2.377470e-08
2.747163e-08
3.160543e-08
3.622549e-08
4.138262e-08
4.712803e-08
5.351186e-08
6.058081e-08
6.837491e-08
7.692269e-08
8.623452e-08
9.629322e-08
1.070406e-07
1.183580e-07
1.300350e-07
1.416897e-07
1.524443e-07
1.596453e-07
1.562480e-07
1.321243e-07
8.749336e-08
4.058450e-08
8.046419e-09
-9.044381e-09
-1.689975e-08
-1.995636e-08
-2.057255e-08
-2.006344e-08
-1.900504e-08
-1.764479e-08
-1.610671e-08
-1.445719e-08
-1.273614e-08
-1.096964e-08
-9.174067e-09
-7.359004e-09
-5.530268e-09
-3.691967e-09
-1.847499e-09
9.789592e-15
1.847519e-09
3.691986e-09
5.530288e-09
7.359024e-09
9.174087e-09
1.096966e-08
1.273616e-08
1.445721e-08
1.610673e-08
1.764481e-08
1.900506e-08
2.006346e-08
2.057257e-08
1.995638e-08
1.689977e-08
9.044400e-09
-8.046398e-09
-4.058448e-08
-8.749333e-08
-1.321243e-07
-1.562480e-07
-1.596453e-07
-1.524443e-07
-1.416897e-07
-1.300350e-07
-1.183579e-07
-1.070406e-07
-9.629321e-08
-8.623449e-08
-7.692267e-08
-6.837489e-08
-6.058079e-08
-5.351184e-08
-4.712801e-08
-4.138260e-08
-3.622547e-08
-3.160541e-08
-2.747161e-08
-2.377468e-08
-2.046723e-08
-1.750418e-08
-1.484287e-08
-1.244302e-08
-1.026663e-08
-8.277767e-09
-6.442302e-09
-4.727663e-09
-3.102539e-09
-1.536557e-09
9.509754e-15
1.272012e-09
2.573896e-09
3.935951e-09
5.389243e-09
6.966042e-09
8.700200e-09
1.062758e-08
1.278645e-08
1.521788e-08
1.796611e-08
2.107898e-08
2.460812e-08
2.860927e-08
3.314231e-08
3.827118e-08
4.406344e-08
5.058944e-08
5.792082e-08
6.612807e-08
7.527668e-08
8.542142e-08
9.659747e-08
1.088070e-07
1.219964e-07
1.360026e-07
1.503775e-07
1.635052e-07
1.693456e-07
1.548319e-07
1.122383e-07
5.885355e-08
1.932631e-08
-1.184757e-09
-1.010737e-08
-1.339259e-08
-1.417451e-08
-1.394026e-08
-1.324695e-08
-1.232578e-08
-1.128373e-08
-1.017665e-08
-9.037717e-09
-7.887278e-09
-6.737844e-09
-5.595891e-09
-4.463316e-09
-3.339426e-09
-2.222405e-09
-1.110034e-09
9.830834e-15
1.110055e-09
2.222425e-09
3.339446e-09
4.463336e-09
5.595912e-09
6.737864e-09
7.887299e-09
9.037737e-09
1.017667e-08
1.128375e-08
1.232580e-08
1.324696e-08
1.394027e-08
1.417453e-08
1.339261e-08
1.010739e-08
1.184777e-09
-1.932629e-08
-5.885353e-08
-1.122383e-07
-1.548319e-07
-1.693456e-07
-1.635051e-07
-1.503775e-07
-1.360026e-07
-1.219964e-07
-1.088070e-07
-9.659745e-08
-8.542140e-08
-7.527666e-08
-6.612804e-08
-5.792081e-08
-5.058942e-08
-4.406342e-08
-3.827115e-08
-3.314229e-08
-2.860924e-08
-2.460810e-08
-2.107895e-08
-1.796609e-08
-1.521785e-08
-1.278643e-08
-1.062756e-08
-8.700181e-09
-6.966020e-09
-5.389224e-09
-3.935929e-09
-2.573877e-09
-1.271989e-09
9.520162e-15
9.670652e-10
1.963750e-09
3.020165e-09
4.167324e-09
5.437656e-09
6.865470e-09
8.487493e-09
1.034337e-08
1.247623e-08
1.493327e-08
1.776632e-08
2.103243e-08
2.479448e-08
2.912165e-08
3.408991e-08
3.978226e-08
4.628871e-08
5.370582e-08
6.213552e-08
7.168283e-08
8.245157e-08
9.453723e-08
1.080148e-07
1.229078e-07
1.390958e-07
1.558473e-07
1.692194e-07
1.666024e-07
1.327849e-07
7.733594e-08
3.104787e-08
6.526593e-09
-3.683879e-09
-7.313130e-09
-8.314056e-09
-8.344379e-09
-7.969253e-09
-7.406808e-09
-6.751215e-09
-6.054843e-09
-5.349585e-09
-4.655217e-09
-3.983750e-09
-3.341543e-09
-2.730166e-09
-2.147412e-09
-1.588802e-09
-1.048761e-09
-5.212348e-10
9.856726e-15
5.212551e-10
1.048781e-09
1.588822e-09
2.147432e-09
2.730187e-09
3.341563e-09
3.983770e-09
4.655237e-09
5.349605e-09
6.054862e-09
6.751235e-09
7.406827e-09
7.969273e-09
8.344398e-09
8.314075e-09
7.313148e-09
3.683897e-09
-6.526574e-09
-3.104785e-08
-7.733592e-08
-1.327848e-07
-1.666024e-07
-1.692194e-07
-1.558472e-07
-1.390958e-07
-1.229078e-07
-1.080147e-07
-9.453721e-08
-8.245155e-08
-7.168281e-08
-6.213550e-08
-5.370580e-08
-4.628869e-08
-3.978224e-08
-3.408989e-08
-2.912163e-08
-2.479446e-08
-2.103242e-08
-1.776630e-08
-1.493325e-08
-1.247621e-08
-1.034335e-08
-8.487471e-09
-6.865452e-09
-5.437633e-09
-4.167305e-09
-3.020143e-09
-1.963731e-09
-9.670428e-10
9.478529e-15
6.240583e-10
1.276703e-09
1.987061e-09
2.785269e-09
3.703045e-09
4.774227e-09
6.035394e-09
7.526480e-09
9.291489e-09
1.137921e-08
1.384405e-08
1.674687e-08
2.015595e-08
2.414794e-08
2.880888e-08
3.423519e-08
4.053463e-08
4.782701e-08
5.624461e-08
6.593177e-08
7.704322e-08
8.973959e-08
1.041727e-07
1.204415e-07
1.384046e-07
1.561863e-07
1.645696e-07
1.456227e-07
9.581154e-08
4.443394e-08
1.466315e-08
2.393204e-09
-1.910243e-09
-3.235718e-09
-3.544493e-09
-3.454432e-09
-3.182701e-09
-2.820073e-09
-2.419652e-09
-2.016542e-09
-1.634570e-09
-1.288982e-09
-9.884494e-10
-7.365033e-10
-5.321667e-10
-3.708269e-10
-2.455257e-10
-1.479948e-10
-6.925846e-11
9.890010e-15
6.927878e-11
1.480146e-10
2.455460e-10
3.708467e-10
5.321870e-10
7.365231e-10
9.884697e-10
1.289002e-09
1.634590e-09
2.016561e-09
2.419672e-09
2.820092e-09
3.182721e-09
3.454451e-09
3.544512e-09
3.235736e-09
1.910262e-09
-2.393185e-09
-1.466313e-08
-4.443392e-08
-9.581152e-08
-1.456227e-07
-1.645696e-07
-1.561863e-07
-1.384046e-07
-1.204415e-07
-1.041727e-07
-8.973957e-08
-7.704320e-08
-6.593175e-08
-5.624459e-08
-4.782699e-08
-4.053461e-08
-3.423517e-08
-2.880886e-08
-2.414792e-08
-2.015593e-08
-1.674685e-08
-1.384402e-08
-1.137919e-08
-9.291467e-09
-7.526461e-09
-6.035372e-09
-4.774208e-09
-3.703023e-09
-2.785250e-09
-1.987039e-09
-1.276684e-09
-6.240362e-10
9.357098e-15
2.464062e-10
5.195544e-10
8.467595e-10
1.256413e-09
1.778599e-09
2.445681e-09
3.292992e-09
4.359535e-09
5.688802e-09
7.329647e-09
9.337298e-09
1.177446e-08
1.471257e-08
1.823323e-08
2.242972e-08
2.740878e-08
3.329253e-08
4.022044e-08
4.835150e-08
5.786610e-08
6.896751e-08
8.187944e-08
9.682694e-08
1.139657e-07
1.327644e-07
1.483663e-07
1.456803e-07
1.107263e-07
5.968176e-08
2.385910e-08
8.298018e-09
2.804818e-09
9.981027e-10
3.709798e-10
1.854491e-10
2.074067e-10
3.421956e-10
5.320199e-10
7.355352e-10
9.216395e-10
1.068494e-09
1.162121e-09
1.195009e-09
1.164931e-09
1.074281e-09
9.292105e-10
7.384539e-10
5.123568e-10
2.622483e-10
9.896251e-15
-2.622278e-10
-5.123370e-10
-7.384334e-10
-9.291908e-10
-1.074261e-09
-1.164911e-09
-1.194988e-09
-1.162101e-09
-1.068474e-09
-9.216198e-10
-7.355149e-10
-5.320004e-10
-3.421755e-10
-2.073874e-10
-1.854293e-10
-3.709609e-10
-9.980834e-10
-2.804800e-09
-8.297999e-09
-2.385908e-08
-5.968173e-08
-1.107262e-07
-1.456803e-07
-1.483663e-07
-1.327644e-07
-1.139656e-07
-9.682692e-08
-8.187942e-08
-6.896749e-08
-5.786608e-08
-4.835148e-08
-4.022042e-08
-3.329251e-08
-2.740876e-08
-2.242969e-08
-1.823321e-08
-1.471255e-08
-1.177444e-08
-9.337276e-09
-7.329628e-09
-5.688780e-09
-4.359516e-09
-3.292970e-09
-2.445662e-09
-1.778576e-09
-1.256394e-09
-8.467371e-10
-5.195356e-10
-2.463841e-10
9.318935e-15
-1.613709e-10
-2.986569e-10
-3.871898e-10
-4.012011e-10
-3.131863e-10
-9.329314e-11
2.914086e-10
8.776786e-10
1.707011e-09
2.826603e-09
4.290527e-09
6.161016e-09
8.510017e-09
1.142093e-08
1.499071e-08
1.933221e-08
2.457705e-08
3.087885e-08
3.841702e-08
4.740118e-08
5.807521e-08
7.071578e-08
8.561180e-08
1.028690e-07
1.207310e-07
1.301341e-07
1.152483e-07
7.436888e-08
3.471627e-08
1.443213e-08
7.001254e-09
4.472392e-09
3.452234e-09
2.968593e-09
2.745936e-09
2.681578e-09
2.710212e-09
2.781532e-09
2.855098e-09
2.899811e-09
2.893558e-09
2.822257e-09
2.678583e-09
2.460841e-09
2.172218e-09
1.819897e-09
1.413940e-09
9.663413e-10
4.903599e-10
9.909088e-15
-4.903394e-10
-9.663215e-10
-1.413920e-09
-1.819877e-09
-2.172198e-09
-2.460821e-09
-2.678563e-09
-2.822237e-09
-2.893538e-09
-2.899791e-09
-2.855077e-09
-2.781512e-09
-2.710191e-09
-2.681559e-09
-2.745916e-09
-2.968574e-09
-3.452214e-09
-4.472374e-09
-7.001235e-09
-1.443212e-08
-3.471625e-08
-7.436886e-08
-1.152483e-07
-1.301341e-07
-1.207310e-07
-1.028689e-07
-8.561178e-08
-7.071577e-08
-5.807519e-08
-4.740116e-08
-3.841700e-08
-3.087883e-08
-2.457703e-08
-1.933219e-08
-1.499069e-08
-1.142092e-08
-8.509996e-09
-6.160998e-09
-4.290505e-09
-2.826585e-09
-1.706989e-09
-8.776601e-10
-2.913865e-10
9.331174e-11
3.132085e-10
4.012197e-10
3.872122e-10
2.986755e-10
1.613929e-10
9.166279e-15
-5.936758e-10
-1.166707e-09
-1.697880e-09
-2.164902e-09
-2.543780e-09
-2.808205e-09
-2.928818e-09
-2.872437e-09
-2.601123e-09
-2.071147e-09
-1.231732e-09
-2.363888e-11
1.622578e-09
3.788573e-09
6.570667e-09
1.008275e-08
1.445982e-08
1.986231e-08
2.648134e-08
3.454510e-08
4.432486e-08
5.613592e-08
7.029686e-08
8.659565e-08
1.013806e-07
1.032258e-07
8.177219e-08
4.633914e-08
2.130874e-08
1.100185e-08
7.378539e-09
5.851489e-09
5.014089e-09
4.514599e-09
4.239882e-09
4.117159e-09
4.085738e-09
4.093755e-09
4.098971e-09
4.068765e-09
3.979929e-09
3.817657e-09
3.574311e-09
3.248285e-09
2.843173e-09
2.366841e-09
1.830346e-09
1.246994e-09
6.316208e-10
9.907353e-15
-6.316003e-10
-1.246974e-09
-1.830326e-09
-2.366821e-09
-2.843152e-09
-3.248266e-09
-3.574291e-09
-3.817637e-09
-3.979909e-09
-4.068745e-09
-4.098951e-09
-4.093736e-09
-4.085717e-09
-4.117139e-09
-4.239862e-09
-4.514580e-09
-5.014070e-09
-5.851470e-09
-7.378520e-09
-1.100183e-08
-2.130872e-08
-4.633912e-08
-8.177217e-08
-1.032257e-07
-1.013805e-07
-8.659563e-08
-7.029684e-08
-5.613590e-08
-4.432483e-08
-3.454508e-08
-2.648132e-08
-1.986229e-08
-1.445980e-08
-1.008273e-08
-6.570646e-09
-3.788555e-09
-1.622556e-09
2.365689e-11
1.231754e-09
2.071165e-09
2.601145e-09
2.872456e-09
2.928840e-09
2.808224e-09
2.543802e-09
2.164921e-09
1.697902e-09
1.166726e-09
5.936977e-10
9.027501e-15
-1.043905e-09
-2.071327e-09
-3.065250e-09
-4.007655e-09
-4.878932e-09
-5.657298e-09
-6.318086e-09
-6.833006e-09
-7.169208e-09
-7.288260e-09
-7.144867e-09
-6.685407e-09
-5.846113e-09
-4.550929e-09
-2.708846e-09
-2.106961e-10
3.074871e-09
7.306358e-09
1.267577e-08
1.941625e-08
2.781036e-08
3.819286e-08
5.084007e-08
6.500707e-08
7.576331e-08
7.324408e-08
5.331719e-08
2.884758e-08
1.518721e-08
9.977645e-09
7.792522e-09
6.520919e-09
5.679202e-09
5.143614e-09
4.838507e-09
4.693980e-09
4.645574e-09
4.638002e-09
4.626314e-09
4.575937e-09
4.462205e-09
4.269287e-09
3.988945e-09
3.619373e-09
3.164297e-09
2.632006e-09
2.034282e-09
1.385450e-09
7.016171e-10
9.843515e-15
-7.015967e-10
-1.385431e-09
-2.034262e-09
-2.631986e-09
-3.164277e-09
-3.619353e-09
-3.988924e-09
-4.269267e-09
-4.462185e-09
-4.575918e-09
-4.626294e-09
-4.637983e-09
-4.645554e-09
-4.693961e-09
-4.838487e-09
-5.143595e-09
-5.679183e-09
-6.520900e-09
-7.792503e-09
-9.977627e-09
-1.518719e-08
-2.884756e-08
-5.331716e-08
-7.324406e-08
-7.576329e-08
-6.500705e-08
-5.084005e-08
-3.819284e-08
-2.781033e-08
-1.941623e-08
-1.267575e-08
-7.306340e-09
-3.074849e-09
2.107138e-10
2.708868e-09
4.550947e-09
5.846135e-09
6.685425e-09
7.144888e-09
7.288278e-09
7.169230e-09
6.833024e-09
6.318108e-09
5.657316e-09
4.878954e-09
4.007673e-09
3.065271e-09
2.071345e-09
1.043927e-09
8.902601e-15
-1.504561e-09
-2.997424e-09
-4.466421e-09
-5.898506e-09
-7.279225e-09
-8.592203e-09
-9.818496e-09
-1.093591e-08
-1.191813e-08
-1.273377e-08
-1.334511e-08
-1.370675e-08
-1.376375e-08
-1.344955e-08
-1.268327e-08
-1.136647e-08
-9.378965e-09
-6.573643e-09
-2.769698e-09
2.256016e-09
8.780682e-09
1.713500e-08
2.751673e-08
3.895991e-08
4.728270e-08
4.618010e-08
3.334695e-08
1.944898e-08
1.249350e-08
9.501424e-09
7.725850e-09
6.461580e-09
5.583139e-09
5.027354e-09
4.720760e-09
4.587440e-09
4.557940e-09
4.573181e-09
4.585454e-09
4.558122e-09
4.464939e-09
4.288905e-09
4.021017e-09
3.659082e-09
3.206759e-09
2.672552e-09
2.068744e-09
1.410436e-09
7.147293e-10
9.806392e-15
-7.147088e-10
-1.410416e-09
-2.068724e-09
-2.672532e-09
-3.206739e-09
-3.659062e-09
-4.020997e-09
-4.288886e-09
-4.464918e-09
-4.558102e-09
-4.585434e-09
-4.573161e-09
-4.557920e-09
-4.587420e-09
-4.720740e-09
-5.027335e-09
-5.583119e-09
-6.461561e-09
-7.725830e-09
-9.501406e-09
-1.249348e-08
-1.944896e-08
-3.334693e-08
-4.618008e-08
-4.728268e-08
-3.895990e-08
-2.751671e-08
-1.713498e-08
-8.780660e-09
-2.255999e-09
2.769719e-09
6.573661e-09
9.378986e-09
1.136649e-08
1.268329e-08
1.344957e-08
1.376378e-08
1.370677e-08
1.334514e-08
1.273378e-08
1.191815e-08
1.093593e-08
9.818517e-09
8.592221e-09
7.279247e-09
5.898524e-09
4.466443e-09
2.997442e-09
1.504582e-09
8.867906e-15
-1.967404e-09
-3.928394e-09
-5.876167e-09
-7.803215e-09
-9.700877e-09
-1.155892e-08
-1.336500e-08
-1.510406e-08
-1.675759e-08
-1.830279e-08
-1.971147e-08
-2.094877e-08
-2.197155e-08
-2.272641e-08
-2.314723e-08
-2.315211e-08
-2.263942e-08
-2.148289e-08
-1.952489e-08
-1.656675e-08
-1.235200e-08
-6.560351e-09
1.094176e-09
1.051723e-08
2.020699e-08
2.551831e-08
2.118077e-08
1.473764e-08
1.111012e-08
8.866476e-09
7.124698e-09
5.806012e-09
4.899463e-09
4.345236e-09
4.061252e-09
3.964565e-09
3.980784e-09
4.047319e-09
4.113819e-09
4.141611e-09
4.102840e-09
3.979273e-09
3.761037e-09
3.445421e-09
3.035864e-09
2.540917e-09
1.973176e-09
1.348299e-09
6.841484e-10
9.784881e-15
-6.841280e-10
-1.348280e-09
-1.973156e-09
-2.540897e-09
-3.035843e-09
-3.445402e-09
-3.761017e-09
-3.979254e-09
-4.102820e-09
-4.141591e-09
-4.113799e-09
-4.047299e-09
-3.980764e-09
-3.964546e-09
-4.061232e-09
-4.345217e-09
-4.899444e-09
-5.805993e-09
-7.124679e-09
-8.866457e-09
-1.111010e-08
-1.473762e-08
-2.118075e-08
-2.551829e-08
-2.020696e-08
-1.051721e-08
-1.094154e-09
6.560369e-09
1.235202e-08
1.656677e-08
1.952492e-08
2.148290e-08
2.263944e-08
2.315213e-08
2.314726e-08
2.272643e-08
2.197157e-08
2.094879e-08
1.971149e-08
1.830281e-08
1.675761e-08
1.510408e-08
1.336502e-08
1.155894e-08
9.700899e-09
7.803233e-09
5.876189e-09
3.928412e-09
1.967426e-09
8.899131e-15
-2.423649e-09
-4.846508e-09
-7.267502e-09
-9.685059e-09
-1.209677e-08
-1.449911e-08
-1.688696e-08
-1.925324e-08
-2.158826e-08
-2.387907e-08
-2.610857e-08
-2.825449e-08
-3.028796e-08
-3.217198e-08
-3.385922e-08
-3.528950e-08
-3.638639e-08
-3.705293e-08
-3.716535e-08
-3.656152e-08
-3.501350e-08
-3.215579e-08
-2.711345e-08
-1.757591e-08
-2.216090e-09
1.179352e-08
1.446616e-08
1.229900e-08
1.004227e-08
7.916519e-09
6.090360e-09
4.716605e-09
3.798355e-09
3.263326e-09
3.019214e-09
2.976589e-09
3.056733e-09
3.193890e-09
3.335259e-09
3.440211e-09
3.479305e-09
3.433055e-09
3.290661e-09
3.048804e-09
2.710589e-09
2.284480e-09
1.783228e-09
1.222864e-09
6.218024e-10
9.767881e-15
-6.217821e-10
-1.222844e-09
-1.783208e-09
-2.284460e-09
-2.710569e-09
-3.048785e-09
-3.290641e-09
-3.433035e-09
-3.479284e-09
-3.440191e-09
-3.335239e-09
-3.193871e-09
-3.056713e-09
-2.976570e-09
-3.019195e-09
-3.263307e-09
-3.798335e-09
-4.716586e-09
-6.090341e-09
-7.916501e-09
-1.004225e-08
-1.229898e-08
-1.446614e-08
-1.179350e-08
2.216113e-09
1.757593e-08
2.711347e-08
3.215581e-08
3.501352e-08
3.656153e-08
3.716538e-08
3.705294e-08
3.638641e-08
3.528952e-08
3.385925e-08
3.217200e-08
3.028798e-08
2.825450e-08
2.610860e-08
2.387909e-08
2.158828e-08
1.925325e-08
1.688698e-08
1.449912e-08
1.209680e-08
9.685077e-09
7.267524e-09
4.846525e-09
2.423670e-09
8.847090e-15
-2.864187e-09
-5.733372e-09
-8.612385e-09
-1.150580e-08
-1.441771e-08
-1.735160e-08
-2.031002e-08
-2.329439e-08
-2.630450e-08
-2.933817e-08
-3.239053e-08
-3.545333e-08
-3.851397e-08
-4.155424e-08
-4.454881e-08
-4.746330e-08
-5.025173e-08
-5.285321e-08
-5.518593e-08
-5.713181e-08
-5.848096e-08
-5.866402e-08
-5.542018e-08
-4.281902e-08
-1.861874e-08
3.714177e-09
1.091267e-08
1.082611e-08
8.932972e-09
6.694552e-09
4.764444e-09
3.349188e-09
2.433539e-09
1.929559e-09
1.735884e-09
1.757598e-09
1.912273e-09
2.131351e-09
2.359786e-09
2.555109e-09
2.686353e-09
2.732796e-09
2.682694e-09
2.532065e-09
2.283600e-09
1.945575e-09
1.530768e-09
1.055431e-09
5.383596e-10
9.769616e-15
-5.383393e-10
-1.055411e-09
-1.530747e-09
-1.945555e-09
-2.283580e-09
-2.532046e-09
-2.682674e-09
-2.732776e-09
-2.686333e-09
-2.555090e-09
-2.359766e-09
-2.131332e-09
-1.912254e-09
-1.757579e-09
-1.735865e-09
-1.929540e-09
-2.433519e-09
-3.349169e-09
-4.764424e-09
-6.694534e-09
-8.932953e-09
-1.082609e-08
-1.091265e-08
-3.714157e-09
1.861876e-08
4.281904e-08
5.542020e-08
5.866404e-08
5.848098e-08
5.713182e-08
5.518596e-08
5.285322e-08
5.025175e-08
4.746331e-08
4.454883e-08
4.155426e-08
3.851399e-08
3.545335e-08
3.239055e-08
2.933819e-08
2.630452e-08
2.329440e-08
2.031005e-08
1.735161e-08
1.441773e-08
1.150581e-08
8.612406e-09
5.733389e-09
2.864209e-09
8.812395e-15
-3.279842e-09
-6.570438e-09
-9.882501e-09
-1.322674e-08
-1.661379e-08
-2.005421e-08
-2.355834e-08
-2.713626e-08
-3.079761e-08
-3.455136e-08
-3.840551e-08
-4.236670e-08
-4.643968e-08
-5.062659e-08
-5.492612e-08
-5.933232e-08
-6.383311e-08
-6.840790e-08
-7.302157e-08
-7.760057e-08
-8.191611e-08
-8.493153e-08
-8.211584e-08
-6.363233e-08
-2.926675e-08
-5.277046e-10
8.992975e-09
9.689672e-09
7.714922e-09
5.302742e-09
3.281741e-09
1.840177e-09
9.373610e-10
4.713058e-10
3.332210e-10
4.237262e-10
6.572721e-10
9.628576e-10
1.283423e-09
1.574806e-09
1.804609e-09
1.950935e-09
2.001113e-09
1.950482e-09
1.801274e-09
1.561508e-09
1.243896e-09
8.647922e-10
4.432330e-10
9.720696e-15
-4.432128e-10
-8.647728e-10
-1.243876e-09
-1.561489e-09
-1.801253e-09
-1.950462e-09
-2.001093e-09
-1.950916e-09
-1.804589e-09
-1.574786e-09
-1.283403e-09
-9.628385e-10
-6.572523e-10
-4.237073e-10
-3.332013e-10
-4.712869e-10
-9.373413e-10
-1.840158e-09
-3.281722e-09
-5.302724e-09
-7.714903e-09
-9.689654e-09
-8.992956e-09
5.277234e-10
2.926677e-08
6.363234e-08
8.211586e-08
8.493154e-08
8.191613e-08
7.760059e-08
7.302159e-08
6.840792e-08
6.383313e-08
5.933233e-08
5.492614e-08
5.062661e-08
4.643970e-08
4.236672e-08
3.840553e-08
3.455138e-08
3.079763e-08
2.713628e-08
2.355836e-08
2.005423e-08
1.661382e-08
1.322676e-08
9.882523e-09
6.570456e-09
3.279864e-09
8.756884e-15
-3.661639e-09
-7.339556e-09
-1.105011e-08
-1.480994e-08
-1.863597e-08
-2.254564e-08
-2.655690e-08
-3.068837e-08
-3.495935e-08
-3.938994e-08
-4.400102e-08
-4.881424e-08
-5.385195e-08
-5.913713e-08
-6.469311e-08
-7.054336e-08
-7.671097e-08
-8.321712e-08
-9.007389e-08
-9.724479e-08
-1.044205e-07
-1.097801e-07
-1.058192e-07
-7.950230e-08
-3.533094e-08
-2.505028e-09
7.879003e-09
8.656027e-09
6.437927e-09
3.856975e-09
1.764679e-09
3.088108e-10
-5.753609e-10
-1.001170e-09
-1.083232e-09
-9.245038e-10
-6.131275e-10
-2.222024e-10
1.894358e-10
5.761034e-10
9.041005e-10
1.150436e-09
1.301567e-09
1.352167e-09
1.303998e-09
1.164785e-09
9.471056e-10
6.673314e-10
3.446308e-10
9.700574e-15
-3.446106e-10
-6.673120e-10
-9.470854e-10
-1.164765e-09
-1.303978e-09
-1.352148e-09
-1.301547e-09
-1.150417e-09
-9.040804e-10
-5.760843e-10
-1.894158e-10
2.222214e-10
6.131474e-10
9.245227e-10
1.083252e-09
1.001189e-09
5.753805e-10
-3.087922e-10
-1.764659e-09
-3.856956e-09
-6.437907e-09
-8.656009e-09
-7.878984e-09
2.505046e-09
3.533096e-08
7.950231e-08
1.058193e-07
1.097801e-07
1.044205e-07
9.724481e-08
9.007392e-08
8.321714e-08
7.671099e-08
7.054338e-08
6.469313e-08
5.913715e-08
5.385198e-08
4.881425e-08
4.400104e-08
3.938996e-08
3.495937e-08
3.068838e-08
2.655692e-08
2.254566e-08
1.863599e-08
1.480995e-08
1.105014e-08
7.339573e-09
3.661661e-09
8.763823e-15
-4.001083e-09
-8.023532e-09
-1.208892e-08
-1.621934e-08
-2.043760e-08
-2.476749e-08
-2.923409e-08
-3.386402e-08
-3.868571e-08
-4.372982e-08
-4.902946e-08
-5.462068e-08
-6.054278e-08
-6.683882e-08
-7.355608e-08
-8.074663e-08
-8.846772e-08
-9.678087e-08
-1.057419e-07
-1.153372e-07
-1.251046e-07
-1.321536e-07
-1.256830e-07
-9.075173e-08
-3.821287e-08
-3.293575e-09
7.160030e-09
7.689104e-09
5.193975e-09
2.468765e-09
3.220223e-10
-1.141142e-09
-2.005425e-09
-2.392957e-09
-2.422851e-09
-2.200916e-09
-1.817441e-09
-1.347313e-09
-8.509122e-10
-3.752638e-10
4.476947e-11
3.852128e-10
6.317202e-10
7.783443e-10
8.263892e-10
7.832703e-10
6.613985e-10
4.770986e-10
2.495931e-10
9.698839e-15
-2.495729e-10
-4.770792e-10
-6.613783e-10
-7.832510e-10
-8.263691e-10
-7.783251e-10
-6.317001e-10
-3.851936e-10
-4.474947e-11
3.752828e-10
8.509321e-10
1.347332e-09
1.817461e-09
2.200935e-09
2.422871e-09
2.392976e-09
2.005445e-09
1.141160e-09
-3.220028e-10
-2.468746e-09
-5.193956e-09
-7.689085e-09
-7.160011e-09
3.293593e-09
3.821290e-08
9.075175e-08
1.256830e-07
1.321536e-07
1.251047e-07
1.153372e-07
1.057419e-07
9.678089e-08
8.846774e-08
8.074665e-08
7.355610e-08
6.683884e-08
6.054280e-08
5.462070e-08
4.902948e-08
4.372984e-08
3.868574e-08
3.386403e-08
2.923412e-08
2.476751e-08
2.043762e-08
1.621936e-08
1.208894e-08
8.023549e-09
4.001105e-09
8.739537e-15
-4.290430e-09
-8.606689e-09
-1.297493e-08
-1.742204e-08
-2.197599e-08
-2.666624e-08
-3.152414e-08
-3.658345e-08
-4.188076e-08
-4.745618e-08
-5.335387e-08
-5.962285e-08
-6.631779e-08
-7.350003e-08
-8.123864e-08
-8.961175e-08
-9.870768e-08
-1.086241e-07
-1.194541e-07
-1.311901e-07
-1.431558e-07
-1.512218e-07
-1.414009e-07
-9.818256e-08
-3.916099e-08
-3.520972e-09
6.642336e-09
6.817823e-09
4.069616e-09
1.228307e-09
-9.597803e-10
-2.426849e-09
-3.273106e-09
-3.627289e-09
-3.611936e-09
-3.335106e-09
-2.888840e-09
-2.349516e-09
-1.778823e-09
-1.224932e-09
-7.237094e-10
-2.999841e-10
3.119380e-11
2.633209e-10
3.972814e-10
4.401950e-10
4.042920e-10
3.058177e-10
1.639954e-10
9.657553e-15
-1.639752e-10
-3.057984e-10
-4.042719e-10
-4.401758e-10
-3.972614e-10
-2.633017e-10
-3.117375e-11
3.000032e-10
7.237293e-10
1.224951e-09
1.778842e-09
2.349535e-09
2.888860e-09
3.335125e-09
3.611956e-09
3.627307e-09
3.273126e-09
2.426868e-09
9.597997e-10
-1.228288e-09
-4.069597e-09
-6.817805e-09
-6.642318e-09
3.520990e-09
3.916101e-08
9.818257e-08
1.414010e-07
1.512219e-07
1.431558e-07
1.311901e-07
1.194541e-07
1.086242e-07
9.870770e-08
8.961177e-08
8.123866e-08
7.350004e-08
6.631781e-08
5.962287e-08
5.335389e-08
4.745620e-08
4.188079e-08
3.658346e-08
3.152417e-08
2.666626e-08
2.197601e-08
1.742206e-08
1.297495e-08
8.606706e-09
4.290452e-09
8.701373e-15
-4.522944e-09
-9.075385e-09
-1.368724e-08
-1.838935e-08
-2.321393e-08
-2.819512e-08
-3.336950e-08
-3.877673e-08
-4.446022e-08
-5.046796e-08
-5.685337e-08
-6.367637e-08
-7.100458e-08
-7.891473e-08
-8.749431e-08
-9.684343e-08
-1.070765e-07
-1.183211e-07
-1.306989e-07
-1.441946e-07
-1.578897e-07
-1.664185e-07
-1.530782e-07
-1.027563e-07
-3.912776e-08
-3.519634e-09
6.247327e-09
6.083569e-09
3.131324e-09
2.019740e-10
-2.016685e-09
-3.486033e-09
-4.317634e-09
-4.644989e-09
-4.593158e-09
-4.271907e-09
-3.774648e-09
-3.178947e-09
-2.547542e-09
-1.929535e-09
-1.361606e-09
-8.692836e-10
-4.681979e-10
-1.653164e-10
3.988815e-11
1.542767e-10
1.899110e-10
1.629463e-10
9.257896e-11
9.646450e-15
-9.255879e-11
-1.629271e-10
-1.898910e-10
-1.542576e-10
-3.986815e-11
1.653355e-10
4.682179e-10
8.693027e-10
1.361626e-09
1.929554e-09
2.547562e-09
3.178966e-09
3.774668e-09
4.271926e-09
4.593177e-09
4.645008e-09
4.317653e-09
3.486051e-09
2.016705e-09
-2.019555e-10
-3.131304e-09
-6.083551e-09
-6.247308e-09
3.519652e-09
3.912778e-08
1.027563e-07
1.530782e-07
1.664185e-07
1.578897e-07
1.441946e-07
1.306989e-07
1.183211e-07
1.070765e-07
9.684344e-08
8.749434e-08
7.891475e-08
7.100460e-08
6.367639e-08
5.685339e-08
5.046798e-08
4.446024e-08
3.877675e-08
3.336952e-08
2.819514e-08
2.321395e-08
1.838936e-08
1.368726e-08
9.075402e-09
4.522966e-09
8.649331e-15
-4.693127e-09
-9.418479e-09
-1.420877e-08
-1.909779e-08
-2.412094e-08
-2.931584e-08
-3.472297e-08
-4.038643e-08
-4.635475e-08
-5.268186e-08
-5.942817e-08
-6.666183e-08
-7.446026e-08
-8.291187e-08
-9.211807e-08
-1.021956e-07
-1.132785e-07
-1.255167e-07
-1.390515e-07
-1.538526e-07
-1.687778e-07
-1.774150e-07
-1.610392e-07
-1.053564e-07
-3.875089e-08
-3.452890e-09
5.956249e-09
5.526286e-09
2.427732e-09
-5.628115e-10
-2.802560e-09
-4.273298e-09
-5.094247e-09
-5.402099e-09
-5.323634e-09
-4.969826e-09
-4.435070e-09
-3.797797e-09
-3.121516e-09
-2.456013e-09
-1.838572e-09
-1.295240e-09
-8.420791e-10
-4.864077e-10
-2.279695e-10
-6.010481e-11
2.911192e-11
5.575637e-11
3.898998e-11
9.624940e-15
-3.896984e-11
-5.573712e-11
-2.909183e-11
6.012403e-11
2.279895e-10
4.864267e-10
8.420990e-10
1.295259e-09
1.838592e-09
2.456032e-09
3.121536e-09
3.797816e-09
4.435090e-09
4.969845e-09
5.323654e-09
5.402117e-09
5.094267e-09
4.273317e-09
2.802580e-09
5.628300e-10
-2.427712e-09
-5.526268e-09
-5.956230e-09
3.452907e-09
3.875091e-08
1.053564e-07
1.610392e-07
1.774150e-07
1.687779e-07
1.538526e-07
1.390515e-07
1.255167e-07
1.132785e-07
1.021956e-07
9.211809e-08
8.291189e-08
7.446028e-08
6.666185e-08
5.942819e-08
5.268188e-08
4.635477e-08
4.038644e-08
3.472299e-08
2.931586e-08
2.412096e-08
1.909781e-08
1.420879e-08
9.418496e-09
4.693149e-09
8.597290e-15
-4.796907e-09
-9.627720e-09
-1.452688e-08
-1.953000e-08
-2.467443e-08
-2.999995e-08
-3.554946e-08
-4.136982e-08
-4.751272e-08
-5.403580e-08
-6.100377e-08
-6.848997e-08
-7.657787e-08
-8.536319e-08
-9.495602e-08
-1.054835e-07
-1.170917e-07
-1.299444e-07
-1.441940e-07
-1.597968e-07
-1.754530e-07
-1.840527e-07
-1.656415e-07
-1.066494e-07
-3.840347e-08
-3.394083e-09
5.774929e-09
5.178228e-09
1.992440e-09
-1.034002e-09
-3.286122e-09
-4.757645e-09
-5.572174e-09
-5.868224e-09
-5.773583e-09
-5.399937e-09
-4.842278e-09
-4.179561e-09
-3.475767e-09
-2.781102e-09
-2.133220e-09
-1.558488e-09
-1.073236e-09
-6.849976e-10
-3.936883e-10
-1.927752e-10
-7.042082e-11
-1.060372e-11
5.810355e-12
9.612450e-15
-5.790254e-12
1.062290e-11
7.044086e-11
1.927943e-10
3.937083e-10
6.850167e-10
1.073255e-09
1.558507e-09
2.133240e-09
2.781121e-09
3.475787e-09
4.179580e-09
4.842298e-09
5.399956e-09
5.773603e-09
5.868243e-09
5.572193e-09
4.757664e-09
3.286142e-09
1.034020e-09
-1.992420e-09
-5.178210e-09
-5.774910e-09
3.394101e-09
3.840349e-08
1.066494e-07
1.656415e-07
1.840527e-07
1.754531e-07
1.597968e-07
1.441940e-07
1.299444e-07
1.170918e-07
1.054835e-07
9.495604e-08
8.536321e-08
7.657790e-08
6.848998e-08
6.100380e-08
5.403581e-08
4.751275e-08
4.136984e-08
3.554949e-08
2.999997e-08
2.467445e-08
1.953002e-08
1.452690e-08
9.627737e-09
4.796928e-09
8.496676e-15
-4.831781e-09
-9.698037e-09
-1.463379e-08
-1.967527e-08
-2.486049e-08
-3.022996e-08
-3.582739e-08
-4.170058e-08
-4.790230e-08
-5.449143e-08
-6.153417e-08
-6.910557e-08
-7.729121e-08
-8.618926e-08
-9.591278e-08
-1.065924e-07
-1.183784e-07
-1.314389e-07
-1.459303e-07
-1.618033e-07
-1.777014e-07
-1.862701e-07
-1.671445e-07
-1.070362e-07
-3.826958e-08
-3.372047e-09
5.713116e-09
5.059888e-09
1.845178e-09
-1.193081e-09
-3.449279e-09
-4.921060e-09
-5.733448e-09
-6.025554e-09
-5.925491e-09
-5.545185e-09
-4.979826e-09
-4.308547e-09
-3.595486e-09
-2.890991e-09
-2.232842e-09
-1.647511e-09
-1.151421e-09
-7.521799e-10
-4.497592e-10
-2.376701e-10
-1.041057e-10
-3.306372e-11
-5.420010e-12
9.597878e-15
5.440106e-12
3.308290e-11
1.041258e-10
2.376893e-10
4.497792e-10
7.521990e-10
1.151441e-09
1.647530e-09
2.232861e-09
2.891010e-09
3.595505e-09
4.308566e-09
4.979846e-09
5.545204e-09
5.925510e-09
6.025572e-09
5.733468e-09
4.921079e-09
3.449299e-09
1.193099e-09
-1.845158e-09
-5.059869e-09
-5.713097e-09
3.372064e-09
3.826961e-08
1.070362e-07
1.671445e-07
1.862701e-07
1.777014e-07
1.618033e-07
1.459303e-07
1.314389e-07
1.183784e-07
1.065924e-07
9.591280e-08
8.618928e-08
7.729124e-08
6.910559e-08
6.153419e-08
5.449144e-08
4.790232e-08
4.170060e-08
3.582742e-08
3.022998e-08
2.486051e-08
1.967529e-08
1.463381e-08
9.698054e-09
4.831803e-09
8.420348e-15
-4.796907e-09
-9.627719e-09
-1.452688e-08
-1.953000e-08
-2.467443e-08
-2.999995e-08
-3.554946e-08
-4.136982e-08
-4.751272e-08
-5.403580e-08
-6.100377e-08
-6.848997e-08
-7.657787e-08
-8.536319e-08
-9.495602e-08
-1.054835e-07
-1.170917e-07
-1.299444e-07
-1.441940e-07
-1.597968e-07
-1.754530e-07
-1.840527e-07
-1.656415e-07
-1.066494e-07
-3.840347e-08
-3.394083e-09
5.774929e-09
5.178228e-09
1.992440e-09
-1.034002e-09
-3.286122e-09
-4.757645e-09
-5.572173e-09
-5.868224e-09
-5.773583e-09
-5.399937e-09
-4.842278e-09
-4.179561e-09
-3.475767e-09
-2.781102e-09
-2.133220e-09
-1.558488e-09
-1.073235e-09
-6.849975e-10
-3.936882e-10
-1.927751e-10
-7.042075e-11
-1.060363e-11
5.810388e-12
9.621470e-15
-5.790280e-12
1.062288e-11
7.044085e-11
1.927943e-10
3.937082e-10
6.850166e-10
1.073255e-09
1.558507e-09
2.133240e-09
2.781121e-09
3.475786e-09
4.179580e-09
4.842297e-09
5.399956e-09
5.773602e-09
5.868243e-09
5.572193e-09
4.757663e-09
3.286141e-09
1.034020e-09
-1.992420e-09
-5.178210e-09
-5.774910e-09
3.394101e-09
3.840349e-08
1.066494e-07
1.656415e-07
1.840527e-07
1.754531e-07
1.597968e-07
1.441940e-07
1.299444e-07
1.170918e-07
1.054835e-07
9.495604e-08
8.536321e-08
7.657790e-08
6.848998e-08
6.100380e-08
5.403581e-08
4.751275e-08
4.136984e-08
3.554949e-08
2.999997e-08
2.467445e-08
1.953002e-08
1.452690e-08
9.627737e-09
4.796928e-09
8.350959e-15
-4.693127e-09
-9.418478e-09
-1.420877e-08
-1.909779e-08
-2.412094e-08
-2.931584e-08
-3.472297e-08
-4.038643e-08
-4.635475e-08
-5.268186e-08
-5.942817e-08
-6.666183e-08
-7.446026e-08
-8.291187e-08
-9.211807e-08
-1.021956e-07
-1.132785e-07
-1.255167e-07
-1.390515e-07
-1.538526e-07
-1.687778e-07
-1.774150e-07
-1.610392e-07
-1.053564e-07
-3.875089e-08
-3.452889e-09
5.956249e-09
5.526286e-09
2.427732e-09
-5.628113e-10
-2.802560e-09
-4.273298e-09
-5.094247e-09
-5.402098e-09
-5.323634e-09
-4.969826e-09
-4.435070e-09
-3.797797e-09
-3.121516e-09
-2.456013e-09
-1.838572e-09
-1.295239e-09
-8.420788e-10
-4.864074e-10
-2.279693e-10
-6.010476e-11
2.911199e-11
5.575635e-11
3.898997e-11
9.557286e-15
-3.896989e-11
-5.573723e-11
-2.909195e-11
6.012385e-11
2.279894e-10
4.864266e-10
8.420988e-10
1.295258e-09
1.838592e-09
2.456032e-09
3.121535e-09
3.797816e-09
4.435090e-09
4.969844e-09
5.323654e-09
5.402117e-09
5.094267e-09
4.273317e-09
2.802579e-09
5.628297e-10
-2.427713e-09
-5.526268e-09
-5.956231e-09
3.452907e-09
3.875091e-08
1.053564e-07
1.610392e-07
1.774150e-07
1.687779e-07
1.538526e-07
1.390515e-07
1.255167e-07
1.132785e-07
1.021956e-07
9.211809e-08
8.291189e-08
7.446028e-08
6.666185e-08
5.942819e-08
5.268188e-08
4.635477e-08
4.038644e-08
3.472299e-08
2.931586e-08
2.412096e-08
1.909781e-08
1.420879e-08
9.418496e-09
4.693148e-09
8.458512e-15
-4.522944e-09
-9.075385e-09
-1.368724e-08
-1.838935e-08
-2.321393e-08
-2.819512e-08
-3.336950e-08
-3.877673e-08
-4.446022e-08
-5.046796e-08
-5.685337e-08
-6.367637e-08
-7.100458e-08
-7.891473e-08
-8.749431e-08
-9.684343e-08
-1.070765e-07
-1.183211e-07
-1.306989e-07
-1.441946e-07
-1.578897e-07
-1.664185e-07
-1.530782e-07
-1.027563e-07
-3.912776e-08
-3.519634e-09
6.247327e-09
6.083569e-09
3.131324e-09
2.019744e-10
-2.016685e-09
-3.486032e-09
-4.317633e-09
-4.644989e-09
-4.593157e-09
-4.271907e-09
-3.774648e-09
-3.178947e-09
-2.547542e-09
-1.929535e-09
-1.361606e-09
-8.692833e-10
-4.681976e-10
-1.653162e-10
3.988839e-11
1.542769e-10
1.899112e-10
1.629464e-10
9.257899e-11
9.619389e-15
-9.255885e-11
-1.629271e-10
-1.898911e-10
-1.542577e-10
-3.986834e-11
1.653353e-10
4.682176e-10
8.693024e-10
1.361626e-09
1.929554e-09
2.547561e-09
3.178966e-09
3.774668e-09
4.271925e-09
4.593177e-09
4.645007e-09
4.317653e-09
3.486051e-09
2.016704e-09
-2.019559e-10
-3.131305e-09
-6.083551e-09
-6.247309e-09
3.519651e-09
3.912778e-08
1.027563e-07
1.530782e-07
1.664185e-07
1.578897e-07
1.441946e-07
1.306989e-07
1.183211e-07
1.070765e-07
9.684344e-08
8.749434e-08
7.891475e-08
7.100460e-08
6.367639e-08
5.685339e-08
5.046798e-08
4.446024e-08
3.877675e-08
3.336952e-08
2.819514e-08
2.321395e-08
1.838936e-08
1.368726e-08
9.075402e-09
4.522966e-09
8.590351e-15
-4.290430e-09
-8.606689e-09
-1.297493e-08
-1.742204e-08
-2.197599e-08
-2.666624e-08
-3.152414e-08
-3.658345e-08
-4.188076e-08
-4.745618e-08
-5.335387e-08
-5.962285e-08
-6.631779e-08
-7.350003e-08
-8.123864e-08
-8.961175e-08
-9.870768e-08
-1.086241e-07
-1.194541e-07
-1.311901e-07
-1.431558e-07
-1.512218e-07
-1.414009e-07
-9.818256e-08
-3.916099e-08
-3.520971e-09
6.642337e-09
6.817824e-09
4.069617e-09
1.228308e-09
-9.597797e-10
-2.426849e-09
-3.273106e-09
-3.627288e-09
-3.611936e-09
-3.335106e-09
-2.888840e-09
-2.349516e-09
-1.778822e-09
-1.224932e-09
-7.237089e-10
-2.999838e-10
3.119412e-11
2.633212e-10
3.972817e-10
4.401952e-10
4.042922e-10
3.058177e-10
1.639954e-10
9.627715e-15
-1.639753e-10
-3.057986e-10
-4.042721e-10
-4.401760e-10
-3.972616e-10
-2.633020e-10
-3.117411e-11
3.000028e-10
7.237289e-10
1.224950e-09
1.778842e-09
2.349535e-09
2.888859e-09
3.335125e-09
3.611955e-09
3.627307e-09
3.273125e-09
2.426867e-09
9.597991e-10
-1.228289e-09
-4.069597e-09
-6.817806e-09
-6.642319e-09
3.520989e-09
3.916101e-08
9.818257e-08
1.414010e-07
1.512219e-07
1.431558e-07
1.311901e-07
1.194541e-07
1.086242e-07
9.870770e-08
8.961177e-08
8.123866e-08
7.350004e-08
6.631781e-08
5.962287e-08
5.335389e-08
4.745620e-08
4.188079e-08
3.658346e-08
3.152417e-08
2.666626e-08
2.197601e-08
1.742206e-08
1.297495e-08
8.606706e-09
4.290452e-09
8.670148e-15
-4.001083e-09
-8.023532e-09
-1.208892e-08
-1.621934e-08
-2.043760e-08
-2.476749e-08
-2.923409e-08
-3.386402e-08
-3.868571e-08
-4.372982e-08
-4.902946e-08
-5.462068e-08
-6.054278e-08
-6.683882e-08
-7.355608e-08
-8.074663e-08
-8.846772e-08
-9.678087e-08
-1.057419e-07
-1.153372e-07
-1.251046e-07
-1.321536e-07
-1.256830e-07
-9.075173e-08
-3.821287e-08
-3.293574e-09
7.160031e-09
7.689105e-09
5.193976e-09
2.468765e-09
3.220230e-10
-1.141141e-09
-2.005424e-09
-2.392956e-09
-2.422851e-09
-2.200916e-09
-1.817441e-09
-1.347313e-09
-8.509117e-10
-3.752633e-10
4.477001e-11
3.852132e-10
6.317206e-10
7.783447e-10
8.263895e-10
7.832705e-10
6.613987e-10
4.770986e-10
2.495931e-10
9.616266e-15
-2.495730e-10
-4.770794e-10
-6.613785e-10
-7.832512e-10
-8.263694e-10
-7.783254e-10
-6.317006e-10
-3.851941e-10
-4.475004e-11
3.752822e-10
8.509315e-10
1.347332e-09
1.817460e-09
2.200934e-09
2.422870e-09
2.392975e-09
2.005444e-09
1.141160e-09
-3.220035e-10
-2.468747e-09
-5.193957e-09
-7.689087e-09
-7.160013e-09
3.293592e-09
3.821289e-08
9.075174e-08
1.256830e-07
1.321536e-07
1.251047e-07
1.153372e-07
1.057419e-07
9.678089e-08
8.846774e-08
8.074665e-08
7.355610e-08
6.683884e-08
6.054280e-08
5.462070e-08
4.902948e-08
4.372984e-08
3.868574e-08
3.386403e-08
2.923412e-08
2.476751e-08
2.043762e-08
1.621936e-08
1.208895e-08
8.023549e-09
4.001105e-09
8.743006e-15
-3.661639e-09
-7.339556e-09
-1.105011e-08
-1.480994e-08
-1.863597e-08
-2.254564e-08
-2.655690e-08
-3.068837e-08
-3.495935e-08
-3.938994e-08
-4.400102e-08
-4.881424e-08
-5.385195e-08
-5.913713e-08
-6.469311e-08
-7.054336e-08
-7.671097e-08
-8.321712e-08
-9.007389e-08
-9.724479e-08
-1.044205e-07
-1.097801e-07
-1.058192e-07
-7.950230e-08
-3.533094e-08
-2.505026e-09
7.879004e-09
8.656029e-09
6.437928e-09
3.856976e-09
1.764680e-09
3.088117e-10
-5.753601e-10
-1.001169e-09
-1.083231e-09
-9.245031e-10
-6.131268e-10
-2.222017e-10
1.894364e-10
5.761040e-10
9.041010e-10
1.150437e-09
1.301567e-09
1.352167e-09
1.303999e-09
1.164785e-09
9.471058e-10
6.673315e-10
3.446309e-10
9.665185e-15
-3.446107e-10
-6.673121e-10
-9.470857e-10
-1.164766e-09
-1.303978e-09
-1.352148e-09
-1.301547e-09
-1.150418e-09
-9.040811e-10
-5.760850e-10
-1.894166e-10
2.222206e-10
6.131466e-10
9.245219e-10
1.083251e-09
1.001188e-09
5.753797e-10
-3.087930e-10
-1.764660e-09
-3.856957e-09
-6.437909e-09
-8.656011e-09
-7.878986e-09
2.505044e-09
3.533096e-08
7.950231e-08
1.058193e-07
1.097801e-07
1.044205e-07
9.724481e-08
9.007392e-08
8.321714e-08
7.671099e-08
7.054338e-08
6.469313e-08
5.913715e-08
5.385198e-08
4.881425e-08
4.400104e-08
3.938996e-08
3.495937e-08
3.068838e-08
2.655692e-08
2.254566e-08
1.863599e-08
1.480995e-08
1.105014e-08
7.339573e-09
3.661661e-09
8.774231e-15
-3.279842e-09
-6.570438e-09
-9.882501e-09
-1.322674e-08
-1.661379e-08
-2.005421e-08
-2.355834e-08
-2.713626e-08
-3.079761e-08
-3.455136e-08
-3.840551e-08
-4.236670e-08
-4.643968e-08
-5.062659e-08
-5.492612e-08
-5.933232e-08
-6.383311e-08
-6.840790e-08
-7.302157e-08
-7.760057e-08
-8.191610e-08
-8.493153e-08
-8.211584e-08
-6.363232e-08
-2.926675e-08
-5.277026e-10
8.992977e-09
9.689674e-09
7.714923e-09
5.302743e-09
3.281742e-09
1.840178e-09
9.373619e-10
4.713067e-10
3.332219e-10
4.237270e-10
6.572729e-10
9.628584e-10
1.283424e-09
1.574806e-09
1.804610e-09
1.950936e-09
2.001114e-09
1.950482e-09
1.801274e-09
1.561508e-09
1.243896e-09
8.647923e-10
4.432331e-10
9.680798e-15
-4.432129e-10
-8.647730e-10
-1.243876e-09
-1.561489e-09
-1.801254e-09
-1.950463e-09
-2.001094e-09
-1.950916e-09
-1.804590e-09
-1.574787e-09
-1.283404e-09
-9.628394e-10
-6.572531e-10
-4.237081e-10
-3.332022e-10
-4.712878e-10
-9.373422e-10
-1.840159e-09
-3.281723e-09
-5.302725e-09
-7.714904e-09
-9.689656e-09
-8.992958e-09
5.277214e-10
2.926677e-08
6.363234e-08
8.211586e-08
8.493154e-08
8.191613e-08
7.760059e-08
7.302159e-08
6.840792e-08
6.383313e-08
5.933233e-08
5.492614e-08
5.062661e-08
4.643970e-08
4.236672e-08
3.840553e-08
3.455138e-08
3.079763e-08
2.713628e-08
2.355836e-08
2.005423e-08
1.661382e-08
1.322676e-08
9.882523e-09
6.570455e-09
3.279864e-09
8.808926e-15
-2.864187e-09
-5.733372e-09
-8.612384e-09
-1.150580e-08
-1.441771e-08
-1.735160e-08
-2.031002e-08
-2.329439e-08
-2.630450e-08
-2.933817e-08
-3.239053e-08
-3.545333e-08
-3.851397e-08
-4.155424e-08
-4.454881e-08
-4.746330e-08
-5.025173e-08
-5.285321e-08
-5.518593e-08
-5.713181e-08
-5.848096e-08
-5.866402e-08
-5.542017e-08
-4.281902e-08
-1.861874e-08
3.714179e-09
1.091267e-08
1.082611e-08
8.932974e-09
6.694554e-09
4.764445e-09
3.349189e-09
2.433540e-09
1.929560e-09
1.735885e-09
1.757599e-09
1.912274e-09
2.131352e-09
2.359787e-09
2.555110e-09
2.686353e-09
2.732796e-09
2.682695e-09
2.532066e-09
2.283600e-09
1.945575e-09
1.530768e-09
1.055431e-09
5.383597e-10
9.695370e-15
-5.383394e-10
-1.055411e-09
-1.530748e-09
-1.945556e-09
-2.283580e-09
-2.532046e-09
-2.682675e-09
-2.732777e-09
-2.686333e-09
-2.555091e-09
-2.359767e-09
-2.131333e-09
-1.912255e-09
-1.757580e-09
-1.735866e-09
-1.929541e-09
-2.433520e-09
-3.349170e-09
-4.764425e-09
-6.694535e-09
-8.932955e-09
-1.082609e-08
-1.091265e-08
-3.714159e-09
1.861876e-08
4.281904e-08
5.542020e-08
5.866404e-08
5.848098e-08
5.713182e-08
5.518596e-08
5.285322e-08
5.025175e-08
4.746331e-08
4.454883e-08
4.155426e-08
3.851399e-08
3.545335e-08
3.239055e-08
2.933819e-08
2.630453e-08
2.329441e-08
2.031005e-08
1.735162e-08
1.441773e-08
1.150581e-08
8.612406e-09
5.733389e-09
2.864209e-09
8.684026e-15
-2.423649e-09
-4.846508e-09
-7.267502e-09
-9.685059e-09
-1.209677e-08
-1.449911e-08
-1.688696e-08
-1.925324e-08
-2.158826e-08
-2.387907e-08
-2.610857e-08
-2.825449e-08
-3.028796e-08
-3.217198e-08
-3.385922e-08
-3.528950e-08
-3.638639e-08
-3.705293e-08
-3.716535e-08
-3.656152e-08
-3.501350e-08
-3.215579e-08
-2.711345e-08
-1.757591e-08
-2.216088e-09
1.179352e-08
1.446617e-08
1.229900e-08
1.004227e-08
7.916521e-09
6.090362e-09
4.716606e-09
3.798356e-09
3.263327e-09
3.019216e-09
2.976590e-09
3.056734e-09
3.193891e-09
3.335260e-09
3.440211e-09
3.479305e-09
3.433055e-09
3.290662e-09
3.048805e-09
2.710589e-09
2.284480e-09
1.783228e-09
1.222864e-09
6.218025e-10
9.685655e-15
-6.217822e-10
-1.222844e-09
-1.783208e-09
-2.284461e-09
-2.710569e-09
-3.048786e-09
-3.290642e-09
-3.433036e-09
-3.479285e-09
-3.440192e-09
-3.335240e-09
-3.193872e-09
-3.056714e-09
-2.976571e-09
-3.019196e-09
-3.263308e-09
-3.798336e-09
-4.716587e-09
-6.090342e-09
-7.916502e-09
-1.004225e-08
-1.229899e-08
-1.446615e-08
-1.179350e-08
2.216111e-09
1.757593e-08
2.711347e-08
3.215581e-08
3.501352e-08
3.656153e-08
3.716538e-08
3.705295e-08
3.638641e-08
3.528952e-08
3.385925e-08
3.217200e-08
3.028798e-08
2.825450e-08
2.610860e-08
2.387909e-08
2.158828e-08
1.925326e-08
1.688698e-08
1.449912e-08
1.209680e-08
9.685077e-09
7.267524e-09
4.846525e-09
2.423670e-09
8.777701e-15
-1.967404e-09
-3.928394e-09
-5.876167e-09
-7.803215e-09
-9.700877e-09
-1.155892e-08
-1.336500e-08
-1.510406e-08
-1.675759e-08
-1.830279e-08
-1.971147e-08
-2.094877e-08
-2.197155e-08
-2.272641e-08
-2.314723e-08
-2.315211e-08
-2.263942e-08
-2.148289e-08
-1.952489e-08
-1.656675e-08
-1.235200e-08
-6.560351e-09
1.094177e-09
1.051723e-08
2.020699e-08
2.551832e-08
2.118077e-08
1.473764e-08
1.111012e-08
8.866478e-09
7.124700e-09
5.806013e-09
4.899465e-09
4.345237e-09
4.061253e-09
3.964566e-09
3.980785e-09
4.047320e-09
4.113820e-09
4.141611e-09
4.102841e-09
3.979274e-09
3.761038e-09
3.445422e-09
3.035864e-09
2.540917e-09
1.973177e-09
1.348299e-09
6.841485e-10
9.745676e-15
-6.841281e-10
-1.348280e-09
-1.973156e-09
-2.540897e-09
-3.035844e-09
-3.445402e-09
-3.761018e-09
-3.979255e-09
-4.102820e-09
-4.141592e-09
-4.113799e-09
-4.047300e-09
-3.980765e-09
-3.964547e-09
-4.061233e-09
-4.345218e-09
-4.899445e-09
-5.805994e-09
-7.124680e-09
-8.866459e-09
-1.111010e-08
-1.473762e-08
-2.118075e-08
-2.551830e-08
-2.020697e-08
-1.051721e-08
-1.094155e-09
6.560368e-09
1.235202e-08
1.656677e-08
1.952492e-08
2.148290e-08
2.263944e-08
2.315213e-08
2.314726e-08
2.272643e-08
2.197157e-08
2.094879e-08
1.971149e-08
1.830281e-08
1.675761e-08
1.510408e-08
1.336502e-08
1.155894e-08
9.700899e-09
7.803232e-09
5.876188e-09
3.928411e-09
1.967426e-09
8.756884e-15
-1.504561e-09
-2.997424e-09
-4.466421e-09
-5.898506e-09
-7.279226e-09
-8.592204e-09
-9.818496e-09
-1.093591e-08
-1.191813e-08
-1.273377e-08
-1.334512e-08
-1.370676e-08
-1.376375e-08
-1.344955e-08
-1.268327e-08
-1.136647e-08
-9.378965e-09
-6.573644e-09
-2.769698e-09
2.256016e-09
8.780682e-09
1.713499e-08
2.751673e-08
3.895991e-08
4.728270e-08
4.618010e-08
3.334695e-08
1.944898e-08
1.249350e-08
9.501427e-09
7.725852e-09
6.461581e-09
5.583140e-09
5.027355e-09
4.720761e-09
4.587441e-09
4.557941e-09
4.573182e-09
4.585455e-09
4.558123e-09
4.464939e-09
4.288906e-09
4.021018e-09
3.659083e-09
3.206760e-09
2.672552e-09
2.068745e-09
1.410436e-09
7.147293e-10
9.718268e-15
-7.147090e-10
-1.410416e-09
-2.068724e-09
-2.672533e-09
-3.206739e-09
-3.659063e-09
-4.020997e-09
-4.288887e-09
-4.464919e-09
-4.558103e-09
-4.585435e-09
-4.573162e-09
-4.557921e-09
-4.587422e-09
-4.720741e-09
-5.027336e-09
-5.583120e-09
-6.461562e-09
-7.725832e-09
-9.501408e-09
-1.249348e-08
-1.944896e-08
-3.334693e-08
-4.618008e-08
-4.728268e-08
-3.895990e-08
-2.751671e-08
-1.713498e-08
-8.780660e-09
-2.255999e-09
2.769720e-09
6.573661e-09
9.378986e-09
1.136649e-08
1.268329e-08
1.344957e-08
1.376378e-08
1.370677e-08
1.334514e-08
1.273378e-08
1.191815e-08
1.093593e-08
9.818518e-09
8.592221e-09
7.279247e-09
5.898524e-09
4.466443e-09
2.997442e-09
1.504582e-09
8.795048e-15
-1.043905e-09
-2.071328e-09
-3.065250e-09
-4.007656e-09
-4.878933e-09
-5.657298e-09
-6.318087e-09
-6.833007e-09
-7.169209e-09
-7.288261e-09
-7.144867e-09
-6.685408e-09
-5.846114e-09
-4.550930e-09
-2.708847e-09
-2.106969e-10
3.074870e-09
7.306357e-09
1.267577e-08
1.941625e-08
2.781036e-08
3.819286e-08
5.084007e-08
6.500707e-08
7.576331e-08
7.324408e-08
5.331719e-08
2.884758e-08
1.518721e-08
9.977648e-09
7.792524e-09
6.520921e-09
5.679204e-09
5.143616e-09
4.838509e-09
4.693981e-09
4.645576e-09
4.638003e-09
4.626315e-09
4.575938e-09
4.462206e-09
4.269288e-09
3.988945e-09
3.619373e-09
3.164298e-09
2.632006e-09
2.034282e-09
1.385451e-09
7.016172e-10
9.775861e-15
-7.015968e-10
-1.385431e-09
-2.034262e-09
-2.631987e-09
-3.164277e-09
-3.619354e-09
-3.988925e-09
-4.269268e-09
-4.462186e-09
-4.575919e-09
-4.626295e-09
-4.637984e-09
-4.645555e-09
-4.693962e-09
-4.838489e-09
-5.143596e-09
-5.679184e-09
-6.520902e-09
-7.792505e-09
-9.977629e-09
-1.518719e-08
-2.884756e-08
-5.331717e-08
-7.324406e-08
-7.576329e-08
-6.500705e-08
-5.084005e-08
-3.819284e-08
-2.781033e-08
-1.941623e-08
-1.267575e-08
-7.306340e-09
-3.074849e-09
2.107141e-10
2.708868e-09
4.550947e-09
5.846135e-09
6.685425e-09
7.144889e-09
7.288278e-09
7.169230e-09
6.833024e-09
6.318108e-09
5.657316e-09
4.878954e-09
4.007673e-09
3.065271e-09
2.071345e-09
1.043927e-09
8.743006e-15
-5.936760e-10
-1.166708e-09
-1.697880e-09
-2.164903e-09
-2.543781e-09
-2.808206e-09
-2.928818e-09
-2.872438e-09
-2.601124e-09
-2.071148e-09
-1.231733e-09
-2.363964e-11
1.622578e-09
3.788572e-09
6.570666e-09
1.008275e-08
1.445982e-08
1.986231e-08
2.648134e-08
3.454510e-08
4.432486e-08
5.613591e-08
7.029686e-08
8.659565e-08
1.013806e-07
1.032258e-07
8.177219e-08
4.633914e-08
2.130874e-08
1.100186e-08
7.378542e-09
5.851491e-09
5.014091e-09
4.514600e-09
4.239883e-09
4.117160e-09
4.085739e-09
4.093756e-09
4.098972e-09
4.068766e-09
3.979930e-09
3.817657e-09
3.574312e-09
3.248286e-09
2.843173e-09
2.366841e-09
1.830346e-09
1.246994e-09
6.316208e-10
9.760942e-15
-6.316005e-10
-1.246975e-09
-1.830326e-09
-2.366821e-09
-2.843153e-09
-3.248266e-09
-3.574291e-09
-3.817638e-09
-3.979910e-09
-4.068746e-09
-4.098952e-09
-4.093737e-09
-4.085718e-09
-4.117141e-09
-4.239863e-09
-4.514581e-09
-5.014071e-09
-5.851472e-09
-7.378523e-09
-1.100184e-08
-2.130872e-08
-4.633912e-08
-8.177217e-08
-1.032257e-07
-1.013805e-07
-8.659563e-08
-7.029684e-08
-5.613590e-08
-4.432483e-08
-3.454508e-08
-2.648132e-08
-1.986229e-08
-1.445980e-08
-1.008273e-08
-6.570645e-09
-3.788554e-09
-1.622556e-09
2.365710e-11
1.231754e-09
2.071165e-09
2.601145e-09
2.872456e-09
2.928840e-09
2.808224e-09
2.543803e-09
2.164921e-09
1.697902e-09
1.166725e-09
5.936975e-10
8.743006e-15
-1.613711e-10
-2.986574e-10
-3.871902e-10
-4.012017e-10
-3.131869e-10
-9.329397e-11
2.914080e-10
8.776779e-10
1.707010e-09
2.826602e-09
4.290526e-09
6.161015e-09
8.510017e-09
1.142093e-08
1.499071e-08
1.933221e-08
2.457705e-08
3.087884e-08
3.841702e-08
4.740118e-08
5.807521e-08
7.071578e-08
8.561180e-08
1.028690e-07
1.207310e-07
1.301341e-07
1.152483e-07
7.436888e-08
3.471627e-08
1.443214e-08
7.001257e-09
4.472395e-09
3.452236e-09
2.968595e-09
2.745938e-09
2.681580e-09
2.710213e-09
2.781532e-09
2.855099e-09
2.899812e-09
2.893559e-09
2.822257e-09
2.678583e-09
2.460841e-09
2.172219e-09
1.819897e-09
1.413940e-09
9.663414e-10
4.903600e-10
9.773085e-15
-4.903395e-10
-9.663218e-10
-1.413920e-09
-1.819878e-09
-2.172198e-09
-2.460822e-09
-2.678563e-09
-2.822238e-09
-2.893539e-09
-2.899792e-09
-2.855078e-09
-2.781513e-09
-2.710192e-09
-2.681560e-09
-2.745918e-09
-2.968576e-09
-3.452216e-09
-4.472377e-09
-7.001238e-09
-1.443212e-08
-3.471625e-08
-7.436886e-08
-1.152483e-07
-1.301341e-07
-1.207310e-07
-1.028689e-07
-8.561178e-08
-7.071577e-08
-5.807519e-08
-4.740116e-08
-3.841700e-08
-3.087883e-08
-2.457703e-08
-1.933219e-08
-1.499069e-08
-1.142092e-08
-8.509995e-09
-6.160997e-09
-4.290505e-09
-2.826585e-09
-1.706989e-09
-8.776601e-10
-2.913864e-10
9.331178e-11
3.132085e-10
4.012196e-10
3.872120e-10
2.986751e-10
1.613926e-10
8.798517e-15
2.464059e-10
5.195539e-10
8.467590e-10
1.256412e-09
1.778598e-09
2.445680e-09
3.292992e-09
4.359534e-09
5.688802e-09
7.329646e-09
9.337298e-09
1.177446e-08
1.471257e-08
1.823322e-08
2.242971e-08
2.740878e-08
3.329253e-08
4.022044e-08
4.835150e-08
5.786610e-08
6.896751e-08
8.187944e-08
9.682694e-08
1.139657e-07
1.327644e-07
1.483663e-07
1.456803e-07
1.107263e-07
5.968176e-08
2.385910e-08
8.298021e-09
2.804821e-09
9.981051e-10
3.709817e-10
1.854507e-10
2.074080e-10
3.421966e-10
5.320208e-10
7.355360e-10
9.216402e-10
1.068495e-09
1.162121e-09
1.195009e-09
1.164931e-09
1.074282e-09
9.292108e-10
7.384541e-10
5.123568e-10
2.622483e-10
9.777249e-15
-2.622280e-10
-5.123373e-10
-7.384337e-10
-9.291912e-10
-1.074261e-09
-1.164912e-09
-1.194989e-09
-1.162102e-09
-1.068474e-09
-9.216207e-10
-7.355158e-10
-5.320014e-10
-3.421766e-10
-2.073888e-10
-1.854309e-10
-3.709629e-10
-9.980859e-10
-2.804803e-09
-8.298002e-09
-2.385908e-08
-5.968173e-08
-1.107262e-07
-1.456803e-07
-1.483663e-07
-1.327644e-07
-1.139656e-07
-9.682692e-08
-8.187942e-08
-6.896748e-08
-5.786608e-08
-4.835148e-08
-4.022042e-08
-3.329250e-08
-2.740876e-08
-2.242969e-08
-1.823321e-08
-1.471255e-08
-1.177444e-08
-9.337276e-09
-7.329628e-09
-5.688780e-09
-4.359516e-09
-3.292970e-09
-2.445662e-09
-1.778576e-09
-1.256394e-09
-8.467374e-10
-5.195361e-10
-2.463844e-10
8.847090e-15
6.240580e-10
1.276702e-09
1.987061e-09
2.785269e-09
3.703045e-09
4.774226e-09
6.035393e-09
7.526479e-09
9.291488e-09
1.137921e-08
1.384404e-08
1.674687e-08
2.015595e-08
2.414794e-08
2.880888e-08
3.423519e-08
4.053463e-08
4.782701e-08
5.624461e-08
6.593177e-08
7.704322e-08
8.973959e-08
1.041727e-07
1.204415e-07
1.384046e-07
1.561863e-07
1.645696e-07
1.456227e-07
9.581154e-08
4.443394e-08
1.466315e-08
2.393207e-09
-1.910240e-09
-3.235715e-09
-3.544491e-09
-3.454431e-09
-3.182700e-09
-2.820072e-09
-2.419651e-09
-2.016541e-09
-1.634570e-09
-1.288982e-09
-9.884490e-10
-7.365030e-10
-5.321664e-10
-3.708268e-10
-2.455255e-10
-1.479948e-10
-6.925839e-11
9.815764e-15
6.927874e-11
1.480144e-10
2.455458e-10
3.708463e-10
5.321867e-10
7.365226e-10
9.884692e-10
1.289001e-09
1.634590e-09
2.016561e-09
2.419671e-09
2.820091e-09
3.182720e-09
3.454450e-09
3.544510e-09
3.235734e-09
1.910259e-09
-2.393189e-09
-1.466313e-08
-4.443392e-08
-9.581152e-08
-1.456227e-07
-1.645696e-07
-1.561863e-07
-1.384046e-07
-1.204415e-07
-1.041727e-07
-8.973957e-08
-7.704320e-08
-6.593175e-08
-5.624458e-08
-4.782699e-08
-4.053461e-08
-3.423517e-08
-2.880886e-08
-2.414792e-08
-2.015593e-08
-1.674685e-08
-1.384402e-08
-1.137919e-08
-9.291466e-09
-7.526461e-09
-6.035372e-09
-4.774208e-09
-3.703023e-09
-2.785250e-09
-1.987039e-09
-1.276685e-09
-6.240366e-10
8.909540e-15
9.670647e-10
1.963750e-09
3.020165e-09
4.167323e-09
5.437655e-09
6.865470e-09
8.487492e-09
1.034337e-08
1.247623e-08
1.493327e-08
1.776632e-08
2.103243e-08
2.479448e-08
2.912165e-08
3.408991e-08
3.978226e-08
4.628871e-08
5.370582e-08
6.213552e-08
7.168283e-08
8.245157e-08
9.453723e-08
1.080148e-07
1.229078e-07
1.390958e-07
1.558473e-07
1.692194e-07
1.666024e-07
1.327849e-07
7.733594e-08
3.104787e-08
6.526595e-09
-3.683875e-09
-7.313127e-09
-8.314053e-09
-8.344378e-09
-7.969252e-09
-7.406807e-09
-6.751214e-09
-6.054842e-09
-5.349584e-09
-4.655217e-09
-3.983750e-09
-3.341543e-09
-2.730166e-09
-2.147412e-09
-1.588802e-09
-1.048761e-09
-5.212348e-10
9.771030e-15
5.212551e-10
1.048781e-09
1.588822e-09
2.147431e-09
2.730186e-09
3.341562e-09
3.983770e-09
4.655236e-09
5.349605e-09
6.054862e-09
6.751234e-09
7.406826e-09
7.969272e-09
8.344396e-09
8.314072e-09
7.313145e-09
3.683894e-09
-6.526577e-09
-3.104785e-08
-7.733592e-08
-1.327848e-07
-1.666024e-07
-1.692194e-07
-1.558472e-07
-1.390958e-07
-1.229078e-07
-1.080147e-07
-9.453721e-08
-8.245155e-08
-7.168281e-08
-6.213550e-08
-5.370580e-08
-4.628869e-08
-3.978224e-08
-3.408989e-08
-2.912163e-08
-2.479446e-08
-2.103242e-08
-1.776630e-08
-1.493325e-08
-1.247621e-08
-1.034335e-08
-8.487471e-09
-6.865452e-09
-5.437634e-09
-4.167305e-09
-3.020143e-09
-1.963732e-09
-9.670433e-10
8.937295e-15
1.272011e-09
2.573896e-09
3.935951e-09
5.389242e-09
6.966041e-09
8.700200e-09
1.062758e-08
1.278645e-08
1.521787e-08
1.796611e-08
2.107898e-08
2.460811e-08
2.860926e-08
3.314230e-08
3.827118e-08
4.406344e-08
5.058944e-08
5.792082e-08
6.612806e-08
7.527667e-08
8.542142e-08
9.659747e-08
1.088070e-07
1.219964e-07
1.360026e-07
1.503775e-07
1.635052e-07
1.693456e-07
1.548319e-07
1.122383e-07
5.885355e-08
1.932631e-08
-1.184755e-09
-1.010737e-08
-1.339259e-08
-1.417451e-08
-1.394025e-08
-1.324694e-08
-1.232578e-08
-1.128373e-08
-1.017665e-08
-9.037717e-09
-7.887278e-09
-6.737844e-09
-5.595891e-09
-4.463316e-09
-3.339425e-09
-2.222405e-09
-1.110034e-09
9.702462e-15
1.110054e-09
2.222425e-09
3.339446e-09
4.463336e-09
5.595911e-09
6.737864e-09
7.887298e-09
9.037736e-09
1.017667e-08
1.128375e-08
1.232580e-08
1.324696e-08
1.394027e-08
1.417453e-08
1.339261e-08
1.010739e-08
1.184775e-09
-1.932629e-08
-5.885352e-08
-1.122383e-07
-1.548319e-07
-1.693456e-07
-1.635051e-07
-1.503775e-07
-1.360026e-07
-1.219964e-07
-1.088070e-07
-9.659745e-08
-8.542140e-08
-7.527666e-08
-6.612804e-08
-5.792081e-08
-5.058942e-08
-4.406342e-08
-3.827115e-08
-3.314229e-08
-2.860924e-08
-2.460810e-08
-2.107895e-08
-1.796609e-08
-1.521785e-08
-1.278643e-08
-1.062756e-08
-8.700181e-09
-6.966020e-09
-5.389224e-09
-3.935929e-09
-2.573878e-09
-1.271990e-09
9.006684e-15
1.536579e-09
3.102558e-09
4.727685e-09
6.442320e-09
8.277788e-09
1.026665e-08
1.244304e-08
1.484289e-08
1.750420e-08
2.046725e-08
2.377470e-08
2.747163e-08
3.160543e-08
3.622549e-08
4.138262e-08
4.712803e-08
5.351186e-08
6.058081e-08
6.837491e-08
7.692268e-08
8.623451e-08
9.629322e-08
1.070406e-07
1.183580e-07
1.300350e-07
1.416897e-07
1.524443e-07
1.596453e-07
1.562480e-07
1.321243e-07
8.749335e-08
4.058450e-08
8.046418e-09
-9.044380e-09
-1.689975e-08
-1.995636e-08
-2.057255e-08
-2.006343e-08
-1.900504e-08
-1.764479e-08
-1.610671e-08
-1.445719e-08
-1.273614e-08
-1.096964e-08
-9.174067e-09
-7.359004e-09
-5.530268e-09
-3.691967e-09
-1.847499e-09
9.678213e-15
1.847519e-09
3.691986e-09
5.530288e-09
7.359023e-09
9.174087e-09
1.096966e-08
1.273616e-08
1.445721e-08
1.610673e-08
1.764481e-08
1.900506e-08
2.006345e-08
2.057257e-08
1.995637e-08
1.689976e-08
9.044399e-09
-8.046396e-09
-4.058448e-08
-8.749332e-08
-1.321243e-07
-1.562480e-07
-1.596453e-07
-1.524443e-07
-1.416897e-07
-1.300350e-07
-1.183579e-07
-1.070406e-07
-9.629321e-08
-8.623449e-08
-7.692267e-08
-6.837489e-08
-6.058079e-08
-5.351183e-08
-4.712801e-08
-4.138260e-08
-3.622547e-08
-3.160541e-08
-2.747161e-08
-2.377468e-08
-2.046723e-08
-1.750418e-08
-1.484287e-08
-1.244302e-08
-1.026663e-08
-8.277767e-09
-6.442302e-09
-4.727663e-09
-3.102540e-09
-1.536557e-09
9.089951e-15
1.759502e-09
3.547279e-09
5.391870e-09
7.322262e-09
9.368140e-09
1.156007e-08
1.392971e-08
1.650991e-08
1.933485e-08
2.243999e-08
2.586209e-08
2.963887e-08
3.380874e-08
3.841003e-08
4.348011e-08
4.905389e-08
5.516185e-08
6.182722e-08
6.906214e-08
7.686248e-08
8.520092e-08
9.401770e-08
1.032087e-07
1.126095e-07
1.219736e-07
1.309331e-07
1.388783e-07
1.444755e-07
1.443198e-07
1.318961e-07
1.017971e-07
5.956262e-08
2.068421e-08
-4.793911e-09
-1.807900e-08
-2.430783e-08
-2.679604e-08
-2.712029e-08
-2.625666e-08
-2.475299e-08
-2.286340e-08
-2.071826e-08
-1.839598e-08
-1.594754e-08
-1.340746e-08
-1.079947e-08
-8.141096e-09
-5.446708e-09
-2.729057e-09
9.621330e-15
2.729077e-09
5.446727e-09
8.141116e-09
1.079949e-08
1.340748e-08
1.594756e-08
1.839600e-08
2.071828e-08
2.286342e-08
2.475301e-08
2.625668e-08
2.712031e-08
2.679605e-08
2.430785e-08
1.807902e-08
4.793932e-09
-2.068419e-08
-5.956259e-08
-1.017970e-07
-1.318960e-07
-1.443198e-07
-1.444755e-07
-1.388783e-07
-1.309331e-07
-1.219736e-07
-1.126095e-07
-1.032087e-07
-9.401769e-08
-8.520089e-08
-7.686246e-08
-6.906212e-08
-6.182720e-08
-5.516183e-08
-4.905387e-08
-4.348009e-08
-3.841001e-08
-3.380872e-08
-2.963886e-08
-2.586206e-08
-2.243998e-08
-1.933483e-08
-1.650990e-08
-1.392969e-08
-1.156006e-08
-9.368119e-09
-7.322243e-09
-5.391849e-09
-3.547260e-09
-1.759480e-09
9.145462e-15
1.940497e-09
3.907580e-09
5.928015e-09
8.028841e-09
1.023754e-08
1.258209e-08
1.509111e-08
1.779378e-08
2.071990e-08
2.389962e-08
2.736331e-08
3.114102e-08
3.526191e-08
3.975332e-08
4.463951e-08
4.993992e-08
5.566691e-08
6.182263e-08
6.839505e-08
7.535277e-08
8.263844e-08
9.016038e-08
9.778247e-08
1.053120e-07
1.124844e-07
1.189425e-07
1.241927e-07
1.274436e-07
1.270349e-07
1.194331e-07
9.977520e-08
6.688341e-08
2.846758e-08
-3.288456e-09
-2.221237e-08
-3.073565e-08
-3.383376e-08
-3.448439e-08
-3.375329e-08
-3.211847e-08
-2.990485e-08
-2.730070e-08
-2.440534e-08
-2.128383e-08
-1.798498e-08
-1.454653e-08
-1.100042e-08
-7.375939e-09
-3.700492e-09
9.465145e-15
3.700511e-09
7.375958e-09
1.100044e-08
1.454655e-08
1.798500e-08
2.128385e-08
2.440536e-08
2.730072e-08
2.990487e-08
3.211849e-08
3.375331e-08
3.448441e-08
3.383378e-08
3.073567e-08
2.221239e-08
3.288479e-09
-2.846756e-08
-6.688339e-08
-9.977518e-08
-1.194331e-07
-1.270348e-07
-1.274436e-07
-1.241927e-07
-1.189425e-07
-1.124844e-07
-1.053119e-07
-9.778245e-08
-9.016036e-08
-8.263842e-08
-7.535276e-08
-6.839503e-08
-6.182261e-08
-5.566689e-08
-4.993991e-08
-4.463949e-08
-3.975330e-08
-3.526189e-08
-3.114100e-08
-2.736329e-08
-2.389961e-08
-2.071987e-08
-1.779376e-08
-1.509108e-08
-1.258207e-08
-1.023751e-08
-8.028823e-09
-5.927993e-09
-3.907561e-09
-1.940475e-09
9.305057e-15
2.080170e-09
4.184771e-09
6.338329e-09
8.565478e-09
1.089103e-08
1.333996e-08
1.593740e-08
1.870851e-08
2.167832e-08
2.487145e-08
2.831169e-08
3.202142e-08
3.602077e-08
4.032656e-08
4.495085e-08
4.989905e-08
5.516752e-08
6.074042e-08
6.658588e-08
7.265112e-08
7.885657e-08
8.508881e-08
9.119247e-08
9.696124e-08
1.021284e-07
1.063562e-07
1.092190e-07
1.101595e-07
1.083176e-07
1.020098e-07
8.819212e-08
6.390042e-08
3.055648e-08
-4.298598e-09
-3.158009e-08
-4.656491e-08
-5.095613e-08
-4.964535e-08
-4.638088e-08
-4.266087e-08
-3.881291e-08
-3.487974e-08
-3.087002e-08
-2.677202e-08
-2.256322e-08
-1.823199e-08
-1.378551e-08
-9.245025e-09
-4.639184e-09
9.282249e-15
4.639203e-09
9.245044e-09
1.378553e-08
1.823201e-08
2.256324e-08
2.677204e-08
3.087004e-08
3.487976e-08
3.881293e-08
4.266088e-08
4.638090e-08
4.964537e-08
5.095615e-08
4.656493e-08
3.158011e-08
4.298620e-09
-3.055646e-08
-6.390040e-08
-8.819210e-08
-1.020098e-07
-1.083176e-07
-1.101595e-07
-1.092190e-07
-1.063561e-07
-1.021284e-07
-9.696122e-08
-9.119245e-08
-8.508879e-08
-7.885655e-08
-7.265110e-08
-6.658586e-08
-6.074040e-08
-5.516750e-08
-4.989903e-08
-4.495083e-08
-4.032654e-08
-3.602075e-08
-3.202140e-08
-2.831167e-08
-2.487143e-08
-2.167830e-08
-1.870849e-08
-1.593738e-08
-1.333994e-08
-1.089101e-08
-8.565460e-09
-6.338307e-09
-4.184752e-09
-2.080148e-09
9.364037e-15
2.179906e-09
4.381723e-09
6.627378e-09
8.938750e-09
1.133765e-08
1.384574e-08
1.648441e-08
1.927455e-08
2.223633e-08
2.538876e-08
2.874918e-08
3.233256e-08
3.615056e-08
4.021032e-08
4.451300e-08
4.905180e-08
5.380961e-08
5.875605e-08
6.384390e-08
6.900483e-08
7.414448e-08
7.913679e-08
8.381798e-08
8.798042e-08
9.136708e-08
9.366739e-08
9.451335e-08
9.346983e-08
9.000033e-08
8.333423e-08
7.210910e-08
5.416814e-08
2.802369e-08
-3.951924e-09
-3.526983e-08
-5.960017e-08
-7.375868e-08
-7.792652e-08
-7.488880e-08
-6.817121e-08
-6.026959e-08
-5.235551e-08
-4.480646e-08
-3.767125e-08
-3.089893e-08
-2.441720e-08
-1.815111e-08
-1.203040e-08
-5.995695e-09
9.040061e-15
5.995713e-09
1.203042e-08
1.815113e-08
2.441721e-08
3.089894e-08
3.767126e-08
4.480648e-08
5.235552e-08
6.026960e-08
6.817123e-08
7.488883e-08
7.792654e-08
7.375870e-08
5.960019e-08
3.526986e-08
3.951945e-09
-2.802367e-08
-5.416812e-08
-7.210908e-08
-8.333421e-08
-9.000031e-08
-9.346981e-08
-9.451333e-08
-9.366737e-08
-9.136706e-08
-8.798040e-08
-8.381796e-08
-7.913677e-08
-7.414446e-08
-6.900481e-08
-6.384387e-08
-5.875603e-08
-5.380959e-08
-4.905178e-08
-4.451298e-08
-4.021030e-08
-3.615053e-08
-3.233254e-08
-2.874916e-08
-2.538874e-08
-2.223631e-08
-1.927453e-08
-1.648439e-08
-1.384573e-08
-1.133763e-08
-8.938732e-09
-6.627357e-09
-4.381704e-09
-2.179885e-09
9.370976e-15
2.241751e-09
4.502629e-09
6.801707e-09
9.157867e-09
1.158971e-08
1.411540e-08
1.675244e-08
1.951743e-08
2.242570e-08
2.549079e-08
2.872393e-08
3.213317e-08
3.572249e-08
3.949048e-08
4.342891e-08
4.752083e-08
5.173838e-08
5.604007e-08
6.036776e-08
6.464301e-08
6.876321e-08
7.259739e-08
7.598206e-08
7.871757e-08
8.056560e-08
8.124862e-08
8.045216e-08
7.782862e-08
7.299688e-08
6.552833e-08
5.487994e-08
4.021834e-08
2.040239e-08
-5.030866e-09
-3.396123e-08
-6.143222e-08
-8.251605e-08
-9.499092e-08
-9.922462e-08
-9.694983e-08
-9.036333e-08
-8.142294e-08
-7.140863e-08
-6.098502e-08
-5.048045e-08
-4.006732e-08
-2.982453e-08
-1.976201e-08
-9.842240e-09
8.702915e-15
9.842258e-09
1.976203e-08
2.982455e-08
4.006734e-08
5.048047e-08
6.098504e-08
7.140865e-08
8.142296e-08
9.036335e-08
9.694985e-08
9.922464e-08
9.499094e-08
8.251607e-08
6.143224e-08
3.396125e-08
5.030887e-09
-2.040237e-08
-4.021832e-08
-5.487991e-08
-6.552831e-08
-7.299686e-08
-7.782860e-08
-8.045214e-08
-8.124860e-08
-8.056558e-08
-7.871755e-08
-7.598204e-08
-7.259737e-08
-6.876319e-08
-6.464299e-08
-6.036774e-08
-5.604006e-08
-5.173836e-08
-4.752081e-08
-4.342888e-08
-3.949046e-08
-3.572247e-08
-3.213315e-08
-2.872391e-08
-2.549077e-08
-2.242568e-08
-1.951742e-08
-1.675242e-08
-1.411538e-08
-1.158969e-08
-9.157849e-09
-6.801686e-09
-4.502610e-09
-2.241730e-09
9.291179e-15
2.268287e-09
4.552750e-09
6.869452e-09
9.234140e-09
1.166210e-08
1.416793e-08
1.676526e-08
1.946646e-08
2.228219e-08
2.522086e-08
2.828804e-08
3.148558e-08
3.481068e-08
3.825467e-08
4.180159e-08
4.542646e-08
4.909333e-08
5.275294e-08
5.634022e-08
5.977142e-08
6.294124e-08
6.571994e-08
6.795095e-08
6.944911e-08
7.000057e-08
6.936462e-08
6.727860e-08
6.346631e-08
5.764887e-08
4.955385e-08
3.892280e-08
2.550572e-08
9.008678e-09
-1.086960e-08
-3.388474e-08
-5.832133e-08
-8.093904e-08
-9.838955e-08
-1.087982e-07
-1.120793e-07
-1.092613e-07
-1.018205e-07
-9.130139e-08
-7.905052e-08
-6.602720e-08
-5.277233e-08
-3.951345e-08
-2.630675e-08
-1.314303e-08
8.667803e-15
1.314304e-08
2.630677e-08
3.951347e-08
5.277235e-08
6.602722e-08
7.905054e-08
9.130141e-08
1.018206e-07
1.092613e-07
1.120793e-07
1.087982e-07
9.838957e-08
8.093906e-08
5.832135e-08
3.388476e-08
1.086962e-08
-9.008656e-09
-2.550570e-08
-3.892278e-08
-4.955383e-08
-5.764884e-08
-6.346629e-08
-6.727858e-08
-6.936460e-08
-7.000055e-08
-6.944909e-08
-6.795092e-08
-6.571992e-08
-6.294121e-08
-5.977140e-08
-5.634020e-08
-5.275292e-08
-4.909330e-08
-4.542644e-08
-4.180156e-08
-3.825465e-08
-3.481066e-08
-3.148556e-08
-2.828802e-08
-2.522085e-08
-2.228217e-08
-1.946644e-08
-1.676524e-08
-1.416791e-08
-1.166208e-08
-9.234122e-09
-6.869431e-09
-4.552732e-09
-2.268265e-09
9.343221e-15
2.262509e-09
4.538168e-09
6.839961e-09
9.180458e-09
1.157162e-08
1.402451e-08
1.654902e-08
1.915344e-08
2.184407e-08
2.462463e-08
2.749558e-08
3.045340e-08
3.348955e-08
3.658940e-08
3.973094e-08
4.288323e-08
4.600473e-08
4.904143e-08
5.192483e-08
5.456986e-08
5.687295e-08
5.871030e-08
5.993684e-08
6.038609e-08
5.987164e-08
5.819059e-08
5.512987e-08
5.047560e-08
4.402621e-08
3.560825e-08
2.509286e-08
1.241498e-08
-2.403314e-09
-1.924250e-08
-3.785215e-08
-5.763653e-08
-7.728351e-08
-9.472457e-08
-1.077827e-07
-1.150647e-07
-1.163597e-07
-1.123728e-07
-1.041905e-07
-9.289644e-08
-7.942948e-08
-6.455735e-08
-4.886154e-08
-3.273327e-08
-1.640418e-08
8.798448e-15
1.640420e-08
3.273328e-08
4.886156e-08
6.455736e-08
7.942950e-08
9.289646e-08
1.041905e-07
1.123729e-07
1.163597e-07
1.150647e-07
1.077827e-07
9.472459e-08
7.728353e-08
5.763655e-08
3.785217e-08
1.924252e-08
2.403336e-09
-1.241496e-08
-2.509284e-08
-3.560824e-08
-4.402619e-08
-5.047558e-08
-5.512985e-08
-5.819057e-08
-5.987162e-08
-6.038608e-08
-5.993682e-08
-5.871028e-08
-5.687292e-08
-5.456984e-08
-5.192481e-08
-4.904141e-08
-4.600471e-08
-4.288321e-08
-3.973092e-08
-3.658938e-08
-3.348952e-08
-3.045338e-08
-2.749556e-08
-2.462461e-08
-2.184405e-08
-1.915342e-08
-1.654900e-08
-1.402449e-08
-1.157160e-08
-9.180440e-09
-6.839940e-09
-4.538149e-09
-2.262488e-09
9.315465e-15
2.227709e-09
4.465544e-09
6.723429e-09
9.010793e-09
1.133634e-08
1.370775e-08
1.613131e-08
1.861156e-08
2.115081e-08
2.374854e-08
2.640086e-08
2.909963e-08
3.183167e-08
3.457773e-08
3.731130e-08
3.999742e-08
4.259122e-08
4.503651e-08
4.726430e-08
4.919139e-08
5.071926e-08
5.173332e-08
5.210294e-08
5.168248e-08
5.031377e-08
4.783060e-08
4.406546e-08
3.885902e-08
3.207247e-08
2.360290e-08
1.340068e-08
1.487451e-09
-1.202248e-08
-2.689744e-08
-4.277561e-08
-5.915522e-08
-7.533011e-08
-9.028851e-08
-1.027390e-07
-1.113836e-07
-1.153104e-07
-1.142400e-07
-1.084982e-07
-9.880423e-08
-8.602420e-08
-7.098706e-08
-5.438784e-08
-3.676474e-08
-1.852664e-08
8.794871e-15
1.852666e-08
3.676476e-08
5.438786e-08
7.098708e-08
8.602422e-08
9.880425e-08
1.084982e-07
1.142400e-07
1.153105e-07
1.113836e-07
1.027390e-07
9.028853e-08
7.533014e-08
5.915524e-08
4.277563e-08
2.689746e-08
1.202250e-08
-1.487432e-09
-1.340065e-08
-2.360288e-08
-3.207245e-08
-3.885900e-08
-4.406544e-08
-4.783059e-08
-5.031375e-08
-5.168246e-08
-5.210292e-08
-5.173330e-08
-5.071923e-08
-4.919137e-08
-4.726428e-08
-4.503649e-08
-4.259120e-08
-3.999740e-08
-3.731128e-08
-3.457771e-08
-3.183165e-08
-2.909961e-08
-2.640083e-08
-2.374852e-08
-2.115078e-08
-1.861155e-08
-1.613129e-08
-1.370773e-08
-1.133632e-08
-9.010774e-09
-6.723407e-09
-4.465526e-09
-2.227688e-09
9.242607e-15
2.167364e-09
4.341904e-09
6.530563e-09
8.739742e-09
1.097504e-08
1.324091e-08
1.554034e-08
1.787442e-08
2.024190e-08
2.263862e-08
2.505696e-08
2.748507e-08
2.990616e-08
3.229755e-08
3.462976e-08
3.686547e-08
3.895843e-08
4.085243e-08
4.248029e-08
4.376309e-08
4.460970e-08
4.491681e-08
4.456973e-08
4.344424e-08
4.140972e-08
3.833394e-08
3.408990e-08
2.856463e-08
2.167031e-08
1.335728e-08
3.628720e-09
-7.443806e-09
-1.970587e-08
-3.290728e-08
-4.669017e-08
-6.058515e-08
-7.402027e-08
-8.632859e-08
-9.675390e-08
-1.044938e-07
-1.088116e-07
-1.091879e-07
-1.054370e-07
-9.772980e-08
-8.652124e-08
-7.243054e-08
-5.612611e-08
-3.824609e-08
-1.936519e-08
8.877901e-15
1.936521e-08
3.824611e-08
5.612613e-08
7.243056e-08
8.652126e-08
9.772982e-08
1.054370e-07
1.091879e-07
1.088116e-07
1.044938e-07
9.675393e-08
8.632861e-08
7.402029e-08
6.058517e-08
4.669019e-08
3.290730e-08
1.970589e-08
7.443825e-09
-3.628699e-09
-1.335726e-08
-2.167029e-08
-2.856461e-08
-3.408988e-08
-3.833392e-08
-4.140969e-08
-4.344422e-08
-4.456971e-08
-4.491679e-08
-4.460968e-08
-4.376307e-08
-4.248027e-08
-4.085241e-08
-3.895841e-08
-3.686545e-08
-3.462974e-08
-3.229753e-08
-2.990614e-08
-2.748506e-08
-2.505694e-08
-2.263861e-08
-2.024188e-08
-1.787441e-08
-1.554032e-08
-1.324089e-08
-1.097502e-08
-8.739724e-09
-6.530542e-09
-4.341885e-09
-2.167343e-09
9.291179e-15
2.085038e-09
4.174430e-09
6.272285e-09
8.382133e-09
1.050666e-08
1.264735e-08
1.480419e-08
1.697518e-08
1.915599e-08
2.133938e-08
2.351469e-08
2.566719e-08
2.777741e-08
2.982043e-08
3.176506e-08
3.357309e-08
3.519849e-08
3.658671e-08
3.767415e-08
3.838784e-08
3.864550e-08
3.835618e-08
3.742160e-08
3.573838e-08
3.320159e-08
2.970952e-08
2.517005e-08
1.950865e-08
1.267783e-08
4.667903e-09
-4.481580e-09
-1.467032e-08
-2.572700e-08
-3.740204e-08
-4.936371e-08
-6.119917e-08
-7.242439e-08
-8.250528e-08
-9.088539e-08
-9.701712e-08
-1.004021e-07
-1.006454e-07
-9.751423e-08
-9.097703e-08
-8.121071e-08
-6.857300e-08
-5.355289e-08
-3.671622e-08
-1.866246e-08
8.952254e-15
1.866248e-08
3.671624e-08
5.355291e-08
6.857302e-08
8.121073e-08
9.097705e-08
9.751425e-08
1.006455e-07
1.004021e-07
9.701714e-08
9.088541e-08
8.250530e-08
7.242442e-08
6.119919e-08
4.936373e-08
3.740206e-08
2.572703e-08
1.467034e-08
4.481601e-09
-4.667884e-09
-1.267781e-08
-1.950863e-08
-2.517003e-08
-2.970950e-08
-3.320157e-08
-3.573836e-08
-3.742157e-08
-3.835617e-08
-3.864548e-08
-3.838782e-08
-3.767413e-08
-3.658669e-08
-3.519847e-08
-3.357307e-08
-3.176504e-08
-2.982041e-08
-2.777739e-08
-2.566717e-08
-2.351467e-08
-2.133936e-08
-1.915597e-08
-1.697516e-08
-1.480416e-08
-1.264733e-08
-1.050664e-08
-8.382114e-09
-6.272264e-09
-4.174412e-09
-2.085017e-09
9.308526e-15
1.984295e-09
3.970299e-09
5.959467e-09
7.952666e-09
9.949902e-09
1.194998e-08
1.395019e-08
1.594588e-08
1.793008e-08
1.989303e-08
2.182169e-08
2.369921e-08
2.550436e-08
2.721091e-08
2.878712e-08
3.019504e-08
3.139015e-08
3.232085e-08
3.292832e-08
3.314661e-08
3.290308e-08
3.211944e-08
3.071338e-08
2.860115e-08
2.570099e-08
2.193775e-08
1.724869e-08
1.159030e-08
4.946261e-09
-2.664063e-09
-1.117690e-08
-2.047603e-08
-3.038614e-08
-4.066875e-08
-5.102211e-08
-6.108612e-08
-7.045281e-08
-7.868359e-08
-8.533355e-08
-8.998009e-08
-9.225329e-08
-9.186629e-08
-8.864392e-08
-8.254507e-08
-7.367329e-08
-6.227266e-08
-4.871007e-08
-3.344900e-08
-1.702111e-08
9.023763e-15
1.702113e-08
3.344902e-08
4.871009e-08
6.227268e-08
7.367331e-08
8.254508e-08
8.864394e-08
9.186631e-08
9.225331e-08
8.998011e-08
8.533357e-08
7.868361e-08
7.045283e-08
6.108614e-08
5.102213e-08
4.066877e-08
3.038616e-08
2.047605e-08
1.117692e-08
2.664082e-09
-4.946240e-09
-1.159028e-08
-1.724867e-08
-2.193773e-08
-2.570097e-08
-2.860113e-08
-3.071336e-08
-3.211942e-08
-3.290306e-08
-3.314659e-08
-3.292830e-08
-3.232083e-08
-3.139013e-08
-3.019503e-08
-2.878709e-08
-2.721090e-08
-2.550433e-08
-2.369919e-08
-2.182167e-08
-1.989301e-08
-1.793006e-08
-1.594586e-08
-1.395017e-08
-1.194997e-08
-9.949881e-09
-7.952647e-09
-5.959446e-09
-3.970281e-09
-1.984274e-09
9.357098e-15
1.868628e-09
3.736528e-09
5.602716e-09
7.465633e-09
9.322870e-09
1.117085e-08
1.300450e-08
1.481691e-08
1.659896e-08
1.833887e-08
2.002187e-08
2.162965e-08
2.313997e-08
2.452620e-08
2.575687e-08
2.679532e-08
2.759944e-08
2.812148e-08
2.830821e-08
2.810122e-08
2.743775e-08
2.625188e-08
2.447638e-08
2.204533e-08
1.889737e-08
1.497999e-08
1.025453e-08
4.702025e-09
-1.670431e-09
-8.823071e-09
-1.667705e-08
-2.510896e-08
-3.394683e-08
-4.296866e-08
-5.190408e-08
-6.044030e-08
-6.823245e-08
-7.491851e-08
-8.013847e-08
-8.355681e-08
-8.488615e-08
-8.390980e-08
-8.050111e-08
-7.463774e-08
-6.640906e-08
-5.601525e-08
-4.375828e-08
-3.002630e-08
-1.527384e-08
9.114518e-15
1.527386e-08
3.002632e-08
4.375830e-08
5.601527e-08
6.640908e-08
7.463776e-08
8.050113e-08
8.390982e-08
8.488617e-08
8.355683e-08
8.013849e-08
7.491853e-08
6.823247e-08
6.044032e-08
5.190410e-08
4.296867e-08
3.394685e-08
2.510898e-08
1.667707e-08
8.823090e-09
1.670452e-09
-4.702007e-09
-1.025451e-08
-1.497997e-08
-1.889735e-08
-2.204531e-08
-2.447636e-08
-2.625186e-08
-2.743773e-08
-2.810120e-08
-2.830819e-08
-2.812146e-08
-2.759942e-08
-2.679530e-08
-2.575685e-08
-2.452618e-08
-2.313995e-08
-2.162963e-08
-2.002185e-08
-1.833886e-08
-1.659893e-08
-1.481689e-08
-1.300448e-08
-1.117083e-08
-9.322849e-09
-7.465615e-09
-5.602695e-09
-3.736509e-09
-1.868607e-09
9.419548e-15
1.741398e-09
3.479857e-09
5.212199e-09
6.934686e-09
8.642772e-09
1.033079e-08
1.199168e-08
1.361665e-08
1.519483e-08
1.671298e-08
1.815508e-08
1.950200e-08
2.073114e-08
2.181614e-08
2.272657e-08
2.342772e-08
2.388058e-08
2.404183e-08
2.386421e-08
2.329705e-08
2.228724e-08
2.078056e-08
1.872364e-08
1.606635e-08
1.276492e-08
8.785718e-09
4.109486e-09
-1.263827e-09
-7.310018e-09
-1.397565e-08
-2.117348e-08
-2.877889e-08
-3.662783e-08
-4.451690e-08
-5.220614e-08
-5.942509e-08
-6.588212e-08
-7.127729e-08
-7.531787e-08
-7.773585e-08
-7.830613e-08
-7.686365e-08
-7.331792e-08
-6.766341e-08
-5.998482e-08
-5.045664e-08
-3.933692e-08
-2.695601e-08
-1.370143e-08
9.127544e-15
1.370144e-08
2.695603e-08
3.933694e-08
5.045666e-08
5.998484e-08
6.766343e-08
7.331794e-08
7.686367e-08
7.830615e-08
7.773587e-08
7.531789e-08
7.127731e-08
6.588214e-08
5.942511e-08
5.220616e-08
4.451691e-08
3.662785e-08
2.877891e-08
2.117350e-08
1.397567e-08
7.310039e-09
1.263846e-09
-4.109465e-09
-8.785700e-09
-1.276490e-08
-1.606633e-08
-1.872362e-08
-2.078055e-08
-2.228722e-08
-2.329703e-08
-2.386419e-08
-2.404181e-08
-2.388056e-08
-2.342771e-08
-2.272655e-08
-2.181613e-08
-2.073112e-08
-1.950198e-08
-1.815506e-08
-1.671296e-08
-1.519481e-08
-1.361663e-08
-1.199166e-08
-1.033077e-08
-8.642751e-09
-6.934668e-09
-5.212178e-09
-3.479838e-09
-1.741376e-09
9.381385e-15
1.605784e-09
3.206664e-09
4.797507e-09
6.372662e-09
7.925721e-09
9.449243e-09
1.093450e-08
1.237116e-08
1.374708e-08
1.504791e-08
1.625693e-08
1.735466e-08
1.831872e-08
1.912353e-08
1.974024e-08
2.013662e-08
2.027716e-08
2.012329e-08
1.963384e-08
1.876571e-08
1.747498e-08
1.571823e-08
1.345446e-08
1.064731e-08
7.267895e-09
3.298008e-09
-1.266280e-09
-6.410760e-09
-1.209917e-08
-1.826953e-08
-2.483098e-08
-3.166169e-08
-3.860806e-08
-4.548581e-08
-5.208330e-08
-5.816732e-08
-6.349138e-08
-6.780652e-08
-7.087395e-08
-7.247896e-08
-7.244496e-08
-7.064666e-08
-6.702108e-08
-6.157537e-08
-5.439074e-08
-4.562199e-08
-3.549264e-08
-2.428616e-08
-1.233379e-08
9.124544e-15
1.233381e-08
2.428618e-08
3.549266e-08
4.562201e-08
5.439076e-08
6.157538e-08
6.702110e-08
7.064668e-08
7.244498e-08
7.247898e-08
7.087397e-08
6.780654e-08
6.349140e-08
5.816734e-08
5.208332e-08
4.548583e-08
3.860808e-08
3.166171e-08
2.483100e-08
1.826955e-08
1.209919e-08
6.410779e-09
1.266301e-09
-3.297989e-09
-7.267874e-09
-1.064729e-08
-1.345444e-08
-1.571822e-08
-1.747496e-08
-1.876570e-08
-1.963382e-08
-2.012328e-08
-2.027714e-08
-2.013660e-08
-1.974022e-08
-1.912351e-08
-1.831870e-08
-1.735464e-08
-1.625691e-08
-1.504789e-08
-1.374706e-08
-1.237114e-08
-1.093447e-08
-9.449224e-09
-7.925700e-09
-6.372643e-09
-4.797486e-09
-3.206645e-09
-1.605763e-09
9.461182e-15
1.464759e-09
2.922889e-09
4.367559e-09
5.791460e-09
7.186596e-09
8.544039e-09
9.853704e-09
1.110409e-08
1.228209e-08
1.337268e-08
1.435880e-08
1.522109e-08
1.593776e-08
1.648448e-08
1.683433e-08
1.695789e-08
1.682339e-08
1.639707e-08
1.564374e-08
1.452756e-08
1.301309e-08
1.106666e-08
8.658148e-09
5.762987e-09
2.364655e-09
-1.542635e-09
-5.950954e-09
-1.083563e-08
-1.615229e-08
-2.183421e-08
-2.779031e-08
-3.390401e-08
-4.003338e-08
-4.601281e-08
-5.165642e-08
-5.676348e-08
-6.112564e-08
-6.453601e-08
-6.679945e-08
-6.774366e-08
-6.723018e-08
-6.516462e-08
-6.150498e-08
-5.626769e-08
-4.953036e-08
-4.143131e-08
-3.216555e-08
-2.197766e-08
-1.115185e-08
9.232180e-15
1.115187e-08
2.197767e-08
3.216557e-08
4.143133e-08
4.953038e-08
5.626771e-08
6.150500e-08
6.516463e-08
6.723020e-08
6.774368e-08
6.679947e-08
6.453603e-08
6.112566e-08
5.676349e-08
5.165644e-08
4.601283e-08
4.003340e-08
3.390403e-08
2.779033e-08
2.183423e-08
1.615231e-08
1.083565e-08
5.950975e-09
1.542654e-09
-2.364634e-09
-5.762969e-09
-8.658127e-09
-1.106665e-08
-1.301307e-08
-1.452754e-08
-1.564372e-08
-1.639705e-08
-1.682336e-08
-1.695787e-08
-1.683431e-08
-1.648446e-08
-1.593774e-08
-1.522107e-08
-1.435878e-08
-1.337266e-08
-1.228206e-08
-1.110408e-08
-9.853683e-09
-8.544021e-09
-7.186575e-09
-5.791441e-09
-4.367538e-09
-2.922870e-09
-1.464737e-09
9.398732e-15
1.321054e-09
2.633998e-09
3.930540e-09
5.201964e-09
6.438951e-09
7.631357e-09
8.768029e-09
9.836596e-09
1.082329e-08
1.171278e-08
1.248798e-08
1.312997e-08
1.361791e-08
1.392897e-08
1.403846e-08
1.391988e-08
1.354530e-08
1.288570e-08
1.191161e-08
1.059391e-08
8.904885e-09
6.819521e-09
4.317087e-09
1.382968e-09
-1.989246e-09
-5.795502e-09
-1.001890e-08
-1.462734e-08
-1.957134e-08
-2.478225e-08
-3.017100e-08
-3.562775e-08
-4.102259e-08
-4.620746e-08
-5.101962e-08
-5.528645e-08
-5.883180e-08
-6.148354e-08
-6.308200e-08
-6.348884e-08
-6.259575e-08
-6.033236e-08
-5.667273e-08
-5.163977e-08
-4.530734e-08
-3.779955e-08
-2.928744e-08
-1.998307e-08
-1.013132e-08
9.325870e-15
1.013134e-08
1.998309e-08
2.928746e-08
3.779957e-08
4.530736e-08
5.163979e-08
5.667275e-08
6.033238e-08
6.259577e-08
6.348886e-08
6.308202e-08
6.148356e-08
5.883182e-08
5.528647e-08
5.101964e-08
4.620748e-08
4.102261e-08
3.562777e-08
3.017102e-08
2.478227e-08
1.957136e-08
1.462736e-08
1.001892e-08
5.795521e-09
1.989267e-09
-1.382949e-09
-4.317066e-09
-6.819502e-09
-8.904864e-09
-1.059389e-08
-1.191159e-08
-1.288568e-08
-1.354528e-08
-1.391986e-08
-1.403844e-08
-1.392896e-08
-1.361789e-08
-1.312995e-08
-1.248796e-08
-1.171276e-08
-1.082327e-08
-9.836578e-09
-8.768008e-09
-7.631338e-09
-6.438930e-09
-5.201946e-09
-3.930519e-09
-2.633979e-09
-1.321033e-09
9.360568e-15
1.177159e-09
2.344953e-09
3.493865e-09
4.614010e-09
5.694983e-09
6.725675e-09
7.694128e-09
8.587358e-09
9.391233e-09
1.009033e-08
1.066787e-08
1.110560e-08
1.138384e-08
1.148150e-08
1.137618e-08
1.104444e-08
1.046206e-08
9.604587e-09
8.447887e-09
6.968990e-09
5.147083e-09
2.964697e-09
4.091296e-10
-2.525976e-09
-5.838866e-09
-9.517837e-09
-1.353935e-08
-1.786627e-08
-2.244629e-08
-2.721078e-08
-3.207415e-08
-3.693404e-08
-4.167229e-08
-4.615708e-08
-5.024612e-08
-5.379106e-08
-5.664287e-08
-5.865819e-08
-5.970626e-08
-5.967603e-08
-5.848309e-08
-5.607586e-08
-5.244053e-08
-4.760446e-08
-4.163758e-08
-3.465166e-08
-2.679743e-08
-1.825961e-08
-9.250150e-09
9.405670e-15
9.250170e-09
1.825963e-08
2.679745e-08
3.465168e-08
4.163760e-08
4.760448e-08
5.244055e-08
5.607588e-08
5.848311e-08
5.967605e-08
5.970628e-08
5.865821e-08
5.664289e-08
5.379108e-08
5.024614e-08
4.615710e-08
4.167231e-08
3.693406e-08
3.207418e-08
2.721080e-08
2.244631e-08
1.786629e-08
1.353937e-08
9.517856e-09
5.838887e-09
2.525995e-09
-4.091085e-10
-2.964678e-09
-5.147062e-09
-6.968971e-09
-8.447866e-09
-9.604569e-09
-1.046204e-08
-1.104442e-08
-1.137616e-08
-1.148148e-08
-1.138382e-08
-1.110558e-08
-1.066785e-08
-1.009031e-08
-9.391212e-09
-8.587339e-09
-7.694107e-09
-6.725657e-09
-5.694962e-09
-4.613991e-09
-3.493844e-09
-2.344934e-09
-1.177138e-09
9.370976e-15
1.035307e-09
2.060209e-09
3.064179e-09
4.036376e-09
4.965535e-09
5.839807e-09
6.646650e-09
7.372696e-09
8.003670e-09
8.524297e-09
8.918266e-09
9.168213e-09
9.255769e-09
9.161649e-09
8.865839e-09
8.347843e-09
7.587069e-09
6.563292e-09
5.257304e-09
3.651657e-09
1.731613e-09
-5.137905e-10
-3.090498e-09
-5.998089e-09
-9.228317e-09
-1.276364e-08
-1.657576e-08
-2.062433e-08
-2.485589e-08
-2.920318e-08
-3.358499e-08
-3.790659e-08
-4.206103e-08
-4.593119e-08
-4.939281e-08
-5.231832e-08
-5.458151e-08
-5.606289e-08
-5.665528e-08
-5.626964e-08
-5.484056e-08
-5.233110e-08
-4.873666e-08
-4.408743e-08
-3.844942e-08
-3.192359e-08
-2.464339e-08
-1.677053e-08
-8.489365e-09
9.495876e-15
8.489386e-09
1.677055e-08
2.464341e-08
3.192361e-08
3.844944e-08
4.408745e-08
4.873668e-08
5.233112e-08
5.484058e-08
5.626966e-08
5.665530e-08
5.606291e-08
5.458154e-08
5.231833e-08
4.939283e-08
4.593121e-08
4.206105e-08
3.790661e-08
3.358501e-08
2.920320e-08
2.485591e-08
2.062435e-08
1.657578e-08
1.276366e-08
9.228337e-09
5.998108e-09
3.090519e-09
5.138092e-10
-1.731593e-09
-3.651638e-09
-5.257283e-09
-6.563274e-09
-7.587048e-09
-8.347825e-09
-8.865818e-09
-9.161630e-09
-9.255748e-09
-9.168194e-09
-8.918245e-09
-8.524278e-09
-8.003650e-09
-7.372677e-09
-6.646629e-09
-5.839789e-09
-4.965515e-09
-4.036358e-09
-3.064157e-09
-2.060190e-09
-1.035286e-09
9.391793e-15
8.974840e-10
1.783719e-09
2.647361e-09
3.476814e-09
4.260145e-09
4.984959e-09
5.638326e-09
6.206685e-09
6.675798e-09
7.030698e-09
7.255708e-09
7.334453e-09
7.249962e-09
6.984796e-09
6.521274e-09
5.841748e-09
4.929009e-09
3.766751e-09
2.340199e-09
6.368067e-10
-1.352883e-09
-3.634294e-09
-6.207745e-09
-9.067321e-09
-1.219969e-08
-1.558294e-08
-1.918550e-08
-2.296519e-08
-2.686860e-08
-3.083071e-08
-3.477509e-08
-3.861456e-08
-4.225255e-08
-4.558513e-08
-4.850374e-08
-5.089860e-08
-5.266271e-08
-5.369630e-08
-5.391150e-08
-5.323704e-08
-5.162263e-08
-4.904277e-08
-4.549975e-08
-4.102548e-08
-3.568207e-08
-2.956107e-08
-2.278118e-08
-1.548472e-08
-7.832887e-09
9.471590e-15
7.832908e-09
1.548474e-08
2.278120e-08
2.956109e-08
3.568209e-08
4.102549e-08
4.549977e-08
4.904279e-08
5.162265e-08
5.323706e-08
5.391152e-08
5.369632e-08
5.266273e-08
5.089862e-08
4.850376e-08
4.558515e-08
4.225257e-08
3.861457e-08
3.477511e-08
3.083073e-08
2.686862e-08
2.296521e-08
1.918552e-08
1.558296e-08
1.219971e-08
9.067339e-09
6.207765e-09
3.634313e-09
1.352904e-09
-6.367881e-10
-2.340179e-09
-3.766733e-09
-4.928988e-09
-5.841730e-09
-6.521253e-09
-6.984777e-09
-7.249941e-09
-7.334434e-09
-7.255688e-09
-7.030680e-09
-6.675777e-09
-6.206667e-09
-5.638306e-09
-4.984940e-09
-4.260124e-09
-3.476795e-09
-2.647340e-09
-1.783700e-09
-8.974631e-10
9.409140e-15
7.654353e-10
1.518951e-09
2.248561e-09
2.942088e-09
3.587098e-09
4.170821e-09
4.680099e-09
5.101327e-09
5.420444e-09
5.622918e-09
5.693798e-09
5.617764e-09
5.379270e-09
4.962693e-09
4.352592e-09
3.534000e-09
2.492826e-09
1.216320e-09
-3.063462e-10
-2.083429e-09
-4.119845e-09
-6.416353e-09
-8.968639e-09
-1.176639e-08
-1.479236e-08
-1.802144e-08
-2.141992e-08
-2.494484e-08
-2.854360e-08
-3.215398e-08
-3.570444e-08
-3.911499e-08
-4.229853e-08
-4.516283e-08
-4.761293e-08
-4.955422e-08
-5.089580e-08
-5.155424e-08
-5.145748e-08
-5.054858e-08
-4.878930e-08
-4.616309e-08
-4.267737e-08
-3.836490e-08
-3.328411e-08
-2.751829e-08
-2.117357e-08
-1.437594e-08
-7.267163e-09
9.370976e-15
7.267184e-09
1.437596e-08
2.117359e-08
2.751831e-08
3.328413e-08
3.836492e-08
4.267739e-08
4.616311e-08
4.878932e-08
5.054860e-08
5.145750e-08
5.155426e-08
5.089582e-08
4.955424e-08
4.761295e-08
4.516285e-08
4.229855e-08
3.911501e-08
3.570446e-08
3.215400e-08
2.854362e-08
2.494485e-08
2.141994e-08
1.802146e-08
1.479238e-08
1.176641e-08
8.968660e-09
6.416371e-09
4.119865e-09
2.083447e-09
3.063669e-10
-1.216301e-09
-2.492806e-09
-3.533982e-09
-4.352572e-09
-4.962674e-09
-5.379249e-09
-5.617746e-09
-5.693777e-09
-5.622900e-09
-5.420423e-09
-5.101309e-09
-4.680079e-09
-4.170803e-09
-3.587078e-09
-2.942069e-09
-2.248541e-09
-1.518932e-09
-7.654143e-10
9.377915e-15
6.406768e-10
1.268916e-09
1.872241e-09
2.438038e-09
2.953522e-09
3.405682e-09
3.781263e-09
4.066733e-09
4.248311e-09
4.311980e-09
4.243567e-09
4.028831e-09
3.653624e-09
3.104068e-09
2.366827e-09
1.429406e-09
2.805486e-10
-1.089321e-09
-2.687557e-09
-4.518703e-09
-6.583819e-09
-8.879773e-09
-1.139848e-08
-1.412616e-08
-1.704256e-08
-2.012036e-08
-2.332454e-08
-2.661207e-08
-2.993175e-08
-3.322436e-08
-3.642315e-08
-3.945482e-08
-4.224081e-08
-4.469911e-08
-4.674654e-08
-4.830131e-08
-4.928601e-08
-4.963075e-08
-4.927636e-08
-4.817752e-08
-4.630556e-08
-4.365089e-08
-4.022474e-08
-3.606015e-08
-3.121208e-08
-2.575663e-08
-1.978925e-08
-1.342214e-08
-6.780808e-09
9.318935e-15
6.780829e-09
1.342216e-08
1.978927e-08
2.575665e-08
3.121210e-08
3.606017e-08
4.022476e-08
4.365091e-08
4.630558e-08
4.817754e-08
4.927638e-08
4.963077e-08
4.928603e-08
4.830133e-08
4.674656e-08
4.469913e-08
4.224083e-08
3.945484e-08
3.642317e-08
3.322437e-08
2.993177e-08
2.661209e-08
2.332456e-08
2.012037e-08
1.704258e-08
1.412617e-08
1.139850e-08
8.879792e-09
6.583839e-09
4.518722e-09
2.687577e-09
1.089340e-09
-2.805279e-10
-1.429387e-09
-2.366806e-09
-3.104049e-09
-3.653603e-09
-4.028813e-09
-4.243547e-09
-4.311962e-09
-4.248291e-09
-4.066715e-09
-3.781242e-09
-3.405664e-09
-2.953502e-09
-2.438019e-09
-1.872220e-09
-1.268897e-09
-6.406559e-10
9.409140e-15
5.245120e-10
1.036198e-09
1.522220e-09
1.969650e-09
2.365474e-09
2.696548e-09
2.949621e-09
3.111321e-09
3.168214e-09
3.106841e-09
2.913827e-09
2.575988e-09
2.080514e-09
1.415166e-09
5.685458e-10
-4.695971e-10
-1.707984e-09
-3.153395e-09
-4.810162e-09
-6.679659e-09
-8.759696e-09
-1.104394e-08
-1.352125e-08
-1.617515e-08
-1.898317e-08
-2.191644e-08
-2.493932e-08
-2.800919e-08
-3.107652e-08
-3.408515e-08
-3.697292e-08
-3.967257e-08
-4.211313e-08
-4.422151e-08
-4.592455e-08
-4.715133e-08
-4.783569e-08
-4.791889e-08
-4.735231e-08
-4.609997e-08
-4.414085e-08
-4.147076e-08
-3.810372e-08
-3.407265e-08
-2.942932e-08
-2.424361e-08
-1.860191e-08
-1.260484e-08
-6.364283e-09
9.169748e-15
6.364304e-09
1.260485e-08
1.860193e-08
2.424363e-08
2.942934e-08
3.407267e-08
3.810374e-08
4.147078e-08
4.414087e-08
4.609999e-08
4.735233e-08
4.791891e-08
4.783571e-08
4.715135e-08
4.592457e-08
4.422153e-08
4.211315e-08
3.967259e-08
3.697294e-08
3.408517e-08
3.107654e-08
2.800921e-08
2.493934e-08
2.191646e-08
1.898319e-08
1.617517e-08
1.352127e-08
1.104395e-08
8.759717e-09
6.679677e-09
4.810183e-09
3.153413e-09
1.708005e-09
4.696157e-10
-5.685252e-10
-1.415147e-09
-2.080494e-09
-2.575969e-09
-2.913806e-09
-3.106823e-09
-3.168194e-09
-3.111303e-09
-2.949600e-09
-2.696530e-09
-2.365453e-09
-1.969632e-09
-1.522199e-09
-1.036179e-09
-5.244912e-10
9.325873e-15
4.180488e-10
8.229912e-10
1.201732e-09
1.541134e-09
1.828043e-09
2.049274e-09
2.191648e-09
2.242013e-09
2.187318e-09
2.014676e-09
1.711493e-09
1.265595e-09
6.654231e-10
-9.976287e-11
-1.039604e-09
-2.162351e-09
-3.474493e-09
-4.980375e-09
-6.681744e-09
-8.577286e-09
-1.066211e-08
-1.292727e-08
-1.535921e-08
-1.793934e-08
-2.064359e-08
-2.344211e-08
-2.629905e-08
-2.917253e-08
-3.201482e-08
-3.477274e-08
-3.738831e-08
-3.979975e-08
-4.194267e-08
-4.375168e-08
-4.516214e-08
-4.611225e-08
-4.654516e-08
-4.641133e-08
-4.567069e-08
-4.429480e-08
-4.226870e-08
-3.959240e-08
-3.628193e-08
-3.236984e-08
-2.790503e-08
-2.295202e-08
-1.758956e-08
-1.190857e-08
-6.009624e-09
9.034440e-15
6.009644e-09
1.190859e-08
1.758958e-08
2.295204e-08
2.790505e-08
3.236986e-08
3.628195e-08
3.959242e-08
4.226872e-08
4.429482e-08
4.567071e-08
4.641134e-08
4.654518e-08
4.611226e-08
4.516216e-08
4.375170e-08
4.194269e-08
3.979977e-08
3.738833e-08
3.477275e-08
3.201484e-08
2.917254e-08
2.629907e-08
2.344213e-08
2.064361e-08
1.793936e-08
1.535923e-08
1.292729e-08
1.066214e-08
8.577305e-09
6.681765e-09
4.980394e-09
3.474514e-09
2.162370e-09
1.039625e-09
9.978133e-11
-6.654027e-10
-1.265577e-09
-1.711473e-09
-2.014658e-09
-2.187297e-09
-2.241994e-09
-2.191627e-09
-2.049255e-09
-1.828023e-09
-1.541116e-09
-1.201711e-09
-8.229726e-10
-4.180281e-10
9.232198e-15
3.222173e-10
6.311344e-10
9.134835e-10
1.155998e-09
1.345457e-09
1.468692e-09
1.512649e-09
1.464426e-09
1.311366e-09
1.041142e-09
6.419005e-10
1.024015e-10
-5.877752e-10
-1.438021e-09
-2.456420e-09
-3.649470e-09
-5.021726e-09
-6.575450e-09
-8.310197e-09
-1.022242e-08
-1.230500e-08
-1.454688e-08
-1.693259e-08
-1.944197e-08
-2.204979e-08
-2.472562e-08
-2.743369e-08
-3.013305e-08
-3.277776e-08
-3.531742e-08
-3.769784e-08
-3.986199e-08
-4.175121e-08
-4.330662e-08
-4.447078e-08
-4.518943e-08
-4.541345e-08
-4.510076e-08
-4.421825e-08
-4.274351e-08
-4.066635e-08
-3.799004e-08
-3.473204e-08
-3.092437e-08
-2.661341e-08
-2.185915e-08
-1.673388e-08
-1.132050e-08
-5.710209e-09
9.030970e-15
5.710230e-09
1.132052e-08
1.673390e-08
2.185916e-08
2.661343e-08
3.092439e-08
3.473206e-08
3.799006e-08
4.066637e-08
4.274353e-08
4.421827e-08
4.510078e-08
4.541347e-08
4.518945e-08
4.447080e-08
4.330664e-08
4.175123e-08
3.986200e-08
3.769786e-08
3.531744e-08
3.277778e-08
3.013307e-08
2.743371e-08
2.472563e-08
2.204981e-08
1.944199e-08
1.693261e-08
1.454689e-08
1.230502e-08
1.022243e-08
8.310218e-09
6.575468e-09
5.021747e-09
3.649489e-09
2.456441e-09
1.438039e-09
5.877956e-10
-1.023831e-10
-6.418799e-10
-1.041123e-09
-1.311345e-09
-1.464407e-09
-1.512629e-09
-1.468674e-09
-1.345436e-09
-1.155980e-09
-9.134629e-10
-6.311159e-10
-3.221966e-10
9.173218e-15
2.377878e-10
4.621493e-10
6.597093e-10
8.171306e-10
9.211763e-10
9.587385e-10
9.169125e-10
7.830553e-10
5.448948e-10
1.906291e-10
-2.909184e-10
-9.101466e-10
-1.676465e-09
-2.598082e-09
-3.681733e-09
-4.932407e-09
-6.353016e-09
-7.944070e-09
-9.703300e-09
-1.162531e-08
-1.370121e-08
-1.591822e-08
-1.825944e-08
-2.070347e-08
-2.322432e-08
-2.579124e-08
-2.836876e-08
-3.091687e-08
-3.339134e-08
-3.574429e-08
-3.792481e-08
-3.988002e-08
-4.155607e-08
-4.289958e-08
-4.385902e-08
-4.438638e-08
-4.443880e-08
-4.398028e-08
-4.298326e-08
-4.143012e-08
-3.931444e-08
-3.664195e-08
-3.343113e-08
-2.971345e-08
-2.553307e-08
-2.094616e-08
-1.601972e-08
-1.083001e-08
-5.460575e-09
9.072604e-15
5.460595e-09
1.083003e-08
1.601974e-08
2.094618e-08
2.553309e-08
2.971347e-08
3.343115e-08
3.664197e-08
3.931446e-08
4.143014e-08
4.298328e-08
4.398030e-08
4.443882e-08
4.438640e-08
4.385904e-08
4.289960e-08
4.155609e-08
3.988003e-08
3.792483e-08
3.574431e-08
3.339137e-08
3.091688e-08
2.836878e-08
2.579126e-08
2.322434e-08
2.070349e-08
1.825946e-08
1.591824e-08
1.370123e-08
1.162533e-08
9.703321e-09
7.944088e-09
6.353037e-09
4.932426e-09
3.681753e-09
2.598100e-09
1.676485e-09
9.101649e-10
2.909391e-10
-1.906104e-10
-5.448743e-10
-7.830368e-10
-9.168919e-10
-9.587200e-10
-9.211559e-10
-8.171122e-10
-6.596887e-10
-4.621309e-10
-2.377672e-10
9.131584e-15
1.653888e-10
3.172754e-10
4.422244e-10
5.268697e-10
5.579934e-10
5.225683e-10
4.078485e-10
2.014409e-10
-1.085714e-10
-5.335190e-10
-1.083980e-09
-1.769620e-09
-2.598980e-09
-3.579259e-09
-4.716053e-09
-6.013088e-09
-7.471911e-09
-9.091589e-09
-1.086837e-08
-1.279537e-08
-1.486227e-08
-1.705499e-08
-1.935547e-08
-2.174147e-08
-2.418644e-08
-2.665953e-08
-2.912563e-08
-3.154568e-08
-3.387699e-08
-3.607382e-08
-3.808813e-08
-3.987044e-08
-4.137096e-08
-4.254076e-08
-4.333318e-08
-4.370523e-08
-4.361908e-08
-4.304355e-08
-4.195550e-08
-4.034106e-08
-3.819670e-08
-3.553004e-08
-3.236027e-08
-2.871829e-08
-2.464640e-08
-2.019763e-08
-1.543467e-08
-1.042842e-08
-5.256255e-09
9.131584e-15
5.256275e-09
1.042844e-08
1.543469e-08
2.019765e-08
2.464642e-08
2.871831e-08
3.236029e-08
3.553006e-08
3.819672e-08
4.034107e-08
4.195552e-08
4.304357e-08
4.361910e-08
4.370525e-08
4.333320e-08
4.254078e-08
4.137098e-08
3.987046e-08
3.808815e-08
3.607384e-08
3.387701e-08
3.154570e-08
2.912565e-08
2.665954e-08
2.418646e-08
2.174148e-08
1.935549e-08
1.705501e-08
1.486229e-08
1.279539e-08
1.086839e-08
9.091607e-09
7.471932e-09
6.013107e-09
4.716074e-09
3.579278e-09
2.599000e-09
1.769639e-09
1.084000e-09
5.335375e-10
1.085919e-10
-2.014225e-10
-4.078280e-10
-5.225499e-10
-5.579729e-10
-5.268512e-10
-4.422036e-10
-3.172569e-10
-1.653684e-10
9.117707e-15
1.055225e-10
1.975018e-10
2.624745e-10
2.870728e-10
2.581151e-10
1.626619e-10
-1.188162e-11
-2.776833e-10
-6.463501e-10
-1.128808e-09
-1.735129e-09
-2.474368e-09
-3.354343e-09
-4.381427e-09
-5.560282e-09
-6.893615e-09
-8.381873e-09
-1.002297e-08
-1.181199e-08
-1.374087e-08
-1.579819e-08
-1.796888e-08
-2.023402e-08
-2.257075e-08
-2.495219e-08
-2.734747e-08
-2.972188e-08
-3.203720e-08
-3.425203e-08
-3.632249e-08
-3.820282e-08
-3.984635e-08
-4.120652e-08
-4.223797e-08
-4.289788e-08
-4.314721e-08
-4.295207e-08
-4.228503e-08
-4.112634e-08
-3.946502e-08
-3.729976e-08
-3.463955e-08
-3.150406e-08
-2.792368e-08
-2.393919e-08
-1.960112e-08
-1.496875e-08
-1.010876e-08
-5.093661e-09
9.110768e-15
5.093681e-09
1.010878e-08
1.496877e-08
1.960114e-08
2.393921e-08
2.792369e-08
3.150408e-08
3.463956e-08
3.729978e-08
3.946504e-08
4.112636e-08
4.228505e-08
4.295209e-08
4.314723e-08
4.289790e-08
4.223799e-08
4.120654e-08
3.984637e-08
3.820284e-08
3.632251e-08
3.425206e-08
3.203722e-08
2.972191e-08
2.734749e-08
2.495221e-08
2.257077e-08
2.023404e-08
1.796890e-08
1.579822e-08
1.374089e-08
1.181201e-08
1.002299e-08
8.381893e-09
6.893633e-09
5.560303e-09
4.381445e-09
3.354363e-09
2.474386e-09
1.735150e-09
1.128826e-09
6.463706e-10
2.777018e-10
1.190219e-11
-1.626436e-10
-2.580946e-10
-2.870544e-10
-2.624538e-10
-1.974833e-10
-1.055020e-10
9.145462e-15
5.857898e-11
1.035964e-10
1.215803e-10
9.917470e-11
2.323992e-11
-1.190822e-10
-3.402559e-10
-6.522610e-10
-1.066451e-09
-1.593427e-09
-2.242857e-09
-3.023313e-09
-3.942047e-09
-5.004785e-09
-6.215469e-09
-7.576017e-09
-9.086036e-09
-1.074257e-08
-1.253979e-08
-1.446880e-08
-1.651733e-08
-1.866957e-08
-2.090602e-08
-2.320338e-08
-2.553455e-08
-2.786871e-08
-3.017152e-08
-3.240544e-08
-3.453015e-08
-3.650318e-08
-3.828058e-08
-3.981784e-08
-4.107087e-08
-4.199704e-08
-4.255642e-08
-4.271295e-08
-4.243570e-08
-4.170003e-08
-4.048873e-08
-3.879293e-08
-3.661293e-08
-3.395872e-08
-3.085029e-08
-2.731760e-08
-2.340025e-08
-1.914687e-08
-1.461413e-08
-9.865544e-09
-4.969980e-09
9.183626e-15
4.970000e-09
9.865562e-09
1.461415e-08
1.914689e-08
2.340027e-08
2.731762e-08
3.085031e-08
3.395874e-08
3.661295e-08
3.879295e-08
4.048875e-08
4.170005e-08
4.243572e-08
4.271297e-08
4.255644e-08
4.199706e-08
4.107089e-08
3.981786e-08
3.828060e-08
3.650319e-08
3.453018e-08
3.240546e-08
3.017155e-08
2.786873e-08
2.553457e-08
2.320340e-08
2.090604e-08
1.866959e-08
1.651735e-08
1.446882e-08
1.253981e-08
1.074258e-08
9.086057e-09
7.576036e-09
6.215490e-09
5.004803e-09
3.942067e-09
3.023331e-09
2.242877e-09
1.593445e-09
1.066472e-09
6.522795e-10
3.402765e-10
1.191006e-10
-2.321929e-11
-9.915626e-11
-1.215597e-10
-1.035780e-10
-5.855853e-11
9.065665e-15
2.484899e-11
3.613040e-11
2.037343e-11
-3.576216e-11
-1.453791e-10
-3.212701e-10
-5.757992e-10
-9.208055e-10
-1.367455e-09
-1.926109e-09
-2.606146e-09
-3.415785e-09
-4.361874e-09
-5.449676e-09
-6.682620e-09
-8.062065e-09
-9.587023e-09
-1.125392e-08
-1.305632e-08
-1.498470e-08
-1.702624e-08
-1.916463e-08
-2.137996e-08
-2.364864e-08
-2.594347e-08
-2.823368e-08
-3.048522e-08
-3.266106e-08
-3.472165e-08
-3.662556e-08
-3.833012e-08
-3.979238e-08
-4.096995e-08
-4.182215e-08
-4.231106e-08
-4.240271e-08
-4.206821e-08
-4.128487e-08
-4.003719e-08
-3.831779e-08
-3.612806e-08
-3.347865e-08
-3.038975e-08
-2.689099e-08
-2.302115e-08
-1.882750e-08
-1.436491e-08
-9.694666e-09
-4.883099e-09
9.166279e-15
4.883119e-09
9.694685e-09
1.436493e-08
1.882752e-08
2.302117e-08
2.689101e-08
3.038977e-08
3.347867e-08
3.612808e-08
3.831781e-08
4.003721e-08
4.128489e-08
4.206823e-08
4.240273e-08
4.231108e-08
4.182217e-08
4.096997e-08
3.979240e-08
3.833015e-08
3.662558e-08
3.472167e-08
3.266108e-08
3.048524e-08
2.823370e-08
2.594349e-08
2.364866e-08
2.137998e-08
1.916465e-08
1.702626e-08
1.498472e-08
1.305634e-08
1.125394e-08
9.587043e-09
8.062083e-09
6.682641e-09
5.449695e-09
4.361895e-09
3.415804e-09
2.606166e-09
1.926128e-09
1.367475e-09
9.208238e-10
5.758198e-10
3.212886e-10
1.453997e-10
3.578062e-11
-2.035290e-11
-3.611192e-11
-2.482859e-11
9.086482e-15
4.532839e-12
-4.502711e-12
-4.057365e-11
-1.170080e-10
-2.468835e-10
-4.429507e-10
-7.175109e-10
-1.082315e-09
-1.548416e-09
-2.126028e-09
-2.824353e-09
-3.651399e-09
-4.613767e-09
-5.716446e-09
-6.962555e-09
-8.353120e-09
-9.886801e-09
-1.155966e-08
-1.336489e-08
-1.529262e-08
-1.732968e-08
-1.945949e-08
-2.166190e-08
-2.391317e-08
-2.618602e-08
-2.844975e-08
-3.067047e-08
-3.281149e-08
-3.483372e-08
-3.669635e-08
-3.835750e-08
-3.977510e-08
-4.090783e-08
-4.171614e-08
-4.216329e-08
-4.221657e-08
-4.184827e-08
-4.103685e-08
-3.976783e-08
-3.803467e-08
-3.583941e-08
-3.319308e-08
-3.011597e-08
-2.663752e-08
-2.279601e-08
-1.863790e-08
-1.421699e-08
-9.593265e-09
-4.831548e-09
9.141993e-15
4.831568e-09
9.593283e-09
1.421701e-08
1.863792e-08
2.279603e-08
2.663754e-08
3.011599e-08
3.319310e-08
3.583943e-08
3.803469e-08
3.976785e-08
4.103687e-08
4.184829e-08
4.221659e-08
4.216332e-08
4.171615e-08
4.090785e-08
3.977512e-08
3.835752e-08
3.669637e-08
3.483374e-08
3.281151e-08
3.067049e-08
2.844976e-08
2.618604e-08
2.391319e-08
2.166192e-08
1.945951e-08
1.732970e-08
1.529264e-08
1.336491e-08
1.155968e-08
9.886822e-09
8.353139e-09
6.962576e-09
5.716464e-09
4.613788e-09
3.651417e-09
2.824373e-09
2.126047e-09
1.548436e-09
1.082334e-09
7.175314e-10
4.429692e-10
2.469041e-10
1.170265e-10
4.059417e-11
4.521099e-12
-4.512411e-12
