-1.883910e-14
-1.882175e-14
-1.879052e-14
-1.875930e-14
-1.888767e-14
-1.892930e-14
-1.897094e-14
-1.888420e-14
-1.897441e-14
-1.904379e-14
-1.897094e-14
-1.902992e-14
-1.890849e-14
-1.891196e-14
-1.890849e-14
-1.895012e-14
-1.885644e-14
-1.871767e-14
-1.867603e-14
-1.865522e-14
-1.862746e-14
-1.863440e-14
-1.868297e-14
-1.867950e-14
-1.867950e-14
-1.872461e-14
-1.872114e-14
-1.880787e-14
-1.881828e-14
-1.868991e-14
-1.864828e-14
-1.859971e-14
-1.850950e-14
-1.855113e-14
-1.855807e-14
-1.859624e-14
-1.855807e-14
-1.847481e-14
-1.844011e-14
-1.839154e-14
-1.838460e-14
-1.839154e-14
-1.841235e-14
-1.834297e-14
-1.832215e-14
-1.825623e-14
-1.828052e-14
-1.828399e-14
-1.830827e-14
-1.830133e-14
-1.825623e-14
-1.819725e-14
-1.836725e-14
-1.845746e-14
-1.856501e-14
-1.853379e-14
-1.851297e-14
-1.851644e-14
-1.852685e-14
-1.844011e-14
-1.839501e-14
-1.839154e-14
-1.844011e-14
-1.852338e-14
-1.854419e-14
-1.853379e-14
-1.852338e-14
-1.857195e-14
-1.863093e-14
-1.864481e-14
-1.869685e-14
-1.868991e-14
-1.875583e-14
-1.867256e-14
-1.858236e-14
-1.844358e-14
-1.839848e-14
-1.847134e-14
-1.851297e-14
-1.857889e-14
-1.856154e-14
-1.864828e-14
-1.869685e-14
-1.873154e-14
-1.879746e-14
-1.888073e-14
-1.889461e-14
-1.882869e-14
-1.880440e-14
-1.876624e-14
-1.875930e-14
-1.871767e-14
-1.871420e-14
-1.874542e-14
-1.876624e-14
-1.885991e-14
-1.890502e-14
-1.894665e-14
-1.893624e-14
-1.888073e-14
-2.281383e-12
4.503623e-12
2.481983e-11
5.854985e-11
1.054933e-10
1.653595e-10
2.377584e-10
3.221879e-10
4.180195e-10
5.244827e-10
6.406473e-10
7.654057e-10
8.974545e-10
1.035277e-09
1.177129e-09
1.321025e-09
1.464729e-09
1.605755e-09
1.741368e-09
1.868599e-09
1.984266e-09
2.085008e-09
2.167335e-09
2.227680e-09
2.262480e-09
2.268257e-09
2.241721e-09
2.179877e-09
2.080140e-09
1.940467e-09
1.759472e-09
1.536549e-09
1.271982e-09
9.670351e-10
6.240283e-10
2.463763e-10
-1.614007e-10
-5.937055e-10
-1.043935e-09
-1.504590e-09
-1.967433e-09
-2.423678e-09
-2.864216e-09
-3.279871e-09
-3.661669e-09
-4.001112e-09
-4.290459e-09
-4.522974e-09
-4.693156e-09
-4.796936e-09
-4.831811e-09
-4.796936e-09
-4.693156e-09
-4.522974e-09
-4.290460e-09
-4.001113e-09
-3.661669e-09
-3.279872e-09
-2.864217e-09
-2.423678e-09
-1.967434e-09
-1.504590e-09
-1.043935e-09
-5.937055e-10
-1.614006e-10
2.463763e-10
6.240284e-10
9.670352e-10
1.271982e-09
1.536549e-09
1.759472e-09
1.940467e-09
2.080140e-09
2.179877e-09
2.241722e-09
2.268257e-09
2.262480e-09
2.227680e-09
2.167335e-09
2.085009e-09
1.984266e-09
1.868599e-09
1.741368e-09
1.605755e-09
1.464729e-09
1.321025e-09
1.177130e-09
1.035278e-09
8.974548e-10
7.654060e-10
6.406476e-10
5.244829e-10
4.180197e-10
3.221881e-10
2.377586e-10
1.653595e-10
1.054932e-10
5.854968e-11
2.481966e-11
4.503516e-12
-1.810044e-11
-4.530792e-12
3.610223e-11
1.035682e-10
1.974735e-10
3.172471e-10
4.621211e-10
6.311062e-10
8.229629e-10
1.036170e-09
1.268887e-09
1.518922e-09
1.783690e-09
2.060181e-09
2.344924e-09
2.633969e-09
2.922861e-09
3.206635e-09
3.479829e-09
3.736500e-09
3.970272e-09
4.174403e-09
4.341876e-09
4.465517e-09
4.538140e-09
4.552722e-09
4.502601e-09
4.381695e-09
4.184743e-09
3.907552e-09
3.547251e-09
3.102530e-09
2.573868e-09
1.963722e-09
1.276675e-09
5.195264e-10
-2.986847e-10
-1.166735e-09
-2.071355e-09
-2.997451e-09
-3.928421e-09
-4.846535e-09
-5.733399e-09
-6.570465e-09
-7.339583e-09
-8.023559e-09
-8.606716e-09
-9.075412e-09
-9.418505e-09
-9.627746e-09
-9.698064e-09
-9.627746e-09
-9.418505e-09
-9.075412e-09
-8.606716e-09
-8.023559e-09
-7.339583e-09
-6.570465e-09
-5.733399e-09
-4.846535e-09
-3.928421e-09
-2.997451e-09
-2.071355e-09
-1.166735e-09
-2.986848e-10
5.195263e-10
1.276675e-09
1.963722e-09
2.573868e-09
3.102530e-09
3.547251e-09
3.907552e-09
4.184743e-09
4.381695e-09
4.502601e-09
4.552722e-09
4.538140e-09
4.465517e-09
4.341876e-09
4.174403e-09
3.970272e-09
3.736500e-09
3.479829e-09
3.206635e-09
2.922861e-09
2.633970e-09
2.344925e-09
2.060181e-09
1.783691e-09
1.518923e-09
1.268888e-09
1.036170e-09
8.229632e-10
6.311063e-10
4.621212e-10
3.172473e-10
1.974736e-10
1.035683e-10
3.610223e-11
-4.530810e-12
-6.095531e-11
-4.060296e-11
2.034401e-11
1.215509e-10
2.624450e-10
4.421948e-10
6.596798e-10
9.134541e-10
1.201702e-09
1.522190e-09
1.872212e-09
2.248532e-09
2.647331e-09
3.064149e-09
3.493836e-09
3.930510e-09
4.367530e-09
4.797478e-09
5.212170e-09
5.602687e-09
5.959438e-09
6.272256e-09
6.530534e-09
6.723399e-09
6.839932e-09
6.869423e-09
6.801678e-09
6.627349e-09
6.338299e-09
5.927985e-09
5.391840e-09
4.727655e-09
3.935921e-09
3.020135e-09
1.987031e-09
8.467292e-10
-3.872200e-10
-1.697910e-09
-3.065279e-09
-4.466451e-09
-5.876196e-09
-7.267531e-09
-8.612414e-09
-9.882531e-09
-1.105014e-08
-1.208895e-08
-1.297496e-08
-1.368727e-08
-1.420880e-08
-1.452691e-08
-1.463382e-08
-1.452691e-08
-1.420880e-08
-1.368727e-08
-1.297496e-08
-1.208895e-08
-1.105014e-08
-9.882531e-09
-8.612414e-09
-7.267532e-09
-5.876196e-09
-4.466451e-09
-3.065279e-09
-1.697910e-09
-3.872200e-10
8.467293e-10
1.987031e-09
3.020135e-09
3.935921e-09
4.727655e-09
5.391841e-09
5.927985e-09
6.338300e-09
6.627349e-09
6.801678e-09
6.869423e-09
6.839932e-09
6.723400e-09
6.530534e-09
6.272256e-09
5.959438e-09
5.602687e-09
5.212170e-09
4.797478e-09
4.367530e-09
3.930511e-09
3.493836e-09
3.064149e-09
2.647331e-09
2.248532e-09
1.872212e-09
1.522190e-09
1.201703e-09
9.134544e-10
6.596801e-10
4.421950e-10
2.624452e-10
1.215510e-10
2.034411e-11
-4.060291e-11
-1.441648e-10
-1.170362e-10
-3.579034e-11
9.914649e-11
2.870446e-10
5.268414e-10
8.171023e-10
1.155970e-09
1.541106e-09
1.969622e-09
2.438009e-09
2.942059e-09
3.476785e-09
4.036348e-09
4.613981e-09
5.201936e-09
5.791432e-09
6.372634e-09
6.934658e-09
7.465605e-09
7.952638e-09
8.382105e-09
8.739715e-09
9.010765e-09
9.180431e-09
9.234112e-09
9.157839e-09
8.938722e-09
8.565450e-09
8.028813e-09
7.322234e-09
6.442292e-09
5.389214e-09
4.167295e-09
2.785241e-09
1.256384e-09
-4.012293e-10
-2.164930e-09
-4.007683e-09
-5.898534e-09
-7.803242e-09
-9.685086e-09
-1.150582e-08
-1.322677e-08
-1.480996e-08
-1.621937e-08
-1.742207e-08
-1.838937e-08
-1.909782e-08
-1.953003e-08
-1.967530e-08
-1.953003e-08
-1.909782e-08
-1.838937e-08
-1.742207e-08
-1.621937e-08
-1.480996e-08
-1.322677e-08
-1.150582e-08
-9.685086e-09
-7.803242e-09
-5.898534e-09
-4.007683e-09
-2.164930e-09
-4.012292e-10
1.256385e-09
2.785241e-09
4.167296e-09
5.389215e-09
6.442293e-09
7.322234e-09
8.028814e-09
8.565451e-09
8.938723e-09
9.157839e-09
9.234113e-09
9.180431e-09
9.010765e-09
8.739715e-09
8.382105e-09
7.952638e-09
7.465606e-09
6.934659e-09
6.372634e-09
5.791432e-09
5.201936e-09
4.613982e-09
4.036348e-09
3.476786e-09
2.942060e-09
2.438010e-09
1.969622e-09
1.541106e-09
1.155970e-09
8.171025e-10
5.268415e-10
2.870447e-10
9.914662e-11
-3.579031e-11
-1.170362e-10
-2.808026e-10
-2.469130e-10
-1.454086e-10
2.321042e-11
2.580857e-10
5.579640e-10
9.211470e-10
1.345427e-09
1.828014e-09
2.365444e-09
2.953493e-09
3.587069e-09
4.260115e-09
4.965506e-09
5.694953e-09
6.438922e-09
7.186567e-09
7.925692e-09
8.642742e-09
9.322841e-09
9.949873e-09
1.050663e-08
1.097501e-08
1.133631e-08
1.157159e-08
1.166207e-08
1.158968e-08
1.133762e-08
1.089100e-08
1.023751e-08
9.368111e-09
8.277758e-09
6.966011e-09
5.437625e-09
3.703015e-09
1.778568e-09
-3.132167e-10
-2.543810e-09
-4.878962e-09
-7.279255e-09
-9.700907e-09
-1.209680e-08
-1.441774e-08
-1.661382e-08
-1.863600e-08
-2.043763e-08
-2.197602e-08
-2.321396e-08
-2.412097e-08
-2.467446e-08
-2.486052e-08
-2.467446e-08
-2.412097e-08
-2.321396e-08
-2.197602e-08
-2.043763e-08
-1.863600e-08
-1.661382e-08
-1.441774e-08
-1.209680e-08
-9.700907e-09
-7.279255e-09
-4.878962e-09
-2.543810e-09
-3.132165e-10
1.778568e-09
3.703015e-09
5.437626e-09
6.966012e-09
8.277759e-09
9.368111e-09
1.023751e-08
1.089100e-08
1.133762e-08
1.158968e-08
1.166207e-08
1.157159e-08
1.133631e-08
1.097501e-08
1.050663e-08
9.949873e-09
9.322841e-09
8.642743e-09
7.925692e-09
7.186567e-09
6.438922e-09
5.694953e-09
4.965506e-09
4.260115e-09
3.587069e-09
2.953493e-09
2.365444e-09
1.828014e-09
1.345427e-09
9.211471e-10
5.579641e-10
2.580859e-10
2.321055e-11
-1.454085e-10
-2.469130e-10
-4.835995e-10
-4.429789e-10
-3.212983e-10
-1.191104e-10
1.626338e-10
5.225401e-10
9.587102e-10
1.468664e-09
2.049246e-09
2.696520e-09
3.405654e-09
4.170793e-09
4.984930e-09
5.839779e-09
6.725647e-09
7.631329e-09
8.544011e-09
9.449214e-09
1.033076e-08
1.117082e-08
1.194996e-08
1.264732e-08
1.324088e-08
1.370772e-08
1.402448e-08
1.416790e-08
1.411537e-08
1.384572e-08
1.333994e-08
1.258206e-08
1.156005e-08
1.026662e-08
8.700172e-09
6.865442e-09
4.774198e-09
2.445652e-09
-9.332159e-11
-2.808233e-09
-5.657325e-09
-8.592231e-09
-1.155895e-08
-1.449913e-08
-1.735162e-08
-2.005423e-08
-2.254567e-08
-2.476752e-08
-2.666627e-08
-2.819515e-08
-2.931587e-08
-2.999998e-08
-3.022999e-08
-2.999998e-08
-2.931587e-08
-2.819515e-08
-2.666627e-08
-2.476752e-08
-2.254567e-08
-2.005423e-08
-1.735162e-08
-1.449913e-08
-1.155895e-08
-8.592231e-09
-5.657325e-09
-2.808233e-09
-9.332138e-11
2.445652e-09
4.774199e-09
6.865442e-09
8.700172e-09
1.026663e-08
1.156005e-08
1.258206e-08
1.333994e-08
1.384572e-08
1.411537e-08
1.416790e-08
1.402449e-08
1.370772e-08
1.324088e-08
1.264732e-08
1.194996e-08
1.117082e-08
1.033076e-08
9.449215e-09
8.544012e-09
7.631329e-09
6.725647e-09
5.839779e-09
4.984931e-09
4.170793e-09
3.405654e-09
2.696520e-09
2.049246e-09
1.468664e-09
9.587104e-10
5.225403e-10
1.626339e-10
-1.191103e-10
-3.212982e-10
-4.429789e-10
-7.648407e-10
-7.175403e-10
-5.758287e-10
-3.402852e-10
-1.191095e-11
4.078192e-10
9.168831e-10
1.512620e-09
2.191618e-09
2.949591e-09
3.781233e-09
4.680070e-09
5.638297e-09
6.646620e-09
7.694099e-09
8.768000e-09
9.853675e-09
1.093447e-08
1.199165e-08
1.300447e-08
1.395016e-08
1.480416e-08
1.554031e-08
1.613128e-08
1.654899e-08
1.676523e-08
1.675241e-08
1.648438e-08
1.593737e-08
1.509108e-08
1.392968e-08
1.244301e-08
1.062755e-08
8.487462e-09
6.035363e-09
3.292962e-09
2.913783e-10
-2.928848e-09
-6.318116e-09
-9.818525e-09
-1.336503e-08
-1.688699e-08
-2.031005e-08
-2.355837e-08
-2.655693e-08
-2.923412e-08
-3.152417e-08
-3.336953e-08
-3.472300e-08
-3.554949e-08
-3.582742e-08
-3.554949e-08
-3.472300e-08
-3.336953e-08
-3.152417e-08
-2.923412e-08
-2.655693e-08
-2.355837e-08
-2.031005e-08
-1.688699e-08
-1.336503e-08
-9.818526e-09
-6.318116e-09
-2.928848e-09
2.913785e-10
3.292962e-09
6.035364e-09
8.487463e-09
1.062755e-08
1.244301e-08
1.392968e-08
1.509108e-08
1.593737e-08
1.648438e-08
1.675241e-08
1.676523e-08
1.654899e-08
1.613128e-08
1.554031e-08
1.480416e-08
1.395016e-08
1.300447e-08
1.199165e-08
1.093447e-08
9.853675e-09
8.768000e-09
7.694099e-09
6.646620e-09
5.638297e-09
4.680070e-09
3.781233e-09
2.949591e-09
2.191618e-09
1.512620e-09
9.168832e-10
4.078192e-10
-1.191091e-11
-3.402852e-10
-5.758286e-10
-7.175403e-10
-1.136243e-09
-1.082344e-09
-9.208338e-10
-6.522893e-10
-2.777117e-10
2.014127e-10
7.830271e-10
1.464398e-09
2.241985e-09
3.111293e-09
4.066705e-09
5.101299e-09
6.206657e-09
7.372668e-09
8.587330e-09
9.836568e-09
1.110407e-08
1.237113e-08
1.361662e-08
1.481688e-08
1.594585e-08
1.697515e-08
1.787440e-08
1.861154e-08
1.915341e-08
1.946644e-08
1.951741e-08
1.927452e-08
1.870848e-08
1.779375e-08
1.650989e-08
1.484286e-08
1.278642e-08
1.034334e-08
7.526452e-09
4.359506e-09
8.776503e-10
-2.872465e-09
-6.833034e-09
-1.093594e-08
-1.510409e-08
-1.925326e-08
-2.329441e-08
-2.713629e-08
-3.068839e-08
-3.386404e-08
-3.658347e-08
-3.877675e-08
-4.038645e-08
-4.136985e-08
-4.170061e-08
-4.136985e-08
-4.038645e-08
-3.877676e-08
-3.658347e-08
-3.386404e-08
-3.068839e-08
-2.713629e-08
-2.329441e-08
-1.925326e-08
-1.510409e-08
-1.093594e-08
-6.833034e-09
-2.872465e-09
8.776505e-10
4.359507e-09
7.526452e-09
1.034334e-08
1.278642e-08
1.484286e-08
1.650989e-08
1.779376e-08
1.870848e-08
1.927452e-08
1.951741e-08
1.946644e-08
1.915341e-08
1.861154e-08
1.787440e-08
1.697515e-08
1.594585e-08
1.481688e-08
1.361662e-08
1.237113e-08
1.110407e-08
9.836568e-09
8.587330e-09
7.372668e-09
6.206657e-09
5.101299e-09
4.066705e-09
3.111293e-09
2.241985e-09
1.464398e-09
7.830272e-10
2.014128e-10
-2.777115e-10
-6.522893e-10
-9.208337e-10
-1.082344e-09
-1.608824e-09
-1.548445e-09
-1.367484e-09
-1.066481e-09
-6.463795e-10
-1.086008e-10
5.448654e-10
1.311336e-09
2.187288e-09
3.168185e-09
4.248282e-09
5.420415e-09
6.675768e-09
8.003641e-09
9.391204e-09
1.082327e-08
1.228206e-08
1.374705e-08
1.519480e-08
1.659893e-08
1.793005e-08
1.915596e-08
2.024187e-08
2.115078e-08
2.184404e-08
2.228216e-08
2.242567e-08
2.223630e-08
2.167829e-08
2.071987e-08
1.933482e-08
1.750417e-08
1.521784e-08
1.247620e-08
9.291458e-09
5.688772e-09
1.706980e-09
-2.601153e-09
-7.169238e-09
-1.191816e-08
-1.675762e-08
-2.158829e-08
-2.630453e-08
-3.079764e-08
-3.495938e-08
-3.868574e-08
-4.188079e-08
-4.446025e-08
-4.635478e-08
-4.751275e-08
-4.790233e-08
-4.751275e-08
-4.635478e-08
-4.446025e-08
-4.188079e-08
-3.868574e-08
-3.495938e-08
-3.079764e-08
-2.630453e-08
-2.158829e-08
-1.675762e-08
-1.191816e-08
-7.169238e-09
-2.601153e-09
1.706981e-09
5.688772e-09
9.291458e-09
1.247620e-08
1.521785e-08
1.750417e-08
1.933482e-08
2.071987e-08
2.167829e-08
2.223630e-08
2.242567e-08
2.228216e-08
2.184404e-08
2.115078e-08
2.024187e-08
1.915596e-08
1.793005e-08
1.659893e-08
1.519481e-08
1.374705e-08
1.228206e-08
1.082327e-08
9.391204e-09
8.003641e-09
6.675768e-09
5.420415e-09
4.248282e-09
3.168185e-09
2.187289e-09
1.311337e-09
5.448655e-10
-1.086007e-10
-6.463794e-10
-1.066480e-09
-1.367484e-09
-1.548445e-09
-2.192746e-09
-2.126057e-09
-1.926138e-09
-1.593455e-09
-1.128836e-09
-5.335474e-10
1.906006e-10
1.041114e-09
2.014648e-09
3.106813e-09
4.311952e-09
5.622890e-09
7.030670e-09
8.524268e-09
1.009030e-08
1.171275e-08
1.337265e-08
1.504789e-08
1.671295e-08
1.833885e-08
1.989300e-08
2.133936e-08
2.263860e-08
2.374851e-08
2.462460e-08
2.522084e-08
2.549076e-08
2.538873e-08
2.487142e-08
2.389960e-08
2.243997e-08
2.046722e-08
1.796608e-08
1.493324e-08
1.137918e-08
7.329618e-09
2.826575e-09
-2.071175e-09
-7.288288e-09
-1.273379e-08
-1.830282e-08
-2.387910e-08
-2.933820e-08
-3.455139e-08
-3.938997e-08
-4.372984e-08
-4.745621e-08
-5.046799e-08
-5.268189e-08
-5.403582e-08
-5.449145e-08
-5.403582e-08
-5.268189e-08
-5.046799e-08
-4.745621e-08
-4.372984e-08
-3.938997e-08
-3.455139e-08
-2.933820e-08
-2.387910e-08
-1.830282e-08
-1.273379e-08
-7.288288e-09
-2.071175e-09
2.826575e-09
7.329619e-09
1.137918e-08
1.493324e-08
1.796608e-08
2.046722e-08
2.243997e-08
2.389960e-08
2.487142e-08
2.538873e-08
2.549076e-08
2.522084e-08
2.462460e-08
2.374851e-08
2.263860e-08
2.133936e-08
1.989300e-08
1.833885e-08
1.671295e-08
1.504789e-08
1.337265e-08
1.171275e-08
1.009030e-08
8.524269e-09
7.030670e-09
5.622890e-09
4.311952e-09
3.106813e-09
2.014648e-09
1.041114e-09
1.906008e-10
-5.335473e-10
-1.128836e-09
-1.593455e-09
-1.926137e-09
-2.126056e-09
-2.897155e-09
-2.824382e-09
-2.606175e-09
-2.242886e-09
-1.735159e-09
-1.084009e-09
-2.909479e-10
6.418711e-10
1.711464e-09
2.913798e-09
4.243538e-09
5.693768e-09
7.255679e-09
8.918237e-09
1.066784e-08
1.248795e-08
1.435877e-08
1.625690e-08
1.815505e-08
2.002184e-08
2.182166e-08
2.351466e-08
2.505693e-08
2.640083e-08
2.749555e-08
2.828801e-08
2.872390e-08
2.874915e-08
2.831167e-08
2.736328e-08
2.586206e-08
2.377467e-08
2.107895e-08
1.776629e-08
1.384402e-08
9.337268e-09
4.290497e-09
-1.231762e-09
-7.144896e-09
-1.334514e-08
-1.971150e-08
-2.610860e-08
-3.239056e-08
-3.840554e-08
-4.400105e-08
-4.902949e-08
-5.335390e-08
-5.685340e-08
-5.942820e-08
-6.100380e-08
-6.153420e-08
-6.100380e-08
-5.942820e-08
-5.685340e-08
-5.335390e-08
-4.902949e-08
-4.400105e-08
-3.840554e-08
-3.239056e-08
-2.610860e-08
-1.971150e-08
-1.334514e-08
-7.144896e-09
-1.231762e-09
4.290497e-09
9.337268e-09
1.384402e-08
1.776629e-08
2.107895e-08
2.377467e-08
2.586206e-08
2.736328e-08
2.831167e-08
2.874915e-08
2.872390e-08
2.828801e-08
2.749556e-08
2.640083e-08
2.505693e-08
2.351466e-08
2.182166e-08
2.002184e-08
1.815505e-08
1.625690e-08
1.435877e-08
1.248795e-08
1.066784e-08
8.918237e-09
7.255679e-09
5.693768e-09
4.243538e-09
2.913798e-09
1.711464e-09
6.418711e-10
-2.909479e-10
-1.084009e-09
-1.735159e-09
-2.242886e-09
-2.606175e-09
-2.824382e-09
-3.729984e-09
-3.651427e-09
-3.415814e-09
-3.023341e-09
-2.474396e-09
-1.769649e-09
-9.101749e-10
1.023732e-10
1.265567e-09
2.575959e-09
4.028803e-09
5.617736e-09
7.334425e-09
9.168185e-09
1.110557e-08
1.312994e-08
1.522106e-08
1.735463e-08
1.950197e-08
2.162962e-08
2.369918e-08
2.566716e-08
2.748505e-08
2.909960e-08
3.045337e-08
3.148555e-08
3.213315e-08
3.233253e-08
3.202139e-08
3.114099e-08
2.963885e-08
2.747160e-08
2.460809e-08
2.103241e-08
1.674684e-08
1.177443e-08
6.160988e-09
-2.366669e-11
-6.685435e-09
-1.370678e-08
-2.094880e-08
-2.825451e-08
-3.545336e-08
-4.236673e-08
-4.881426e-08
-5.462071e-08
-5.962287e-08
-6.367640e-08
-6.666186e-08
-6.848999e-08
-6.910560e-08
-6.848999e-08
-6.666186e-08
-6.367640e-08
-5.962287e-08
-5.462071e-08
-4.881426e-08
-4.236673e-08
-3.545336e-08
-2.825451e-08
-2.094880e-08
-1.370678e-08
-6.685435e-09
-2.366637e-11
6.160988e-09
1.177443e-08
1.674684e-08
2.103241e-08
2.460809e-08
2.747160e-08
2.963885e-08
3.114099e-08
3.202139e-08
3.233253e-08
3.213315e-08
3.148555e-08
3.045337e-08
2.909960e-08
2.748505e-08
2.566716e-08
2.369918e-08
2.162962e-08
1.950197e-08
1.735463e-08
1.522106e-08
1.312994e-08
1.110557e-08
9.168185e-09
7.334425e-09
5.617736e-09
4.028804e-09
2.575960e-09
1.265567e-09
1.023732e-10
-9.101748e-10
-1.769649e-09
-2.474396e-09
-3.023341e-09
-3.415814e-09
-3.651427e-09
-4.697759e-09
-4.613797e-09
-4.361904e-09
-3.942076e-09
-3.354373e-09
-2.599009e-09
-1.676494e-09
-5.878046e-10
6.653938e-10
2.080485e-09
3.653595e-09
5.379240e-09
7.249932e-09
9.255739e-09
1.138381e-08
1.361788e-08
1.593773e-08
1.831869e-08
2.073111e-08
2.313994e-08
2.550433e-08
2.777738e-08
2.990613e-08
3.183164e-08
3.348952e-08
3.481065e-08
3.572246e-08
3.615053e-08
3.602074e-08
3.526188e-08
3.380871e-08
3.160540e-08
2.860924e-08
2.479445e-08
2.015592e-08
1.471254e-08
8.509988e-09
1.622548e-09
-5.846143e-09
-1.376378e-08
-2.197158e-08
-3.028799e-08
-3.851400e-08
-4.643971e-08
-5.385198e-08
-6.054281e-08
-6.631782e-08
-7.100461e-08
-7.446029e-08
-7.657790e-08
-7.729124e-08
-7.657790e-08
-7.446029e-08
-7.100461e-08
-6.631782e-08
-6.054281e-08
-5.385198e-08
-4.643971e-08
-3.851400e-08
-3.028799e-08
-2.197158e-08
-1.376378e-08
-5.846143e-09
1.622549e-09
8.509988e-09
1.471254e-08
2.015592e-08
2.479445e-08
2.860924e-08
3.160540e-08
3.380871e-08
3.526188e-08
3.602074e-08
3.615053e-08
3.572246e-08
3.481065e-08
3.348952e-08
3.183164e-08
2.990613e-08
2.777738e-08
2.550433e-08
2.313994e-08
2.073111e-08
1.831869e-08
1.593773e-08
1.361788e-08
1.138381e-08
9.255740e-09
7.249933e-09
5.379241e-09
3.653595e-09
2.080485e-09
6.653940e-10
-5.878044e-10
-1.676494e-09
-2.599009e-09
-3.354373e-09
-3.942076e-09
-4.361903e-09
-4.613797e-09
-5.805368e-09
-5.716474e-09
-5.449705e-09
-5.004813e-09
-4.381455e-09
-3.579288e-09
-2.598110e-09
-1.438049e-09
-9.979124e-11
1.415137e-09
3.104040e-09
4.962664e-09
6.984767e-09
9.161620e-09
1.148147e-08
1.392895e-08
1.648445e-08
1.912350e-08
2.181612e-08
2.452617e-08
2.721089e-08
2.982040e-08
3.229752e-08
3.457770e-08
3.658937e-08
3.825464e-08
3.949045e-08
4.021029e-08
4.032653e-08
3.975329e-08
3.841000e-08
3.622546e-08
3.314228e-08
2.912162e-08
2.414791e-08
1.823320e-08
1.142091e-08
3.788545e-09
-4.550957e-09
-1.344958e-08
-2.272644e-08
-3.217201e-08
-4.155427e-08
-5.062662e-08
-5.913716e-08
-6.683885e-08
-7.350005e-08
-7.891476e-08
-8.291189e-08
-8.536322e-08
-8.618929e-08
-8.536322e-08
-8.291189e-08
-7.891476e-08
-7.350005e-08
-6.683885e-08
-5.913716e-08
-5.062662e-08
-4.155427e-08
-3.217201e-08
-2.272644e-08
-1.344958e-08
-4.550957e-09
3.788545e-09
1.142091e-08
1.823320e-08
2.414791e-08
2.912162e-08
3.314228e-08
3.622546e-08
3.841001e-08
3.975329e-08
4.032653e-08
4.021029e-08
3.949045e-08
3.825464e-08
3.658937e-08
3.457770e-08
3.229752e-08
2.982040e-08
2.721089e-08
2.452617e-08
2.181612e-08
1.912350e-08
1.648445e-08
1.392895e-08
1.148147e-08
9.161621e-09
6.984768e-09
4.962665e-09
3.104040e-09
1.415137e-09
-9.979099e-11
-1.438049e-09
-2.598110e-09
-3.579287e-09
-4.381455e-09
-5.004813e-09
-5.449705e-09
-5.716474e-09
-7.055835e-09
-6.962585e-09
-6.682650e-09
-6.215499e-09
-5.560312e-09
-4.716083e-09
-3.681762e-09
-2.456450e-09
-1.039634e-09
5.685162e-10
2.366797e-09
4.352563e-09
6.521244e-09
8.865809e-09
1.137615e-08
1.403843e-08
1.683430e-08
1.974021e-08
2.272654e-08
2.575684e-08
2.878709e-08
3.176504e-08
3.462973e-08
3.731127e-08
3.973091e-08
4.180156e-08
4.342888e-08
4.451297e-08
4.495082e-08
4.463948e-08
4.348008e-08
4.138259e-08
3.827115e-08
3.408989e-08
2.880885e-08
2.242969e-08
1.499068e-08
6.570637e-09
-2.708876e-09
-1.268330e-08
-2.314726e-08
-3.385925e-08
-4.454884e-08
-5.492615e-08
-6.469314e-08
-7.355611e-08
-8.123867e-08
-8.749434e-08
-9.211810e-08
-9.495605e-08
-9.591281e-08
-9.495605e-08
-9.211810e-08
-8.749434e-08
-8.123867e-08
-7.355611e-08
-6.469314e-08
-5.492615e-08
-4.454884e-08
-3.385925e-08
-2.314726e-08
-1.268330e-08
-2.708876e-09
6.570637e-09
1.499068e-08
2.242969e-08
2.880885e-08
3.408989e-08
3.827115e-08
4.138259e-08
4.348008e-08
4.463948e-08
4.495082e-08
4.451297e-08
4.342888e-08
4.180156e-08
3.973091e-08
3.731127e-08
3.462973e-08
3.176504e-08
2.878709e-08
2.575684e-08
2.272654e-08
1.974021e-08
1.683430e-08
1.403843e-08
1.137615e-08
8.865810e-09
6.521244e-09
4.352563e-09
2.366798e-09
5.685166e-10
-1.039633e-09
-2.456449e-09
-3.681762e-09
-4.716082e-09
-5.560312e-09
-6.215499e-09
-6.682650e-09
-6.962585e-09
-8.450070e-09
-8.353149e-09
-8.062093e-09
-7.576046e-09
-6.893643e-09
-6.013117e-09
-4.932435e-09
-3.649499e-09
-2.162380e-09
-4.696256e-10
1.429377e-09
3.533972e-09
5.841720e-09
8.347815e-09
1.104441e-08
1.391985e-08
1.695786e-08
2.013659e-08
2.342770e-08
2.679530e-08
3.019502e-08
3.357306e-08
3.686544e-08
3.999739e-08
4.288320e-08
4.542643e-08
4.752080e-08
4.905177e-08
4.989903e-08
4.993990e-08
4.905386e-08
4.712800e-08
4.406341e-08
3.978223e-08
3.423516e-08
2.740875e-08
1.933218e-08
1.008272e-08
-2.107236e-10
-1.136650e-08
-2.315214e-08
-3.528953e-08
-4.746332e-08
-5.933234e-08
-7.054339e-08
-8.074665e-08
-8.961178e-08
-9.684345e-08
-1.021956e-07
-1.054835e-07
-1.065924e-07
-1.054835e-07
-1.021956e-07
-9.684345e-08
-8.961178e-08
-8.074665e-08
-7.054339e-08
-5.933234e-08
-4.746332e-08
-3.528953e-08
-2.315214e-08
-1.136650e-08
-2.107235e-10
1.008272e-08
1.933218e-08
2.740875e-08
3.423516e-08
3.978223e-08
4.406341e-08
4.712801e-08
4.905386e-08
4.993990e-08
4.989903e-08
4.905177e-08
4.752080e-08
4.542643e-08
4.288320e-08
3.999739e-08
3.686544e-08
3.357306e-08
3.019502e-08
2.679530e-08
2.342770e-08
2.013659e-08
1.695786e-08
1.391985e-08
1.104441e-08
8.347816e-09
5.841720e-09
3.533972e-09
1.429378e-09
-4.696251e-10
-2.162379e-09
-3.649498e-09
-4.932435e-09
-6.013117e-09
-6.893643e-09
-7.576046e-09
-8.062093e-09
-8.353149e-09
-9.986619e-09
-9.886831e-09
-9.587052e-09
-9.086066e-09
-8.381902e-09
-7.471941e-09
-6.353046e-09
-5.021755e-09
-3.474523e-09
-1.708014e-09
2.805191e-10
2.492797e-09
4.928979e-09
7.587039e-09
1.046204e-08
1.354527e-08
1.682336e-08
2.027713e-08
2.388055e-08
2.759941e-08
3.139012e-08
3.519846e-08
3.895840e-08
4.259119e-08
4.600470e-08
4.909330e-08
5.173835e-08
5.380958e-08
5.516749e-08
5.566689e-08
5.516182e-08
5.351183e-08
5.058941e-08
4.628868e-08
4.053460e-08
3.329250e-08
2.457702e-08
1.445979e-08
3.074841e-09
-9.378994e-09
-2.263945e-08
-3.638642e-08
-5.025176e-08
-6.383314e-08
-7.671100e-08
-8.846775e-08
-9.870771e-08
-1.070765e-07
-1.132785e-07
-1.170918e-07
-1.183784e-07
-1.170918e-07
-1.132785e-07
-1.070765e-07
-9.870771e-08
-8.846775e-08
-7.671100e-08
-6.383314e-08
-5.025176e-08
-3.638642e-08
-2.263945e-08
-9.378994e-09
3.074841e-09
1.445979e-08
2.457702e-08
3.329250e-08
4.053460e-08
4.628868e-08
5.058941e-08
5.351183e-08
5.516182e-08
5.566689e-08
5.516749e-08
5.380958e-08
5.173835e-08
4.909330e-08
4.600470e-08
4.259119e-08
3.895840e-08
3.519846e-08
3.139012e-08
2.759941e-08
2.388055e-08
2.027714e-08
1.682336e-08
1.354527e-08
1.046204e-08
7.587040e-09
4.928980e-09
2.492797e-09
2.805194e-10
-1.708014e-09
-3.474522e-09
-5.021755e-09
-6.353046e-09
-7.471941e-09
-8.381902e-09
-9.086066e-09
-9.587052e-09
-9.886831e-09
-1.166142e-08
-1.155969e-08
-1.125395e-08
-1.074259e-08
-1.002300e-08
-9.091617e-09
-7.944098e-09
-6.575478e-09
-4.980404e-09
-3.153423e-09
-1.089350e-09
1.216292e-09
3.766723e-09
6.563264e-09
9.604559e-09
1.288567e-08
1.639704e-08
2.012327e-08
2.404180e-08
2.812145e-08
3.232082e-08
3.658668e-08
4.085240e-08
4.503648e-08
4.904140e-08
5.275291e-08
5.604005e-08
5.875602e-08
6.074039e-08
6.182260e-08
6.182719e-08
6.058078e-08
5.792080e-08
5.370579e-08
4.782698e-08
4.022041e-08
3.087882e-08
1.986228e-08
7.306331e-09
-6.573670e-09
-2.148291e-08
-3.705295e-08
-5.285323e-08
-6.840793e-08
-8.321715e-08
-9.678090e-08
-1.086242e-07
-1.183211e-07
-1.255167e-07
-1.299444e-07
-1.314389e-07
-1.299444e-07
-1.255167e-07
-1.183211e-07
-1.086242e-07
-9.678090e-08
-8.321715e-08
-6.840793e-08
-5.285323e-08
-3.705295e-08
-2.148291e-08
-6.573671e-09
7.306331e-09
1.986228e-08
3.087882e-08
4.022041e-08
4.782698e-08
5.370579e-08
5.792080e-08
6.058078e-08
6.182719e-08
6.182260e-08
6.074039e-08
5.875602e-08
5.604005e-08
5.275292e-08
4.904140e-08
4.503648e-08
4.085240e-08
3.658668e-08
3.232082e-08
2.812145e-08
2.404180e-08
2.012327e-08
1.639704e-08
1.288567e-08
9.604560e-09
6.563265e-09
3.766723e-09
1.216292e-09
-1.089349e-09
-3.153423e-09
-4.980404e-09
-6.575478e-09
-7.944098e-09
-9.091617e-09
-1.002300e-08
-1.074259e-08
-1.125395e-08
-1.155969e-08
-1.346755e-08
-1.336492e-08
-1.305635e-08
-1.253982e-08
-1.181202e-08
-1.086840e-08
-9.703330e-09
-8.310227e-09
-6.681774e-09
-4.810192e-09
-2.687586e-09
-3.063758e-10
2.340170e-09
5.257274e-09
8.447857e-09
1.191158e-08
1.564371e-08
1.963381e-08
2.386418e-08
2.830818e-08
3.292829e-08
3.767412e-08
4.248026e-08
4.726427e-08
5.192480e-08
5.634019e-08
6.036773e-08
6.384387e-08
6.658585e-08
6.839502e-08
6.906211e-08
6.837488e-08
6.612804e-08
6.213549e-08
5.624458e-08
4.835147e-08
3.841699e-08
2.648131e-08
1.267574e-08
-2.769727e-09
-1.952492e-08
-3.716538e-08
-5.518596e-08
-7.302159e-08
-9.007392e-08
-1.057419e-07
-1.194541e-07
-1.306990e-07
-1.390515e-07
-1.441940e-07
-1.459303e-07
-1.441940e-07
-1.390515e-07
-1.306990e-07
-1.194541e-07
-1.057419e-07
-9.007392e-08
-7.302159e-08
-5.518596e-08
-3.716538e-08
-1.952492e-08
-2.769727e-09
1.267574e-08
2.648131e-08
3.841700e-08
4.835147e-08
5.624458e-08
6.213549e-08
6.612804e-08
6.837488e-08
6.906211e-08
6.839502e-08
6.658585e-08
6.384387e-08
6.036773e-08
5.634019e-08
5.192480e-08
4.726427e-08
4.248026e-08
3.767412e-08
3.292829e-08
2.830818e-08
2.386418e-08
1.963381e-08
1.564371e-08
1.191158e-08
8.447858e-09
5.257275e-09
2.340170e-09
-3.063753e-10
-2.687586e-09
-4.810192e-09
-6.681773e-09
-8.310227e-09
-9.703330e-09
-1.086840e-08
-1.181202e-08
-1.253982e-08
-1.305635e-08
-1.336492e-08
-1.539501e-08
-1.529265e-08
-1.498473e-08
-1.446883e-08
-1.374090e-08
-1.279540e-08
-1.162534e-08
-1.022244e-08
-8.577315e-09
-6.679687e-09
-4.518731e-09
-2.083457e-09
6.367784e-10
3.651628e-09
6.968962e-09
1.059388e-08
1.452754e-08
1.876569e-08
2.329702e-08
2.810120e-08
3.314658e-08
3.838781e-08
4.376307e-08
4.919136e-08
5.456983e-08
5.977139e-08
6.464298e-08
6.900480e-08
7.265109e-08
7.535275e-08
7.686245e-08
7.692266e-08
7.527665e-08
7.168280e-08
6.593174e-08
5.786607e-08
4.740115e-08
3.454507e-08
1.941622e-08
2.255990e-09
-1.656678e-08
-3.656154e-08
-5.713183e-08
-7.760060e-08
-9.724482e-08
-1.153373e-07
-1.311901e-07
-1.441947e-07
-1.538526e-07
-1.597968e-07
-1.618033e-07
-1.597968e-07
-1.538526e-07
-1.441947e-07
-1.311901e-07
-1.153373e-07
-9.724482e-08
-7.760060e-08
-5.713183e-08
-3.656154e-08
-1.656678e-08
2.255989e-09
1.941622e-08
3.454507e-08
4.740115e-08
5.786607e-08
6.593174e-08
7.168280e-08
7.527665e-08
7.692266e-08
7.686245e-08
7.535275e-08
7.265109e-08
6.900480e-08
6.464298e-08
5.977139e-08
5.456983e-08
4.919136e-08
4.376307e-08
3.838781e-08
3.314658e-08
2.810120e-08
2.329702e-08
1.876569e-08
1.452754e-08
1.059388e-08
6.968962e-09
3.651629e-09
6.367788e-10
-2.083457e-09
-4.518731e-09
-6.679687e-09
-8.577315e-09
-1.022244e-08
-1.162534e-08
-1.279540e-08
-1.374090e-08
-1.446883e-08
-1.498473e-08
-1.529265e-08
-1.743054e-08
-1.732971e-08
-1.702627e-08
-1.651736e-08
-1.579822e-08
-1.486230e-08
-1.370124e-08
-1.230503e-08
-1.066214e-08
-8.759726e-09
-6.583848e-09
-4.119874e-09
-1.352913e-09
1.731584e-09
5.147053e-09
8.904856e-09
1.301306e-08
1.747495e-08
2.228721e-08
2.743772e-08
3.290306e-08
3.864547e-08
4.460967e-08
5.071923e-08
5.687292e-08
6.294121e-08
6.876318e-08
7.414445e-08
7.885654e-08
8.263841e-08
8.520089e-08
8.623449e-08
8.542139e-08
8.245154e-08
7.704319e-08
6.896748e-08
5.807518e-08
4.432483e-08
2.781033e-08
8.780653e-09
-1.235203e-08
-3.501352e-08
-5.848099e-08
-8.191613e-08
-1.044205e-07
-1.251047e-07
-1.431558e-07
-1.578897e-07
-1.687779e-07
-1.754531e-07
-1.777014e-07
-1.754531e-07
-1.687779e-07
-1.578897e-07
-1.431558e-07
-1.251047e-07
-1.044205e-07
-8.191613e-08
-5.848099e-08
-3.501353e-08
-1.235203e-08
8.780653e-09
2.781033e-08
4.432483e-08
5.807518e-08
6.896748e-08
7.704319e-08
8.245154e-08
8.542139e-08
8.623449e-08
8.520089e-08
8.263841e-08
7.885654e-08
7.414445e-08
6.876318e-08
6.294121e-08
5.687292e-08
5.071923e-08
4.460967e-08
3.864547e-08
3.290306e-08
2.743772e-08
2.228721e-08
1.747495e-08
1.301306e-08
8.904857e-09
5.147054e-09
1.731584e-09
-1.352912e-09
-4.119874e-09
-6.583848e-09
-8.759725e-09
-1.066214e-08
-1.230503e-08
-1.370124e-08
-1.486230e-08
-1.579822e-08
-1.651736e-08
-1.702627e-08
-1.732971e-08
-1.955745e-08
-1.945952e-08
-1.916466e-08
-1.866960e-08
-1.796891e-08
-1.705502e-08
-1.591825e-08
-1.454690e-08
-1.292730e-08
-1.104396e-08
-8.879802e-09
-6.416381e-09
-3.634323e-09
-5.138188e-10
2.964669e-09
6.819492e-09
1.106664e-08
1.571821e-08
2.078054e-08
2.625185e-08
3.211941e-08
3.835616e-08
4.491678e-08
5.173329e-08
5.871027e-08
6.571991e-08
7.259736e-08
7.913677e-08
8.508878e-08
9.016035e-08
9.401768e-08
9.629320e-08
9.659744e-08
9.453720e-08
8.973956e-08
8.187941e-08
7.071576e-08
5.613589e-08
3.819283e-08
1.713497e-08
-6.560377e-09
-3.215582e-08
-5.866405e-08
-8.493155e-08
-1.097801e-07
-1.321536e-07
-1.512219e-07
-1.664186e-07
-1.774150e-07
-1.840527e-07
-1.862702e-07
-1.840527e-07
-1.774150e-07
-1.664186e-07
-1.512219e-07
-1.321536e-07
-1.097801e-07
-8.493155e-08
-5.866405e-08
-3.215582e-08
-6.560378e-09
1.713497e-08
3.819283e-08
5.613589e-08
7.071576e-08
8.187941e-08
8.973956e-08
9.453721e-08
9.659744e-08
9.629320e-08
9.401768e-08
9.016035e-08
8.508878e-08
7.913677e-08
7.259736e-08
6.571991e-08
5.871027e-08
5.173329e-08
4.491678e-08
3.835616e-08
3.211941e-08
2.625185e-08
2.078054e-08
1.571821e-08
1.106664e-08
6.819493e-09
2.964669e-09
-5.138183e-10
-3.634322e-09
-6.416381e-09
-8.879801e-09
-1.104396e-08
-1.292730e-08
-1.454690e-08
-1.591825e-08
-1.705502e-08
-1.796891e-08
-1.866960e-08
-1.916466e-08
-1.945952e-08
-2.175550e-08
-2.166193e-08
-2.137999e-08
-2.090605e-08
-2.023405e-08
-1.935550e-08
-1.825947e-08
-1.693262e-08
-1.535924e-08
-1.352128e-08
-1.139851e-08
-8.968669e-09
-6.207774e-09
-3.090528e-09
4.091001e-10
4.317058e-09
8.658119e-09
1.345443e-08
1.872361e-08
2.447636e-08
3.071335e-08
3.742157e-08
4.456970e-08
5.210291e-08
5.993681e-08
6.795092e-08
7.598203e-08
8.381795e-08
9.119244e-08
9.778244e-08
1.032087e-07
1.070406e-07
1.088070e-07
1.080147e-07
1.041727e-07
9.682692e-08
8.561177e-08
7.029683e-08
5.084004e-08
2.751670e-08
1.094148e-09
-2.711348e-08
-5.542020e-08
-8.211587e-08
-1.058193e-07
-1.256830e-07
-1.414010e-07
-1.530782e-07
-1.610392e-07
-1.656415e-07
-1.671445e-07
-1.656415e-07
-1.610392e-07
-1.530782e-07
-1.414010e-07
-1.256830e-07
-1.058193e-07
-8.211587e-08
-5.542021e-08
-2.711348e-08
1.094147e-09
2.751670e-08
5.084004e-08
7.029683e-08
8.561177e-08
9.682692e-08
1.041727e-07
1.080147e-07
1.088070e-07
1.070406e-07
1.032087e-07
9.778244e-08
9.119245e-08
8.381795e-08
7.598203e-08
6.795092e-08
5.993681e-08
5.210291e-08
4.456970e-08
3.742157e-08
3.071335e-08
2.447636e-08
1.872361e-08
1.345443e-08
8.658120e-09
4.317058e-09
4.091007e-10
-3.090527e-09
-6.207774e-09
-8.968668e-09
-1.139851e-08
-1.352128e-08
-1.535924e-08
-1.693262e-08
-1.825947e-08
-1.935550e-08
-2.023405e-08
-2.090605e-08
-2.137999e-08
-2.166193e-08
-2.400093e-08
-2.391320e-08
-2.364867e-08
-2.320341e-08
-2.257078e-08
-2.174149e-08
-2.070350e-08
-1.944200e-08
-1.793937e-08
-1.617518e-08
-1.412618e-08
-1.176642e-08
-9.067349e-09
-5.998118e-09
-2.526005e-09
1.382940e-09
5.762959e-09
1.064728e-08
1.606632e-08
2.204530e-08
2.860112e-08
3.573835e-08
4.344421e-08
5.168245e-08
6.038607e-08
6.944908e-08
7.871754e-08
8.798039e-08
9.696121e-08
1.053119e-07
1.126095e-07
1.183579e-07
1.219964e-07
1.229078e-07
1.204415e-07
1.139656e-07
1.028689e-07
8.659562e-08
6.500704e-08
3.895989e-08
1.051720e-08
-1.757594e-08
-4.281905e-08
-6.363235e-08
-7.950232e-08
-9.075175e-08
-9.818258e-08
-1.027563e-07
-1.053564e-07
-1.066494e-07
-1.070362e-07
-1.066494e-07
-1.053564e-07
-1.027563e-07
-9.818258e-08
-9.075176e-08
-7.950232e-08
-6.363235e-08
-4.281905e-08
-1.757594e-08
1.051720e-08
3.895989e-08
6.500704e-08
8.659562e-08
1.028689e-07
1.139656e-07
1.204415e-07
1.229078e-07
1.219964e-07
1.183579e-07
1.126095e-07
1.053119e-07
9.696121e-08
8.798039e-08
7.871754e-08
6.944908e-08
6.038607e-08
5.168245e-08
4.344421e-08
3.573835e-08
2.860112e-08
2.204530e-08
1.606632e-08
1.064728e-08
5.762960e-09
1.382940e-09
-2.526004e-09
-5.998117e-09
-9.067349e-09
-1.176642e-08
-1.412618e-08
-1.617518e-08
-1.793937e-08
-1.944200e-08
-2.070350e-08
-2.174149e-08
-2.257078e-08
-2.320341e-08
-2.364867e-08
-2.391320e-08
-2.626643e-08
-2.618605e-08
-2.594350e-08
-2.553458e-08
-2.495222e-08
-2.418647e-08
-2.322435e-08
-2.204982e-08
-2.064362e-08
-1.898320e-08
-1.704259e-08
-1.479239e-08
-1.219972e-08
-9.228346e-09
-5.838895e-09
-1.989275e-09
2.364625e-09
7.267866e-09
1.276490e-08
1.889734e-08
2.570096e-08
3.320156e-08
4.140969e-08
5.031374e-08
5.987161e-08
7.000054e-08
8.056557e-08
9.136706e-08
1.021283e-07
1.124844e-07
1.219736e-07
1.300350e-07
1.360026e-07
1.390958e-07
1.384046e-07
1.327644e-07
1.207310e-07
1.013805e-07
7.576328e-08
4.728267e-08
2.020696e-08
-2.216119e-09
-1.861877e-08
-2.926678e-08
-3.533097e-08
-3.821290e-08
-3.916102e-08
-3.912779e-08
-3.875092e-08
-3.840350e-08
-3.826961e-08
-3.840350e-08
-3.875092e-08
-3.912779e-08
-3.916102e-08
-3.821290e-08
-3.533097e-08
-2.926678e-08
-1.861877e-08
-2.216120e-09
2.020696e-08
4.728267e-08
7.576328e-08
1.013805e-07
1.207310e-07
1.327644e-07
1.384046e-07
1.390958e-07
1.360026e-07
1.300350e-07
1.219736e-07
1.124844e-07
1.021283e-07
9.136706e-08
8.056557e-08
7.000054e-08
5.987161e-08
5.031374e-08
4.140969e-08
3.320156e-08
2.570096e-08
1.889734e-08
1.276490e-08
7.267866e-09
2.364626e-09
-1.989275e-09
-5.838895e-09
-9.228346e-09
-1.219972e-08
-1.479239e-08
-1.704259e-08
-1.898320e-08
-2.064362e-08
-2.204982e-08
-2.322435e-08
-2.418647e-08
-2.495222e-08
-2.553458e-08
-2.594350e-08
-2.618605e-08
-2.852131e-08
-2.844978e-08
-2.823371e-08
-2.786874e-08
-2.734750e-08
-2.665955e-08
-2.579127e-08
-2.472564e-08
-2.344214e-08
-2.191647e-08
-2.012038e-08
-1.802147e-08
-1.558297e-08
-1.276367e-08
-9.517865e-09
-5.795530e-09
-1.542663e-09
3.297979e-09
8.785690e-09
1.497996e-08
2.193773e-08
2.970949e-08
3.833391e-08
4.783058e-08
5.819057e-08
6.936459e-08
8.124859e-08
9.366736e-08
1.063561e-07
1.189425e-07
1.309331e-07
1.416897e-07
1.503775e-07
1.558472e-07
1.561863e-07
1.483663e-07
1.301341e-07
1.032257e-07
7.324405e-08
4.618007e-08
2.551829e-08
1.179349e-08
3.714150e-09
-5.277308e-10
-2.505053e-09
-3.293600e-09
-3.520997e-09
-3.519660e-09
-3.452915e-09
-3.394109e-09
-3.372072e-09
-3.394109e-09
-3.452915e-09
-3.519660e-09
-3.520998e-09
-3.293601e-09
-2.505054e-09
-5.277318e-10
3.714148e-09
1.179349e-08
2.551829e-08
4.618007e-08
7.324405e-08
1.032257e-07
1.301341e-07
1.483663e-07
1.561863e-07
1.558472e-07
1.503775e-07
1.416897e-07
1.309331e-07
1.189425e-07
1.063561e-07
9.366736e-08
8.124859e-08
6.936459e-08
5.819057e-08
4.783058e-08
3.833392e-08
2.970949e-08
2.193773e-08
1.497996e-08
8.785691e-09
3.297980e-09
-1.542663e-09
-5.795530e-09
-9.517865e-09
-1.276367e-08
-1.558297e-08
-1.802147e-08
-2.012038e-08
-2.191647e-08
-2.344214e-08
-2.472564e-08
-2.579127e-08
-2.665955e-08
-2.734750e-08
-2.786874e-08
-2.823371e-08
-2.844978e-08
-3.073176e-08
-3.067050e-08
-3.048525e-08
-3.017155e-08
-2.972191e-08
-2.912566e-08
-2.836879e-08
-2.743372e-08
-2.629908e-08
-2.493935e-08
-2.332457e-08
-2.141995e-08
-1.918553e-08
-1.657579e-08
-1.353938e-08
-1.001893e-08
-5.950983e-09
-1.266309e-09
4.109456e-09
1.025450e-08
1.724866e-08
2.517002e-08
3.408987e-08
4.406543e-08
5.512984e-08
6.727857e-08
8.045213e-08
9.451332e-08
1.092190e-07
1.241927e-07
1.388782e-07
1.524443e-07
1.635051e-07
1.692194e-07
1.645696e-07
1.456803e-07
1.152483e-07
8.177216e-08
5.331716e-08
3.334692e-08
2.118074e-08
1.446614e-08
1.091264e-08
8.992950e-09
7.878978e-09
7.160005e-09
6.642311e-09
6.247301e-09
5.956223e-09
5.774903e-09
5.713090e-09
5.774902e-09
5.956223e-09
6.247301e-09
6.642311e-09
7.160004e-09
7.878977e-09
8.992949e-09
1.091264e-08
1.446614e-08
2.118074e-08
3.334692e-08
5.331716e-08
8.177216e-08
1.152483e-07
1.456803e-07
1.645696e-07
1.692194e-07
1.635051e-07
1.524443e-07
1.388782e-07
1.241927e-07
1.092190e-07
9.451332e-08
8.045213e-08
6.727857e-08
5.512984e-08
4.406544e-08
3.408987e-08
2.517002e-08
1.724866e-08
1.025450e-08
4.109457e-09
-1.266309e-09
-5.950983e-09
-1.001893e-08
-1.353938e-08
-1.657579e-08
-1.918553e-08
-2.141995e-08
-2.332457e-08
-2.493935e-08
-2.629907e-08
-2.743372e-08
-2.836878e-08
-2.912566e-08
-2.972191e-08
-3.017155e-08
-3.048525e-08
-3.067050e-08
-3.286118e-08
-3.281152e-08
-3.266109e-08
-3.240547e-08
-3.203723e-08
-3.154571e-08
-3.091689e-08
-3.013308e-08
-2.917255e-08
-2.800922e-08
-2.661210e-08
-2.494486e-08
-2.296522e-08
-2.062436e-08
-1.786630e-08
-1.462737e-08
-1.083566e-08
-6.410789e-09
-1.263855e-09
4.701997e-09
1.159027e-08
1.950862e-08
2.856460e-08
3.885899e-08
5.047557e-08
6.346629e-08
7.782859e-08
9.346980e-08
1.101595e-07
1.274436e-07
1.444755e-07
1.596453e-07
1.693456e-07
1.666023e-07
1.456227e-07
1.107262e-07
7.436885e-08
4.633911e-08
2.884755e-08
1.944895e-08
1.473761e-08
1.229898e-08
1.082609e-08
9.689648e-09
8.656002e-09
7.689078e-09
6.817797e-09
6.083543e-09
5.526260e-09
5.178202e-09
5.059861e-09
5.178202e-09
5.526260e-09
6.083543e-09
6.817797e-09
7.689078e-09
8.656002e-09
9.689647e-09
1.082609e-08
1.229898e-08
1.473761e-08
1.944895e-08
2.884755e-08
4.633911e-08
7.436885e-08
1.107262e-07
1.456227e-07
1.666023e-07
1.693456e-07
1.596453e-07
1.444755e-07
1.274436e-07
1.101595e-07
9.346980e-08
7.782859e-08
6.346629e-08
5.047557e-08
3.885899e-08
2.856460e-08
1.950862e-08
1.159027e-08
4.701998e-09
-1.263855e-09
-6.410788e-09
-1.083566e-08
-1.462737e-08
-1.786630e-08
-2.062436e-08
-2.296522e-08
-2.494486e-08
-2.661210e-08
-2.800922e-08
-2.917255e-08
-3.013308e-08
-3.091689e-08
-3.154571e-08
-3.203723e-08
-3.240547e-08
-3.266109e-08
-3.281152e-08
-3.487064e-08
-3.483375e-08
-3.472168e-08
-3.453018e-08
-3.425206e-08
-3.387702e-08
-3.339137e-08
-3.277779e-08
-3.201485e-08
-3.107655e-08
-2.993178e-08
-2.854363e-08
-2.686863e-08
-2.485592e-08
-2.244632e-08
-1.957137e-08
-1.615232e-08
-1.209920e-08
-7.310047e-09
-1.670461e-09
4.946232e-09
1.267780e-08
2.167028e-08
3.207244e-08
4.402618e-08
5.764884e-08
7.299685e-08
9.000030e-08
1.083176e-07
1.270348e-07
1.443198e-07
1.562480e-07
1.548319e-07
1.327848e-07
9.581151e-08
5.968172e-08
3.471624e-08
2.130871e-08
1.518719e-08
1.249347e-08
1.111009e-08
1.004224e-08
8.932947e-09
7.714896e-09
6.437901e-09
5.193949e-09
4.069589e-09
3.131297e-09
2.427705e-09
1.992413e-09
1.845151e-09
1.992413e-09
2.427705e-09
3.131297e-09
4.069589e-09
5.193948e-09
6.437900e-09
7.714895e-09
8.932946e-09
1.004224e-08
1.111009e-08
1.249347e-08
1.518719e-08
2.130871e-08
3.471624e-08
5.968172e-08
9.581151e-08
1.327848e-07
1.548319e-07
1.562480e-07
1.443198e-07
1.270348e-07
1.083176e-07
9.000030e-08
7.299685e-08
5.764884e-08
4.402618e-08
3.207244e-08
2.167028e-08
1.267780e-08
4.946232e-09
-1.670460e-09
-7.310047e-09
-1.209920e-08
-1.615232e-08
-1.957137e-08
-2.244632e-08
-2.485592e-08
-2.686863e-08
-2.854363e-08
-2.993178e-08
-3.107655e-08
-3.201485e-08
-3.277779e-08
-3.339137e-08
-3.387702e-08
-3.425206e-08
-3.453018e-08
-3.472168e-08
-3.483375e-08
-3.671954e-08
-3.669638e-08
-3.662559e-08
-3.650321e-08
-3.632252e-08
-3.607385e-08
-3.574432e-08
-3.531745e-08
-3.477276e-08
-3.408518e-08
-3.322438e-08
-3.215401e-08
-3.083074e-08
-2.920321e-08
-2.721081e-08
-2.478228e-08
-2.183424e-08
-1.826955e-08
-1.397568e-08
-8.823099e-09
-2.664092e-09
4.667875e-09
1.335726e-08
2.360287e-08
3.560823e-08
4.955382e-08
6.552831e-08
8.333420e-08
1.020098e-07
1.194331e-07
1.318960e-07
1.321242e-07
1.122383e-07
7.733590e-08
4.443391e-08
2.385907e-08
1.443211e-08
1.100183e-08
9.977621e-09
9.501400e-09
8.866451e-09
7.916494e-09
6.694527e-09
5.302716e-09
3.856949e-09
2.468739e-09
1.228281e-09
2.019477e-10
-5.628379e-10
-1.034028e-09
-1.193107e-09
-1.034028e-09
-5.628380e-10
2.019475e-10
1.228280e-09
2.468738e-09
3.856948e-09
5.302716e-09
6.694526e-09
7.916493e-09
8.866450e-09
9.501399e-09
9.977619e-09
1.100183e-08
1.443211e-08
2.385907e-08
4.443391e-08
7.733591e-08
1.122383e-07
1.321242e-07
1.318960e-07
1.194331e-07
1.020098e-07
8.333420e-08
6.552831e-08
4.955382e-08
3.560823e-08
2.360287e-08
1.335726e-08
4.667876e-09
-2.664091e-09
-8.823099e-09
-1.397568e-08
-1.826955e-08
-2.183424e-08
-2.478228e-08
-2.721081e-08
-2.920321e-08
-3.083074e-08
-3.215401e-08
-3.322438e-08
-3.408518e-08
-3.477276e-08
-3.531745e-08
-3.574432e-08
-3.607385e-08
-3.632252e-08
-3.650320e-08
-3.662559e-08
-3.669638e-08
-3.836626e-08
-3.835753e-08
-3.833015e-08
-3.828061e-08
-3.820285e-08
-3.808816e-08
-3.792484e-08
-3.769787e-08
-3.738834e-08
-3.697295e-08
-3.642318e-08
-3.570447e-08
-3.477512e-08
-3.358502e-08
-3.207418e-08
-3.017103e-08
-2.779034e-08
-2.483101e-08
-2.117351e-08
-1.667708e-08
-1.117693e-08
-4.481610e-09
3.628690e-09
1.340065e-08
2.509283e-08
3.892277e-08
5.487991e-08
7.210907e-08
8.819209e-08
9.977517e-08
1.017970e-07
8.749332e-08
5.885351e-08
3.104784e-08
1.466312e-08
8.297994e-09
7.001230e-09
7.378515e-09
7.792497e-09
7.725824e-09
7.124672e-09
6.090334e-09
4.764417e-09
3.281715e-09
1.764652e-09
3.219956e-10
-9.598070e-10
-2.016712e-09
-2.802587e-09
-3.286149e-09
-3.449306e-09
-3.286149e-09
-2.802587e-09
-2.016712e-09
-9.598074e-10
3.219952e-10
1.764652e-09
3.281714e-09
4.764416e-09
6.090333e-09
7.124671e-09
7.725823e-09
7.792495e-09
7.378513e-09
7.001228e-09
8.297992e-09
1.466312e-08
3.104784e-08
5.885352e-08
8.749332e-08
1.017970e-07
9.977518e-08
8.819209e-08
7.210907e-08
5.487991e-08
3.892277e-08
2.509283e-08
1.340065e-08
3.628691e-09
-4.481609e-09
-1.117693e-08
-1.667708e-08
-2.117351e-08
-2.483101e-08
-2.779034e-08
-3.017103e-08
-3.207418e-08
-3.358501e-08
-3.477512e-08
-3.570447e-08
-3.642318e-08
-3.697295e-08
-3.738834e-08
-3.769787e-08
-3.792484e-08
-3.808816e-08
-3.820285e-08
-3.828061e-08
-3.833015e-08
-3.835753e-08
-3.976904e-08
-3.977513e-08
-3.979241e-08
-3.981787e-08
-3.984638e-08
-3.987047e-08
-3.988004e-08
-3.986201e-08
-3.979978e-08
-3.967260e-08
-3.945485e-08
-3.911502e-08
-3.861458e-08
-3.790662e-08
-3.693407e-08
-3.562778e-08
-3.390404e-08
-3.166172e-08
-2.877892e-08
-2.510899e-08
-2.047606e-08
-1.467035e-08
-7.443835e-09
1.487423e-09
1.241496e-08
2.550569e-08
4.021831e-08
5.416812e-08
6.390039e-08
6.688338e-08
5.956258e-08
4.058447e-08
1.932628e-08
6.526568e-09
2.393180e-09
2.804794e-09
4.472368e-09
5.851463e-09
6.520894e-09
6.461553e-09
5.805985e-09
4.716578e-09
3.349162e-09
1.840150e-09
3.087846e-10
-1.141168e-09
-2.426876e-09
-3.486059e-09
-4.273325e-09
-4.757672e-09
-4.921087e-09
-4.757672e-09
-4.273325e-09
-3.486059e-09
-2.426876e-09
-1.141168e-09
3.087842e-10
1.840150e-09
3.349161e-09
4.716578e-09
5.805985e-09
6.461553e-09
6.520893e-09
5.851462e-09
4.472366e-09
2.804793e-09
2.393178e-09
6.526566e-09
1.932628e-08
4.058447e-08
5.956259e-08
6.688339e-08
6.390040e-08
5.416812e-08
4.021831e-08
2.550570e-08
1.241496e-08
1.487423e-09
-7.443834e-09
-1.467034e-08
-2.047606e-08
-2.510898e-08
-2.877892e-08
-3.166172e-08
-3.390404e-08
-3.562778e-08
-3.693407e-08
-3.790662e-08
-3.861458e-08
-3.911502e-08
-3.945485e-08
-3.967260e-08
-3.979978e-08
-3.986201e-08
-3.988004e-08
-3.987047e-08
-3.984638e-08
-3.981787e-08
-3.979241e-08
-3.977513e-08
-4.088690e-08
-4.090786e-08
-4.096998e-08
-4.107090e-08
-4.120655e-08
-4.137099e-08
-4.155610e-08
-4.175123e-08
-4.194270e-08
-4.211316e-08
-4.224084e-08
-4.229856e-08
-4.225257e-08
-4.206105e-08
-4.167232e-08
-4.102262e-08
-4.003341e-08
-3.860809e-08
-3.662786e-08
-3.394686e-08
-3.038617e-08
-2.572703e-08
-1.970590e-08
-1.202251e-08
-2.403344e-09
9.008648e-09
2.040236e-08
2.802366e-08
3.055645e-08
2.846755e-08
2.068418e-08
8.046388e-09
-1.184783e-09
-3.683902e-09
-1.910267e-09
9.980775e-10
3.452208e-09
5.014063e-09
5.679176e-09
5.583112e-09
4.899436e-09
3.798328e-09
2.433512e-09
9.373342e-10
-5.753877e-10
-2.005452e-09
-3.273133e-09
-4.317661e-09
-5.094274e-09
-5.572201e-09
-5.733475e-09
-5.572201e-09
-5.094275e-09
-4.317661e-09
-3.273134e-09
-2.005452e-09
-5.753882e-10
9.373335e-10
2.433512e-09
3.798327e-09
4.899436e-09
5.583111e-09
5.679175e-09
5.014062e-09
3.452206e-09
9.980761e-10
-1.910269e-09
-3.683904e-09
-1.184784e-09
8.046389e-09
2.068418e-08
2.846756e-08
3.055645e-08
2.802366e-08
2.040236e-08
9.008649e-09
-2.403343e-09
-1.202251e-08
-1.970590e-08
-2.572703e-08
-3.038617e-08
-3.394686e-08
-3.662786e-08
-3.860809e-08
-4.003341e-08
-4.102261e-08
-4.167232e-08
-4.206105e-08
-4.225257e-08
-4.229856e-08
-4.224084e-08
-4.211316e-08
-4.194270e-08
-4.175123e-08
-4.155610e-08
-4.137099e-08
-4.120655e-08
-4.107090e-08
-4.096998e-08
-4.090786e-08
-4.168065e-08
-4.171616e-08
-4.182218e-08
-4.199707e-08
-4.223800e-08
-4.254079e-08
-4.289961e-08
-4.330665e-08
-4.375171e-08
-4.422154e-08
-4.469914e-08
-4.516286e-08
-4.558516e-08
-4.593122e-08
-4.615711e-08
-4.620749e-08
-4.601284e-08
-4.548584e-08
-4.451692e-08
-4.296868e-08
-4.066878e-08
-3.740207e-08
-3.290731e-08
-2.689746e-08
-1.924253e-08
-1.086963e-08
-5.030896e-09
-3.951954e-09
-4.298628e-09
-3.288487e-09
-4.793940e-09
-9.044407e-09
-1.010740e-08
-7.313154e-09
-3.235743e-09
3.709542e-10
2.968567e-09
4.514572e-09
5.143588e-09
5.027327e-09
4.345209e-09
3.263299e-09
1.929532e-09
4.712794e-10
-1.001196e-09
-2.392983e-09
-3.627315e-09
-4.645016e-09
-5.402125e-09
-5.868251e-09
-6.025580e-09
-5.868251e-09
-5.402125e-09
-4.645016e-09
-3.627315e-09
-2.392984e-09
-1.001197e-09
4.712788e-10
1.929532e-09
3.263299e-09
4.345209e-09
5.027327e-09
5.143587e-09
4.514571e-09
2.968566e-09
3.709530e-10
-3.235744e-09
-7.313156e-09
-1.010740e-08
-9.044408e-09
-4.793938e-09
-3.288482e-09
-4.298623e-09
-3.951951e-09
-5.030894e-09
-1.086963e-08
-1.924253e-08
-2.689746e-08
-3.290731e-08
-3.740207e-08
-4.066878e-08
-4.296868e-08
-4.451692e-08
-4.548584e-08
-4.601284e-08
-4.620749e-08
-4.615711e-08
-4.593122e-08
-4.558516e-08
-4.516286e-08
-4.469914e-08
-4.422154e-08
-4.375171e-08
-4.330665e-08
-4.289961e-08
-4.254079e-08
-4.223800e-08
-4.199707e-08
-4.182218e-08
-4.171616e-08
-4.211398e-08
-4.216332e-08
-4.231109e-08
-4.255645e-08
-4.289791e-08
-4.333321e-08
-4.385905e-08
-4.447081e-08
-4.516217e-08
-4.592458e-08
-4.674657e-08
-4.761296e-08
-4.850377e-08
-4.939284e-08
-5.024615e-08
-5.101965e-08
-5.165645e-08
-5.208333e-08
-5.220617e-08
-5.190411e-08
-5.102214e-08
-4.936374e-08
-4.669020e-08
-4.277564e-08
-3.785218e-08
-3.388477e-08
-3.396126e-08
-3.526986e-08
-3.158012e-08
-2.221240e-08
-1.807903e-08
-1.689977e-08
-1.339261e-08
-8.314081e-09
-3.544519e-09
1.854225e-10
2.745909e-09
4.239854e-09
4.838480e-09
4.720733e-09
4.061225e-09
3.019187e-09
1.735857e-09
3.331941e-10
-1.083259e-09
-2.422878e-09
-3.611963e-09
-4.593185e-09
-5.323661e-09
-5.773610e-09
-5.925518e-09
-5.773610e-09
-5.323662e-09
-4.593185e-09
-3.611964e-09
-2.422879e-09
-1.083259e-09
3.331935e-10
1.735857e-09
3.019187e-09
4.061224e-09
4.720732e-09
4.838480e-09
4.239854e-09
2.745909e-09
1.854216e-10
-3.544520e-09
-8.314082e-09
-1.339262e-08
-1.689977e-08
-1.807903e-08
-2.221240e-08
-3.158011e-08
-3.526986e-08
-3.396125e-08
-3.388477e-08
-3.785218e-08
-4.277564e-08
-4.669020e-08
-4.936374e-08
-5.102214e-08
-5.190411e-08
-5.220617e-08
-5.208333e-08
-5.165645e-08
-5.101965e-08
-5.024615e-08
-4.939284e-08
-4.850377e-08
-4.761296e-08
-4.674657e-08
-4.592458e-08
-4.516217e-08
-4.447081e-08
-4.385905e-08
-4.333321e-08
-4.289791e-08
-4.255645e-08
-4.231109e-08
-4.216332e-08
-4.215455e-08
-4.221660e-08
-4.240274e-08
-4.271298e-08
-4.314724e-08
-4.370526e-08
-4.438641e-08
-4.518946e-08
-4.611227e-08
-4.715136e-08
-4.830134e-08
-4.955425e-08
-5.089863e-08
-5.231834e-08
-5.379109e-08
-5.528648e-08
-5.676350e-08
-5.816735e-08
-5.942512e-08
-6.044033e-08
-6.108615e-08
-6.119919e-08
-6.058518e-08
-5.915525e-08
-5.763655e-08
-5.832136e-08
-6.143225e-08
-5.960020e-08
-4.656494e-08
-3.073568e-08
-2.430786e-08
-1.995638e-08
-1.417453e-08
-8.344405e-09
-3.454458e-09
2.073800e-10
2.681552e-09
4.117132e-09
4.693953e-09
4.587413e-09
3.964538e-09
2.976562e-09
1.757572e-09
4.236997e-10
-9.245303e-10
-2.200943e-09
-3.335133e-09
-4.271934e-09
-4.969853e-09
-5.399964e-09
-5.545212e-09
-5.399964e-09
-4.969853e-09
-4.271934e-09
-3.335133e-09
-2.200943e-09
-9.245308e-10
4.236992e-10
1.757571e-09
2.976562e-09
3.964538e-09
4.587412e-09
4.693953e-09
4.117131e-09
2.681551e-09
2.073793e-10
-3.454459e-09
-8.344406e-09
-1.417454e-08
-1.995638e-08
-2.430786e-08
-3.073568e-08
-4.656494e-08
-5.960019e-08
-6.143224e-08
-5.832136e-08
-5.763655e-08
-5.915525e-08
-6.058518e-08
-6.119919e-08
-6.108615e-08
-6.044033e-08
-5.942512e-08
-5.816735e-08
-5.676350e-08
-5.528648e-08
-5.379109e-08
-5.231834e-08
-5.089863e-08
-4.955425e-08
-4.830134e-08
-4.715136e-08
-4.611227e-08
-4.518946e-08
-4.438641e-08
-4.370526e-08
-4.314724e-08
-4.271298e-08
-4.240274e-08
-4.221660e-08
-4.177508e-08
-4.184830e-08
-4.206824e-08
-4.243573e-08
-4.295210e-08
-4.361911e-08
-4.443883e-08
-4.541348e-08
-4.654519e-08
-4.783572e-08
-4.928604e-08
-5.089583e-08
-5.266274e-08
-5.458154e-08
-5.664290e-08
-5.883183e-08
-6.112567e-08
-6.349141e-08
-6.588215e-08
-6.823247e-08
-7.045284e-08
-7.242442e-08
-7.402030e-08
-7.533014e-08
-7.728354e-08
-8.093907e-08
-8.251608e-08
-7.375871e-08
-5.095616e-08
-3.383379e-08
-2.679606e-08
-2.057258e-08
-1.394028e-08
-7.969280e-09
-3.182728e-09
3.421682e-10
2.710184e-09
4.085710e-09
4.645547e-09
4.557913e-09
3.980757e-09
3.056706e-09
1.912246e-09
6.572450e-10
-6.131546e-10
-1.817468e-09
-2.888867e-09
-3.774676e-09
-4.435098e-09
-4.842305e-09
-4.979854e-09
-4.842305e-09
-4.435098e-09
-3.774676e-09
-2.888868e-09
-1.817469e-09
-6.131551e-10
6.572445e-10
1.912246e-09
3.056705e-09
3.980756e-09
4.557912e-09
4.645546e-09
4.085709e-09
2.710183e-09
3.421676e-10
-3.182729e-09
-7.969281e-09
-1.394028e-08
-2.057258e-08
-2.679606e-08
-3.383379e-08
-5.095616e-08
-7.375870e-08
-8.251608e-08
-8.093907e-08
-7.728354e-08
-7.533014e-08
-7.402030e-08
-7.242442e-08
-7.045284e-08
-6.823247e-08
-6.588215e-08
-6.349141e-08
-6.112567e-08
-5.883183e-08
-5.664290e-08
-5.458154e-08
-5.266274e-08
-5.089582e-08
-4.928604e-08
-4.783572e-08
-4.654519e-08
-4.541348e-08
-4.443883e-08
-4.361911e-08
-4.295210e-08
-4.243573e-08
-4.206824e-08
-4.184830e-08
-4.095438e-08
-4.103688e-08
-4.128490e-08
-4.170006e-08
-4.228506e-08
-4.304358e-08
-4.398031e-08
-4.510079e-08
-4.641135e-08
-4.791892e-08
-4.963078e-08
-5.155427e-08
-5.369633e-08
-5.606292e-08
-5.865822e-08
-6.148357e-08
-6.453604e-08
-6.780655e-08
-7.127732e-08
-7.491854e-08
-7.868362e-08
-8.250531e-08
-8.632862e-08
-9.028854e-08
-9.472460e-08
-9.838958e-08
-9.499095e-08
-7.792655e-08
-4.964538e-08
-3.448442e-08
-2.712032e-08
-2.006346e-08
-1.324697e-08
-7.406835e-09
-2.820100e-09
5.319927e-10
2.781504e-09
4.093728e-09
4.637975e-09
4.573154e-09
4.047292e-09
3.193863e-09
2.131324e-09
9.628309e-10
-2.222291e-10
-1.347340e-09
-2.349543e-09
-3.178974e-09
-3.797824e-09
-4.179588e-09
-4.308574e-09
-4.179588e-09
-3.797824e-09
-3.178974e-09
-2.349544e-09
-1.347340e-09
-2.222295e-10
9.628304e-10
2.131324e-09
3.193863e-09
4.047291e-09
4.573153e-09
4.637975e-09
4.093728e-09
2.781504e-09
5.319921e-10
-2.820101e-09
-7.406835e-09
-1.324697e-08
-2.006346e-08
-2.712032e-08
-3.448442e-08
-4.964537e-08
-7.792654e-08
-9.499095e-08
-9.838958e-08
-9.472460e-08
-9.028854e-08
-8.632862e-08
-8.250531e-08
-7.868362e-08
-7.491854e-08
-7.127732e-08
-6.780655e-08
-6.453604e-08
-6.148357e-08
-5.865822e-08
-5.606292e-08
-5.369633e-08
-5.155427e-08
-4.963078e-08
-4.791892e-08
-4.641135e-08
-4.510079e-08
-4.398031e-08
-4.304358e-08
-4.228506e-08
-4.170006e-08
-4.128490e-08
-4.103688e-08
-3.967833e-08
-3.976786e-08
-4.003722e-08
-4.048876e-08
-4.112637e-08
-4.195553e-08
-4.298329e-08
-4.421828e-08
-4.567072e-08
-4.735234e-08
-4.927639e-08
-5.145751e-08
-5.391153e-08
-5.665531e-08
-5.970629e-08
-6.308203e-08
-6.679948e-08
-7.087398e-08
-7.531790e-08
-8.013850e-08
-8.533358e-08
-9.088542e-08
-9.675393e-08
-1.027390e-07
-1.077828e-07
-1.087982e-07
-9.922464e-08
-7.488883e-08
-4.638091e-08
-3.375332e-08
-2.625669e-08
-1.900507e-08
-1.232581e-08
-6.751242e-09
-2.419680e-09
7.355074e-10
2.855070e-09
4.098943e-09
4.626286e-09
4.585426e-09
4.113791e-09
3.335232e-09
2.359759e-09
1.283396e-09
1.894085e-10
-8.509396e-10
-1.778850e-09
-2.547569e-09
-3.121543e-09
-3.475794e-09
-3.595513e-09
-3.475794e-09
-3.121543e-09
-2.547570e-09
-1.778850e-09
-8.509399e-10
1.894081e-10
1.283395e-09
2.359759e-09
3.335231e-09
4.113791e-09
4.585426e-09
4.626286e-09
4.098943e-09
2.855069e-09
7.355069e-10
-2.419680e-09
-6.751243e-09
-1.232581e-08
-1.900507e-08
-2.625669e-08
-3.375332e-08
-4.638091e-08
-7.488883e-08
-9.922464e-08
-1.087982e-07
-1.077828e-07
-1.027390e-07
-9.675393e-08
-9.088542e-08
-8.533358e-08
-8.013850e-08
-7.531790e-08
-7.087398e-08
-6.679948e-08
-6.308203e-08
-5.970629e-08
-5.665531e-08
-5.391153e-08
-5.145751e-08
-4.927639e-08
-4.735234e-08
-4.567072e-08
-4.421828e-08
-4.298329e-08
-4.195553e-08
-4.112637e-08
-4.048876e-08
-4.003722e-08
-3.976786e-08
-3.794066e-08
-3.803470e-08
-3.831782e-08
-3.879296e-08
-3.946505e-08
-4.034108e-08
-4.143015e-08
-4.274354e-08
-4.429483e-08
-4.610000e-08
-4.817755e-08
-5.054861e-08
-5.323707e-08
-5.626967e-08
-5.967606e-08
-6.348887e-08
-6.774369e-08
-7.247899e-08
-7.773587e-08
-8.355684e-08
-8.998012e-08
-9.701715e-08
-1.044938e-07
-1.113836e-07
-1.150647e-07
-1.120793e-07
-9.694985e-08
-6.817123e-08
-4.266089e-08
-3.211850e-08
-2.475301e-08
-1.764482e-08
-1.128376e-08
-6.054870e-09
-2.016569e-09
9.216120e-10
2.899783e-09
4.068737e-09
4.575910e-09
4.558095e-09
4.141583e-09
3.440184e-09
2.555082e-09
1.574779e-09
5.760765e-10
-3.752907e-10
-1.224959e-09
-1.929562e-09
-2.456040e-09
-2.781130e-09
-2.891019e-09
-2.781130e-09
-2.456041e-09
-1.929562e-09
-1.224959e-09
-3.752909e-10
5.760761e-10
1.574778e-09
2.555082e-09
3.440183e-09
4.141583e-09
4.558094e-09
4.575909e-09
4.068737e-09
2.899783e-09
9.216115e-10
-2.016570e-09
-6.054871e-09
-1.128376e-08
-1.764482e-08
-2.475302e-08
-3.211850e-08
-4.266089e-08
-6.817123e-08
-9.694985e-08
-1.120793e-07
-1.150647e-07
-1.113836e-07
-1.044938e-07
-9.701715e-08
-8.998012e-08
-8.355684e-08
-7.773588e-08
-7.247899e-08
-6.774369e-08
-6.348887e-08
-5.967606e-08
-5.626967e-08
-5.323707e-08
-5.054861e-08
-4.817755e-08
-4.610000e-08
-4.429483e-08
-4.274354e-08
-4.143015e-08
-4.034109e-08
-3.946505e-08
-3.879296e-08
-3.831782e-08
-3.803470e-08
-3.574360e-08
-3.583944e-08
-3.612809e-08
-3.661296e-08
-3.729979e-08
-3.819673e-08
-3.931447e-08
-4.066638e-08
-4.226873e-08
-4.414087e-08
-4.630559e-08
-4.878933e-08
-5.162266e-08
-5.484059e-08
-5.848312e-08
-6.259578e-08
-6.723021e-08
-7.244499e-08
-7.830616e-08
-8.488618e-08
-9.225332e-08
-1.004021e-07
-1.088117e-07
-1.153105e-07
-1.163597e-07
-1.092613e-07
-9.036335e-08
-6.026961e-08
-3.881294e-08
-2.990488e-08
-2.286343e-08
-1.610674e-08
-1.017668e-08
-5.349613e-09
-1.634598e-09
1.068466e-09
2.893530e-09
3.979901e-09
4.462178e-09
4.464911e-09
4.102812e-09
3.479277e-09
2.686325e-09
1.804582e-09
9.040729e-10
4.474199e-11
-7.237369e-10
-1.361634e-09
-1.838600e-09
-2.133248e-09
-2.232869e-09
-2.133248e-09
-1.838600e-09
-1.361634e-09
-7.237371e-10
4.474165e-11
9.040726e-10
1.804582e-09
2.686325e-09
3.479277e-09
4.102812e-09
4.464910e-09
4.462177e-09
3.979901e-09
2.893530e-09
1.068466e-09
-1.634599e-09
-5.349613e-09
-1.017668e-08
-1.610674e-08
-2.286343e-08
-2.990488e-08
-3.881294e-08
-6.026961e-08
-9.036335e-08
-1.092613e-07
-1.163597e-07
-1.153105e-07
-1.088117e-07
-1.004021e-07
-9.225332e-08
-8.488618e-08
-7.830616e-08
-7.244499e-08
-6.723021e-08
-6.259578e-08
-5.848312e-08
-5.484059e-08
-5.162266e-08
-4.878933e-08
-4.630559e-08
-4.414087e-08
-4.226873e-08
-4.066638e-08
-3.931447e-08
-3.819673e-08
-3.729979e-08
-3.661296e-08
-3.612809e-08
-3.583944e-08
-3.309833e-08
-3.319311e-08
-3.347868e-08
-3.395875e-08
-3.463958e-08
-3.553007e-08
-3.664198e-08
-3.799007e-08
-3.959243e-08
-4.147079e-08
-4.365092e-08
-4.616312e-08
-4.904280e-08
-5.233113e-08
-5.607589e-08
-6.033239e-08
-6.516464e-08
-7.064669e-08
-7.686368e-08
-8.390983e-08
-9.186632e-08
-1.006455e-07
-1.091879e-07
-1.142400e-07
-1.123729e-07
-1.018206e-07
-8.142297e-08
-5.235553e-08
-3.487977e-08
-2.730072e-08
-2.071829e-08
-1.445721e-08
-9.037745e-09
-4.655245e-09
-1.289010e-09
1.162093e-09
2.822229e-09
3.817629e-09
4.269260e-09
4.288878e-09
3.979246e-09
3.433027e-09
2.732768e-09
1.950908e-09
1.150409e-09
3.851857e-10
-3.000112e-10
-8.693107e-10
-1.295267e-09
-1.558515e-09
-1.647538e-09
-1.558515e-09
-1.295267e-09
-8.693109e-10
-3.000114e-10
3.851854e-10
1.150409e-09
1.950908e-09
2.732768e-09
3.433027e-09
3.979246e-09
4.288877e-09
4.269259e-09
3.817629e-09
2.822229e-09
1.162093e-09
-1.289010e-09
-4.655245e-09
-9.037745e-09
-1.445722e-08
-2.071829e-08
-2.730072e-08
-3.487977e-08
-5.235553e-08
-8.142296e-08
-1.018206e-07
-1.123729e-07
-1.142400e-07
-1.091879e-07
-1.006455e-07
-9.186632e-08
-8.390983e-08
-7.686368e-08
-7.064669e-08
-6.516464e-08
-6.033239e-08
-5.607589e-08
-5.233113e-08
-4.904280e-08
-4.616312e-08
-4.365092e-08
-4.147079e-08
-3.959243e-08
-3.799007e-08
-3.664198e-08
-3.553007e-08
-3.463958e-08
-3.395875e-08
-3.347868e-08
-3.319311e-08
-3.002516e-08
-3.011600e-08
-3.038978e-08
-3.085032e-08
-3.150409e-08
-3.236030e-08
-3.343116e-08
-3.473207e-08
-3.628196e-08
-3.810375e-08
-4.022477e-08
-4.267740e-08
-4.549978e-08
-4.873669e-08
-5.244056e-08
-5.667276e-08
-6.150501e-08
-6.702110e-08
-7.331795e-08
-8.050114e-08
-8.864395e-08
-9.751426e-08
-1.054370e-07
-1.084982e-07
-1.041905e-07
-9.130142e-08
-7.140866e-08
-4.480649e-08
-3.087005e-08
-2.440537e-08
-1.839601e-08
-1.273617e-08
-7.887306e-09
-3.983778e-09
-9.884776e-10
1.194980e-09
2.678555e-09
3.574283e-09
3.988917e-09
4.020989e-09
3.761009e-09
3.290633e-09
2.682666e-09
2.001085e-09
1.301539e-09
6.316925e-10
3.116607e-11
-4.682256e-10
-8.421068e-10
-1.073263e-09
-1.151449e-09
-1.073263e-09
-8.421069e-10
-4.682257e-10
3.116587e-11
6.316923e-10
1.301539e-09
2.001085e-09
2.682666e-09
3.290633e-09
3.761009e-09
4.020989e-09
3.988916e-09
3.574283e-09
2.678554e-09
1.194980e-09
-9.884779e-10
-3.983778e-09
-7.887307e-09
-1.273617e-08
-1.839601e-08
-2.440537e-08
-3.087005e-08
-4.480649e-08
-7.140865e-08
-9.130142e-08
-1.041905e-07
-1.084982e-07
-1.054370e-07
-9.751426e-08
-8.864395e-08
-8.050114e-08
-7.331795e-08
-6.702110e-08
-6.150501e-08
-5.667276e-08
-5.244056e-08
-4.873669e-08
-4.549978e-08
-4.267740e-08
-4.022477e-08
-3.810375e-08
-3.628196e-08
-3.473207e-08
-3.343116e-08
-3.236030e-08
-3.150409e-08
-3.085032e-08
-3.038978e-08
-3.011600e-08
-2.655348e-08
-2.663755e-08
-2.689102e-08
-2.731763e-08
-2.792371e-08
-2.871832e-08
-2.971348e-08
-3.092440e-08
-3.236987e-08
-3.407268e-08
-3.606018e-08
-3.836493e-08
-4.102550e-08
-4.408746e-08
-4.760449e-08
-5.163980e-08
-5.626772e-08
-6.157539e-08
-6.766344e-08
-7.463777e-08
-8.254509e-08
-9.097706e-08
-9.772983e-08
-9.880426e-08
-9.289647e-08
-7.905054e-08
-6.098505e-08
-3.767127e-08
-2.677205e-08
-2.128386e-08
-1.594757e-08
-1.096967e-08
-6.737872e-09
-3.341571e-09
-7.365313e-10
1.164903e-09
2.460813e-09
3.248257e-09
3.619345e-09
3.659054e-09
3.445394e-09
3.048777e-09
2.532038e-09
1.950454e-09
1.352140e-09
7.783170e-10
2.632936e-10
-1.653438e-10
-4.864350e-10
-6.850250e-10
-7.522073e-10
-6.850250e-10
-4.864350e-10
-1.653438e-10
2.632934e-10
7.783168e-10
1.352139e-09
1.950454e-09
2.532037e-09
3.048777e-09
3.445393e-09
3.659054e-09
3.619345e-09
3.248257e-09
2.460813e-09
1.164903e-09
-7.365315e-10
-3.341571e-09
-6.737872e-09
-1.096967e-08
-1.594757e-08
-2.128386e-08
-2.677205e-08
-3.767127e-08
-6.098505e-08
-7.905054e-08
-9.289646e-08
-9.880426e-08
-9.772983e-08
-9.097706e-08
-8.254509e-08
-7.463777e-08
-6.766344e-08
-6.157539e-08
-5.626772e-08
-5.163980e-08
-4.760449e-08
-4.408746e-08
-4.102550e-08
-3.836493e-08
-3.606018e-08
-3.407268e-08
-3.236987e-08
-3.092440e-08
-2.971348e-08
-2.871832e-08
-2.792371e-08
-2.731763e-08
-2.689102e-08
-2.663755e-08
-2.272137e-08
-2.279604e-08
-2.302118e-08
-2.340028e-08
-2.393922e-08
-2.464643e-08
-2.553310e-08
-2.661344e-08
-2.790506e-08
-2.942935e-08
-3.121211e-08
-3.328414e-08
-3.568210e-08
-3.844945e-08
-4.163761e-08
-4.530737e-08
-4.953039e-08
-5.439077e-08
-5.998485e-08
-6.640909e-08
-7.367332e-08
-8.121074e-08
-8.652127e-08
-8.602423e-08
-7.942951e-08
-6.602722e-08
-5.048048e-08
-3.089895e-08
-2.256325e-08
-1.798501e-08
-1.340748e-08
-9.174095e-09
-5.595920e-09
-2.730195e-09
-5.321950e-10
1.074253e-09
2.172190e-09
2.843145e-09
3.164269e-09
3.206731e-09
3.035836e-09
2.710561e-09
2.283572e-09
1.801246e-09
1.303970e-09
8.263613e-10
3.972535e-10
3.986027e-11
-2.279974e-10
-3.937163e-10
-4.497872e-10
-3.937163e-10
-2.279975e-10
3.986022e-11
3.972534e-10
8.263611e-10
1.303970e-09
1.801245e-09
2.283572e-09
2.710561e-09
3.035835e-09
3.206731e-09
3.164269e-09
2.843144e-09
2.172190e-09
1.074253e-09
-5.321952e-10
-2.730195e-09
-5.595920e-09
-9.174095e-09
-1.340748e-08
-1.798501e-08
-2.256325e-08
-3.089895e-08
-5.048048e-08
-6.602722e-08
-7.942951e-08
-8.602423e-08
-8.652127e-08
-8.121074e-08
-7.367332e-08
-6.640909e-08
-5.998485e-08
-5.439077e-08
-4.953039e-08
-4.530737e-08
-4.163761e-08
-3.844945e-08
-3.568210e-08
-3.328414e-08
-3.121211e-08
-2.942935e-08
-2.790506e-08
-2.661344e-08
-2.553310e-08
-2.464643e-08
-2.393922e-08
-2.340028e-08
-2.302118e-08
-2.279604e-08
-1.857506e-08
-1.863793e-08
-1.882753e-08
-1.914690e-08
-1.960115e-08
-2.019766e-08
-2.094619e-08
-2.185918e-08
-2.295205e-08
-2.424364e-08
-2.575666e-08
-2.751832e-08
-2.956110e-08
-3.192362e-08
-3.465169e-08
-3.779958e-08
-4.143134e-08
-4.562201e-08
-5.045667e-08
-5.601528e-08
-6.227269e-08
-6.857303e-08
-7.243057e-08
-7.098709e-08
-6.455737e-08
-5.277236e-08
-4.006734e-08
-2.441722e-08
-1.823201e-08
-1.454656e-08
-1.079950e-08
-7.359032e-09
-4.463344e-09
-2.147440e-09
-3.708550e-10
9.291825e-10
1.819869e-09
2.366813e-09
2.631978e-09
2.672524e-09
2.540889e-09
2.284452e-09
1.945547e-09
1.561481e-09
1.164757e-09
7.832428e-10
4.401675e-10
1.542493e-10
-6.013228e-11
-1.928027e-10
-2.376976e-10
-1.928027e-10
-6.013236e-11
1.542492e-10
4.401674e-10
7.832426e-10
1.164757e-09
1.561480e-09
1.945547e-09
2.284452e-09
2.540888e-09
2.672524e-09
2.631978e-09
2.366812e-09
1.819869e-09
9.291823e-10
-3.708551e-10
-2.147440e-09
-4.463345e-09
-7.359032e-09
-1.079950e-08
-1.454656e-08
-1.823202e-08
-2.441722e-08
-4.006734e-08
-5.277236e-08
-6.455737e-08
-7.098709e-08
-7.243057e-08
-6.857303e-08
-6.227269e-08
-5.601528e-08
-5.045667e-08
-4.562202e-08
-4.143134e-08
-3.779958e-08
-3.465169e-08
-3.192362e-08
-2.956110e-08
-2.751832e-08
-2.575666e-08
-2.424364e-08
-2.295205e-08
-2.185918e-08
-2.094619e-08
-2.019766e-08
-1.960115e-08
-1.914690e-08
-1.882753e-08
-1.863793e-08
-1.416798e-08
-1.421702e-08
-1.436494e-08
-1.461416e-08
-1.496878e-08
-1.543470e-08
-1.601975e-08
-1.673391e-08
-1.758959e-08
-1.860194e-08
-1.978928e-08
-2.117360e-08
-2.278121e-08
-2.464342e-08
-2.679746e-08
-2.928747e-08
-3.216558e-08
-3.549267e-08
-3.933694e-08
-4.375831e-08
-4.871009e-08
-5.355292e-08
-5.612614e-08
-5.438786e-08
-4.886156e-08
-3.951348e-08
-2.982456e-08
-1.815113e-08
-1.378553e-08
-1.100045e-08
-8.141124e-09
-5.530296e-09
-3.339454e-09
-1.588830e-09
-2.455541e-10
7.384254e-10
1.413912e-09
1.830318e-09
2.034254e-09
2.068716e-09
1.973148e-09
1.783200e-09
1.530740e-09
1.243868e-09
9.470775e-10
6.613704e-10
4.042640e-10
1.898830e-10
2.908390e-11
-7.044885e-11
-1.041338e-10
-7.044886e-11
2.908382e-11
1.898830e-10
4.042639e-10
6.613703e-10
9.470774e-10
1.243868e-09
1.530739e-09
1.783200e-09
1.973148e-09
2.068716e-09
2.034253e-09
1.830318e-09
1.413911e-09
7.384253e-10
-2.455542e-10
-1.588830e-09
-3.339454e-09
-5.530296e-09
-8.141124e-09
-1.100045e-08
-1.378553e-08
-1.815113e-08
-2.982455e-08
-3.951348e-08
-4.886156e-08
-5.438786e-08
-5.612614e-08
-5.355292e-08
-4.871009e-08
-4.375831e-08
-3.933694e-08
-3.549267e-08
-3.216558e-08
-2.928747e-08
-2.679746e-08
-2.464341e-08
-2.278121e-08
-2.117360e-08
-1.978928e-08
-1.860194e-08
-1.758959e-08
-1.673391e-08
-1.601975e-08
-1.543470e-08
-1.496878e-08
-1.461416e-08
-1.436494e-08
-1.421702e-08
-9.559679e-09
-9.593294e-09
-9.694695e-09
-9.865573e-09
-1.010879e-08
-1.042845e-08
-1.083004e-08
-1.132053e-08
-1.190860e-08
-1.260486e-08
-1.342217e-08
-1.437597e-08
-1.548475e-08
-1.677056e-08
-1.825964e-08
-1.998310e-08
-2.197768e-08
-2.428619e-08
-2.695604e-08
-3.002633e-08
-3.344903e-08
-3.671625e-08
-3.824612e-08
-3.676477e-08
-3.273329e-08
-2.630677e-08
-1.976204e-08
-1.203043e-08
-9.245052e-09
-7.375966e-09
-5.446735e-09
-3.691995e-09
-2.222433e-09
-1.048789e-09
-1.480230e-10
5.123286e-10
9.663132e-10
1.246966e-09
1.385422e-09
1.410408e-09
1.348271e-09
1.222836e-09
1.055403e-09
8.647644e-10
6.673037e-10
4.770709e-10
3.057901e-10
1.629187e-10
5.572877e-11
-1.063128e-11
-3.309128e-11
-1.063127e-11
5.572876e-11
1.629187e-10
3.057900e-10
4.770708e-10
6.673036e-10
8.647643e-10
1.055403e-09
1.222836e-09
1.348271e-09
1.410408e-09
1.385422e-09
1.246966e-09
9.663130e-10
5.123285e-10
-1.480231e-10
-1.048789e-09
-2.222433e-09
-3.691995e-09
-5.446735e-09
-7.375966e-09
-9.245053e-09
-1.203043e-08
-1.976204e-08
-2.630677e-08
-3.273329e-08
-3.676477e-08
-3.824612e-08
-3.671625e-08
-3.344903e-08
-3.002633e-08
-2.695604e-08
-2.428619e-08
-2.197768e-08
-1.998310e-08
-1.825964e-08
-1.677056e-08
-1.548475e-08
-1.437597e-08
-1.342217e-08
-1.260486e-08
-1.190860e-08
-1.132053e-08
-1.083004e-08
-1.042845e-08
-1.010879e-08
-9.865573e-09
-9.694695e-09
-9.593294e-09
-4.814490e-09
-4.831578e-09
-4.883129e-09
-4.970010e-09
-5.093691e-09
-5.256285e-09
-5.460605e-09
-5.710239e-09
-6.009654e-09
-6.364313e-09
-6.780838e-09
-7.267193e-09
-7.832917e-09
-8.489395e-09
-9.250179e-09
-1.013135e-08
-1.115188e-08
-1.233382e-08
-1.370145e-08
-1.527386e-08
-1.702114e-08
-1.866248e-08
-1.936522e-08
-1.852666e-08
-1.640421e-08
-1.314305e-08
-9.842265e-09
-5.995721e-09
-4.639212e-09
-3.700520e-09
-2.729085e-09
-1.847527e-09
-1.110063e-09
-5.212633e-10
-6.928699e-11
2.622197e-10
4.903313e-10
6.315922e-10
7.015885e-10
7.147008e-10
6.841199e-10
6.217740e-10
5.383312e-10
4.432047e-10
3.446026e-10
2.495649e-10
1.639673e-10
9.255083e-11
3.896186e-11
5.782246e-12
-5.448117e-12
5.782224e-12
3.896184e-11
9.255081e-11
1.639672e-10
2.495648e-10
3.446025e-10
4.432046e-10
5.383312e-10
6.217739e-10
6.841198e-10
7.147006e-10
7.015885e-10
6.315921e-10
4.903312e-10
2.622196e-10
-6.928705e-11
-5.212633e-10
-1.110063e-09
-1.847527e-09
-2.729085e-09
-3.700520e-09
-4.639212e-09
-5.995721e-09
-9.842264e-09
-1.314305e-08
-1.640421e-08
-1.852666e-08
-1.936522e-08
-1.866248e-08
-1.702114e-08
-1.527386e-08
-1.370145e-08
-1.233382e-08
-1.115188e-08
-1.013135e-08
-9.250179e-09
-8.489395e-09
-7.832917e-09
-7.267193e-09
-6.780838e-09
-6.364313e-09
-6.009654e-09
-5.710239e-09
-5.460605e-09
-5.256285e-09
-5.093691e-09
-4.970010e-09
-4.883129e-09
-4.831578e-09
-2.007769e-14
-2.013320e-14
-2.014361e-14
-2.009851e-14
-2.010891e-14
-1.999442e-14
-1.991809e-14
-1.973768e-14
-1.958156e-14
-1.956421e-14
-1.958850e-14
-1.944972e-14
-1.950870e-14
-1.951564e-14
-1.936298e-14
-1.915134e-14
-1.894314e-14
-1.868970e-14
-1.844243e-14
-1.823597e-14
-1.802329e-14
-1.764363e-14
-1.733163e-14
-1.706283e-14
-1.682573e-14
-1.654009e-14
-1.657809e-14
-1.712519e-14
-1.763197e-14
-1.790614e-14
-1.813879e-14
-1.825512e-14
-1.827803e-14
-1.836002e-14
-1.839536e-14
-1.839605e-14
-1.837142e-14
-1.842033e-14
-1.843005e-14
-1.832701e-14
-1.830619e-14
-1.823992e-14
-1.821217e-14
-1.813341e-14
-1.806021e-14
-1.805014e-14
-1.805951e-14
-1.803245e-14
-1.805466e-14
-1.799394e-14
-1.798284e-14
-1.799741e-14
-1.800504e-14
-1.803835e-14
-1.800782e-14
-1.813966e-14
-1.816429e-14
-1.823403e-14
-1.827045e-14
-1.828260e-14
-1.826178e-14
-1.836621e-14
-1.842346e-14
-1.842138e-14
-1.841513e-14
-1.839605e-14
-1.835234e-14
-1.836106e-14
-1.826936e-14
-1.820238e-14
-1.809436e-14
-1.791693e-14
-1.752855e-14
-1.703994e-14
-1.639351e-14
-1.630321e-14
-1.659325e-14
-1.689187e-14
-1.735794e-14
-1.773631e-14
-1.801982e-14
-1.820476e-14
-1.843549e-14
-1.862031e-14
-1.881477e-14
-1.897440e-14
-1.906808e-14
-1.922767e-14
-1.935604e-14
-1.942543e-14
-1.932829e-14
-1.923808e-14
-1.939421e-14
-1.964054e-14
-1.990769e-14
-2.006728e-14
-2.002565e-14
-2.003606e-14
-2.000483e-14
-2.000136e-14
4.814450e-09
4.831538e-09
4.883089e-09
4.969970e-09
5.093651e-09
5.256245e-09
5.460565e-09
5.710200e-09
6.009614e-09
6.364274e-09
6.780799e-09
7.267154e-09
7.832878e-09
8.489356e-09
9.250141e-09
1.013131e-08
1.115184e-08
1.233378e-08
1.370142e-08
1.527383e-08
1.702110e-08
1.866245e-08
1.936518e-08
1.852663e-08
1.640418e-08
1.314302e-08
9.842232e-09
5.995687e-09
4.639176e-09
3.700484e-09
2.729049e-09
1.847490e-09
1.110026e-09
5.212265e-10
6.925015e-11
-2.622566e-10
-4.903682e-10
-6.316290e-10
-7.016254e-10
-7.147375e-10
-6.841566e-10
-6.218107e-10
-5.383678e-10
-4.432412e-10
-3.446389e-10
-2.496011e-10
-1.640035e-10
-9.258699e-11
-3.899799e-11
-5.818400e-12
5.411981e-12
-5.818394e-12
-3.899798e-11
-9.258698e-11
-1.640034e-10
-2.496012e-10
-3.446389e-10
-4.432412e-10
-5.383677e-10
-6.218106e-10
-6.841565e-10
-7.147375e-10
-7.016253e-10
-6.316290e-10
-4.903681e-10
-2.622565e-10
6.925023e-11
5.212266e-10
1.110026e-09
1.847490e-09
2.729049e-09
3.700484e-09
4.639177e-09
5.995687e-09
9.842231e-09
1.314302e-08
1.640418e-08
1.852663e-08
1.936518e-08
1.866245e-08
1.702110e-08
1.527383e-08
1.370142e-08
1.233378e-08
1.115184e-08
1.013131e-08
9.250141e-09
8.489356e-09
7.832878e-09
7.267154e-09
6.780799e-09
6.364274e-09
6.009615e-09
5.710200e-09
5.460565e-09
5.256245e-09
5.093651e-09
4.969970e-09
4.883089e-09
4.831538e-09
9.559639e-09
9.593253e-09
9.694655e-09
9.865532e-09
1.010875e-08
1.042841e-08
1.083000e-08
1.132049e-08
1.190856e-08
1.260483e-08
1.342213e-08
1.437593e-08
1.548471e-08
1.677052e-08
1.825960e-08
1.998306e-08
2.197765e-08
2.428615e-08
2.695600e-08
3.002629e-08
3.344899e-08
3.671622e-08
3.824608e-08
3.676474e-08
3.273326e-08
2.630674e-08
1.976200e-08
1.203040e-08
9.245017e-09
7.375930e-09
5.446699e-09
3.691958e-09
2.222397e-09
1.048752e-09
1.479862e-10
-5.123654e-10
-9.663499e-10
-1.247003e-09
-1.385459e-09
-1.410444e-09
-1.348308e-09
-1.222872e-09
-1.055439e-09
-8.648008e-10
-6.673399e-10
-4.771070e-10
-3.058262e-10
-1.629548e-10
-5.576479e-11
1.059530e-11
3.305532e-11
1.059533e-11
-5.576473e-11
-1.629547e-10
-3.058261e-10
-4.771069e-10
-6.673398e-10
-8.648007e-10
-1.055439e-09
-1.222872e-09
-1.348308e-09
-1.410444e-09
-1.385459e-09
-1.247003e-09
-9.663499e-10
-5.123653e-10
1.479863e-10
1.048753e-09
2.222397e-09
3.691958e-09
5.446699e-09
7.375931e-09
9.245018e-09
1.203040e-08
1.976200e-08
2.630674e-08
3.273326e-08
3.676474e-08
3.824608e-08
3.671622e-08
3.344899e-08
3.002629e-08
2.695600e-08
2.428615e-08
2.197765e-08
1.998306e-08
1.825960e-08
1.677052e-08
1.548471e-08
1.437593e-08
1.342213e-08
1.260483e-08
1.190856e-08
1.132049e-08
1.083000e-08
1.042841e-08
1.010875e-08
9.865533e-09
9.694656e-09
9.593254e-09
1.416794e-08
1.421698e-08
1.436490e-08
1.461412e-08
1.496874e-08
1.543466e-08
1.601971e-08
1.673387e-08
1.758955e-08
1.860190e-08
1.978924e-08
2.117356e-08
2.278117e-08
2.464338e-08
2.679742e-08
2.928743e-08
3.216554e-08
3.549263e-08
3.933691e-08
4.375828e-08
4.871006e-08
5.355288e-08
5.612610e-08
5.438783e-08
4.886153e-08
3.951344e-08
2.982452e-08
1.815110e-08
1.378550e-08
1.100041e-08
8.141088e-09
5.530260e-09
3.339417e-09
1.588793e-09
2.455173e-10
-7.384623e-10
-1.413948e-09
-1.830355e-09
-2.034290e-09
-2.068753e-09
-1.973185e-09
-1.783237e-09
-1.530776e-09
-1.243904e-09
-9.471138e-10
-6.614067e-10
-4.043002e-10
-1.899191e-10
-2.911997e-11
7.041276e-11
1.040977e-10
7.041280e-11
-2.911993e-11
-1.899191e-10
-4.043000e-10
-6.614065e-10
-9.471137e-10
-1.243904e-09
-1.530776e-09
-1.783236e-09
-1.973185e-09
-2.068753e-09
-2.034290e-09
-1.830354e-09
-1.413948e-09
-7.384622e-10
2.455174e-10
1.588793e-09
3.339417e-09
5.530260e-09
8.141088e-09
1.100041e-08
1.378550e-08
1.815110e-08
2.982452e-08
3.951344e-08
4.886153e-08
5.438783e-08
5.612610e-08
5.355289e-08
4.871006e-08
4.375828e-08
3.933691e-08
3.549263e-08
3.216554e-08
2.928743e-08
2.679742e-08
2.464338e-08
2.278117e-08
2.117356e-08
1.978924e-08
1.860190e-08
1.758955e-08
1.673387e-08
1.601971e-08
1.543466e-08
1.496874e-08
1.461412e-08
1.436490e-08
1.421698e-08
1.857502e-08
1.863789e-08
1.882749e-08
1.914686e-08
1.960111e-08
2.019762e-08
2.094615e-08
2.185914e-08
2.295201e-08
2.424360e-08
2.575662e-08
2.751828e-08
2.956106e-08
3.192358e-08
3.465165e-08
3.779954e-08
4.143130e-08
4.562198e-08
5.045663e-08
5.601525e-08
6.227265e-08
6.857299e-08
7.243053e-08
7.098706e-08
6.455734e-08
5.277232e-08
4.006731e-08
2.441719e-08
1.823198e-08
1.454652e-08
1.079946e-08
7.358996e-09
4.463308e-09
2.147403e-09
3.708182e-10
-9.292193e-10
-1.819906e-09
-2.366849e-09
-2.632015e-09
-2.672561e-09
-2.540925e-09
-2.284489e-09
-1.945584e-09
-1.561517e-09
-1.164793e-09
-7.832789e-10
-4.402036e-10
-1.542853e-10
6.009636e-11
1.927668e-10
2.376617e-10
1.927669e-10
6.009644e-11
-1.542852e-10
-4.402034e-10
-7.832787e-10
-1.164793e-09
-1.561517e-09
-1.945583e-09
-2.284488e-09
-2.540925e-09
-2.672560e-09
-2.632015e-09
-2.366849e-09
-1.819906e-09
-9.292191e-10
3.708184e-10
2.147404e-09
4.463308e-09
7.358996e-09
1.079946e-08
1.454652e-08
1.823198e-08
2.441719e-08
4.006731e-08
5.277232e-08
6.455734e-08
7.098706e-08
7.243053e-08
6.857299e-08
6.227265e-08
5.601525e-08
5.045663e-08
4.562198e-08
4.143130e-08
3.779954e-08
3.465165e-08
3.192358e-08
2.956106e-08
2.751828e-08
2.575662e-08
2.424360e-08
2.295201e-08
2.185914e-08
2.094615e-08
2.019762e-08
1.960111e-08
1.914686e-08
1.882749e-08
1.863789e-08
2.272133e-08
2.279600e-08
2.302114e-08
2.340024e-08
2.393918e-08
2.464639e-08
2.553306e-08
2.661340e-08
2.790502e-08
2.942931e-08
3.121207e-08
3.328410e-08
3.568206e-08
3.844941e-08
4.163757e-08
4.530733e-08
4.953035e-08
5.439073e-08
5.998481e-08
6.640905e-08
7.367328e-08
8.121070e-08
8.652124e-08
8.602419e-08
7.942947e-08
6.602719e-08
5.048045e-08
3.089892e-08
2.256321e-08
1.798498e-08
1.340745e-08
9.174059e-09
5.595883e-09
2.730158e-09
5.321582e-10
-1.074290e-09
-2.172227e-09
-2.843181e-09
-3.164306e-09
-3.206768e-09
-3.035872e-09
-2.710597e-09
-2.283608e-09
-1.801282e-09
-1.304006e-09
-8.263975e-10
-3.972896e-10
-3.989631e-11
2.279614e-10
3.936803e-10
4.497512e-10
3.936803e-10
2.279615e-10
-3.989619e-11
-3.972895e-10
-8.263972e-10
-1.304006e-09
-1.801282e-09
-2.283608e-09
-2.710597e-09
-3.035872e-09
-3.206767e-09
-3.164305e-09
-2.843181e-09
-2.172226e-09
-1.074290e-09
5.321585e-10
2.730158e-09
5.595883e-09
9.174059e-09
1.340745e-08
1.798498e-08
2.256321e-08
3.089892e-08
5.048044e-08
6.602719e-08
7.942947e-08
8.602419e-08
8.652124e-08
8.121070e-08
7.367328e-08
6.640905e-08
5.998481e-08
5.439073e-08
4.953035e-08
4.530733e-08
4.163757e-08
3.844941e-08
3.568206e-08
3.328410e-08
3.121207e-08
2.942931e-08
2.790502e-08
2.661340e-08
2.553306e-08
2.464639e-08
2.393918e-08
2.340024e-08
2.302114e-08
2.279600e-08
2.655344e-08
2.663751e-08
2.689098e-08
2.731759e-08
2.792367e-08
2.871828e-08
2.971344e-08
3.092436e-08
3.236983e-08
3.407264e-08
3.606014e-08
3.836489e-08
4.102546e-08
4.408742e-08
4.760445e-08
5.163976e-08
5.626768e-08
6.157536e-08
6.766340e-08
7.463773e-08
8.254506e-08
9.097702e-08
9.772979e-08
9.880422e-08
9.289643e-08
7.905051e-08
6.098502e-08
3.767124e-08
2.677201e-08
2.128382e-08
1.594753e-08
1.096963e-08
6.737836e-09
3.341534e-09
7.364945e-10
-1.164940e-09
-2.460850e-09
-3.248294e-09
-3.619382e-09
-3.659091e-09
-3.445430e-09
-3.048813e-09
-2.532074e-09
-1.950491e-09
-1.352176e-09
-7.783529e-10
-2.633295e-10
1.653079e-10
4.863991e-10
6.849892e-10
7.521716e-10
6.849893e-10
4.863993e-10
1.653081e-10
-2.633293e-10
-7.783527e-10
-1.352175e-09
-1.950490e-09
-2.532074e-09
-3.048813e-09
-3.445430e-09
-3.659091e-09
-3.619381e-09
-3.248294e-09
-2.460849e-09
-1.164940e-09
7.364948e-10
3.341534e-09
6.737836e-09
1.096963e-08
1.594753e-08
2.128383e-08
2.677201e-08
3.767124e-08
6.098501e-08
7.905050e-08
9.289643e-08
9.880422e-08
9.772979e-08
9.097702e-08
8.254506e-08
7.463773e-08
6.766340e-08
6.157536e-08
5.626768e-08
5.163976e-08
4.760445e-08
4.408742e-08
4.102547e-08
3.836489e-08
3.606014e-08
3.407264e-08
3.236983e-08
3.092436e-08
2.971344e-08
2.871828e-08
2.792367e-08
2.731759e-08
2.689098e-08
2.663751e-08
3.002512e-08
3.011596e-08
3.038974e-08
3.085028e-08
3.150405e-08
3.236026e-08
3.343112e-08
3.473203e-08
3.628192e-08
3.810371e-08
4.022473e-08
4.267736e-08
4.549974e-08
4.873665e-08
5.244052e-08
5.667272e-08
6.150497e-08
6.702107e-08
7.331791e-08
8.050110e-08
8.864391e-08
9.751422e-08
1.054370e-07
1.084982e-07
1.041905e-07
9.130138e-08
7.140862e-08
4.480646e-08
3.087001e-08
2.440533e-08
1.839597e-08
1.273613e-08
7.887270e-09
3.983741e-09
9.884409e-10
-1.195017e-09
-2.678592e-09
-3.574320e-09
-3.988953e-09
-4.021026e-09
-3.761046e-09
-3.290670e-09
-2.682703e-09
-2.001122e-09
-1.301575e-09
-6.317285e-10
-3.120202e-11
4.681898e-10
8.420709e-10
1.073227e-09
1.151413e-09
1.073228e-09
8.420711e-10
4.681899e-10
-3.120181e-11
-6.317283e-10
-1.301575e-09
-2.001121e-09
-2.682702e-09
-3.290669e-09
-3.761046e-09
-4.021025e-09
-3.988953e-09
-3.574319e-09
-2.678591e-09
-1.195017e-09
9.884412e-10
3.983742e-09
7.887270e-09
1.273613e-08
1.839597e-08
2.440533e-08
3.087002e-08
4.480645e-08
7.140862e-08
9.130138e-08
1.041905e-07
1.084982e-07
1.054370e-07
9.751422e-08
8.864391e-08
8.050110e-08
7.331791e-08
6.702107e-08
6.150497e-08
5.667272e-08
5.244052e-08
4.873665e-08
4.549974e-08
4.267736e-08
4.022473e-08
3.810371e-08
3.628193e-08
3.473203e-08
3.343112e-08
3.236026e-08
3.150405e-08
3.085028e-08
3.038974e-08
3.011596e-08
3.309829e-08
3.319307e-08
3.347864e-08
3.395871e-08
3.463954e-08
3.553003e-08
3.664194e-08
3.799003e-08
3.959239e-08
4.147075e-08
4.365088e-08
4.616308e-08
4.904276e-08
5.233109e-08
5.607585e-08
6.033235e-08
6.516461e-08
7.064665e-08
7.686364e-08
8.390980e-08
9.186628e-08
1.006454e-07
1.091879e-07
1.142400e-07
1.123728e-07
1.018205e-07
8.142293e-08
5.235550e-08
3.487973e-08
2.730069e-08
2.071825e-08
1.445718e-08
9.037708e-09
4.655208e-09
1.288973e-09
-1.162130e-09
-2.822266e-09
-3.817666e-09
-4.269296e-09
-4.288914e-09
-3.979282e-09
-3.433064e-09
-2.732805e-09
-1.950944e-09
-1.150445e-09
-3.852215e-10
2.999755e-10
8.692751e-10
1.295231e-09
1.558479e-09
1.647502e-09
1.558479e-09
1.295231e-09
8.692753e-10
2.999757e-10
-3.852212e-10
-1.150445e-09
-1.950944e-09
-2.732804e-09
-3.433063e-09
-3.979282e-09
-4.288914e-09
-4.269296e-09
-3.817665e-09
-2.822265e-09
-1.162130e-09
1.288974e-09
4.655209e-09
9.037709e-09
1.445718e-08
2.071825e-08
2.730069e-08
3.487973e-08
5.235550e-08
8.142293e-08
1.018205e-07
1.123728e-07
1.142400e-07
1.091879e-07
1.006454e-07
9.186628e-08
8.390980e-08
7.686364e-08
7.064665e-08
6.516461e-08
6.033235e-08
5.607585e-08
5.233109e-08
4.904276e-08
4.616308e-08
4.365088e-08
4.147075e-08
3.959239e-08
3.799003e-08
3.664194e-08
3.553003e-08
3.463954e-08
3.395871e-08
3.347864e-08
3.319307e-08
3.574356e-08
3.583940e-08
3.612805e-08
3.661292e-08
3.729975e-08
3.819669e-08
3.931443e-08
4.066634e-08
4.226869e-08
4.414084e-08
4.630555e-08
4.878929e-08
5.162262e-08
5.484055e-08
5.848308e-08
6.259574e-08
6.723017e-08
7.244495e-08
7.830612e-08
8.488614e-08
9.225328e-08
1.004020e-07
1.088116e-07
1.153104e-07
1.163596e-07
1.092612e-07
9.036332e-08
6.026958e-08
3.881291e-08
2.990485e-08
2.286340e-08
1.610670e-08
1.017664e-08
5.349576e-09
1.634561e-09
-1.068503e-09
-2.893567e-09
-3.979938e-09
-4.462214e-09
-4.464947e-09
-4.102849e-09
-3.479313e-09
-2.686361e-09
-1.804618e-09
-9.041089e-10
-4.477779e-11
7.237011e-10
1.361598e-09
1.838564e-09
2.133212e-09
2.232834e-09
2.133213e-09
1.838564e-09
1.361598e-09
7.237014e-10
-4.477750e-11
-9.041085e-10
-1.804618e-09
-2.686361e-09
-3.479313e-09
-4.102848e-09
-4.464947e-09
-4.462214e-09
-3.979937e-09
-2.893567e-09
-1.068502e-09
1.634562e-09
5.349577e-09
1.017664e-08
1.610670e-08
2.286340e-08
2.990485e-08
3.881291e-08
6.026957e-08
9.036331e-08
1.092612e-07
1.163596e-07
1.153104e-07
1.088116e-07
1.004020e-07
9.225328e-08
8.488614e-08
7.830612e-08
7.244495e-08
6.723017e-08
6.259574e-08
5.848308e-08
5.484055e-08
5.162262e-08
4.878929e-08
4.630555e-08
4.414084e-08
4.226869e-08
4.066634e-08
3.931443e-08
3.819669e-08
3.729975e-08
3.661292e-08
3.612805e-08
3.583940e-08
3.794062e-08
3.803466e-08
3.831778e-08
3.879292e-08
3.946501e-08
4.034104e-08
4.143011e-08
4.274350e-08
4.429479e-08
4.609996e-08
4.817751e-08
5.054857e-08
5.323703e-08
5.626963e-08
5.967602e-08
6.348883e-08
6.774365e-08
7.247895e-08
7.773584e-08
8.355680e-08
8.998008e-08
9.701711e-08
1.044938e-07
1.113836e-07
1.150646e-07
1.120793e-07
9.694982e-08
6.817120e-08
4.266086e-08
3.211847e-08
2.475298e-08
1.764478e-08
1.128373e-08
6.054834e-09
2.016533e-09
-9.216486e-10
-2.899820e-09
-4.068774e-09
-4.575946e-09
-4.558131e-09
-4.141620e-09
-3.440220e-09
-2.555118e-09
-1.574814e-09
-5.761122e-10
3.752550e-10
1.224923e-09
1.929527e-09
2.456005e-09
2.781094e-09
2.890983e-09
2.781094e-09
2.456005e-09
1.929527e-09
1.224924e-09
3.752554e-10
-5.761118e-10
-1.574814e-09
-2.555118e-09
-3.440219e-09
-4.141619e-09
-4.558130e-09
-4.575946e-09
-4.068773e-09
-2.899819e-09
-9.216481e-10
2.016533e-09
6.054834e-09
1.128373e-08
1.764478e-08
2.475298e-08
3.211847e-08
4.266086e-08
6.817119e-08
9.694981e-08
1.120793e-07
1.150646e-07
1.113836e-07
1.044938e-07
9.701711e-08
8.998008e-08
8.355680e-08
7.773584e-08
7.247895e-08
6.774365e-08
6.348883e-08
5.967602e-08
5.626963e-08
5.323703e-08
5.054857e-08
4.817751e-08
4.609996e-08
4.429479e-08
4.274350e-08
4.143011e-08
4.034105e-08
3.946501e-08
3.879292e-08
3.831778e-08
3.803466e-08
3.967829e-08
3.976782e-08
4.003718e-08
4.048872e-08
4.112633e-08
4.195549e-08
4.298325e-08
4.421824e-08
4.567068e-08
4.735230e-08
4.927635e-08
5.145747e-08
5.391149e-08
5.665527e-08
5.970625e-08
6.308199e-08
6.679944e-08
7.087394e-08
7.531786e-08
8.013846e-08
8.533354e-08
9.088538e-08
9.675390e-08
1.027390e-07
1.077827e-07
1.087982e-07
9.922461e-08
7.488879e-08
4.638087e-08
3.375329e-08
2.625665e-08
1.900504e-08
1.232577e-08
6.751206e-09
2.419643e-09
-7.355441e-10
-2.855107e-09
-4.098980e-09
-4.626323e-09
-4.585463e-09
-4.113827e-09
-3.335268e-09
-2.359795e-09
-1.283432e-09
-1.894442e-10
8.509039e-10
1.778814e-09
2.547534e-09
3.121508e-09
3.475759e-09
3.595478e-09
3.475759e-09
3.121508e-09
2.547534e-09
1.778815e-09
8.509043e-10
-1.894438e-10
-1.283431e-09
-2.359795e-09
-3.335267e-09
-4.113827e-09
-4.585462e-09
-4.626322e-09
-4.098979e-09
-2.855106e-09
-7.355435e-10
2.419644e-09
6.751207e-09
1.232577e-08
1.900504e-08
2.625665e-08
3.375329e-08
4.638087e-08
7.488879e-08
9.922460e-08
1.087982e-07
1.077827e-07
1.027390e-07
9.675390e-08
9.088538e-08
8.533354e-08
8.013847e-08
7.531786e-08
7.087394e-08
6.679944e-08
6.308199e-08
5.970625e-08
5.665527e-08
5.391149e-08
5.145747e-08
4.927635e-08
4.735230e-08
4.567068e-08
4.421824e-08
4.298325e-08
4.195549e-08
4.112633e-08
4.048872e-08
4.003718e-08
3.976782e-08
4.095434e-08
4.103684e-08
4.128486e-08
4.170002e-08
4.228502e-08
4.304354e-08
4.398027e-08
4.510075e-08
4.641131e-08
4.791888e-08
4.963074e-08
5.155423e-08
5.369629e-08
5.606288e-08
5.865818e-08
6.148353e-08
6.453600e-08
6.780651e-08
7.127728e-08
7.491850e-08
7.868359e-08
8.250527e-08
8.632858e-08
9.028850e-08
9.472456e-08
9.838954e-08
9.499091e-08
7.792651e-08
4.964534e-08
3.448438e-08
2.712028e-08
2.006343e-08
1.324694e-08
7.406799e-09
2.820064e-09
-5.320292e-10
-2.781541e-09
-4.093765e-09
-4.638012e-09
-4.573190e-09
-4.047328e-09
-3.193899e-09
-2.131360e-09
-9.628665e-10
2.221936e-10
1.347305e-09
2.349508e-09
3.178939e-09
3.797789e-09
4.179553e-09
4.308539e-09
4.179553e-09
3.797789e-09
3.178939e-09
2.349508e-09
1.347305e-09
2.221940e-10
-9.628661e-10
-2.131360e-09
-3.193899e-09
-4.047327e-09
-4.573189e-09
-4.638011e-09
-4.093764e-09
-2.781540e-09
-5.320285e-10
2.820064e-09
7.406799e-09
1.324694e-08
2.006343e-08
2.712028e-08
3.448439e-08
4.964534e-08
7.792650e-08
9.499091e-08
9.838954e-08
9.472456e-08
9.028850e-08
8.632858e-08
8.250527e-08
7.868359e-08
7.491850e-08
7.127728e-08
6.780651e-08
6.453600e-08
6.148353e-08
5.865818e-08
5.606288e-08
5.369629e-08
5.155423e-08
4.963074e-08
4.791888e-08
4.641132e-08
4.510075e-08
4.398027e-08
4.304354e-08
4.228502e-08
4.170002e-08
4.128486e-08
4.103684e-08
4.177504e-08
4.184826e-08
4.206820e-08
4.243569e-08
4.295206e-08
4.361907e-08
4.443879e-08
4.541344e-08
4.654515e-08
4.783568e-08
4.928600e-08
5.089579e-08
5.266270e-08
5.458151e-08
5.664286e-08
5.883179e-08
6.112563e-08
6.349137e-08
6.588211e-08
6.823244e-08
7.045280e-08
7.242439e-08
7.402026e-08
7.533011e-08
7.728350e-08
8.093903e-08
8.251604e-08
7.375866e-08
5.095612e-08
3.383376e-08
2.679603e-08
2.057254e-08
1.394025e-08
7.969244e-09
3.182692e-09
-3.422046e-10
-2.710221e-09
-4.085747e-09
-4.645583e-09
-4.557949e-09
-3.980793e-09
-3.056742e-09
-1.912282e-09
-6.572808e-10
6.131191e-10
1.817433e-09
2.888832e-09
3.774640e-09
4.435062e-09
4.842270e-09
4.979818e-09
4.842270e-09
4.435063e-09
3.774641e-09
2.888832e-09
1.817433e-09
6.131195e-10
-6.572802e-10
-1.912282e-09
-3.056742e-09
-3.980792e-09
-4.557949e-09
-4.645583e-09
-4.085746e-09
-2.710220e-09
-3.422039e-10
3.182693e-09
7.969245e-09
1.394025e-08
2.057254e-08
2.679603e-08
3.383376e-08
5.095612e-08
7.375866e-08
8.251604e-08
8.093903e-08
7.728350e-08
7.533011e-08
7.402026e-08
7.242439e-08
7.045280e-08
6.823244e-08
6.588211e-08
6.349137e-08
6.112563e-08
5.883179e-08
5.664286e-08
5.458151e-08
5.266270e-08
5.089579e-08
4.928600e-08
4.783568e-08
4.654515e-08
4.541344e-08
4.443879e-08
4.361907e-08
4.295206e-08
4.243569e-08
4.206820e-08
4.184826e-08
4.215451e-08
4.221656e-08
4.240270e-08
4.271294e-08
4.314720e-08
4.370522e-08
4.438637e-08
4.518942e-08
4.611223e-08
4.715132e-08
4.830130e-08
4.955421e-08
5.089859e-08
5.231830e-08
5.379105e-08
5.528644e-08
5.676347e-08
5.816731e-08
5.942508e-08
6.044029e-08
6.108611e-08
6.119916e-08
6.058514e-08
5.915521e-08
5.763652e-08
5.832132e-08
6.143221e-08
5.960016e-08
4.656490e-08
3.073564e-08
2.430782e-08
1.995635e-08
1.417450e-08
8.344370e-09
3.454423e-09
-2.074162e-10
-2.681588e-09
-4.117168e-09
-4.693989e-09
-4.587449e-09
-3.964574e-09
-2.976598e-09
-1.757607e-09
-4.237352e-10
9.244949e-10
2.200907e-09
3.335098e-09
4.271899e-09
4.969818e-09
5.399929e-09
5.545177e-09
5.399929e-09
4.969818e-09
4.271899e-09
3.335098e-09
2.200908e-09
9.244954e-10
-4.237346e-10
-1.757607e-09
-2.976598e-09
-3.964574e-09
-4.587448e-09
-4.693989e-09
-4.117167e-09
-2.681587e-09
-2.074154e-10
3.454423e-09
8.344371e-09
1.417450e-08
1.995635e-08
2.430783e-08
3.073564e-08
4.656489e-08
5.960015e-08
6.143220e-08
5.832132e-08
5.763652e-08
5.915521e-08
6.058514e-08
6.119916e-08
6.108611e-08
6.044029e-08
5.942508e-08
5.816731e-08
5.676347e-08
5.528644e-08
5.379105e-08
5.231831e-08
5.089859e-08
4.955421e-08
4.830130e-08
4.715132e-08
4.611223e-08
4.518942e-08
4.438637e-08
4.370522e-08
4.314720e-08
4.271294e-08
4.240270e-08
4.221656e-08
4.211394e-08
4.216329e-08
4.231105e-08
4.255641e-08
4.289787e-08
4.333317e-08
4.385901e-08
4.447077e-08
4.516213e-08
4.592454e-08
4.674653e-08
4.761292e-08
4.850373e-08
4.939280e-08
5.024612e-08
5.101961e-08
5.165641e-08
5.208329e-08
5.220613e-08
5.190407e-08
5.102210e-08
4.936370e-08
4.669016e-08
4.277560e-08
3.785214e-08
3.388473e-08
3.396122e-08
3.526982e-08
3.158008e-08
2.221236e-08
1.807899e-08
1.689974e-08
1.339258e-08
8.314046e-09
3.544483e-09
-1.854584e-10
-2.745946e-09
-4.239891e-09
-4.838517e-09
-4.720769e-09
-4.061261e-09
-3.019223e-09
-1.735893e-09
-3.332297e-10
1.083223e-09
2.422843e-09
3.611928e-09
4.593150e-09
5.323626e-09
5.773575e-09
5.925483e-09
5.773575e-09
5.323626e-09
4.593150e-09
3.611929e-09
2.422843e-09
1.083224e-09
-3.332290e-10
-1.735893e-09
-3.019223e-09
-4.061260e-09
-4.720768e-09
-4.838516e-09
-4.239890e-09
-2.745945e-09
-1.854574e-10
3.544484e-09
8.314047e-09
1.339258e-08
1.689974e-08
1.807899e-08
2.221236e-08
3.158007e-08
3.526982e-08
3.396121e-08
3.388473e-08
3.785214e-08
4.277560e-08
4.669016e-08
4.936370e-08
5.102210e-08
5.190407e-08
5.220613e-08
5.208329e-08
5.165641e-08
5.101961e-08
5.024612e-08
4.939280e-08
4.850373e-08
4.761292e-08
4.674653e-08
4.592454e-08
4.516213e-08
4.447077e-08
4.385901e-08
4.333317e-08
4.289787e-08
4.255641e-08
4.231105e-08
4.216329e-08
4.168061e-08
4.171613e-08
4.182214e-08
4.199703e-08
4.223796e-08
4.254075e-08
4.289957e-08
4.330661e-08
4.375167e-08
4.422150e-08
4.469910e-08
4.516282e-08
4.558512e-08
4.593118e-08
4.615707e-08
4.620745e-08
4.601280e-08
4.548580e-08
4.451689e-08
4.296865e-08
4.066874e-08
3.740203e-08
3.290727e-08
2.689743e-08
1.924249e-08
1.086959e-08
5.030856e-09
3.951913e-09
4.298585e-09
3.288443e-09
4.793901e-09
9.044372e-09
1.010736e-08
7.313120e-09
3.235708e-09
-3.709896e-10
-2.968603e-09
-4.514608e-09
-5.143624e-09
-5.027363e-09
-4.345245e-09
-3.263335e-09
-1.929568e-09
-4.713148e-10
1.001161e-09
2.392948e-09
3.627280e-09
4.644981e-09
5.402090e-09
5.868216e-09
6.025546e-09
5.868216e-09
5.402090e-09
4.644981e-09
3.627280e-09
2.392949e-09
1.001161e-09
-4.713142e-10
-1.929567e-09
-3.263334e-09
-4.345244e-09
-5.027363e-09
-5.143623e-09
-4.514607e-09
-2.968602e-09
-3.709884e-10
3.235709e-09
7.313121e-09
1.010736e-08
9.044373e-09
4.793899e-09
3.288438e-09
4.298580e-09
3.951910e-09
5.030854e-09
1.086959e-08
1.924249e-08
2.689743e-08
3.290727e-08
3.740203e-08
4.066874e-08
4.296865e-08
4.451689e-08
4.548580e-08
4.601280e-08
4.620745e-08
4.615707e-08
4.593118e-08
4.558512e-08
4.516282e-08
4.469910e-08
4.422150e-08
4.375167e-08
4.330661e-08
4.289957e-08
4.254075e-08
4.223796e-08
4.199703e-08
4.182214e-08
4.171613e-08
4.088686e-08
4.090782e-08
4.096994e-08
4.107086e-08
4.120651e-08
4.137095e-08
4.155606e-08
4.175120e-08
4.194266e-08
4.211312e-08
4.224080e-08
4.229852e-08
4.225254e-08
4.206102e-08
4.167228e-08
4.102258e-08
4.003337e-08
3.860805e-08
3.662782e-08
3.394682e-08
3.038613e-08
2.572700e-08
1.970586e-08
1.202247e-08
2.403305e-09
-9.008687e-09
-2.040240e-08
-2.802370e-08
-3.055649e-08
-2.846760e-08
-2.068422e-08
-8.046427e-09
1.184748e-09
3.683868e-09
1.910233e-09
-9.981125e-10
-3.452243e-09
-5.014099e-09
-5.679212e-09
-5.583148e-09
-4.899472e-09
-3.798363e-09
-2.433548e-09
-9.373696e-10
5.753523e-10
2.005417e-09
3.273098e-09
4.317626e-09
5.094239e-09
5.572166e-09
5.733441e-09
5.572166e-09
5.094240e-09
4.317626e-09
3.273098e-09
2.005417e-09
5.753529e-10
-9.373690e-10
-2.433547e-09
-3.798363e-09
-4.899472e-09
-5.583147e-09
-5.679211e-09
-5.014098e-09
-3.452242e-09
-9.981110e-10
1.910235e-09
3.683870e-09
1.184749e-09
-8.046428e-09
-2.068423e-08
-2.846760e-08
-3.055650e-08
-2.802370e-08
-2.040240e-08
-9.008687e-09
2.403305e-09
1.202247e-08
1.970586e-08
2.572700e-08
3.038613e-08
3.394682e-08
3.662782e-08
3.860805e-08
4.003337e-08
4.102258e-08
4.167228e-08
4.206102e-08
4.225254e-08
4.229852e-08
4.224080e-08
4.211312e-08
4.194266e-08
4.175120e-08
4.155606e-08
4.137095e-08
4.120651e-08
4.107086e-08
4.096994e-08
4.090782e-08
3.976900e-08
3.977509e-08
3.979237e-08
3.981783e-08
3.984634e-08
3.987043e-08
3.988001e-08
3.986197e-08
3.979974e-08
3.967256e-08
3.945481e-08
3.911498e-08
3.861454e-08
3.790658e-08
3.693403e-08
3.562774e-08
3.390400e-08
3.166168e-08
2.877888e-08
2.510895e-08
2.047602e-08
1.467031e-08
7.443796e-09
-1.487461e-09
-1.241499e-08
-2.550573e-08
-4.021835e-08
-5.416816e-08
-6.390043e-08
-6.688343e-08
-5.956263e-08
-4.058451e-08
-1.932632e-08
-6.526603e-09
-2.393214e-09
-2.804829e-09
-4.472402e-09
-5.851499e-09
-6.520929e-09
-6.461589e-09
-5.806021e-09
-4.716614e-09
-3.349197e-09
-1.840186e-09
-3.088198e-10
1.141133e-09
2.426841e-09
3.486024e-09
4.273290e-09
4.757637e-09
4.921052e-09
4.757637e-09
4.273290e-09
3.486024e-09
2.426841e-09
1.141133e-09
-3.088192e-10
-1.840185e-09
-3.349196e-09
-4.716613e-09
-5.806020e-09
-6.461588e-09
-6.520928e-09
-5.851497e-09
-4.472401e-09
-2.804827e-09
-2.393212e-09
-6.526602e-09
-1.932632e-08
-4.058451e-08
-5.956263e-08
-6.688343e-08
-6.390044e-08
-5.416816e-08
-4.021835e-08
-2.550573e-08
-1.241499e-08
-1.487461e-09
7.443796e-09
1.467031e-08
2.047602e-08
2.510895e-08
2.877888e-08
3.166168e-08
3.390400e-08
3.562774e-08
3.693403e-08
3.790658e-08
3.861455e-08
3.911498e-08
3.945481e-08
3.967256e-08
3.979974e-08
3.986197e-08
3.988001e-08
3.987043e-08
3.984634e-08
3.981783e-08
3.979237e-08
3.977509e-08
3.836622e-08
3.835749e-08
3.833012e-08
3.828057e-08
3.820281e-08
3.808812e-08
3.792480e-08
3.769783e-08
3.738830e-08
3.697291e-08
3.642314e-08
3.570443e-08
3.477508e-08
3.358498e-08
3.207415e-08
3.017099e-08
2.779030e-08
2.483097e-08
2.117347e-08
1.667704e-08
1.117689e-08
4.481571e-09
-3.628729e-09
-1.340068e-08
-2.509287e-08
-3.892281e-08
-5.487995e-08
-7.210911e-08
-8.819213e-08
-9.977521e-08
-1.017971e-07
-8.749336e-08
-5.885356e-08
-3.104788e-08
-1.466316e-08
-8.298028e-09
-7.001264e-09
-7.378549e-09
-7.792532e-09
-7.725859e-09
-7.124707e-09
-6.090369e-09
-4.764452e-09
-3.281750e-09
-1.764687e-09
-3.220306e-10
9.597720e-10
2.016677e-09
2.802552e-09
3.286114e-09
3.449272e-09
3.286114e-09
2.802553e-09
2.016678e-09
9.597724e-10
-3.220302e-10
-1.764687e-09
-3.281749e-09
-4.764452e-09
-6.090368e-09
-7.124706e-09
-7.725858e-09
-7.792530e-09
-7.378548e-09
-7.001262e-09
-8.298026e-09
-1.466316e-08
-3.104788e-08
-5.885356e-08
-8.749337e-08
-1.017971e-07
-9.977522e-08
-8.819213e-08
-7.210911e-08
-5.487995e-08
-3.892281e-08
-2.509287e-08
-1.340068e-08
-3.628729e-09
4.481571e-09
1.117689e-08
1.667704e-08
2.117347e-08
2.483097e-08
2.779030e-08
3.017099e-08
3.207415e-08
3.358498e-08
3.477508e-08
3.570443e-08
3.642314e-08
3.697291e-08
3.738830e-08
3.769783e-08
3.792480e-08
3.808812e-08
3.820281e-08
3.828057e-08
3.833012e-08
3.835749e-08
3.671950e-08
3.669634e-08
3.662555e-08
3.650317e-08
3.632248e-08
3.607381e-08
3.574428e-08
3.531741e-08
3.477272e-08
3.408514e-08
3.322434e-08
3.215397e-08
3.083070e-08
2.920317e-08
2.721077e-08
2.478224e-08
2.183420e-08
1.826952e-08
1.397564e-08
8.823061e-09
2.664054e-09
-4.667913e-09
-1.335729e-08
-2.360291e-08
-3.560826e-08
-4.955386e-08
-6.552834e-08
-8.333424e-08
-1.020098e-07
-1.194331e-07
-1.318961e-07
-1.321243e-07
-1.122383e-07
-7.733595e-08
-4.443395e-08
-2.385911e-08
-1.443214e-08
-1.100186e-08
-9.977655e-09
-9.501434e-09
-8.866485e-09
-7.916528e-09
-6.694562e-09
-5.302751e-09
-3.856984e-09
-2.468773e-09
-1.228316e-09
-2.019825e-10
5.628032e-10
1.033994e-09
1.193073e-09
1.033994e-09
5.628034e-10
-2.019821e-10
-1.228315e-09
-2.468773e-09
-3.856983e-09
-5.302750e-09
-6.694561e-09
-7.916527e-09
-8.866484e-09
-9.501433e-09
-9.977653e-09
-1.100186e-08
-1.443214e-08
-2.385911e-08
-4.443395e-08
-7.733595e-08
-1.122383e-07
-1.321243e-07
-1.318961e-07
-1.194331e-07
-1.020098e-07
-8.333424e-08
-6.552834e-08
-4.955386e-08
-3.560826e-08
-2.360291e-08
-1.335729e-08
-4.667913e-09
2.664053e-09
8.823061e-09
1.397564e-08
1.826952e-08
2.183420e-08
2.478224e-08
2.721077e-08
2.920317e-08
3.083070e-08
3.215397e-08
3.322434e-08
3.408514e-08
3.477273e-08
3.531741e-08
3.574428e-08
3.607381e-08
3.632248e-08
3.650317e-08
3.662555e-08
3.669634e-08
3.487060e-08
3.483371e-08
3.472164e-08
3.453014e-08
3.425203e-08
3.387698e-08
3.339134e-08
3.277775e-08
3.201481e-08
3.107651e-08
2.993174e-08
2.854359e-08
2.686859e-08
2.485588e-08
2.244628e-08
1.957133e-08
1.615228e-08
1.209916e-08
7.310009e-09
1.670422e-09
-4.946270e-09
-1.267784e-08
-2.167032e-08
-3.207248e-08
-4.402622e-08
-5.764887e-08
-7.299689e-08
-9.000034e-08
-1.083176e-07
-1.270349e-07
-1.443198e-07
-1.562480e-07
-1.548319e-07
-1.327849e-07
-9.581155e-08
-5.968177e-08
-3.471628e-08
-2.130875e-08
-1.518722e-08
-1.249351e-08
-1.111013e-08
-1.004228e-08
-8.932981e-09
-7.714931e-09
-6.437935e-09
-5.193983e-09
-4.069624e-09
-3.131332e-09
-2.427740e-09
-1.992447e-09
-1.845185e-09
-1.992447e-09
-2.427739e-09
-3.131332e-09
-4.069624e-09
-5.193983e-09
-6.437935e-09
-7.714930e-09
-8.932980e-09
-1.004227e-08
-1.111013e-08
-1.249350e-08
-1.518722e-08
-2.130874e-08
-3.471628e-08
-5.968177e-08
-9.581155e-08
-1.327849e-07
-1.548319e-07
-1.562480e-07
-1.443198e-07
-1.270349e-07
-1.083176e-07
-9.000034e-08
-7.299689e-08
-5.764887e-08
-4.402622e-08
-3.207248e-08
-2.167032e-08
-1.267784e-08
-4.946270e-09
1.670422e-09
7.310009e-09
1.209916e-08
1.615228e-08
1.957133e-08
2.244628e-08
2.485588e-08
2.686859e-08
2.854359e-08
2.993174e-08
3.107651e-08
3.201481e-08
3.277775e-08
3.339134e-08
3.387698e-08
3.425203e-08
3.453014e-08
3.472164e-08
3.483371e-08
3.286114e-08
3.281148e-08
3.266105e-08
3.240543e-08
3.203719e-08
3.154567e-08
3.091686e-08
3.013304e-08
2.917251e-08
2.800918e-08
2.661206e-08
2.494483e-08
2.296518e-08
2.062432e-08
1.786626e-08
1.462733e-08
1.083562e-08
6.410750e-09
1.263817e-09
-4.702035e-09
-1.159031e-08
-1.950866e-08
-2.856464e-08
-3.885903e-08
-5.047561e-08
-6.346632e-08
-7.782863e-08
-9.346984e-08
-1.101595e-07
-1.274436e-07
-1.444755e-07
-1.596453e-07
-1.693456e-07
-1.666024e-07
-1.456227e-07
-1.107263e-07
-7.436889e-08
-4.633915e-08
-2.884759e-08
-1.944899e-08
-1.473765e-08
-1.229901e-08
-1.082612e-08
-9.689681e-09
-8.656036e-09
-7.689112e-09
-6.817832e-09
-6.083577e-09
-5.526294e-09
-5.178236e-09
-5.059896e-09
-5.178236e-09
-5.526294e-09
-6.083577e-09
-6.817831e-09
-7.689112e-09
-8.656035e-09
-9.689680e-09
-1.082612e-08
-1.229901e-08
-1.473764e-08
-1.944898e-08
-2.884759e-08
-4.633915e-08
-7.436889e-08
-1.107263e-07
-1.456227e-07
-1.666024e-07
-1.693456e-07
-1.596453e-07
-1.444755e-07
-1.274436e-07
-1.101595e-07
-9.346984e-08
-7.782863e-08
-6.346632e-08
-5.047561e-08
-3.885903e-08
-2.856464e-08
-1.950866e-08
-1.159031e-08
-4.702035e-09
1.263817e-09
6.410750e-09
1.083562e-08
1.462733e-08
1.786626e-08
2.062432e-08
2.296518e-08
2.494483e-08
2.661206e-08
2.800918e-08
2.917251e-08
3.013304e-08
3.091686e-08
3.154567e-08
3.203719e-08
3.240543e-08
3.266105e-08
3.281148e-08
3.073172e-08
3.067046e-08
3.048521e-08
3.017152e-08
2.972188e-08
2.912562e-08
2.836875e-08
2.743368e-08
2.629904e-08
2.493931e-08
2.332453e-08
2.141991e-08
1.918549e-08
1.657575e-08
1.353934e-08
1.001889e-08
5.950945e-09
1.266271e-09
-4.109495e-09
-1.025454e-08
-1.724870e-08
-2.517006e-08
-3.408991e-08
-4.406547e-08
-5.512988e-08
-6.727861e-08
-8.045217e-08
-9.451336e-08
-1.092191e-07
-1.241928e-07
-1.388783e-07
-1.524443e-07
-1.635052e-07
-1.692194e-07
-1.645696e-07
-1.456803e-07
-1.152484e-07
-8.177220e-08
-5.331720e-08
-3.334696e-08
-2.118078e-08
-1.446617e-08
-1.091268e-08
-8.992984e-09
-7.879012e-09
-7.160039e-09
-6.642345e-09
-6.247335e-09
-5.956257e-09
-5.774936e-09
-5.713123e-09
-5.774936e-09
-5.956256e-09
-6.247334e-09
-6.642344e-09
-7.160038e-09
-7.879011e-09
-8.992983e-09
-1.091268e-08
-1.446617e-08
-2.118078e-08
-3.334696e-08
-5.331720e-08
-8.177220e-08
-1.152484e-07
-1.456803e-07
-1.645696e-07
-1.692194e-07
-1.635052e-07
-1.524443e-07
-1.388783e-07
-1.241928e-07
-1.092191e-07
-9.451336e-08
-8.045217e-08
-6.727861e-08
-5.512988e-08
-4.406547e-08
-3.408991e-08
-2.517006e-08
-1.724870e-08
-1.025454e-08
-4.109495e-09
1.266271e-09
5.950945e-09
1.001889e-08
1.353934e-08
1.657575e-08
1.918549e-08
2.141991e-08
2.332453e-08
2.493931e-08
2.629904e-08
2.743368e-08
2.836875e-08
2.912562e-08
2.972187e-08
3.017152e-08
3.048521e-08
3.067046e-08
2.852127e-08
2.844974e-08
2.823367e-08
2.786870e-08
2.734746e-08
2.665951e-08
2.579123e-08
2.472560e-08
2.344210e-08
2.191643e-08
2.012034e-08
1.802143e-08
1.558293e-08
1.276363e-08
9.517827e-09
5.795492e-09
1.542625e-09
-3.298017e-09
-8.785728e-09
-1.498000e-08
-2.193776e-08
-2.970953e-08
-3.833395e-08
-4.783061e-08
-5.819060e-08
-6.936463e-08
-8.124863e-08
-9.366740e-08
-1.063562e-07
-1.189425e-07
-1.309331e-07
-1.416897e-07
-1.503775e-07
-1.558473e-07
-1.561863e-07
-1.483663e-07
-1.301341e-07
-1.032258e-07
-7.324409e-08
-4.618011e-08
-2.551833e-08
-1.179353e-08
-3.714187e-09
5.276941e-10
2.505018e-09
3.293566e-09
3.520963e-09
3.519626e-09
3.452882e-09
3.394075e-09
3.372039e-09
3.394075e-09
3.452882e-09
3.519626e-09
3.520964e-09
3.293567e-09
2.505019e-09
5.276954e-10
-3.714186e-09
-1.179353e-08
-2.551832e-08
-4.618011e-08
-7.324409e-08
-1.032258e-07
-1.301341e-07
-1.483663e-07
-1.561863e-07
-1.558473e-07
-1.503775e-07
-1.416897e-07
-1.309331e-07
-1.189426e-07
-1.063562e-07
-9.366740e-08
-8.124863e-08
-6.936463e-08
-5.819060e-08
-4.783061e-08
-3.833395e-08
-2.970953e-08
-2.193776e-08
-1.498000e-08
-8.785728e-09
-3.298017e-09
1.542625e-09
5.795492e-09
9.517827e-09
1.276363e-08
1.558293e-08
1.802143e-08
2.012034e-08
2.191643e-08
2.344210e-08
2.472560e-08
2.579123e-08
2.665951e-08
2.734746e-08
2.786870e-08
2.823367e-08
2.844974e-08
2.626639e-08
2.618601e-08
2.594346e-08
2.553454e-08
2.495218e-08
2.418643e-08
2.322431e-08
2.204978e-08
2.064358e-08
1.898316e-08
1.704255e-08
1.479235e-08
1.219968e-08
9.228307e-09
5.838857e-09
1.989237e-09
-2.364664e-09
-7.267904e-09
-1.276493e-08
-1.889738e-08
-2.570100e-08
-3.320160e-08
-4.140972e-08
-5.031378e-08
-5.987165e-08
-7.000058e-08
-8.056561e-08
-9.136709e-08
-1.021284e-07
-1.124844e-07
-1.219736e-07
-1.300350e-07
-1.360026e-07
-1.390958e-07
-1.384046e-07
-1.327644e-07
-1.207310e-07
-1.013806e-07
-7.576332e-08
-4.728271e-08
-2.020700e-08
2.216081e-09
1.861873e-08
2.926674e-08
3.533093e-08
3.821287e-08
3.916098e-08
3.912775e-08
3.875088e-08
3.840347e-08
3.826958e-08
3.840347e-08
3.875088e-08
3.912775e-08
3.916098e-08
3.821287e-08
3.533093e-08
2.926674e-08
1.861873e-08
2.216082e-09
-2.020700e-08
-4.728271e-08
-7.576332e-08
-1.013806e-07
-1.207310e-07
-1.327644e-07
-1.384046e-07
-1.390958e-07
-1.360026e-07
-1.300350e-07
-1.219736e-07
-1.124844e-07
-1.021284e-07
-9.136709e-08
-8.056561e-08
-7.000058e-08
-5.987165e-08
-5.031378e-08
-4.140972e-08
-3.320160e-08
-2.570099e-08
-1.889738e-08
-1.276493e-08
-7.267904e-09
-2.364664e-09
1.989237e-09
5.838857e-09
9.228308e-09
1.219968e-08
1.479235e-08
1.704255e-08
1.898316e-08
2.064358e-08
2.204978e-08
2.322431e-08
2.418643e-08
2.495218e-08
2.553454e-08
2.594346e-08
2.618601e-08
2.400089e-08
2.391316e-08
2.364863e-08
2.320337e-08
2.257074e-08
2.174146e-08
2.070346e-08
1.944196e-08
1.793933e-08
1.617514e-08
1.412614e-08
1.176638e-08
9.067310e-09
5.998079e-09
2.525966e-09
-1.382978e-09
-5.762997e-09
-1.064732e-08
-1.606636e-08
-2.204534e-08
-2.860116e-08
-3.573839e-08
-4.344425e-08
-5.168249e-08
-6.038610e-08
-6.944912e-08
-7.871758e-08
-8.798043e-08
-9.696125e-08
-1.053120e-07
-1.126095e-07
-1.183580e-07
-1.219965e-07
-1.229078e-07
-1.204415e-07
-1.139657e-07
-1.028690e-07
-8.659566e-08
-6.500708e-08
-3.895992e-08
-1.051724e-08
1.757590e-08
4.281901e-08
6.363231e-08
7.950229e-08
9.075172e-08
9.818255e-08
1.027563e-07
1.053564e-07
1.066494e-07
1.070362e-07
1.066494e-07
1.053564e-07
1.027563e-07
9.818255e-08
9.075172e-08
7.950229e-08
6.363232e-08
4.281901e-08
1.757590e-08
-1.051724e-08
-3.895992e-08
-6.500708e-08
-8.659566e-08
-1.028690e-07
-1.139657e-07
-1.204415e-07
-1.229078e-07
-1.219965e-07
-1.183580e-07
-1.126095e-07
-1.053120e-07
-9.696125e-08
-8.798043e-08
-7.871758e-08
-6.944912e-08
-6.038610e-08
-5.168249e-08
-4.344425e-08
-3.573839e-08
-2.860116e-08
-2.204534e-08
-1.606635e-08
-1.064732e-08
-5.762997e-09
-1.382978e-09
2.525967e-09
5.998079e-09
9.067311e-09
1.176638e-08
1.412614e-08
1.617514e-08
1.793933e-08
1.944196e-08
2.070346e-08
2.174146e-08
2.257074e-08
2.320337e-08
2.364863e-08
2.391316e-08
2.175547e-08
2.166189e-08
2.137995e-08
2.090601e-08
2.023401e-08
1.935546e-08
1.825943e-08
1.693258e-08
1.535920e-08
1.352124e-08
1.139847e-08
8.968630e-09
6.207735e-09
3.090489e-09
-4.091386e-10
-4.317096e-09
-8.658157e-09
-1.345447e-08
-1.872365e-08
-2.447639e-08
-3.071339e-08
-3.742160e-08
-4.456974e-08
-5.210295e-08
-5.993685e-08
-6.795095e-08
-7.598207e-08
-8.381799e-08
-9.119248e-08
-9.778248e-08
-1.032087e-07
-1.070406e-07
-1.088070e-07
-1.080148e-07
-1.041727e-07
-9.682695e-08
-8.561180e-08
-7.029687e-08
-5.084008e-08
-2.751674e-08
-1.094184e-09
2.711344e-08
5.542017e-08
8.211583e-08
1.058192e-07
1.256830e-07
1.414009e-07
1.530782e-07
1.610392e-07
1.656415e-07
1.671445e-07
1.656415e-07
1.610392e-07
1.530782e-07
1.414009e-07
1.256830e-07
1.058192e-07
8.211583e-08
5.542017e-08
2.711344e-08
-1.094183e-09
-2.751674e-08
-5.084008e-08
-7.029687e-08
-8.561180e-08
-9.682695e-08
-1.041727e-07
-1.080148e-07
-1.088070e-07
-1.070406e-07
-1.032087e-07
-9.778248e-08
-9.119248e-08
-8.381799e-08
-7.598207e-08
-6.795095e-08
-5.993685e-08
-5.210295e-08
-4.456974e-08
-3.742160e-08
-3.071339e-08
-2.447639e-08
-1.872365e-08
-1.345447e-08
-8.658157e-09
-4.317096e-09
-4.091385e-10
3.090489e-09
6.207735e-09
8.968629e-09
1.139847e-08
1.352124e-08
1.535920e-08
1.693258e-08
1.825943e-08
1.935546e-08
2.023401e-08
2.090601e-08
2.137995e-08
2.166189e-08
1.955741e-08
1.945948e-08
1.916462e-08
1.866956e-08
1.796887e-08
1.705498e-08
1.591821e-08
1.454686e-08
1.292726e-08
1.104393e-08
8.879763e-09
6.416343e-09
3.634284e-09
5.137805e-10
-2.964707e-09
-6.819531e-09
-1.106667e-08
-1.571824e-08
-2.078057e-08
-2.625189e-08
-3.211945e-08
-3.835619e-08
-4.491682e-08
-5.173333e-08
-5.871031e-08
-6.571995e-08
-7.259740e-08
-7.913680e-08
-8.508882e-08
-9.016039e-08
-9.401771e-08
-9.629323e-08
-9.659748e-08
-9.453724e-08
-8.973960e-08
-8.187945e-08
-7.071579e-08
-5.613592e-08
-3.819287e-08
-1.713500e-08
6.560342e-09
3.215578e-08
5.866401e-08
8.493152e-08
1.097801e-07
1.321536e-07
1.512218e-07
1.664185e-07
1.774150e-07
1.840527e-07
1.862701e-07
1.840527e-07
1.774150e-07
1.664185e-07
1.512218e-07
1.321536e-07
1.097801e-07
8.493152e-08
5.866401e-08
3.215578e-08
6.560343e-09
-1.713500e-08
-3.819287e-08
-5.613592e-08
-7.071579e-08
-8.187945e-08
-8.973960e-08
-9.453724e-08
-9.659748e-08
-9.629323e-08
-9.401771e-08
-9.016039e-08
-8.508882e-08
-7.913680e-08
-7.259740e-08
-6.571995e-08
-5.871031e-08
-5.173333e-08
-4.491681e-08
-3.835619e-08
-3.211945e-08
-2.625189e-08
-2.078057e-08
-1.571824e-08
-1.106667e-08
-6.819531e-09
-2.964707e-09
5.137805e-10
3.634284e-09
6.416343e-09
8.879763e-09
1.104393e-08
1.292726e-08
1.454686e-08
1.591821e-08
1.705498e-08
1.796887e-08
1.866956e-08
1.916462e-08
1.945948e-08
1.743050e-08
1.732967e-08
1.702623e-08
1.651732e-08
1.579819e-08
1.486226e-08
1.370120e-08
1.230499e-08
1.066211e-08
8.759687e-09
6.583809e-09
4.119835e-09
1.352874e-09
-1.731622e-09
-5.147092e-09
-8.904894e-09
-1.301310e-08
-1.747499e-08
-2.228725e-08
-2.743776e-08
-3.290309e-08
-3.864551e-08
-4.460971e-08
-5.071926e-08
-5.687295e-08
-6.294124e-08
-6.876322e-08
-7.414449e-08
-7.885658e-08
-8.263845e-08
-8.520092e-08
-8.623452e-08
-8.542143e-08
-8.245158e-08
-7.704323e-08
-6.896751e-08
-5.807522e-08
-4.432486e-08
-2.781036e-08
-8.780689e-09
1.235199e-08
3.501349e-08
5.848095e-08
8.191610e-08
1.044205e-07
1.251046e-07
1.431558e-07
1.578897e-07
1.687778e-07
1.754530e-07
1.777014e-07
1.754530e-07
1.687778e-07
1.578897e-07
1.431558e-07
1.251046e-07
1.044205e-07
8.191610e-08
5.848095e-08
3.501349e-08
1.235199e-08
-8.780689e-09
-2.781036e-08
-4.432486e-08
-5.807522e-08
-6.896751e-08
-7.704323e-08
-8.245158e-08
-8.542143e-08
-8.623452e-08
-8.520092e-08
-8.263845e-08
-7.885658e-08
-7.414449e-08
-6.876322e-08
-6.294124e-08
-5.687295e-08
-5.071926e-08
-4.460971e-08
-3.864551e-08
-3.290309e-08
-2.743776e-08
-2.228725e-08
-1.747499e-08
-1.301310e-08
-8.904894e-09
-5.147092e-09
-1.731623e-09
1.352874e-09
4.119835e-09
6.583809e-09
8.759687e-09
1.066211e-08
1.230499e-08
1.370120e-08
1.486226e-08
1.579819e-08
1.651732e-08
1.702623e-08
1.732967e-08
1.539497e-08
1.529261e-08
1.498469e-08
1.446879e-08
1.374086e-08
1.279536e-08
1.162530e-08
1.022241e-08
8.577276e-09
6.679648e-09
4.518693e-09
2.083419e-09
-6.368167e-10
-3.651667e-09
-6.969000e-09
-1.059392e-08
-1.452757e-08
-1.876572e-08
-2.329706e-08
-2.810123e-08
-3.314662e-08
-3.838785e-08
-4.376310e-08
-4.919140e-08
-5.456987e-08
-5.977143e-08
-6.464302e-08
-6.900484e-08
-7.265113e-08
-7.535278e-08
-7.686249e-08
-7.692269e-08
-7.527668e-08
-7.168284e-08
-6.593178e-08
-5.786611e-08
-4.740119e-08
-3.454511e-08
-1.941626e-08
-2.256025e-09
1.656674e-08
3.656151e-08
5.713180e-08
7.760056e-08
9.724479e-08
1.153372e-07
1.311900e-07
1.441946e-07
1.538526e-07
1.597968e-07
1.618033e-07
1.597968e-07
1.538526e-07
1.441946e-07
1.311900e-07
1.153372e-07
9.724479e-08
7.760056e-08
5.713180e-08
3.656151e-08
1.656674e-08
-2.256025e-09
-1.941626e-08
-3.454511e-08
-4.740119e-08
-5.786611e-08
-6.593178e-08
-7.168284e-08
-7.527668e-08
-7.692269e-08
-7.686249e-08
-7.535278e-08
-7.265113e-08
-6.900484e-08
-6.464302e-08
-5.977143e-08
-5.456987e-08
-4.919140e-08
-4.376310e-08
-3.838785e-08
-3.314662e-08
-2.810123e-08
-2.329706e-08
-1.876572e-08
-1.452757e-08
-1.059392e-08
-6.969000e-09
-3.651667e-09
-6.368167e-10
2.083419e-09
4.518693e-09
6.679649e-09
8.577276e-09
1.022241e-08
1.162530e-08
1.279536e-08
1.374086e-08
1.446879e-08
1.498469e-08
1.529261e-08
1.346751e-08
1.336488e-08
1.305631e-08
1.253978e-08
1.181198e-08
1.086836e-08
9.703291e-09
8.310188e-09
6.681735e-09
4.810153e-09
2.687547e-09
3.063369e-10
-2.340209e-09
-5.257313e-09
-8.447896e-09
-1.191162e-08
-1.564375e-08
-1.963385e-08
-2.386422e-08
-2.830822e-08
-3.292833e-08
-3.767416e-08
-4.248030e-08
-4.726431e-08
-5.192484e-08
-5.634023e-08
-6.036777e-08
-6.384390e-08
-6.658589e-08
-6.839506e-08
-6.906215e-08
-6.837492e-08
-6.612807e-08
-6.213553e-08
-5.624461e-08
-4.835151e-08
-3.841703e-08
-2.648135e-08
-1.267578e-08
2.769690e-09
1.952489e-08
3.716535e-08
5.518593e-08
7.302156e-08
9.007389e-08
1.057419e-07
1.194541e-07
1.306989e-07
1.390515e-07
1.441940e-07
1.459303e-07
1.441940e-07
1.390515e-07
1.306989e-07
1.194541e-07
1.057419e-07
9.007389e-08
7.302156e-08
5.518593e-08
3.716535e-08
1.952489e-08
2.769690e-09
-1.267578e-08
-2.648135e-08
-3.841703e-08
-4.835151e-08
-5.624461e-08
-6.213553e-08
-6.612807e-08
-6.837492e-08
-6.906215e-08
-6.839506e-08
-6.658589e-08
-6.384390e-08
-6.036777e-08
-5.634023e-08
-5.192484e-08
-4.726431e-08
-4.248030e-08
-3.767416e-08
-3.292833e-08
-2.830822e-08
-2.386422e-08
-1.963385e-08
-1.564375e-08
-1.191162e-08
-8.447896e-09
-5.257313e-09
-2.340208e-09
3.063370e-10
2.687548e-09
4.810153e-09
6.681735e-09
8.310188e-09
9.703291e-09
1.086836e-08
1.181198e-08
1.253978e-08
1.305631e-08
1.336488e-08
1.166138e-08
1.155965e-08
1.125391e-08
1.074256e-08
1.002296e-08
9.091579e-09
7.944059e-09
6.575440e-09
4.980365e-09
3.153385e-09
1.089311e-09
-1.216330e-09
-3.766761e-09
-6.563302e-09
-9.604597e-09
-1.288571e-08
-1.639708e-08
-2.012330e-08
-2.404184e-08
-2.812149e-08
-3.232086e-08
-3.658672e-08
-4.085244e-08
-4.503652e-08
-4.904144e-08
-5.275295e-08
-5.604008e-08
-5.875606e-08
-6.074043e-08
-6.182264e-08
-6.182723e-08
-6.058082e-08
-5.792083e-08
-5.370583e-08
-4.782702e-08
-4.022045e-08
-3.087885e-08
-1.986232e-08
-7.306367e-09
6.573634e-09
2.148288e-08
3.705292e-08
5.285320e-08
6.840789e-08
8.321711e-08
9.678086e-08
1.086241e-07
1.183211e-07
1.255167e-07
1.299443e-07
1.314389e-07
1.299443e-07
1.255167e-07
1.183211e-07
1.086241e-07
9.678086e-08
8.321711e-08
6.840789e-08
5.285320e-08
3.705292e-08
2.148288e-08
6.573634e-09
-7.306367e-09
-1.986232e-08
-3.087885e-08
-4.022045e-08
-4.782702e-08
-5.370583e-08
-5.792083e-08
-6.058082e-08
-6.182723e-08
-6.182264e-08
-6.074043e-08
-5.875606e-08
-5.604008e-08
-5.275295e-08
-4.904144e-08
-4.503652e-08
-4.085244e-08
-3.658672e-08
-3.232086e-08
-2.812149e-08
-2.404184e-08
-2.012330e-08
-1.639708e-08
-1.288571e-08
-9.604597e-09
-6.563302e-09
-3.766761e-09
-1.216330e-09
1.089311e-09
3.153385e-09
4.980365e-09
6.575440e-09
7.944060e-09
9.091579e-09
1.002296e-08
1.074256e-08
1.125391e-08
1.155965e-08
9.986581e-09
9.886792e-09
9.587013e-09
9.086027e-09
8.381864e-09
7.471902e-09
6.353007e-09
5.021717e-09
3.474484e-09
1.707975e-09
-2.805576e-10
-2.492835e-09
-4.929018e-09
-7.587078e-09
-1.046207e-08
-1.354531e-08
-1.682339e-08
-2.027717e-08
-2.388059e-08
-2.759945e-08
-3.139016e-08
-3.519850e-08
-3.895844e-08
-4.259123e-08
-4.600474e-08
-4.909333e-08
-5.173839e-08
-5.380962e-08
-5.516753e-08
-5.566692e-08
-5.516186e-08
-5.351186e-08
-5.058945e-08
-4.628872e-08
-4.053464e-08
-3.329253e-08
-2.457706e-08
-1.445983e-08
-3.074878e-09
9.378957e-09
2.263941e-08
3.638638e-08
5.025173e-08
6.383310e-08
7.671096e-08
8.846771e-08
9.870767e-08
1.070765e-07
1.132785e-07
1.170917e-07
1.183784e-07
1.170917e-07
1.132785e-07
1.070765e-07
9.870767e-08
8.846771e-08
7.671096e-08
6.383310e-08
5.025173e-08
3.638638e-08
2.263941e-08
9.378957e-09
-3.074878e-09
-1.445983e-08
-2.457706e-08
-3.329253e-08
-4.053464e-08
-4.628872e-08
-5.058945e-08
-5.351186e-08
-5.516186e-08
-5.566692e-08
-5.516753e-08
-5.380962e-08
-5.173838e-08
-4.909333e-08
-4.600474e-08
-4.259123e-08
-3.895844e-08
-3.519850e-08
-3.139016e-08
-2.759945e-08
-2.388059e-08
-2.027717e-08
-1.682339e-08
-1.354531e-08
-1.046207e-08
-7.587078e-09
-4.929018e-09
-2.492835e-09
-2.805575e-10
1.707976e-09
3.474484e-09
5.021717e-09
6.353007e-09
7.471902e-09
8.381864e-09
9.086027e-09
9.587014e-09
9.886792e-09
8.450031e-09
8.353110e-09
8.062055e-09
7.576007e-09
6.893605e-09
6.013078e-09
4.932397e-09
3.649460e-09
2.162341e-09
4.695872e-10
-1.429416e-09
-3.534010e-09
-5.841758e-09
-8.347853e-09
-1.104445e-08
-1.391989e-08
-1.695790e-08
-2.013663e-08
-2.342773e-08
-2.679533e-08
-3.019505e-08
-3.357310e-08
-3.686548e-08
-3.999743e-08
-4.288324e-08
-4.542647e-08
-4.752084e-08
-4.905181e-08
-4.989906e-08
-4.993993e-08
-4.905390e-08
-4.712804e-08
-4.406345e-08
-3.978227e-08
-3.423520e-08
-2.740879e-08
-1.933222e-08
-1.008276e-08
2.106871e-10
1.136646e-08
2.315210e-08
3.528949e-08
4.746329e-08
5.933231e-08
7.054335e-08
8.074662e-08
8.961174e-08
9.684342e-08
1.021956e-07
1.054835e-07
1.065924e-07
1.054835e-07
1.021956e-07
9.684342e-08
8.961174e-08
8.074662e-08
7.054335e-08
5.933231e-08
4.746329e-08
3.528949e-08
2.315210e-08
1.136646e-08
2.106872e-10
-1.008276e-08
-1.933222e-08
-2.740879e-08
-3.423520e-08
-3.978227e-08
-4.406345e-08
-4.712804e-08
-4.905390e-08
-4.993993e-08
-4.989906e-08
-4.905181e-08
-4.752084e-08
-4.542647e-08
-4.288323e-08
-3.999743e-08
-3.686548e-08
-3.357310e-08
-3.019505e-08
-2.679533e-08
-2.342773e-08
-2.013663e-08
-1.695790e-08
-1.391989e-08
-1.104445e-08
-8.347853e-09
-5.841758e-09
-3.534010e-09
-1.429416e-09
4.695872e-10
2.162341e-09
3.649460e-09
4.932397e-09
6.013079e-09
6.893605e-09
7.576007e-09
8.062055e-09
8.353110e-09
7.055796e-09
6.962546e-09
6.682611e-09
6.215460e-09
5.560273e-09
4.716044e-09
3.681724e-09
2.456411e-09
1.039595e-09
-5.685549e-10
-2.366836e-09
-4.352601e-09
-6.521282e-09
-8.865848e-09
-1.137619e-08
-1.403846e-08
-1.683434e-08
-1.974025e-08
-2.272658e-08
-2.575688e-08
-2.878713e-08
-3.176507e-08
-3.462977e-08
-3.731131e-08
-3.973095e-08
-4.180160e-08
-4.342891e-08
-4.451301e-08
-4.495086e-08
-4.463952e-08
-4.348012e-08
-4.138263e-08
-3.827118e-08
-3.408992e-08
-2.880888e-08
-2.242972e-08
-1.499072e-08
-6.570675e-09
2.708838e-09
1.268326e-08
2.314723e-08
3.385922e-08
4.454881e-08
5.492611e-08
6.469310e-08
7.355607e-08
8.123863e-08
8.749431e-08
9.211806e-08
9.495601e-08
9.591277e-08
9.495601e-08
9.211806e-08
8.749431e-08
8.123863e-08
7.355607e-08
6.469310e-08
5.492611e-08
4.454881e-08
3.385922e-08
2.314723e-08
1.268327e-08
2.708839e-09
-6.570674e-09
-1.499072e-08
-2.242972e-08
-2.880889e-08
-3.408992e-08
-3.827118e-08
-4.138263e-08
-4.348012e-08
-4.463951e-08
-4.495086e-08
-4.451301e-08
-4.342891e-08
-4.180159e-08
-3.973095e-08
-3.731131e-08
-3.462977e-08
-3.176507e-08
-2.878712e-08
-2.575688e-08
-2.272658e-08
-1.974025e-08
-1.683434e-08
-1.403846e-08
-1.137619e-08
-8.865847e-09
-6.521282e-09
-4.352601e-09
-2.366836e-09
-5.685548e-10
1.039595e-09
2.456411e-09
3.681724e-09
4.716044e-09
5.560273e-09
6.215460e-09
6.682611e-09
6.962546e-09
5.805330e-09
5.716436e-09
5.449666e-09
5.004775e-09
4.381417e-09
3.579249e-09
2.598072e-09
1.438011e-09
9.975294e-11
-1.415175e-09
-3.104078e-09
-4.962702e-09
-6.984806e-09
-9.161659e-09
-1.148151e-08
-1.392898e-08
-1.648449e-08
-1.912354e-08
-2.181615e-08
-2.452621e-08
-2.721093e-08
-2.982044e-08
-3.229756e-08
-3.457774e-08
-3.658941e-08
-3.825468e-08
-3.949049e-08
-4.021033e-08
-4.032657e-08
-3.975333e-08
-3.841004e-08
-3.622550e-08
-3.314231e-08
-2.912166e-08
-2.414795e-08
-1.823323e-08
-1.142094e-08
-3.788582e-09
4.550920e-09
1.344954e-08
2.272640e-08
3.217197e-08
4.155423e-08
5.062658e-08
5.913712e-08
6.683881e-08
7.350002e-08
7.891472e-08
8.291186e-08
8.536318e-08
8.618925e-08
8.536318e-08
8.291186e-08
7.891472e-08
7.350002e-08
6.683881e-08
5.913712e-08
5.062658e-08
4.155423e-08
3.217197e-08
2.272640e-08
1.344954e-08
4.550920e-09
-3.788582e-09
-1.142094e-08
-1.823323e-08
-2.414795e-08
-2.912166e-08
-3.314231e-08
-3.622550e-08
-3.841004e-08
-3.975333e-08
-4.032656e-08
-4.021033e-08
-3.949048e-08
-3.825468e-08
-3.658941e-08
-3.457774e-08
-3.229756e-08
-2.982044e-08
-2.721092e-08
-2.452621e-08
-2.181615e-08
-1.912354e-08
-1.648449e-08
-1.392898e-08
-1.148151e-08
-9.161658e-09
-6.984805e-09
-4.962702e-09
-3.104078e-09
-1.415175e-09
9.975291e-11
1.438011e-09
2.598072e-09
3.579249e-09
4.381417e-09
5.004775e-09
5.449666e-09
5.716436e-09
4.697720e-09
4.613758e-09
4.361865e-09
3.942038e-09
3.354334e-09
2.598971e-09
1.676456e-09
5.877661e-10
-6.654323e-10
-2.080523e-09
-3.653633e-09
-5.379279e-09
-7.249971e-09
-9.255778e-09
-1.138385e-08
-1.361792e-08
-1.593777e-08
-1.831873e-08
-2.073115e-08
-2.313998e-08
-2.550437e-08
-2.777742e-08
-2.990617e-08
-3.183168e-08
-3.348955e-08
-3.481069e-08
-3.572250e-08
-3.615056e-08
-3.602078e-08
-3.526192e-08
-3.380875e-08
-3.160544e-08
-2.860927e-08
-2.479449e-08
-2.015596e-08
-1.471258e-08
-8.510025e-09
-1.622586e-09
5.846106e-09
1.376375e-08
2.197154e-08
3.028795e-08
3.851396e-08
4.643967e-08
5.385195e-08
6.054277e-08
6.631778e-08
7.100457e-08
7.446025e-08
7.657787e-08
7.729121e-08
7.657787e-08
7.446025e-08
7.100457e-08
6.631778e-08
6.054277e-08
5.385195e-08
4.643967e-08
3.851396e-08
3.028795e-08
2.197154e-08
1.376375e-08
5.846106e-09
-1.622586e-09
-8.510025e-09
-1.471258e-08
-2.015596e-08
-2.479449e-08
-2.860927e-08
-3.160544e-08
-3.380875e-08
-3.526192e-08
-3.602078e-08
-3.615056e-08
-3.572249e-08
-3.481069e-08
-3.348955e-08
-3.183168e-08
-2.990617e-08
-2.777742e-08
-2.550436e-08
-2.313998e-08
-2.073115e-08
-1.831873e-08
-1.593777e-08
-1.361792e-08
-1.138385e-08
-9.255777e-09
-7.249970e-09
-5.379278e-09
-3.653633e-09
-2.080523e-09
-6.654321e-10
5.877661e-10
1.676456e-09
2.598971e-09
3.354334e-09
3.942038e-09
4.361865e-09
4.613758e-09
3.729946e-09
3.651389e-09
3.415776e-09
3.023303e-09
2.474358e-09
1.769610e-09
9.101367e-10
-1.024114e-10
-1.265605e-09
-2.575998e-09
-4.028842e-09
-5.617774e-09
-7.334463e-09
-9.168223e-09
-1.110561e-08
-1.312998e-08
-1.522110e-08
-1.735467e-08
-1.950201e-08
-2.162966e-08
-2.369922e-08
-2.566720e-08
-2.748508e-08
-2.909964e-08
-3.045341e-08
-3.148559e-08
-3.213318e-08
-3.233257e-08
-3.202143e-08
-3.114103e-08
-2.963888e-08
-2.747164e-08
-2.460812e-08
-2.103244e-08
-1.674688e-08
-1.177447e-08
-6.161025e-09
2.362972e-11
6.685398e-09
1.370675e-08
2.094876e-08
2.825448e-08
3.545332e-08
4.236669e-08
4.881423e-08
5.462067e-08
5.962284e-08
6.367636e-08
6.666182e-08
6.848996e-08
6.910556e-08
6.848996e-08
6.666182e-08
6.367636e-08
5.962284e-08
5.462067e-08
4.881423e-08
4.236669e-08
3.545332e-08
2.825448e-08
2.094876e-08
1.370675e-08
6.685398e-09
2.362971e-11
-6.161025e-09
-1.177447e-08
-1.674688e-08
-2.103244e-08
-2.460812e-08
-2.747164e-08
-2.963888e-08
-3.114103e-08
-3.202143e-08
-3.233257e-08
-3.213318e-08
-3.148559e-08
-3.045341e-08
-2.909964e-08
-2.748508e-08
-2.566720e-08
-2.369922e-08
-2.162966e-08
-1.950201e-08
-1.735467e-08
-1.522110e-08
-1.312998e-08
-1.110561e-08
-9.168222e-09
-7.334462e-09
-5.617774e-09
-4.028841e-09
-2.575997e-09
-1.265605e-09
-1.024112e-10
9.101367e-10
1.769610e-09
2.474358e-09
3.023303e-09
3.415776e-09
3.651389e-09
2.897117e-09
2.824344e-09
2.606137e-09
2.242848e-09
1.735120e-09
1.083971e-09
2.909095e-10
-6.419095e-10
-1.711502e-09
-2.913836e-09
-4.243576e-09
-5.693807e-09
-7.255717e-09
-8.918275e-09
-1.066788e-08
-1.248799e-08
-1.435881e-08
-1.625694e-08
-1.815509e-08
-2.002188e-08
-2.182170e-08
-2.351470e-08
-2.505697e-08
-2.640087e-08
-2.749559e-08
-2.828805e-08
-2.872394e-08
-2.874919e-08
-2.831170e-08
-2.736332e-08
-2.586209e-08
-2.377471e-08
-2.107898e-08
-1.776633e-08
-1.384405e-08
-9.337306e-09
-4.290534e-09
1.231725e-09
7.144859e-09
1.334511e-08
1.971146e-08
2.610857e-08
3.239052e-08
3.840550e-08
4.400101e-08
4.902945e-08
5.335386e-08
5.685336e-08
5.942816e-08
6.100377e-08
6.153416e-08
6.100377e-08
5.942816e-08
5.685336e-08
5.335386e-08
4.902945e-08
4.400101e-08
3.840550e-08
3.239052e-08
2.610857e-08
1.971146e-08
1.334511e-08
7.144859e-09
1.231725e-09
-4.290534e-09
-9.337306e-09
-1.384405e-08
-1.776633e-08
-2.107898e-08
-2.377471e-08
-2.586209e-08
-2.736332e-08
-2.831170e-08
-2.874919e-08
-2.872394e-08
-2.828805e-08
-2.749559e-08
-2.640086e-08
-2.505697e-08
-2.351470e-08
-2.182170e-08
-2.002188e-08
-1.815509e-08
-1.625694e-08
-1.435881e-08
-1.248799e-08
-1.066787e-08
-8.918275e-09
-7.255717e-09
-5.693806e-09
-4.243576e-09
-2.913836e-09
-1.711502e-09
-6.419092e-10
2.909097e-10
1.083971e-09
1.735120e-09
2.242848e-09
2.606137e-09
2.824344e-09
2.192708e-09
2.126019e-09
1.926099e-09
1.593417e-09
1.128798e-09
5.335092e-10
-1.906389e-10
-1.041152e-09
-2.014686e-09
-3.106851e-09
-4.311990e-09
-5.622928e-09
-7.030708e-09
-8.524307e-09
-1.009034e-08
-1.171279e-08
-1.337269e-08
-1.504792e-08
-1.671299e-08
-1.833888e-08
-1.989304e-08
-2.133939e-08
-2.263863e-08
-2.374855e-08
-2.462463e-08
-2.522087e-08
-2.549080e-08
-2.538877e-08
-2.487146e-08
-2.389963e-08
-2.244000e-08
-2.046726e-08
-1.796612e-08
-1.493328e-08
-1.137922e-08
-7.329656e-09
-2.826612e-09
2.071138e-09
7.288251e-09
1.273376e-08
1.830278e-08
2.387906e-08
2.933816e-08
3.455135e-08
3.938993e-08
4.372981e-08
4.745617e-08
5.046795e-08
5.268185e-08
5.403579e-08
5.449142e-08
5.403579e-08
5.268185e-08
5.046795e-08
4.745617e-08
4.372981e-08
3.938993e-08
3.455135e-08
2.933816e-08
2.387906e-08
1.830278e-08
1.273376e-08
7.288251e-09
2.071138e-09
-2.826612e-09
-7.329656e-09
-1.137922e-08
-1.493328e-08
-1.796612e-08
-2.046726e-08
-2.244000e-08
-2.389963e-08
-2.487146e-08
-2.538877e-08
-2.549080e-08
-2.522087e-08
-2.462463e-08
-2.374855e-08
-2.263863e-08
-2.133939e-08
-1.989303e-08
-1.833888e-08
-1.671299e-08
-1.504792e-08
-1.337269e-08
-1.171279e-08
-1.009034e-08
-8.524306e-09
-7.030708e-09
-5.622928e-09
-4.311990e-09
-3.106851e-09
-2.014686e-09
-1.041151e-09
-1.906385e-10
5.335094e-10
1.128798e-09
1.593417e-09
1.926099e-09
2.126019e-09
1.608785e-09
1.548407e-09
1.367446e-09
1.066442e-09
6.463411e-10
1.085625e-10
-5.449038e-10
-1.311375e-09
-2.187327e-09
-3.168223e-09
-4.248320e-09
-5.420453e-09
-6.675806e-09
-8.003679e-09
-9.391242e-09
-1.082330e-08
-1.228209e-08
-1.374709e-08
-1.519484e-08
-1.659896e-08
-1.793009e-08
-1.915600e-08
-2.024191e-08
-2.115081e-08
-2.184408e-08
-2.228220e-08
-2.242571e-08
-2.223634e-08
-2.167833e-08
-2.071990e-08
-1.933486e-08
-1.750421e-08
-1.521788e-08
-1.247624e-08
-9.291496e-09
-5.688810e-09
-1.707018e-09
2.601116e-09
7.169201e-09
1.191812e-08
1.675758e-08
2.158825e-08
2.630450e-08
3.079760e-08
3.495934e-08
3.868571e-08
4.188076e-08
4.446021e-08
4.635474e-08
4.751272e-08
4.790230e-08
4.751272e-08
4.635474e-08
4.446021e-08
4.188076e-08
3.868571e-08
3.495934e-08
3.079761e-08
2.630450e-08
2.158825e-08
1.675758e-08
1.191812e-08
7.169200e-09
2.601116e-09
-1.707018e-09
-5.688810e-09
-9.291496e-09
-1.247624e-08
-1.521788e-08
-1.750421e-08
-1.933486e-08
-2.071990e-08
-2.167833e-08
-2.223634e-08
-2.242570e-08
-2.228220e-08
-2.184408e-08
-2.115081e-08
-2.024191e-08
-1.915600e-08
-1.793009e-08
-1.659896e-08
-1.519484e-08
-1.374708e-08
-1.228209e-08
-1.082330e-08
-9.391242e-09
-8.003679e-09
-6.675806e-09
-5.420453e-09
-4.248320e-09
-3.168223e-09
-2.187327e-09
-1.311374e-09
-5.449035e-10
1.085626e-10
6.463413e-10
1.066442e-09
1.367446e-09
1.548407e-09
1.136205e-09
1.082306e-09
9.207957e-10
6.522512e-10
2.776736e-10
-2.014508e-10
-7.830651e-10
-1.464436e-09
-2.242023e-09
-3.111331e-09
-4.066743e-09
-5.101337e-09
-6.206695e-09
-7.372706e-09
-8.587368e-09
-9.836606e-09
-1.110410e-08
-1.237117e-08
-1.361666e-08
-1.481692e-08
-1.594589e-08
-1.697519e-08
-1.787443e-08
-1.861157e-08
-1.915345e-08
-1.946647e-08
-1.951744e-08
-1.927456e-08
-1.870852e-08
-1.779379e-08
-1.650992e-08
-1.484290e-08
-1.278646e-08
-1.034338e-08
-7.526489e-09
-4.359544e-09
-8.776877e-10
2.872428e-09
6.832997e-09
1.093590e-08
1.510405e-08
1.925323e-08
2.329438e-08
2.713625e-08
3.068836e-08
3.386401e-08
3.658344e-08
3.877672e-08
4.038642e-08
4.136981e-08
4.170058e-08
4.136981e-08
4.038642e-08
3.877672e-08
3.658344e-08
3.386401e-08
3.068836e-08
2.713625e-08
2.329438e-08
1.925323e-08
1.510405e-08
1.093590e-08
6.832997e-09
2.872428e-09
-8.776877e-10
-4.359544e-09
-7.526489e-09
-1.034338e-08
-1.278646e-08
-1.484290e-08
-1.650992e-08
-1.779379e-08
-1.870852e-08
-1.927456e-08
-1.951744e-08
-1.946647e-08
-1.915345e-08
-1.861157e-08
-1.787443e-08
-1.697519e-08
-1.594589e-08
-1.481692e-08
-1.361666e-08
-1.237117e-08
-1.110410e-08
-9.836606e-09
-8.587368e-09
-7.372705e-09
-6.206695e-09
-5.101337e-09
-4.066743e-09
-3.111331e-09
-2.242023e-09
-1.464435e-09
-7.830648e-10
-2.014505e-10
2.776738e-10
6.522514e-10
9.207958e-10
1.082306e-09
7.648024e-10
7.175020e-10
5.757905e-10
3.402471e-10
1.187277e-11
-4.078573e-10
-9.169213e-10
-1.512658e-09
-2.191657e-09
-2.949630e-09
-3.781272e-09
-4.680108e-09
-5.638335e-09
-6.646659e-09
-7.694137e-09
-8.768038e-09
-9.853713e-09
-1.093450e-08
-1.199169e-08
-1.300451e-08
-1.395020e-08
-1.480419e-08
-1.554035e-08
-1.613132e-08
-1.654903e-08
-1.676527e-08
-1.675245e-08
-1.648442e-08
-1.593741e-08
-1.509111e-08
-1.392972e-08
-1.244305e-08
-1.062759e-08
-8.487500e-09
-6.035401e-09
-3.293000e-09
-2.914163e-10
2.928810e-09
6.318078e-09
9.818488e-09
1.336499e-08
1.688695e-08
2.031002e-08
2.355833e-08
2.655689e-08
2.923409e-08
3.152414e-08
3.336949e-08
3.472296e-08
3.554946e-08
3.582739e-08
3.554946e-08
3.472296e-08
3.336949e-08
3.152414e-08
2.923409e-08
2.655689e-08
2.355833e-08
2.031002e-08
1.688695e-08
1.336499e-08
9.818488e-09
6.318078e-09
2.928810e-09
-2.914163e-10
-3.293000e-09
-6.035401e-09
-8.487501e-09
-1.062759e-08
-1.244305e-08
-1.392972e-08
-1.509111e-08
-1.593741e-08
-1.648442e-08
-1.675245e-08
-1.676527e-08
-1.654903e-08
-1.613132e-08
-1.554035e-08
-1.480419e-08
-1.395020e-08
-1.300451e-08
-1.199169e-08
-1.093450e-08
-9.853713e-09
-8.768038e-09
-7.694137e-09
-6.646658e-09
-5.638335e-09
-4.680108e-09
-3.781271e-09
-2.949629e-09
-2.191656e-09
-1.512658e-09
-9.169211e-10
-4.078572e-10
1.187283e-11
3.402472e-10
5.757906e-10
7.175021e-10
4.835616e-10
4.429409e-10
3.212603e-10
1.190724e-10
-1.626717e-10
-5.225780e-10
-9.587482e-10
-1.468702e-09
-2.049284e-09
-2.696558e-09
-3.405692e-09
-4.170831e-09
-4.984968e-09
-5.839817e-09
-6.725685e-09
-7.631367e-09
-8.544049e-09
-9.449252e-09
-1.033080e-08
-1.117086e-08
-1.194999e-08
-1.264736e-08
-1.324092e-08
-1.370776e-08
-1.402452e-08
-1.416794e-08
-1.411541e-08
-1.384575e-08
-1.333997e-08
-1.258210e-08
-1.156008e-08
-1.026666e-08
-8.700209e-09
-6.865479e-09
-4.774236e-09
-2.445690e-09
9.328409e-11
2.808196e-09
5.657288e-09
8.592193e-09
1.155891e-08
1.449910e-08
1.735159e-08
2.005420e-08
2.254563e-08
2.476748e-08
2.666623e-08
2.819512e-08
2.931583e-08
2.999994e-08
3.022995e-08
2.999994e-08
2.931583e-08
2.819511e-08
2.666623e-08
2.476748e-08
2.254563e-08
2.005420e-08
1.735159e-08
1.449910e-08
1.155891e-08
8.592194e-09
5.657288e-09
2.808196e-09
9.328416e-11
-2.445690e-09
-4.774236e-09
-6.865479e-09
-8.700209e-09
-1.026666e-08
-1.156008e-08
-1.258210e-08
-1.333997e-08
-1.384575e-08
-1.411541e-08
-1.416793e-08
-1.402452e-08
-1.370776e-08
-1.324092e-08
-1.264736e-08
-1.194999e-08
-1.117086e-08
-1.033080e-08
-9.449252e-09
-8.544049e-09
-7.631366e-09
-6.725685e-09
-5.839817e-09
-4.984968e-09
-4.170831e-09
-3.405692e-09
-2.696558e-09
-2.049283e-09
-1.468702e-09
-9.587481e-10
-5.225780e-10
-1.626716e-10
1.190725e-10
3.212604e-10
4.429410e-10
2.807644e-10
2.468748e-10
1.453704e-10
-2.324867e-11
-2.581238e-10
-5.580021e-10
-9.211851e-10
-1.345466e-09
-1.828052e-09
-2.365483e-09
-2.953531e-09
-3.587107e-09
-4.260153e-09
-4.965544e-09
-5.694991e-09
-6.438960e-09
-7.186605e-09
-7.925730e-09
-8.642780e-09
-9.322879e-09
-9.949911e-09
-1.050667e-08
-1.097505e-08
-1.133635e-08
-1.157163e-08
-1.166211e-08
-1.158972e-08
-1.133766e-08
-1.089104e-08
-1.023754e-08
-9.368149e-09
-8.277796e-09
-6.966049e-09
-5.437663e-09
-3.703053e-09
-1.778606e-09
3.131786e-10
2.543772e-09
4.878924e-09
7.279217e-09
9.700869e-09
1.209677e-08
1.441770e-08
1.661379e-08
1.863596e-08
2.043759e-08
2.197598e-08
2.321392e-08
2.412094e-08
2.467442e-08
2.486048e-08
2.467442e-08
2.412094e-08
2.321392e-08
2.197598e-08
2.043759e-08
1.863596e-08
1.661379e-08
1.441770e-08
1.209677e-08
9.700869e-09
7.279217e-09
4.878925e-09
2.543773e-09
3.131787e-10
-1.778606e-09
-3.703053e-09
-5.437663e-09
-6.966049e-09
-8.277796e-09
-9.368149e-09
-1.023754e-08
-1.089104e-08
-1.133766e-08
-1.158972e-08
-1.166211e-08
-1.157163e-08
-1.133635e-08
-1.097505e-08
-1.050667e-08
-9.949910e-09
-9.322879e-09
-8.642780e-09
-7.925730e-09
-7.186605e-09
-6.438960e-09
-5.694991e-09
-4.965544e-09
-4.260153e-09
-3.587107e-09
-2.953531e-09
-2.365482e-09
-1.828052e-09
-1.345465e-09
-9.211850e-10
-5.580020e-10
-2.581237e-10
-2.324855e-11
1.453705e-10
2.468748e-10
1.441271e-10
1.169985e-10
3.575254e-11
-9.918438e-11
-2.870825e-10
-5.268794e-10
-8.171403e-10
-1.156008e-09
-1.541144e-09
-1.969660e-09
-2.438048e-09
-2.942097e-09
-3.476824e-09
-4.036386e-09
-4.614019e-09
-5.201974e-09
-5.791469e-09
-6.372672e-09
-6.934696e-09
-7.465643e-09
-7.952675e-09
-8.382142e-09
-8.739752e-09
-9.010802e-09
-9.180468e-09
-9.234150e-09
-9.157877e-09
-8.938760e-09
-8.565488e-09
-8.028851e-09
-7.322271e-09
-6.442330e-09
-5.389252e-09
-4.167333e-09
-2.785278e-09
-1.256422e-09
4.011920e-10
2.164893e-09
4.007646e-09
5.898497e-09
7.803205e-09
9.685050e-09
1.150579e-08
1.322673e-08
1.480993e-08
1.621933e-08
1.742203e-08
1.838934e-08
1.909778e-08
1.952999e-08
1.967526e-08
1.952999e-08
1.909778e-08
1.838934e-08
1.742203e-08
1.621933e-08
1.480993e-08
1.322673e-08
1.150579e-08
9.685050e-09
7.803205e-09
5.898497e-09
4.007646e-09
2.164893e-09
4.011919e-10
-1.256422e-09
-2.785278e-09
-4.167333e-09
-5.389252e-09
-6.442330e-09
-7.322271e-09
-8.028851e-09
-8.565488e-09
-8.938760e-09
-9.157877e-09
-9.234150e-09
-9.180468e-09
-9.010802e-09
-8.739752e-09
-8.382142e-09
-7.952675e-09
-7.465643e-09
-6.934696e-09
-6.372671e-09
-5.791469e-09
-5.201974e-09
-4.614019e-09
-4.036386e-09
-3.476823e-09
-2.942097e-09
-2.438047e-09
-1.969660e-09
-1.541144e-09
-1.156008e-09
-8.171402e-10
-5.268792e-10
-2.870823e-10
-9.918425e-11
3.575260e-11
1.169985e-10
6.091747e-11
4.056503e-11
-2.038211e-11
-1.215890e-10
-2.624832e-10
-4.422330e-10
-6.597180e-10
-9.134923e-10
-1.201740e-09
-1.522228e-09
-1.872250e-09
-2.248570e-09
-2.647369e-09
-3.064187e-09
-3.493874e-09
-3.930548e-09
-4.367568e-09
-4.797516e-09
-5.212208e-09
-5.602725e-09
-5.959476e-09
-6.272294e-09
-6.530572e-09
-6.723437e-09
-6.839969e-09
-6.869460e-09
-6.801716e-09
-6.627387e-09
-6.338337e-09
-5.928023e-09
-5.391878e-09
-4.727693e-09
-3.935959e-09
-3.020173e-09
-1.987069e-09
-8.467671e-10
3.871822e-10
1.697872e-09
3.065242e-09
4.466413e-09
5.876159e-09
7.267494e-09
8.612376e-09
9.882493e-09
1.105011e-08
1.208892e-08
1.297492e-08
1.368723e-08
1.420876e-08
1.452687e-08
1.463378e-08
1.452687e-08
1.420876e-08
1.368723e-08
1.297492e-08
1.208892e-08
1.105011e-08
9.882493e-09
8.612376e-09
7.267494e-09
5.876159e-09
4.466413e-09
3.065242e-09
1.697872e-09
3.871822e-10
-8.467669e-10
-1.987069e-09
-3.020173e-09
-3.935959e-09
-4.727693e-09
-5.391878e-09
-5.928023e-09
-6.338337e-09
-6.627387e-09
-6.801715e-09
-6.869460e-09
-6.839969e-09
-6.723437e-09
-6.530572e-09
-6.272294e-09
-5.959476e-09
-5.602725e-09
-5.212208e-09
-4.797516e-09
-4.367568e-09
-3.930548e-09
-3.493874e-09
-3.064187e-09
-2.647369e-09
-2.248570e-09
-1.872250e-09
-1.522228e-09
-1.201740e-09
-9.134923e-10
-6.597179e-10
-4.422328e-10
-2.624830e-10
-1.215888e-10
-2.038194e-11
4.056509e-11
1.806272e-11
4.493066e-12
-3.614003e-11
-1.036061e-10
-1.975114e-10
-3.172851e-10
-4.621590e-10
-6.311440e-10
-8.230008e-10
-1.036208e-09
-1.268925e-09
-1.518960e-09
-1.783728e-09
-2.060218e-09
-2.344962e-09
-2.634007e-09
-2.922898e-09
-3.206673e-09
-3.479867e-09
-3.736537e-09
-3.970309e-09
-4.174440e-09
-4.341913e-09
-4.465554e-09
-4.538177e-09
-4.552760e-09
-4.502638e-09
-4.381733e-09
-4.184780e-09
-3.907589e-09
-3.547288e-09
-3.102567e-09
-2.573905e-09
-1.963759e-09
-1.276712e-09
-5.195635e-10
2.986477e-10
1.166698e-09
2.071318e-09
2.997415e-09
3.928384e-09
4.846498e-09
5.733362e-09
6.570428e-09
7.339546e-09
8.023522e-09
8.606679e-09
9.075375e-09
9.418469e-09
9.627710e-09
9.698027e-09
9.627710e-09
9.418469e-09
9.075375e-09
8.606679e-09
8.023522e-09
7.339546e-09
6.570428e-09
5.733362e-09
4.846498e-09
3.928384e-09
2.997415e-09
2.071318e-09
1.166698e-09
2.986476e-10
-5.195635e-10
-1.276712e-09
-1.963759e-09
-2.573905e-09
-3.102567e-09
-3.547288e-09
-3.907589e-09
-4.184780e-09
-4.381732e-09
-4.502638e-09
-4.552759e-09
-4.538177e-09
-4.465554e-09
-4.341913e-09
-4.174440e-09
-3.970309e-09
-3.736537e-09
-3.479867e-09
-3.206673e-09
-2.922898e-09
-2.634007e-09
-2.344962e-09
-2.060218e-09
-1.783728e-09
-1.518960e-09
-1.268925e-09
-1.036207e-09
-8.230006e-10
-6.311438e-10
-4.621589e-10
-3.172849e-10
-1.975113e-10
-1.036060e-10
-3.613993e-11
4.493135e-12
2.243428e-12
-4.541454e-12
-2.485770e-11
-5.858773e-11
-1.055312e-10
-1.653976e-10
-2.377965e-10
-3.222259e-10
-4.180575e-10
-5.245207e-10
-6.406853e-10
-7.654438e-10
-8.974926e-10
-1.035315e-09
-1.177168e-09
-1.321063e-09
-1.464767e-09
-1.605793e-09
-1.741406e-09
-1.868637e-09
-1.984304e-09
-2.085046e-09
-2.167372e-09
-2.227717e-09
-2.262517e-09
-2.268295e-09
-2.241759e-09
-2.179915e-09
-2.080178e-09
-1.940505e-09
-1.759510e-09
-1.536587e-09
-1.272019e-09
-9.670729e-10
-6.240661e-10
-2.464141e-10
1.613629e-10
5.936678e-10
1.043897e-09
1.504553e-09
1.967396e-09
2.423641e-09
2.864179e-09
3.279834e-09
3.661631e-09
4.001075e-09
4.290422e-09
4.522936e-09
4.693119e-09
4.796899e-09
4.831773e-09
4.796899e-09
4.693119e-09
4.522936e-09
4.290422e-09
4.001075e-09
3.661631e-09
3.279834e-09
2.864179e-09
2.423641e-09
1.967396e-09
1.504553e-09
1.043897e-09
5.936679e-10
1.613630e-10
-2.464140e-10
-6.240661e-10
-9.670729e-10
-1.272019e-09
-1.536587e-09
-1.759510e-09
-1.940505e-09
-2.080178e-09
-2.179914e-09
-2.241759e-09
-2.268295e-09
-2.262517e-09
-2.227717e-09
-2.167372e-09
-2.085046e-09
-1.984303e-09
-1.868637e-09
-1.741406e-09
-1.605793e-09
-1.464767e-09
-1.321063e-09
-1.177167e-09
-1.035315e-09
-8.974925e-10
-7.654436e-10
-6.406851e-10
-5.245205e-10
-4.180574e-10
-3.222259e-10
-2.377965e-10
-1.653975e-10
-1.055313e-10
-5.858780e-11
-2.485776e-11
-4.541575e-12
